profile_id,opportunity_id,company_name,program_name,actual_score,predicted_score,model_name
cs-iau-backend,1,Saudi Aramco,University Internship Program (UIP),42.5,51.4518645532479,text_only_ridge
cs-iau-backend,2,SABIC,COOP Training Program,45.5,53.979452733482354,text_only_ridge
cs-iau-backend,3,stc (Saudi Telecom Company),Cooperative Training Program (COOP),52.5,56.57016544100777,text_only_ridge
cs-iau-backend,4,Saudi National Bank (SNB),SNB Cooperative Training Program,47.5,52.8202907580969,text_only_ridge
cs-iau-backend,5,Al Rajhi Bank,Cooperative Training Program,47.5,53.510112486302056,text_only_ridge
cs-iau-backend,6,Capital Market Authority (CMA),COOP Program,52.5,55.05000186731709,text_only_ridge
cs-iau-backend,7,Digital Government Authority (DGA),Maidan Cooperative Training Program,52.5,57.529650038374456,text_only_ridge
cs-iau-backend,8,KPMG Saudi Arabia,COOP & Internship Programs,47.5,53.03139954880772,text_only_ridge
cs-iau-backend,9,PwC Middle East,"Deals, COOP and Summer Internship Programme (2026)",57.0,56.80831494724442,text_only_ridge
cs-iau-backend,10,Deloitte Middle East (KSA),Jusoor Al Sharqiyah Internship Program,61.5,53.83124789582099,text_only_ridge
cs-iau-backend,11,Bank Albilad,Cooperative & Summer Training Program,56.5,56.646192437538865,text_only_ridge
cs-iau-backend,12,Tamara,Tamara Builders Program,61.5,62.027372089529884,text_only_ridge
cs-iau-backend,13,Bupa Arabia,Cooperative Training Program,52.5,52.768403297799736,text_only_ridge
cs-iau-backend,14,Saudi Exports (Saudi Export Development Authority),COOP & Summer Training (FAQ-confirmed),47.5,51.29142588493424,text_only_ridge
cs-iau-backend,15,Local Content and Government Procurement Authority (LCGPA),COOP Training (role posting),52.5,49.46945208494713,text_only_ridge
cs-iau-backend,16,McKinsey & Company (Maqdira),Maqdira Fellowship Program,57.0,58.24794072876857,text_only_ridge
cs-iau-backend,17,Boston Consulting Group (BCG),Visiting Associate Internship (Riyadh),52.5,55.54277465602537,text_only_ridge
cs-iau-backend,18,Bain & Company,COOP Training Program (Riyadh),52.5,54.66612773900642,text_only_ridge
cs-iau-backend,19,Amazon Web Services (AWS),IT/Computer Hardware Internship (Intern-to-FTE Pathway),71.5,57.985606975764036,text_only_ridge
cs-iau-backend,20,Amazon Web Services (AWS) - Associate Solutions Architect Intern,Associate Solutions Architect Intern (2026),71.5,56.59816059265238,text_only_ridge
cs-iau-backend,21,Google (Saudi Arabia),Google Careers (Saudi location filter),58.5,55.48679573358858,text_only_ridge
cs-iau-backend,22,BlackRock,Client & Product Summer Internship Programme (EMEA) - includes Riyadh,77.0,58.70198450681023,text_only_ridge
cs-iau-backend,23,noon,Student Internship,62.5,54.81328245140239,text_only_ridge
cs-iau-backend,24,MOZN,Data Science Intern,87.0,70.92662847510555,text_only_ridge
cs-iau-backend,25,Elm,Elm Co-op Training Program (March 2026 Intake),52.5,53.71953712424659,text_only_ridge
cs-iau-backend,26,Yasref,Yasref Cooperative Training Program,54.5,57.05851178818363,text_only_ridge
cs-iau-backend,27,"Saudi Standards, Metrology and Quality Organization (SASO)",Cooperative Training (Collaborative Training),61.5,58.829611375418956,text_only_ridge
cs-iau-backend,28,"Zakat, Tax and Customs Authority (ZATCA)",Binaa-Alkafaat Program,47.5,46.956085628498464,text_only_ridge
cs-iau-backend,29,Human Resources Development Fund (HRDF) – Cooperative Training Product,Cooperative Training (HRDF product),10.5,23.06643626203708,text_only_ridge
cs-iau-backend,30,EXPRO,COOP Training (Future Makers Program),52.5,51.97620363718469,text_only_ridge
cs-iau-backend,31,Ministry of Industry and Mineral Resources (MIM) – Cooperative Training Initiative,Cooperative Training Initiative,10.5,23.666652854738146,text_only_ridge
cs-iau-backend,32,TBC (The Beauty Company),Cooperative Training Program,47.5,51.84259521285264,text_only_ridge
cs-iau-backend,33,National Center for Vegetation Cover Development & Combating Desertification (NCVC),COOP Training Program,52.5,51.868561472775504,text_only_ridge
cs-iau-backend,34,Saudi Power Procurement Company (SPPC),Future Power – COOP Training Program,52.5,51.775101949174655,text_only_ridge
cs-iau-backend,35,TBC (Tatweer Building Company),Cooperative Training Program,52.5,54.8322760684286,text_only_ridge
cs-iau-backend,36,PwC Middle East (Assurance COOP & Summer Internship Programme 2026),"Assurance, COOP and Summer Internship Programme 2026 – Middle East",57.0,56.69040824497481,text_only_ridge
cs-iau-backend,37,KAPSARC,Intern (Coop- Trainee),61.5,60.890388056585046,text_only_ridge
cs-iau-backend,38,BSF (Banque Saudi Fransi),COOP / Internship,42.5,52.62414208269017,text_only_ridge
cs-iau-backend,39,Saudi Food & Drug Authority (SFDA),COOP training (First semester 2025-2026 intake),47.5,53.37257456534289,text_only_ridge
cs-iau-backend,40,Saudi Power Procurement Company (SPPC) – Future Power (Business Admin COOP),Future Power – Business Administration COOP Training Program,52.5,51.00092882190923,text_only_ridge
cs-iau-backend,41,Bank Albilad,Cooperative and Summer Training Program,52.5,57.02589629045213,text_only_ridge
cs-iau-backend,42,The Saudi National Bank (SNB),SNB Rowad Program,52.5,48.46645137667738,text_only_ridge
cs-iau-backend,43,National Cybersecurity Authority (NCA) – Academy,Cybersecurity training programs (academy),57.5,57.94139107727986,text_only_ridge
cs-iau-backend,44,PIF | Graduate Development Program,Graduate Development Program (GDP),67.0,55.748839532568304,text_only_ridge
cs-iau-backend,45,NEOM | GrOW (Graduates Opportunities in Work),GrOW (Graduates Opportunities in Work),54.5,49.65652087177581,text_only_ridge
cs-iau-backend,46,ROSHN | COOP Trainee Program,COOP Trainee Program,52.5,54.66520985066304,text_only_ridge
cs-iau-backend,47,Microsoft | Ru'aa Program (Riyadh),Ru'aa Program Internship (Solution Engineering),71.5,58.48492447260916,text_only_ridge
cs-iau-backend,48,Oracle | Business Development Intern (KSA market),Business Development Intern (KSA market),55.5,46.49909320267055,text_only_ridge
cs-iau-backend,49,SAP | Student Internship (Riyadh),Student Internship - Riyadh,62.5,53.03424447505219,text_only_ridge
cs-iau-backend,50,SAB (Saudi Awwal Bank) | Cooperative Training Programme (COOP),SAB Cooperative Training Programme (COOP),52.5,51.79843843904,text_only_ridge
cs-iau-backend,51,Ministry of Finance (Saudi Arabia) | Cooperative Training Program,Cooperative Training Program,50.5,52.53693556192084,text_only_ridge
cs-iau-backend,52,Ministry of Industry and Mineral Resources | Cooperative Training,Cooperative Training Initiative,45.5,51.4097077265601,text_only_ridge
cs-iau-backend,53,King Fahd Causeway Authority | Internship Program,Internship Program,64.5,54.599799933299614,text_only_ridge
cs-iau-backend,54,Tawuniya | Tamheer Program (Fresh Graduates),Tamheer Program,64.5,57.39826681917434,text_only_ridge
cs-iau-backend,55,SAMA | SAMA Professional Program (SPP),SAMA Professional Program (SPP),50.5,45.411264284220564,text_only_ridge
cs-iau-backend,56,HRDF | Cooperative Training Product,Cooperative Training Product,45.5,49.27869561991217,text_only_ridge
cs-iau-backend,57,IBM,"Automation, Data & AI – Intern",69.5,59.890245978503316,text_only_ridge
cs-iau-backend,58,Unifonic,Internship (Unifonic),67.0,60.43183283563923,text_only_ridge
cs-iau-backend,59,Misk Foundation,Misk Traineeship / Internship Program,55.5,53.09926988923823,text_only_ridge
cs-iau-backend,60,Cisco,Cisco NetVersity (Saudi Arabia),55.0,58.21735438553609,text_only_ridge
cs-iau-backend,61,KAUST,Visiting Student Research Program (VSRP) Internship,52.5,51.97244441639834,text_only_ridge
cs-iau-backend,62,General Authority for Statistics (GASTAT),Cooperative Training Program,67.0,64.94334811466027,text_only_ridge
cs-iau-backend,63,Saudi Center for Opinion Polling (SCOP),Cooperative Training Program,67.0,65.27641300518644,text_only_ridge
cs-iau-backend,64,Al Rajhi Takaful,Cooperative Training Program,52.5,57.89074509751365,text_only_ridge
cs-iau-backend,65,Expenditure & Projects Efficiency Authority (EXPRO),Future Makers (صنّاع المستقبل) – Cooperative Training,52.5,56.12192662129371,text_only_ridge
cs-iau-backend,66,Ministry of Finance (Saudi Arabia),Cooperative Training Program (Ministry of Finance),52.5,56.377058482425156,text_only_ridge
cs-iau-backend,67,General Entertainment Authority (GEA),GEA Cooperative Training Program,52.5,55.91543626487138,text_only_ridge
cs-iau-backend,68,Banque Saudi Fransi (BSF),COOP Training,52.5,58.3985604480927,text_only_ridge
cs-iau-backend,69,Arab National Bank (ANB),COOP Trainee,52.5,59.33090583321894,text_only_ridge
cs-iau-backend,70,Tamara,Builders Program,52.5,59.72679696460652,text_only_ridge
cs-iau-backend,71,OmniOps,Co‑op Training Program,61.5,64.55160207333367,text_only_ridge
cs-iau-backend,72,Tatweer Educational Technologies (TETCO),Cooperative Training Program,61.5,65.55283606318422,text_only_ridge
cs-iau-backend,73,The Saudi Investment Bank (SAIB),Cooperative Program,52.5,58.784353424931616,text_only_ridge
cs-iau-backend,74,Saudi Awwal Bank (SAB),COOP Program,52.5,59.67487492768197,text_only_ridge
cs-iau-backend,75,Riyad Bank,Internships and Coop Trainings (CSR 2019),52.5,58.981564909186055,text_only_ridge
cs-iau-backend,76,Tabby,Intern DevOps Engineer,67.0,60.10263905919027,text_only_ridge
cs-iau-backend,77,Tabby,Intern Backend (GO) Engineer,81.5,64.83230768935235,text_only_ridge
cs-iau-backend,78,Tabby,Intern Frontend Engineer,71.5,61.71349695865961,text_only_ridge
cs-iau-backend,79,Tabby,Intern Data Engineer,91.5,71.52958675781403,text_only_ridge
cs-iau-backend,80,Tabby,No-Code / AI Agents Engineering Intern,71.5,60.07055128900525,text_only_ridge
cs-iau-backend,81,Bank Albilad,Cooperative Training Program,47.5,57.41223946427785,text_only_ridge
cs-iau-backend,82,Saudi Ground Services (SGS),COOP Program,42.5,53.15405845895397,text_only_ridge
cs-iau-backend,83,CEER,Cooperative Training Program (COOP),52.5,57.37817813970755,text_only_ridge
cs-iau-backend,84,Al Rajhi Takaful,Coop Training Program,52.5,58.595049756769875,text_only_ridge
cs-iau-backend,85,TAWAL,COOP Training Program,61.5,63.851325880501264,text_only_ridge
cs-iau-backend,86,Wakeb_Data,COOP Training,61.5,61.93084739870337,text_only_ridge
cs-iau-backend,87,Banque Saudi Fransi (BSF),Coop Training Program,52.5,59.06184156852048,text_only_ridge
cs-iau-backend,88,Tech Economy,COOP Training Program,52.5,58.963719956717256,text_only_ridge
cs-iau-backend,89,SAMI Advanced Electronics (SAMI-AEC),Coop Trainee,52.5,58.33005900277734,text_only_ridge
cs-iau-backend,90,NHC,COOP Trainee,47.5,58.94134290137757,text_only_ridge
cs-iau-backend,91,REMAT ADVANCED,Cooperative Training Program,61.5,62.51785181128496,text_only_ridge
cs-iau-backend,92,SDM,AI COOP,67.0,68.36744860032678,text_only_ridge
cs-iau-backend,93,HUED,HUED COOP Program 2026,61.5,62.44782368848936,text_only_ridge
cs-iau-backend,94,Araamis • أرامس,Araamis COOP Program 2026,61.5,61.33454158906965,text_only_ridge
cs-iau-backend,95,ARDARA,COOP Training for Students,52.5,56.858210294487186,text_only_ridge
cs-iau-backend,96,flynas,COOP Trainee / Internship Program,57.0,60.974183369551206,text_only_ridge
cs-iau-backend,97,Saudi Motorsport Company (SMC),COOP Trainee (IT Asset Project Management),47.0,55.79598831466131,text_only_ridge
cs-iau-backend,98,Saudi Motorsport Company (SMC),COOP Trainee (Supply Chain Excellence Associate),47.0,57.57203376975322,text_only_ridge
cs-iau-backend,99,Mobily,Cooperative Training Program,52.5,58.6635483418863,text_only_ridge
cs-iau-backend,100,Saudi Awwal Bank (SAB),Student Opportunities: Cooperative / Practical Training,52.5,58.8459232337259,text_only_ridge
cs-iau-backend,101,Alvarez & Marsal,COOP Training Program,52.5,59.541059111822854,text_only_ridge
cs-iau-backend,102,Visa,COOP Trainee (Jan 2026),52.5,56.093128806295844,text_only_ridge
cs-iau-backend,103,Zain KSA,Evolve Program (Fresh Graduates),52.5,53.00086093085251,text_only_ridge
cs-iau-backend,104,Zain KSA,Zain Pioneers Program,61.5,55.77497412348258,text_only_ridge
cs-iau-backend,105,Savvy Games Group,Cooperative Training Program (Co-op),52.5,58.35548453660953,text_only_ridge
cs-iau-backend,106,Bank AlJazira,Tamheer Program,52.5,49.918551674093464,text_only_ridge
cs-iau-backend,107,sirar by stc,Cooperative Training Program,61.5,63.72135923230309,text_only_ridge
cs-iau-backend,108,Gathern,Co-op Program,61.5,63.00385730465113,text_only_ridge
cs-iau-backend,109,Elm Company (شركة علم),Coop Training - Computer Science (Jan/Mar/Jun/Aug 2025 Intake),57.0,59.50164635111118,text_only_ridge
cs-iau-backend,110,Elm Company (شركة علم),Co-Op Training - Information Technology (Jun & Aug 2025 Intake),57.0,59.562990363918416,text_only_ridge
cs-iau-backend,111,EJADA,COOP Administration & Support Engineer,52.5,57.227540908313976,text_only_ridge
cs-iau-backend,112,Emdad By Elm,Network Cooperative Training (Network Intern),51.5,57.0992642406726,text_only_ridge
cs-iau-backend,113,AILA,Co-op Training Programme,57.0,60.456483354834845,text_only_ridge
cs-iau-backend,114,Foodics,Foodics 360 Internship Program,67.0,59.0389081067755,text_only_ridge
cs-iau-backend,115,Salla,برنامج التدريب التعاوني (Coop Training) – Salla,47.0,52.810433359566964,text_only_ridge
cs-iau-backend,116,Lucidya,Technical Internship or Coop – Lucidya,47.0,58.24359799868241,text_only_ridge
cs-iau-backend,117,Diriyah Company,Diriyah Co-op Training Program,52.5,55.200526641532015,text_only_ridge
cs-iau-backend,118,Riyadh Air,Co-op – Riyadh Air,52.5,55.59599825580929,text_only_ridge
cs-iau-backend,119,Jahez Group,Jahez Internship Program (as described in Sustainability Report),62.5,55.02726418503088,text_only_ridge
cs-iau-backend,120,Lumi | لومي,COOP Intern 2025 – Lumi,52.5,56.29927274196227,text_only_ridge
cs-iau-backend,121,webook.com,COOP Trainee Opportunities – webook.com,52.5,56.446410519582685,text_only_ridge
cs-iau-backend,122,moneymoon,Tech & AI Co-op Program 2025,67.0,66.8061257483086,text_only_ridge
cs-iau-backend,123,EjadTech - إيجاد التقنية,"Summer Internship Program 2025 (Computer, Data, and AI Majors)",79.5,63.14974574448068,text_only_ridge
cs-iau-backend,124,InnovationTeam,Java Microservices Internship Programme (Saudi Nationals),79.5,61.75259164872581,text_only_ridge
cs-iau-backend,125,Tamkeen Technologies,On the Job Training (Internship Program) — Technology field,67.0,59.81944536646366,text_only_ridge
cs-iau-backend,126,Trendyol Group,Trendyol Tech Talent - Bootcamp & COOP Internship Program (Saudi Students Only),55.0,54.190506592165626,text_only_ridge
cs-iau-backend,127,Ninja نينجا,COOP Training Program,55.0,53.77354680162919,text_only_ridge
cs-iau-backend,128,SCAI | سكاي,CO-OP Training Opportunities (Intern),71.5,70.88066941385233,text_only_ridge
cs-iau-backend,129,WalaPlus,Coop & Tamheer Opportunities,61.5,57.75870218834531,text_only_ridge
cs-iau-backend,130,Aon,IT Co-op Trainee 2026,61.5,57.166499516853676,text_only_ridge
cs-iau-backend,131,Hewlett Packard Enterprise (HPE),College Intern (Coop),61.5,56.89406016766593,text_only_ridge
cs-iau-backend,132,Signify,KSA Coop Internship Program,61.5,57.486499896196655,text_only_ridge
cs-iau-backend,133,Help AG (e& enterprise),Cybersecurity Intern,62.5,55.14614338707906,text_only_ridge
cs-iau-backend,134,TrendAI (Trend Micro),CyberGATE Internship Program,67.0,58.21312816147079,text_only_ridge
cs-iau-backend,135,Golf Saudi,IT Co-op Trainee,61.5,57.10618026109147,text_only_ridge
cs-iau-backend,136,Siemens Healthineers,Healthineers Early Talent Program – IT (Riyadh),71.5,55.72724452507198,text_only_ridge
cs-iau-backend,137,1957 Ventures,Internship / Co-Op Program,61.5,58.3696314050104,text_only_ridge
cs-iau-backend,138,Nokia,Graduate Trainee (Saudi Arabia) – Fledgers Program,67.0,59.21135455284658,text_only_ridge
cs-iau-backend,139,Ericsson,Summer Interns (Ericsson Saudi),67.0,53.631099522384545,text_only_ridge
cs-iau-backend,140,Bosch Middle East,Software Development Intern (AI/Cloud),81.5,67.93468459157448,text_only_ridge
cs-iau-backend,141,Saudi Payments | المدفوعات السعودية,COOP Training – August 2024,57.0,59.652910763046634,text_only_ridge
cs-iau-backend,142,Saudi Tadawul Group | تداول,Cooperative Training Program (COOP),61.5,62.0118652866513,text_only_ridge
cs-iau-backend,143,Lean Technologies,Software Engineering Intern – KSA,91.5,67.51007007352594,text_only_ridge
cs-iau-backend,144,Mirai (Scopely) | مِراي,AI Engineering Intern (GenAI),81.5,65.98136414566756,text_only_ridge
cs-iau-backend,145,HungerStation | هنقرستيشن,"Co-OP Trainee, Data Analysis – Info Sec",77.0,68.82323078272243,text_only_ridge
cs-iau-backend,146,NCGR | المركز الوطني لنظم الموارد الحكومية,Coop Training Program,57.0,59.37996208541971,text_only_ridge
cs-iau-backend,147,nybl,nybl Graduate Programme – Saudi Nationals (AI Bootcamp),52.5,47.63712228812395,text_only_ridge
cs-iau-backend,148,Procter & Gamble (P&G),P&G LEADgen Internship Program 2026 (Riyadh),67.0,54.502244180981364,text_only_ridge
cs-iau-backend,149,New Murabba | المربع الجديد,New Murabba Co-op Training Program,61.5,58.46447519334598,text_only_ridge
cs-iau-backend,150,Boeing Saudi Arabia Limited,Intern - Info Technology & Data Analytics (Riyadh),67.0,60.632723266967524,text_only_ridge
cs-iau-backend,151,Motorola Solutions,Deployment Engineer Intern (KSA National - Tamheer Program),61.5,57.92995461641875,text_only_ridge
cs-iau-backend,152,Schneider Electric,Co-op Intern (Engineering) - Al Khobar (Jan–Aug 2026),51.5,57.14098847228922,text_only_ridge
cs-iau-backend,153,Lockheed Martin,Tamheer Space Internship (Riyadh),61.5,56.21159724013046,text_only_ridge
cs-iau-backend,154,Markaba | مركبة,Start-up Software Intern – TAMHEER (Saudi nationals only),59.5,53.85028351954706,text_only_ridge
cs-iau-backend,155,Laverne Group | مجموعة لافيرن,Data Analyst / Data Engineer Intern (IT Department),81.5,65.16294850304604,text_only_ridge
cs-iau-backend,156,Meel | ميل,"Software Developer Internship (Remote, min 2 months)",72.5,59.70112635029205,text_only_ridge
cs-iau-backend,157,Nahdi Medical Co.,IT Internship / COOP Program (6 months),52.0,58.76667877056665,text_only_ridge
cs-iau-backend,158,SMART Technology Solutions | سمارت لحلول التقنية,R&D Intern (Riyadh),71.5,61.07191404242212,text_only_ridge
cs-iau-backend,159,Knodemy Inc.,AI Developer & Tech Trainer Intern - Riyadh,81.5,68.08267174876988,text_only_ridge
cs-iau-backend,160,Water Transmission Company | شركة نقل المياه,Tamheer Internship Program (HRIS / Engineering & PM - Riyadh),61.5,55.15488053982223,text_only_ridge
cs-iau-backend,161,AFNOYS,"AI Automation Intern - KSA (Remote, 4 weeks)",62.0,55.77260527924009,text_only_ridge
cs-iau-backend,162,SAS,CareerStart@SAS 2026 - Presales Customer Intelligence Intern (Riyadh),68.5,56.429884677604555,text_only_ridge
cs-iau-backend,163,Devoteam,Trainee - Future Leaders Program (Co-op/Fresh Graduate),59.5,61.497921697412636,text_only_ridge
cs-iau-backend,164,ضالتي Dhallaty,Tech Intern: Fresh Grad or Student,68.5,56.59447721179738,text_only_ridge
cs-iau-backend,165,Innovative Solutions SA,Presales - Tamheer,50.5,50.17541365421097,text_only_ridge
cs-iau-backend,166,HUMAIN,Tamheer Program (Software Engineer / Cybersecurity / MIS),59.5,54.67813469619772,text_only_ridge
cs-iau-backend,167,TAM | تام,"Tamheer Opportunity, Advisory",36.5,30.142493709011642,text_only_ridge
cs-iau-backend,168,هيئة التأمين | Insurance Authority,Tamheer Opportunity - Specialist of Information Security,50.5,47.36598402588412,text_only_ridge
cs-iau-backend,169,Snbla | سنبله,Paid Internship Program (FinTech),68.5,57.20860975691273,text_only_ridge
cs-iau-backend,170,2P Perfect Presentation,Data Analyst (Tamheer),55.0,49.62771736927557,text_only_ridge
cs-iau-backend,171,Infosys,Summer Intern (Infosys InStep ’26 – Bangalore),55.5,49.05548755028477,text_only_ridge
cs-iau-backend,172,شركة الخدمات المدارة | Managed Services Company,Intern Cybersecurity Engineer,69.5,57.92226252787379,text_only_ridge
cs-iau-backend,173,Abunayyan Holding,Data Analyst (Tamheer),55.0,49.83755840157853,text_only_ridge
ds-scientist-jeddah,1,Saudi Aramco,University Internship Program (UIP),38.5,43.697942646424764,text_only_ridge
ds-scientist-jeddah,2,SABIC,COOP Training Program,41.5,43.650757578968,text_only_ridge
ds-scientist-jeddah,3,stc (Saudi Telecom Company),Cooperative Training Program (COOP),38.5,47.232290181152635,text_only_ridge
ds-scientist-jeddah,4,Saudi National Bank (SNB),SNB Cooperative Training Program,43.5,44.05316335050051,text_only_ridge
ds-scientist-jeddah,5,Al Rajhi Bank,Cooperative Training Program,43.5,42.970985012500066,text_only_ridge
ds-scientist-jeddah,6,Capital Market Authority (CMA),COOP Program,38.5,44.82422038312321,text_only_ridge
ds-scientist-jeddah,7,Digital Government Authority (DGA),Maidan Cooperative Training Program,38.5,46.60713828405512,text_only_ridge
ds-scientist-jeddah,8,KPMG Saudi Arabia,COOP & Internship Programs,43.5,43.196935811664105,text_only_ridge
ds-scientist-jeddah,9,PwC Middle East,"Deals, COOP and Summer Internship Programme (2026)",43.0,49.94500734998094,text_only_ridge
ds-scientist-jeddah,10,Deloitte Middle East (KSA),Jusoor Al Sharqiyah Internship Program,33.0,46.098635410515044,text_only_ridge
ds-scientist-jeddah,11,Bank Albilad,Cooperative & Summer Training Program,48.0,46.75496713915262,text_only_ridge
ds-scientist-jeddah,12,Tamara,Tamara Builders Program,43.0,52.65025320743053,text_only_ridge
ds-scientist-jeddah,13,Bupa Arabia,Cooperative Training Program,38.5,41.827572571859086,text_only_ridge
ds-scientist-jeddah,14,Saudi Exports (Saudi Export Development Authority),COOP & Summer Training (FAQ-confirmed),43.5,41.06545174852788,text_only_ridge
ds-scientist-jeddah,15,Local Content and Government Procurement Authority (LCGPA),COOP Training (role posting),38.5,44.964109856346084,text_only_ridge
ds-scientist-jeddah,16,McKinsey & Company (Maqdira),Maqdira Fellowship Program,43.0,48.97134392148598,text_only_ridge
ds-scientist-jeddah,17,Boston Consulting Group (BCG),Visiting Associate Internship (Riyadh),38.5,46.15851656688851,text_only_ridge
ds-scientist-jeddah,18,Bain & Company,COOP Training Program (Riyadh),38.5,44.33140917939059,text_only_ridge
ds-scientist-jeddah,19,Amazon Web Services (AWS),IT/Computer Hardware Internship (Intern-to-FTE Pathway),33.0,50.70214212848475,text_only_ridge
ds-scientist-jeddah,20,Amazon Web Services (AWS) - Associate Solutions Architect Intern,Associate Solutions Architect Intern (2026),33.0,50.45101691610318,text_only_ridge
ds-scientist-jeddah,21,Google (Saudi Arabia),Google Careers (Saudi location filter),34.5,46.236187921707405,text_only_ridge
ds-scientist-jeddah,22,BlackRock,Client & Product Summer Internship Programme (EMEA) - includes Riyadh,44.17,50.74101427679256,text_only_ridge
ds-scientist-jeddah,23,noon,Student Internship,28.5,42.78307323075928,text_only_ridge
ds-scientist-jeddah,24,MOZN,Data Science Intern,56.83,58.824386767655994,text_only_ridge
ds-scientist-jeddah,25,Elm,Elm Co-op Training Program (March 2026 Intake),38.5,45.529600634720964,text_only_ridge
ds-scientist-jeddah,26,Yasref,Yasref Cooperative Training Program,46.0,47.794133349946605,text_only_ridge
ds-scientist-jeddah,27,"Saudi Standards, Metrology and Quality Organization (SASO)",Cooperative Training (Collaborative Training),43.0,48.01941066832102,text_only_ridge
ds-scientist-jeddah,28,"Zakat, Tax and Customs Authority (ZATCA)",Binaa-Alkafaat Program,33.5,38.40836113519141,text_only_ridge
ds-scientist-jeddah,29,Human Resources Development Fund (HRDF) – Cooperative Training Product,Cooperative Training (HRDF product),20.5,15.019753578909885,text_only_ridge
ds-scientist-jeddah,30,EXPRO,COOP Training (Future Makers Program),38.5,42.631628189334485,text_only_ridge
ds-scientist-jeddah,31,Ministry of Industry and Mineral Resources (MIM) – Cooperative Training Initiative,Cooperative Training Initiative,20.5,15.317256606927458,text_only_ridge
ds-scientist-jeddah,32,TBC (The Beauty Company),Cooperative Training Program,43.5,40.159422351297984,text_only_ridge
ds-scientist-jeddah,33,National Center for Vegetation Cover Development & Combating Desertification (NCVC),COOP Training Program,38.5,42.749834287905,text_only_ridge
ds-scientist-jeddah,34,Saudi Power Procurement Company (SPPC),Future Power – COOP Training Program,38.5,42.935270356637794,text_only_ridge
ds-scientist-jeddah,35,TBC (Tatweer Building Company),Cooperative Training Program,38.5,45.32608588355788,text_only_ridge
ds-scientist-jeddah,36,PwC Middle East (Assurance COOP & Summer Internship Programme 2026),"Assurance, COOP and Summer Internship Programme 2026 – Middle East",43.0,50.784677372536585,text_only_ridge
ds-scientist-jeddah,37,KAPSARC,Intern (Coop- Trainee),47.5,52.09946833584259,text_only_ridge
ds-scientist-jeddah,38,BSF (Banque Saudi Fransi),COOP / Internship,48.5,43.695910461430785,text_only_ridge
ds-scientist-jeddah,39,Saudi Food & Drug Authority (SFDA),COOP training (First semester 2025-2026 intake),43.5,51.558336352029606,text_only_ridge
ds-scientist-jeddah,40,Saudi Power Procurement Company (SPPC) – Future Power (Business Admin COOP),Future Power – Business Administration COOP Training Program,38.5,44.0715740939321,text_only_ridge
ds-scientist-jeddah,41,Bank Albilad,Cooperative and Summer Training Program,38.5,46.50275901446273,text_only_ridge
ds-scientist-jeddah,42,The Saudi National Bank (SNB),SNB Rowad Program,28.5,40.00093375730454,text_only_ridge
ds-scientist-jeddah,43,National Cybersecurity Authority (NCA) – Academy,Cybersecurity training programs (academy),33.5,48.22366246491431,text_only_ridge
ds-scientist-jeddah,44,PIF | Graduate Development Program,Graduate Development Program (GDP),44.17,48.19478130221518,text_only_ridge
ds-scientist-jeddah,45,NEOM | GrOW (Graduates Opportunities in Work),GrOW (Graduates Opportunities in Work),36.0,43.38123817177286,text_only_ridge
ds-scientist-jeddah,46,ROSHN | COOP Trainee Program,COOP Trainee Program,38.5,44.80634477425819,text_only_ridge
ds-scientist-jeddah,47,Microsoft | Ru'aa Program (Riyadh),Ru'aa Program Internship (Solution Engineering),33.0,52.525857376243856,text_only_ridge
ds-scientist-jeddah,48,Oracle | Business Development Intern (KSA market),Business Development Intern (KSA market),31.5,40.18857426807392,text_only_ridge
ds-scientist-jeddah,49,SAP | Student Internship (Riyadh),Student Internship - Riyadh,28.5,44.325521121683444,text_only_ridge
ds-scientist-jeddah,50,SAB (Saudi Awwal Bank) | Cooperative Training Programme (COOP),SAB Cooperative Training Programme (COOP),38.5,43.174080180551584,text_only_ridge
ds-scientist-jeddah,51,Ministry of Finance (Saudi Arabia) | Cooperative Training Program,Cooperative Training Program,36.5,43.494416980459015,text_only_ridge
ds-scientist-jeddah,52,Ministry of Industry and Mineral Resources | Cooperative Training,Cooperative Training Initiative,41.5,42.650674882525806,text_only_ridge
ds-scientist-jeddah,53,King Fahd Causeway Authority | Internship Program,Internship Program,36.0,45.32671648205623,text_only_ridge
ds-scientist-jeddah,54,Tawuniya | Tamheer Program (Fresh Graduates),Tamheer Program,36.0,49.44706709270288,text_only_ridge
ds-scientist-jeddah,55,SAMA | SAMA Professional Program (SPP),SAMA Professional Program (SPP),26.5,38.7959883419204,text_only_ridge
ds-scientist-jeddah,56,HRDF | Cooperative Training Product,Cooperative Training Product,41.5,41.3147750122208,text_only_ridge
ds-scientist-jeddah,57,IBM,"Automation, Data & AI – Intern",31.0,52.85659117039779,text_only_ridge
ds-scientist-jeddah,58,Unifonic,Internship (Unifonic),33.0,49.94175479180541,text_only_ridge
ds-scientist-jeddah,59,Misk Foundation,Misk Traineeship / Internship Program,31.5,45.20924013736933,text_only_ridge
ds-scientist-jeddah,60,Cisco,Cisco NetVersity (Saudi Arabia),41.0,49.40331797928662,text_only_ridge
ds-scientist-jeddah,61,KAUST,Visiting Student Research Program (VSRP) Internship,28.5,42.67980141557797,text_only_ridge
ds-scientist-jeddah,62,General Authority for Statistics (GASTAT),Cooperative Training Program,54.17,55.180657666298394,text_only_ridge
ds-scientist-jeddah,63,Saudi Center for Opinion Polling (SCOP),Cooperative Training Program,54.17,55.42317531261003,text_only_ridge
ds-scientist-jeddah,64,Al Rajhi Takaful,Cooperative Training Program,38.5,49.66549360794998,text_only_ridge
ds-scientist-jeddah,65,Expenditure & Projects Efficiency Authority (EXPRO),Future Makers (صنّاع المستقبل) – Cooperative Training,38.5,47.56013145477134,text_only_ridge
ds-scientist-jeddah,66,Ministry of Finance (Saudi Arabia),Cooperative Training Program (Ministry of Finance),38.5,47.93982584033867,text_only_ridge
ds-scientist-jeddah,67,General Entertainment Authority (GEA),GEA Cooperative Training Program,38.5,47.676569903647476,text_only_ridge
ds-scientist-jeddah,68,Banque Saudi Fransi (BSF),COOP Training,38.5,49.41387310327002,text_only_ridge
ds-scientist-jeddah,69,Arab National Bank (ANB),COOP Trainee,38.5,48.78327431335185,text_only_ridge
ds-scientist-jeddah,70,Tamara,Builders Program,38.5,48.892988679197764,text_only_ridge
ds-scientist-jeddah,71,OmniOps,Co‑op Training Program,53.5,55.124908656216846,text_only_ridge
ds-scientist-jeddah,72,Tatweer Educational Technologies (TETCO),Cooperative Training Program,43.0,54.67969394166399,text_only_ridge
ds-scientist-jeddah,73,The Saudi Investment Bank (SAIB),Cooperative Program,38.5,49.43425905576101,text_only_ridge
ds-scientist-jeddah,74,Saudi Awwal Bank (SAB),COOP Program,38.5,48.993639769909684,text_only_ridge
ds-scientist-jeddah,75,Riyad Bank,Internships and Coop Trainings (CSR 2019),38.5,49.217407559792925,text_only_ridge
ds-scientist-jeddah,76,Tabby,Intern DevOps Engineer,38.0,52.121423615103474,text_only_ridge
ds-scientist-jeddah,77,Tabby,Intern Backend (GO) Engineer,44.67,57.36006804277457,text_only_ridge
ds-scientist-jeddah,78,Tabby,Intern Frontend Engineer,33.0,53.04243627577384,text_only_ridge
ds-scientist-jeddah,79,Tabby,Intern Data Engineer,50.83,62.81165308305028,text_only_ridge
ds-scientist-jeddah,80,Tabby,No-Code / AI Agents Engineering Intern,33.0,52.61734480480731,text_only_ridge
ds-scientist-jeddah,81,Bank Albilad,Cooperative Training Program,43.5,47.57247209695725,text_only_ridge
ds-scientist-jeddah,82,Saudi Ground Services (SGS),COOP Program,48.5,44.06903731112434,text_only_ridge
ds-scientist-jeddah,83,CEER,Cooperative Training Program (COOP),38.5,46.828903966162834,text_only_ridge
ds-scientist-jeddah,84,Al Rajhi Takaful,Coop Training Program,38.5,49.2695880509621,text_only_ridge
ds-scientist-jeddah,85,TAWAL,COOP Training Program,43.0,54.212168437551085,text_only_ridge
ds-scientist-jeddah,86,Wakeb_Data,COOP Training,43.0,54.16535771345928,text_only_ridge
ds-scientist-jeddah,87,Banque Saudi Fransi (BSF),Coop Training Program,38.5,49.28496355126066,text_only_ridge
ds-scientist-jeddah,88,Tech Economy,COOP Training Program,38.5,49.287648518700315,text_only_ridge
ds-scientist-jeddah,89,SAMI Advanced Electronics (SAMI-AEC),Coop Trainee,38.5,50.04171439191644,text_only_ridge
ds-scientist-jeddah,90,NHC,COOP Trainee,43.5,47.501036124213066,text_only_ridge
ds-scientist-jeddah,91,REMAT ADVANCED,Cooperative Training Program,43.0,53.572079423026565,text_only_ridge
ds-scientist-jeddah,92,SDM,AI COOP,49.67,59.954083636162586,text_only_ridge
ds-scientist-jeddah,93,HUED,HUED COOP Program 2026,43.0,54.57516993299476,text_only_ridge
ds-scientist-jeddah,94,Araamis • أرامس,Araamis COOP Program 2026,47.5,54.06308007372073,text_only_ridge
ds-scientist-jeddah,95,ARDARA,COOP Training for Students,38.5,47.42399154734063,text_only_ridge
ds-scientist-jeddah,96,flynas,COOP Trainee / Internship Program,43.0,51.04182129386757,text_only_ridge
ds-scientist-jeddah,97,Saudi Motorsport Company (SMC),COOP Trainee (IT Asset Project Management),53.0,49.40091182565047,text_only_ridge
ds-scientist-jeddah,98,Saudi Motorsport Company (SMC),COOP Trainee (Supply Chain Excellence Associate),57.5,50.87986129410161,text_only_ridge
ds-scientist-jeddah,99,Mobily,Cooperative Training Program,38.5,49.412273097222695,text_only_ridge
ds-scientist-jeddah,100,Saudi Awwal Bank (SAB),Student Opportunities: Cooperative / Practical Training,38.5,49.33195978746808,text_only_ridge
ds-scientist-jeddah,101,Alvarez & Marsal,COOP Training Program,38.5,49.163618563889464,text_only_ridge
ds-scientist-jeddah,102,Visa,COOP Trainee (Jan 2026),38.5,48.93424168691711,text_only_ridge
ds-scientist-jeddah,103,Zain KSA,Evolve Program (Fresh Graduates),28.5,43.804102612238914,text_only_ridge
ds-scientist-jeddah,104,Zain KSA,Zain Pioneers Program,33.0,48.371884100871526,text_only_ridge
ds-scientist-jeddah,105,Savvy Games Group,Cooperative Training Program (Co-op),38.5,49.80383399852738,text_only_ridge
ds-scientist-jeddah,106,Bank AlJazira,Tamheer Program,28.5,42.18829040741006,text_only_ridge
ds-scientist-jeddah,107,sirar by stc,Cooperative Training Program,43.0,55.84835394556197,text_only_ridge
ds-scientist-jeddah,108,Gathern,Co-op Program,53.5,55.33413586089715,text_only_ridge
ds-scientist-jeddah,109,Elm Company (شركة علم),Coop Training - Computer Science (Jan/Mar/Jun/Aug 2025 Intake),43.0,52.87577819140644,text_only_ridge
ds-scientist-jeddah,110,Elm Company (شركة علم),Co-Op Training - Information Technology (Jun & Aug 2025 Intake),43.0,52.63961770951427,text_only_ridge
ds-scientist-jeddah,111,EJADA,COOP Administration & Support Engineer,38.5,49.381839981260406,text_only_ridge
ds-scientist-jeddah,112,Emdad By Elm,Network Cooperative Training (Network Intern),53.0,50.86463412098155,text_only_ridge
ds-scientist-jeddah,113,AILA,Co-op Training Programme,48.0,51.37286890999153,text_only_ridge
ds-scientist-jeddah,114,Foodics,Foodics 360 Internship Program,33.0,51.117543401952574,text_only_ridge
ds-scientist-jeddah,115,Salla,برنامج التدريب التعاوني (Coop Training) – Salla,43.0,47.39302404593352,text_only_ridge
ds-scientist-jeddah,116,Lucidya,Technical Internship or Coop – Lucidya,53.0,51.538881403828675,text_only_ridge
ds-scientist-jeddah,117,Diriyah Company,Diriyah Co-op Training Program,38.5,48.4476415690373,text_only_ridge
ds-scientist-jeddah,118,Riyadh Air,Co-op – Riyadh Air,38.5,48.46541045166305,text_only_ridge
ds-scientist-jeddah,119,Jahez Group,Jahez Internship Program (as described in Sustainability Report),28.5,47.503010835630576,text_only_ridge
ds-scientist-jeddah,120,Lumi | لومي,COOP Intern 2025 – Lumi,38.5,47.86659450423124,text_only_ridge
ds-scientist-jeddah,121,webook.com,COOP Trainee Opportunities – webook.com,38.5,47.86113366599291,text_only_ridge
ds-scientist-jeddah,122,moneymoon,Tech & AI Co-op Program 2025,49.67,60.240016924451815,text_only_ridge
ds-scientist-jeddah,123,EjadTech - إيجاد التقنية,"Summer Internship Program 2025 (Computer, Data, and AI Majors)",48.17,57.56701627709855,text_only_ridge
ds-scientist-jeddah,124,InnovationTeam,Java Microservices Internship Programme (Saudi Nationals),37.67,56.77074251105574,text_only_ridge
ds-scientist-jeddah,125,Tamkeen Technologies,On the Job Training (Internship Program) — Technology field,33.0,51.42068078405383,text_only_ridge
ds-scientist-jeddah,126,Trendyol Group,Trendyol Tech Talent - Bootcamp & COOP Internship Program (Saudi Students Only),41.0,48.68478833796538,text_only_ridge
ds-scientist-jeddah,127,Ninja نينجا,COOP Training Program,41.0,46.74290535222555,text_only_ridge
ds-scientist-jeddah,128,SCAI | سكاي,CO-OP Training Opportunities (Intern),49.67,62.548976662426384,text_only_ridge
ds-scientist-jeddah,129,WalaPlus,Coop & Tamheer Opportunities,43.0,49.84886949034545,text_only_ridge
ds-scientist-jeddah,130,Aon,IT Co-op Trainee 2026,43.0,49.891447522662624,text_only_ridge
ds-scientist-jeddah,131,Hewlett Packard Enterprise (HPE),College Intern (Coop),43.0,49.50219500560978,text_only_ridge
ds-scientist-jeddah,132,Signify,KSA Coop Internship Program,43.0,49.08206542294299,text_only_ridge
ds-scientist-jeddah,133,Help AG (e& enterprise),Cybersecurity Intern,28.5,47.80459287086641,text_only_ridge
ds-scientist-jeddah,134,TrendAI (Trend Micro),CyberGATE Internship Program,33.0,51.36450892907812,text_only_ridge
ds-scientist-jeddah,135,Golf Saudi,IT Co-op Trainee,43.0,49.799391580165384,text_only_ridge
ds-scientist-jeddah,136,Siemens Healthineers,Healthineers Early Talent Program – IT (Riyadh),33.0,49.35946772291082,text_only_ridge
ds-scientist-jeddah,137,1957 Ventures,Internship / Co-Op Program,43.0,50.626923494293216,text_only_ridge
ds-scientist-jeddah,138,Nokia,Graduate Trainee (Saudi Arabia) – Fledgers Program,44.17,52.52936392453502,text_only_ridge
ds-scientist-jeddah,139,Ericsson,Summer Interns (Ericsson Saudi),33.0,46.29491398816166,text_only_ridge
ds-scientist-jeddah,140,Bosch Middle East,Software Development Intern (AI/Cloud),50.17,61.07748221741838,text_only_ridge
ds-scientist-jeddah,141,Saudi Payments | المدفوعات السعودية,COOP Training – August 2024,47.5,51.94500995430615,text_only_ridge
ds-scientist-jeddah,142,Saudi Tadawul Group | تداول,Cooperative Training Program (COOP),43.0,54.05278777391134,text_only_ridge
ds-scientist-jeddah,143,Lean Technologies,Software Engineering Intern – KSA,46.33,61.20329238062636,text_only_ridge
ds-scientist-jeddah,144,Mirai (Scopely) | مِراي,AI Engineering Intern (GenAI),39.67,59.00963174752613,text_only_ridge
ds-scientist-jeddah,145,HungerStation | هنقرستيشن,"Co-OP Trainee, Data Analysis – Info Sec",60.83,63.04871030953056,text_only_ridge
ds-scientist-jeddah,146,NCGR | المركز الوطني لنظم الموارد الحكومية,Coop Training Program,43.0,51.53149568388031,text_only_ridge
ds-scientist-jeddah,147,nybl,nybl Graduate Programme – Saudi Nationals (AI Bootcamp),28.5,41.06878004980151,text_only_ridge
ds-scientist-jeddah,148,Procter & Gamble (P&G),P&G LEADgen Internship Program 2026 (Riyadh),33.0,46.89951773370882,text_only_ridge
ds-scientist-jeddah,149,New Murabba | المربع الجديد,New Murabba Co-op Training Program,43.0,51.9633117816069,text_only_ridge
ds-scientist-jeddah,150,Boeing Saudi Arabia Limited,Intern - Info Technology & Data Analytics (Riyadh),37.5,53.6155815700528,text_only_ridge
ds-scientist-jeddah,151,Motorola Solutions,Deployment Engineer Intern (KSA National - Tamheer Program),33.0,50.869861808551484,text_only_ridge
ds-scientist-jeddah,152,Schneider Electric,Co-op Intern (Engineering) - Al Khobar (Jan–Aug 2026),43.0,49.42246005761007,text_only_ridge
ds-scientist-jeddah,153,Lockheed Martin,Tamheer Space Internship (Riyadh),33.0,47.62194692926148,text_only_ridge
ds-scientist-jeddah,154,Markaba | مركبة,Start-up Software Intern – TAMHEER (Saudi nationals only),31.0,47.397751944690704,text_only_ridge
ds-scientist-jeddah,155,Laverne Group | مجموعة لافيرن,Data Analyst / Data Engineer Intern (IT Department),44.17,59.31952963890872,text_only_ridge
ds-scientist-jeddah,156,Meel | ميل,"Software Developer Internship (Remote, min 2 months)",38.0,51.800836699504224,text_only_ridge
ds-scientist-jeddah,157,Nahdi Medical Co.,IT Internship / COOP Program (6 months),48.0,50.9550205053524,text_only_ridge
ds-scientist-jeddah,158,SMART Technology Solutions | سمارت لحلول التقنية,R&D Intern (Riyadh),33.0,52.3404807499794,text_only_ridge
ds-scientist-jeddah,159,Knodemy Inc.,AI Developer & Tech Trainer Intern - Riyadh,39.67,60.944534765432635,text_only_ridge
ds-scientist-jeddah,160,Water Transmission Company | شركة نقل المياه,Tamheer Internship Program (HRIS / Engineering & PM - Riyadh),33.0,49.360348727450116,text_only_ridge
ds-scientist-jeddah,161,AFNOYS,"AI Automation Intern - KSA (Remote, 4 weeks)",38.0,48.5070446168383,text_only_ridge
ds-scientist-jeddah,162,SAS,CareerStart@SAS 2026 - Presales Customer Intelligence Intern (Riyadh),39.0,50.270171089119685,text_only_ridge
ds-scientist-jeddah,163,Devoteam,Trainee - Future Leaders Program (Co-op/Fresh Graduate),41.0,53.715189946480926,text_only_ridge
ds-scientist-jeddah,164,ضالتي Dhallaty,Tech Intern: Fresh Grad or Student,34.5,49.94011389589727,text_only_ridge
ds-scientist-jeddah,165,Innovative Solutions SA,Presales - Tamheer,26.5,43.010840060583234,text_only_ridge
ds-scientist-jeddah,166,HUMAIN,Tamheer Program (Software Engineer / Cybersecurity / MIS),31.0,46.138605958895305,text_only_ridge
ds-scientist-jeddah,167,TAM | تام,"Tamheer Opportunity, Advisory",26.5,23.12860221057646,text_only_ridge
ds-scientist-jeddah,168,هيئة التأمين | Insurance Authority,Tamheer Opportunity - Specialist of Information Security,26.5,41.40726079231543,text_only_ridge
ds-scientist-jeddah,169,Snbla | سنبله,Paid Internship Program (FinTech),34.5,49.39012501607332,text_only_ridge
ds-scientist-jeddah,170,2P Perfect Presentation,Data Analyst (Tamheer),35.5,42.43393856502377,text_only_ridge
ds-scientist-jeddah,171,Infosys,Summer Intern (Infosys InStep ’26 – Bangalore),31.5,41.67267750379838,text_only_ridge
ds-scientist-jeddah,172,شركة الخدمات المدارة | Managed Services Company,Intern Cybersecurity Engineer,31.0,49.79390941007647,text_only_ridge
ds-scientist-jeddah,173,Abunayyan Holding,Data Analyst (Tamheer),35.5,42.29179720162224,text_only_ridge
ds-remote-coop,1,Saudi Aramco,University Internship Program (UIP),40.0,42.36260433330128,text_only_ridge
ds-remote-coop,2,SABIC,COOP Training Program,38.0,41.50250913626091,text_only_ridge
ds-remote-coop,3,stc (Saudi Telecom Company),Cooperative Training Program (COOP),40.0,45.6320910951182,text_only_ridge
ds-remote-coop,4,Saudi National Bank (SNB),SNB Cooperative Training Program,40.0,42.45681613499856,text_only_ridge
ds-remote-coop,5,Al Rajhi Bank,Cooperative Training Program,40.0,40.688372550422315,text_only_ridge
ds-remote-coop,6,Capital Market Authority (CMA),COOP Program,40.0,42.80615668049404,text_only_ridge
ds-remote-coop,7,Digital Government Authority (DGA),Maidan Cooperative Training Program,40.0,44.53262528538903,text_only_ridge
ds-remote-coop,8,KPMG Saudi Arabia,COOP & Internship Programs,40.0,41.180306274345625,text_only_ridge
ds-remote-coop,9,PwC Middle East,"Deals, COOP and Summer Internship Programme (2026)",44.5,49.01446840107593,text_only_ridge
ds-remote-coop,10,Deloitte Middle East (KSA),Jusoor Al Sharqiyah Internship Program,34.5,44.82349573670643,text_only_ridge
ds-remote-coop,11,Bank Albilad,Cooperative & Summer Training Program,44.5,44.98125767630478,text_only_ridge
ds-remote-coop,12,Tamara,Tamara Builders Program,44.5,51.35685141852669,text_only_ridge
ds-remote-coop,13,Bupa Arabia,Cooperative Training Program,40.0,39.302698729894715,text_only_ridge
ds-remote-coop,14,Saudi Exports (Saudi Export Development Authority),COOP & Summer Training (FAQ-confirmed),40.0,38.81359386678976,text_only_ridge
ds-remote-coop,15,Local Content and Government Procurement Authority (LCGPA),COOP Training (role posting),40.0,44.33109025723843,text_only_ridge
ds-remote-coop,16,McKinsey & Company (Maqdira),Maqdira Fellowship Program,44.5,47.545124718847575,text_only_ridge
ds-remote-coop,17,Boston Consulting Group (BCG),Visiting Associate Internship (Riyadh),40.0,44.487119144066654,text_only_ridge
ds-remote-coop,18,Bain & Company,COOP Training Program (Riyadh),40.0,42.21534769579395,text_only_ridge
ds-remote-coop,19,Amazon Web Services (AWS),IT/Computer Hardware Internship (Intern-to-FTE Pathway),34.5,49.693341339853255,text_only_ridge
ds-remote-coop,20,Amazon Web Services (AWS) - Associate Solutions Architect Intern,Associate Solutions Architect Intern (2026),34.5,49.64586972644684,text_only_ridge
ds-remote-coop,21,Google (Saudi Arabia),Google Careers (Saudi location filter),38.0,44.54870849538603,text_only_ridge
ds-remote-coop,22,BlackRock,Client & Product Summer Internship Programme (EMEA) - includes Riyadh,34.5,49.6017710368217,text_only_ridge
ds-remote-coop,23,noon,Student Internship,30.0,39.876717630864846,text_only_ridge
ds-remote-coop,24,MOZN,Data Science Intern,51.67,57.68370595291097,text_only_ridge
ds-remote-coop,25,Elm,Elm Co-op Training Program (March 2026 Intake),40.0,44.12564198805015,text_only_ridge
ds-remote-coop,26,Yasref,Yasref Cooperative Training Program,42.5,46.22648593198331,text_only_ridge
ds-remote-coop,27,"Saudi Standards, Metrology and Quality Organization (SASO)",Cooperative Training (Collaborative Training),44.5,46.131825066553,text_only_ridge
ds-remote-coop,28,"Zakat, Tax and Customs Authority (ZATCA)",Binaa-Alkafaat Program,30.0,36.494315464179216,text_only_ridge
ds-remote-coop,29,Human Resources Development Fund (HRDF) – Cooperative Training Product,Cooperative Training (HRDF product),20.5,11.778987008309763,text_only_ridge
ds-remote-coop,30,EXPRO,COOP Training (Future Makers Program),40.0,40.73240514757405,text_only_ridge
ds-remote-coop,31,Ministry of Industry and Mineral Resources (MIM) – Cooperative Training Initiative,Cooperative Training Initiative,20.5,11.842786514621018,text_only_ridge
ds-remote-coop,32,TBC (The Beauty Company),Cooperative Training Program,40.0,37.13434638410553,text_only_ridge
ds-remote-coop,33,National Center for Vegetation Cover Development & Combating Desertification (NCVC),COOP Training Program,40.0,40.88658603751116,text_only_ridge
ds-remote-coop,34,Saudi Power Procurement Company (SPPC),Future Power – COOP Training Program,40.0,41.25909435240078,text_only_ridge
ds-remote-coop,35,TBC (Tatweer Building Company),Cooperative Training Program,40.0,43.538440334498674,text_only_ridge
ds-remote-coop,36,PwC Middle East (Assurance COOP & Summer Internship Programme 2026),"Assurance, COOP and Summer Internship Programme 2026 – Middle East",44.5,50.03022120595698,text_only_ridge
ds-remote-coop,37,KAPSARC,Intern (Coop- Trainee),44.5,50.88699564883508,text_only_ridge
ds-remote-coop,38,BSF (Banque Saudi Fransi),COOP / Internship,40.0,41.85736342219472,text_only_ridge
ds-remote-coop,39,Saudi Food & Drug Authority (SFDA),COOP training (First semester 2025-2026 intake),40.0,51.36141866814196,text_only_ridge
ds-remote-coop,40,Saudi Power Procurement Company (SPPC) – Future Power (Business Admin COOP),Future Power – Business Administration COOP Training Program,40.0,42.94029315126025,text_only_ridge
ds-remote-coop,41,Bank Albilad,Cooperative and Summer Training Program,40.0,44.50068557036642,text_only_ridge
ds-remote-coop,42,The Saudi National Bank (SNB),SNB Rowad Program,30.0,38.21431771132727,text_only_ridge
ds-remote-coop,43,National Cybersecurity Authority (NCA) – Academy,Cybersecurity training programs (academy),35.0,46.579545671825734,text_only_ridge
ds-remote-coop,44,PIF | Graduate Development Program,Graduate Development Program (GDP),34.5,47.025065284377824,text_only_ridge
ds-remote-coop,45,NEOM | GrOW (Graduates Opportunities in Work),GrOW (Graduates Opportunities in Work),36.0,42.348979918046815,text_only_ridge
ds-remote-coop,46,ROSHN | COOP Trainee Program,COOP Trainee Program,40.0,42.89437566611847,text_only_ridge
ds-remote-coop,47,Microsoft | Ru'aa Program (Riyadh),Ru'aa Program Internship (Solution Engineering),34.5,51.842612410947005,text_only_ridge
ds-remote-coop,48,Oracle | Business Development Intern (KSA market),Business Development Intern (KSA market),31.5,39.04601436093448,text_only_ridge
ds-remote-coop,49,SAP | Student Internship (Riyadh),Student Internship - Riyadh,30.0,42.71779885914027,text_only_ridge
ds-remote-coop,50,SAB (Saudi Awwal Bank) | Cooperative Training Programme (COOP),SAB Cooperative Training Programme (COOP),40.0,41.55994942553079,text_only_ridge
ds-remote-coop,51,Ministry of Finance (Saudi Arabia) | Cooperative Training Program,Cooperative Training Program,41.5,41.72612461458976,text_only_ridge
ds-remote-coop,52,Ministry of Industry and Mineral Resources | Cooperative Training,Cooperative Training Initiative,41.5,40.91399413753428,text_only_ridge
ds-remote-coop,53,King Fahd Causeway Authority | Internship Program,Internship Program,36.0,43.61397180812673,text_only_ridge
ds-remote-coop,54,Tawuniya | Tamheer Program (Fresh Graduates),Tamheer Program,37.5,48.25404430295809,text_only_ridge
ds-remote-coop,55,SAMA | SAMA Professional Program (SPP),SAMA Professional Program (SPP),31.5,37.52773901861341,text_only_ridge
ds-remote-coop,56,HRDF | Cooperative Training Product,Cooperative Training Product,41.5,39.74941946981549,text_only_ridge
ds-remote-coop,57,IBM,"Automation, Data & AI – Intern",36.0,51.90299499507715,text_only_ridge
ds-remote-coop,58,Unifonic,Internship (Unifonic),34.5,48.22988111997264,text_only_ridge
ds-remote-coop,59,Misk Foundation,Misk Traineeship / Internship Program,33.0,43.842896928632484,text_only_ridge
ds-remote-coop,60,Cisco,Cisco NetVersity (Saudi Arabia),37.5,48.03833587926395,text_only_ridge
ds-remote-coop,61,KAUST,Visiting Student Research Program (VSRP) Internship,30.0,41.242578246895,text_only_ridge
ds-remote-coop,62,General Authority for Statistics (GASTAT),Cooperative Training Program,44.5,53.92924834369293,text_only_ridge
ds-remote-coop,63,Saudi Center for Opinion Polling (SCOP),Cooperative Training Program,44.5,54.24267143629355,text_only_ridge
ds-remote-coop,64,Al Rajhi Takaful,Cooperative Training Program,40.0,48.43557306064062,text_only_ridge
ds-remote-coop,65,Expenditure & Projects Efficiency Authority (EXPRO),Future Makers (صنّاع المستقبل) – Cooperative Training,40.0,46.16562994539947,text_only_ridge
ds-remote-coop,66,Ministry of Finance (Saudi Arabia),Cooperative Training Program (Ministry of Finance),40.0,46.59327866454757,text_only_ridge
ds-remote-coop,67,General Entertainment Authority (GEA),GEA Cooperative Training Program,40.0,46.343272069418354,text_only_ridge
ds-remote-coop,68,Banque Saudi Fransi (BSF),COOP Training,40.0,48.00895659503271,text_only_ridge
ds-remote-coop,69,Arab National Bank (ANB),COOP Trainee,40.0,46.99468083573432,text_only_ridge
ds-remote-coop,70,Tamara,Builders Program,40.0,47.07260278262552,text_only_ridge
ds-remote-coop,71,OmniOps,Co‑op Training Program,55.0,53.8387252495334,text_only_ridge
ds-remote-coop,72,Tatweer Educational Technologies (TETCO),Cooperative Training Program,44.5,53.27332661556662,text_only_ridge
ds-remote-coop,73,The Saudi Investment Bank (SAIB),Cooperative Program,40.0,47.95496627638687,text_only_ridge
ds-remote-coop,74,Saudi Awwal Bank (SAB),COOP Program,40.0,47.19772504257105,text_only_ridge
ds-remote-coop,75,Riyad Bank,Internships and Coop Trainings (CSR 2019),40.0,47.64462684713909,text_only_ridge
ds-remote-coop,76,Tabby,Intern DevOps Engineer,39.5,51.08117968851696,text_only_ridge
ds-remote-coop,77,Tabby,Intern Backend (GO) Engineer,39.5,56.54090462307422,text_only_ridge
ds-remote-coop,78,Tabby,Intern Frontend Engineer,34.5,51.8842763758191,text_only_ridge
ds-remote-coop,79,Tabby,Intern Data Engineer,41.17,62.36375292453751,text_only_ridge
ds-remote-coop,80,Tabby,No-Code / AI Agents Engineering Intern,34.5,51.64283120095269,text_only_ridge
ds-remote-coop,81,Bank Albilad,Cooperative Training Program,40.0,45.84307734936971,text_only_ridge
ds-remote-coop,82,Saudi Ground Services (SGS),COOP Program,40.0,42.23904263358056,text_only_ridge
ds-remote-coop,83,CEER,Cooperative Training Program (COOP),40.0,44.857393755393154,text_only_ridge
ds-remote-coop,84,Al Rajhi Takaful,Coop Training Program,40.0,47.78492181819973,text_only_ridge
ds-remote-coop,85,TAWAL,COOP Training Program,44.5,52.94326087459199,text_only_ridge
ds-remote-coop,86,Wakeb_Data,COOP Training,44.5,53.19698408305422,text_only_ridge
ds-remote-coop,87,Banque Saudi Fransi (BSF),Coop Training Program,40.0,47.69946324145493,text_only_ridge
ds-remote-coop,88,Tech Economy,COOP Training Program,40.0,47.727736840131236,text_only_ridge
ds-remote-coop,89,SAMI Advanced Electronics (SAMI-AEC),Coop Trainee,40.0,48.804791284807024,text_only_ridge
ds-remote-coop,90,NHC,COOP Trainee,40.0,45.36038466690768,text_only_ridge
ds-remote-coop,91,REMAT ADVANCED,Cooperative Training Program,44.5,52.39949544951477,text_only_ridge
ds-remote-coop,92,SDM,AI COOP,51.17,59.14046339674073,text_only_ridge
ds-remote-coop,93,HUED,HUED COOP Program 2026,44.5,53.616532273542724,text_only_ridge
ds-remote-coop,94,Araamis • أرامس,Araamis COOP Program 2026,44.5,53.18859582031885,text_only_ridge
ds-remote-coop,95,ARDARA,COOP Training for Students,40.0,45.747604466507205,text_only_ridge
ds-remote-coop,96,flynas,COOP Trainee / Internship Program,44.5,49.5059475148591,text_only_ridge
ds-remote-coop,97,Saudi Motorsport Company (SMC),COOP Trainee (IT Asset Project Management),44.5,48.48512372702013,text_only_ridge
ds-remote-coop,98,Saudi Motorsport Company (SMC),COOP Trainee (Supply Chain Excellence Associate),44.5,49.966922034489954,text_only_ridge
ds-remote-coop,99,Mobily,Cooperative Training Program,40.0,47.96528864581835,text_only_ridge
ds-remote-coop,100,Saudi Awwal Bank (SAB),Student Opportunities: Cooperative / Practical Training,40.0,47.84668118250556,text_only_ridge
ds-remote-coop,101,Alvarez & Marsal,COOP Training Program,40.0,47.4281539845992,text_only_ridge
ds-remote-coop,102,Visa,COOP Trainee (Jan 2026),40.0,47.86338749986612,text_only_ridge
ds-remote-coop,103,Zain KSA,Evolve Program (Fresh Graduates),30.0,42.01118324566936,text_only_ridge
ds-remote-coop,104,Zain KSA,Zain Pioneers Program,34.5,47.25497970699837,text_only_ridge
ds-remote-coop,105,Savvy Games Group,Cooperative Training Program (Co-op),40.0,48.51448948175779,text_only_ridge
ds-remote-coop,106,Bank AlJazira,Tamheer Program,30.0,40.730065461845655,text_only_ridge
ds-remote-coop,107,sirar by stc,Cooperative Training Program,44.5,54.93195022384497,text_only_ridge
ds-remote-coop,108,Gathern,Co-op Program,55.0,54.346694106608815,text_only_ridge
ds-remote-coop,109,Elm Company (شركة علم),Coop Training - Computer Science (Jan/Mar/Jun/Aug 2025 Intake),44.5,52.00138072721695,text_only_ridge
ds-remote-coop,110,Elm Company (شركة علم),Co-Op Training - Information Technology (Jun & Aug 2025 Intake),44.5,51.749772060236786,text_only_ridge
ds-remote-coop,111,EJADA,COOP Administration & Support Engineer,40.0,48.24419043437948,text_only_ridge
ds-remote-coop,112,Emdad By Elm,Network Cooperative Training (Network Intern),44.5,50.0132193597908,text_only_ridge
ds-remote-coop,113,AILA,Co-op Training Programme,49.5,50.16757931494601,text_only_ridge
ds-remote-coop,114,Foodics,Foodics 360 Internship Program,34.5,50.06265168191983,text_only_ridge
ds-remote-coop,115,Salla,برنامج التدريب التعاوني (Coop Training) – Salla,44.5,46.62998261682565,text_only_ridge
ds-remote-coop,116,Lucidya,Technical Internship or Coop – Lucidya,44.5,50.69048994481975,text_only_ridge
ds-remote-coop,117,Diriyah Company,Diriyah Co-op Training Program,40.0,47.461330518922495,text_only_ridge
ds-remote-coop,118,Riyadh Air,Co-op – Riyadh Air,40.0,47.407790153411206,text_only_ridge
ds-remote-coop,119,Jahez Group,Jahez Internship Program (as described in Sustainability Report),30.0,46.330256703749264,text_only_ridge
ds-remote-coop,120,Lumi | لومي,COOP Intern 2025 – Lumi,40.0,46.50380887923934,text_only_ridge
ds-remote-coop,121,webook.com,COOP Trainee Opportunities – webook.com,40.0,46.443608100080404,text_only_ridge
ds-remote-coop,122,moneymoon,Tech & AI Co-op Program 2025,51.17,59.61942086613701,text_only_ridge
ds-remote-coop,123,EjadTech - إيجاد التقنية,"Summer Internship Program 2025 (Computer, Data, and AI Majors)",53.17,56.981985473620114,text_only_ridge
ds-remote-coop,124,InnovationTeam,Java Microservices Internship Programme (Saudi Nationals),36.0,56.23323991408035,text_only_ridge
ds-remote-coop,125,Tamkeen Technologies,On the Job Training (Internship Program) — Technology field,34.5,50.219165910484584,text_only_ridge
ds-remote-coop,126,Trendyol Group,Trendyol Tech Talent - Bootcamp & COOP Internship Program (Saudi Students Only),46.0,47.90052468574214,text_only_ridge
ds-remote-coop,127,Ninja نينجا,COOP Training Program,46.0,45.69613452432266,text_only_ridge
ds-remote-coop,128,SCAI | سكاي,CO-OP Training Opportunities (Intern),51.17,61.83389267974662,text_only_ridge
ds-remote-coop,129,WalaPlus,Coop & Tamheer Opportunities,44.5,48.67729071744856,text_only_ridge
ds-remote-coop,130,Aon,IT Co-op Trainee 2026,44.5,48.85549526604946,text_only_ridge
ds-remote-coop,131,Hewlett Packard Enterprise (HPE),College Intern (Coop),44.5,48.493976289679466,text_only_ridge
ds-remote-coop,132,Signify,KSA Coop Internship Program,44.5,47.708932610987674,text_only_ridge
ds-remote-coop,133,Help AG (e& enterprise),Cybersecurity Intern,30.0,46.749341389075205,text_only_ridge
ds-remote-coop,134,TrendAI (Trend Micro),CyberGATE Internship Program,34.5,50.447177695931295,text_only_ridge
ds-remote-coop,135,Golf Saudi,IT Co-op Trainee,44.5,48.7536208928653,text_only_ridge
ds-remote-coop,136,Siemens Healthineers,Healthineers Early Talent Program – IT (Riyadh),34.5,48.4398444355978,text_only_ridge
ds-remote-coop,137,1957 Ventures,Internship / Co-Op Program,44.5,49.524984856978946,text_only_ridge
ds-remote-coop,138,Nokia,Graduate Trainee (Saudi Arabia) – Fledgers Program,41.17,51.70591576014384,text_only_ridge
ds-remote-coop,139,Ericsson,Summer Interns (Ericsson Saudi),34.5,45.128825723337904,text_only_ridge
ds-remote-coop,140,Bosch Middle East,Software Development Intern (AI/Cloud),51.67,60.504950894431374,text_only_ridge
ds-remote-coop,141,Saudi Payments | المدفوعات السعودية,COOP Training – August 2024,44.5,50.948308089953464,text_only_ridge
ds-remote-coop,142,Saudi Tadawul Group | تداول,Cooperative Training Program (COOP),44.5,53.07309471814208,text_only_ridge
ds-remote-coop,143,Lean Technologies,Software Engineering Intern – KSA,41.17,60.62995745801006,text_only_ridge
ds-remote-coop,144,Mirai (Scopely) | مِراي,AI Engineering Intern (GenAI),41.17,58.30676704558581,text_only_ridge
ds-remote-coop,145,HungerStation | هنقرستيشن,"Co-OP Trainee, Data Analysis – Info Sec",51.17,62.59476729555472,text_only_ridge
ds-remote-coop,146,NCGR | المركز الوطني لنظم الموارد الحكومية,Coop Training Program,44.5,50.41056367004272,text_only_ridge
ds-remote-coop,147,nybl,nybl Graduate Programme – Saudi Nationals (AI Bootcamp),30.0,40.11040032576912,text_only_ridge
ds-remote-coop,148,Procter & Gamble (P&G),P&G LEADgen Internship Program 2026 (Riyadh),34.5,45.71838566022713,text_only_ridge
ds-remote-coop,149,New Murabba | المربع الجديد,New Murabba Co-op Training Program,44.5,51.11916542458446,text_only_ridge
ds-remote-coop,150,Boeing Saudi Arabia Limited,Intern - Info Technology & Data Analytics (Riyadh),34.5,52.714371648004786,text_only_ridge
ds-remote-coop,151,Motorola Solutions,Deployment Engineer Intern (KSA National - Tamheer Program),34.5,49.89187797847788,text_only_ridge
ds-remote-coop,152,Schneider Electric,Co-op Intern (Engineering) - Al Khobar (Jan–Aug 2026),44.5,48.28256048788381,text_only_ridge
ds-remote-coop,153,Lockheed Martin,Tamheer Space Internship (Riyadh),34.5,46.204767726993346,text_only_ridge
ds-remote-coop,154,Markaba | مركبة,Start-up Software Intern – TAMHEER (Saudi nationals only),36.0,46.433248638795305,text_only_ridge
ds-remote-coop,155,Laverne Group | مجموعة لافيرن,Data Analyst / Data Engineer Intern (IT Department),34.5,58.76891219157059,text_only_ridge
ds-remote-coop,156,Meel | ميل,"Software Developer Internship (Remote, min 2 months)",39.5,50.83007234851628,text_only_ridge
ds-remote-coop,157,Nahdi Medical Co.,IT Internship / COOP Program (6 months),44.5,49.83633721513767,text_only_ridge
ds-remote-coop,158,SMART Technology Solutions | سمارت لحلول التقنية,R&D Intern (Riyadh),34.5,51.129040402825936,text_only_ridge
ds-remote-coop,159,Knodemy Inc.,AI Developer & Tech Trainer Intern - Riyadh,41.17,60.274749641731916,text_only_ridge
ds-remote-coop,160,Water Transmission Company | شركة نقل المياه,Tamheer Internship Program (HRIS / Engineering & PM - Riyadh),34.5,48.55495295586104,text_only_ridge
ds-remote-coop,161,AFNOYS,"AI Automation Intern - KSA (Remote, 4 weeks)",39.5,47.623348532419556,text_only_ridge
ds-remote-coop,162,SAS,CareerStart@SAS 2026 - Presales Customer Intelligence Intern (Riyadh),38.0,49.44060425416364,text_only_ridge
ds-remote-coop,163,Devoteam,Trainee - Future Leaders Program (Co-op/Fresh Graduate),46.0,52.73981712384762,text_only_ridge
ds-remote-coop,164,ضالتي Dhallaty,Tech Intern: Fresh Grad or Student,38.0,48.97592151422993,text_only_ridge
ds-remote-coop,165,Innovative Solutions SA,Presales - Tamheer,31.5,41.735995966153084,text_only_ridge
ds-remote-coop,166,HUMAIN,Tamheer Program (Software Engineer / Cybersecurity / MIS),36.0,44.626009844148825,text_only_ridge
ds-remote-coop,167,TAM | تام,"Tamheer Opportunity, Advisory",31.5,20.991003227333884,text_only_ridge
ds-remote-coop,168,هيئة التأمين | Insurance Authority,Tamheer Opportunity - Specialist of Information Security,31.5,40.388708279171304,text_only_ridge
ds-remote-coop,169,Snbla | سنبله,Paid Internship Program (FinTech),38.0,48.26681634521127,text_only_ridge
ds-remote-coop,170,2P Perfect Presentation,Data Analyst (Tamheer),36.0,40.945172163176636,text_only_ridge
ds-remote-coop,171,Infosys,Summer Intern (Infosys InStep ’26 – Bangalore),28.0,40.27090052934611,text_only_ridge
ds-remote-coop,172,شركة الخدمات المدارة | Managed Services Company,Intern Cybersecurity Engineer,36.0,48.58067715715578,text_only_ridge
ds-remote-coop,173,Abunayyan Holding,Data Analyst (Tamheer),36.0,40.582244201111806,text_only_ridge
ds-gpa-ielts,1,Saudi Aramco,University Internship Program (UIP),33.33,43.33993871272534,text_only_ridge
ds-gpa-ielts,2,SABIC,COOP Training Program,36.33,42.16037080767767,text_only_ridge
ds-gpa-ielts,3,stc (Saudi Telecom Company),Cooperative Training Program (COOP),40.0,46.00547769182305,text_only_ridge
ds-gpa-ielts,4,Saudi National Bank (SNB),SNB Cooperative Training Program,38.33,43.50845625628227,text_only_ridge
ds-gpa-ielts,5,Al Rajhi Bank,Cooperative Training Program,35.0,42.74533279911143,text_only_ridge
ds-gpa-ielts,6,Capital Market Authority (CMA),COOP Program,40.0,43.323650949164715,text_only_ridge
ds-gpa-ielts,7,Digital Government Authority (DGA),Maidan Cooperative Training Program,40.0,45.05761045459592,text_only_ridge
ds-gpa-ielts,8,KPMG Saudi Arabia,COOP & Internship Programs,35.0,41.7317353272186,text_only_ridge
ds-gpa-ielts,9,PwC Middle East,"Deals, COOP and Summer Internship Programme (2026)",44.5,49.16707940680744,text_only_ridge
ds-gpa-ielts,10,Deloitte Middle East (KSA),Jusoor Al Sharqiyah Internship Program,44.5,45.214609635146864,text_only_ridge
ds-gpa-ielts,11,Bank Albilad,Cooperative & Summer Training Program,39.5,46.435365789757356,text_only_ridge
ds-gpa-ielts,12,Tamara,Tamara Builders Program,44.5,51.62882813188307,text_only_ridge
ds-gpa-ielts,13,Bupa Arabia,Cooperative Training Program,40.0,40.04639108761822,text_only_ridge
ds-gpa-ielts,14,Saudi Exports (Saudi Export Development Authority),COOP & Summer Training (FAQ-confirmed),35.0,40.156357113289005,text_only_ridge
ds-gpa-ielts,15,Local Content and Government Procurement Authority (LCGPA),COOP Training (role posting),40.0,44.450789873690596,text_only_ridge
ds-gpa-ielts,16,McKinsey & Company (Maqdira),Maqdira Fellowship Program,44.5,47.81005338826768,text_only_ridge
ds-gpa-ielts,17,Boston Consulting Group (BCG),Visiting Associate Internship (Riyadh),40.0,44.955576137220675,text_only_ridge
ds-gpa-ielts,18,Bain & Company,COOP Training Program (Riyadh),40.0,42.7847728106813,text_only_ridge
ds-gpa-ielts,19,Amazon Web Services (AWS),IT/Computer Hardware Internship (Intern-to-FTE Pathway),54.5,49.95202664527457,text_only_ridge
ds-gpa-ielts,20,Amazon Web Services (AWS) - Associate Solutions Architect Intern,Associate Solutions Architect Intern (2026),54.5,49.81226843658872,text_only_ridge
ds-gpa-ielts,21,Google (Saudi Arabia),Google Careers (Saudi location filter),43.0,44.99765190326056,text_only_ridge
ds-gpa-ielts,22,BlackRock,Client & Product Summer Internship Programme (EMEA) - includes Riyadh,62.33,49.87158818005187,text_only_ridge
ds-gpa-ielts,23,noon,Student Internship,50.0,41.17399176021049,text_only_ridge
ds-gpa-ielts,24,MOZN,Data Science Intern,65.67,57.84497845781067,text_only_ridge
ds-gpa-ielts,25,Elm,Elm Co-op Training Program (March 2026 Intake),40.0,43.91396946346229,text_only_ridge
ds-gpa-ielts,26,Yasref,Yasref Cooperative Training Program,37.5,46.58466853715494,text_only_ridge
ds-gpa-ielts,27,"Saudi Standards, Metrology and Quality Organization (SASO)",Cooperative Training (Collaborative Training),44.5,47.35125150039536,text_only_ridge
ds-gpa-ielts,28,"Zakat, Tax and Customs Authority (ZATCA)",Binaa-Alkafaat Program,35.0,37.08267791784405,text_only_ridge
ds-gpa-ielts,29,Human Resources Development Fund (HRDF) – Cooperative Training Product,Cooperative Training (HRDF product),10.5,12.846059396159255,text_only_ridge
ds-gpa-ielts,30,EXPRO,COOP Training (Future Makers Program),40.0,41.214961370375306,text_only_ridge
ds-gpa-ielts,31,Ministry of Industry and Mineral Resources (MIM) – Cooperative Training Initiative,Cooperative Training Initiative,10.5,13.240191549592318,text_only_ridge
ds-gpa-ielts,32,TBC (The Beauty Company),Cooperative Training Program,35.0,38.03108728726318,text_only_ridge
ds-gpa-ielts,33,National Center for Vegetation Cover Development & Combating Desertification (NCVC),COOP Training Program,40.0,41.32977389047305,text_only_ridge
ds-gpa-ielts,34,Saudi Power Procurement Company (SPPC),Future Power – COOP Training Program,40.0,42.27367277930189,text_only_ridge
ds-gpa-ielts,35,TBC (Tatweer Building Company),Cooperative Training Program,40.0,43.97274435864442,text_only_ridge
ds-gpa-ielts,36,PwC Middle East (Assurance COOP & Summer Internship Programme 2026),"Assurance, COOP and Summer Internship Programme 2026 – Middle East",44.5,50.15560694131333,text_only_ridge
ds-gpa-ielts,37,KAPSARC,Intern (Coop- Trainee),52.33,51.11220677117147,text_only_ridge
ds-gpa-ielts,38,BSF (Banque Saudi Fransi),COOP / Internship,33.33,42.355387753083356,text_only_ridge
ds-gpa-ielts,39,Saudi Food & Drug Authority (SFDA),COOP training (First semester 2025-2026 intake),35.0,51.49528870136801,text_only_ridge
ds-gpa-ielts,40,Saudi Power Procurement Company (SPPC) – Future Power (Business Admin COOP),Future Power – Business Administration COOP Training Program,43.33,43.66214070797259,text_only_ridge
ds-gpa-ielts,41,Bank Albilad,Cooperative and Summer Training Program,43.33,46.22084985444288,text_only_ridge
ds-gpa-ielts,42,The Saudi National Bank (SNB),SNB Rowad Program,40.0,38.74167946355152,text_only_ridge
ds-gpa-ielts,43,National Cybersecurity Authority (NCA) – Academy,Cybersecurity training programs (academy),45.0,47.00865126869391,text_only_ridge
ds-gpa-ielts,44,PIF | Graduate Development Program,Graduate Development Program (GDP),55.67,47.53992275291982,text_only_ridge
ds-gpa-ielts,45,NEOM | GrOW (Graduates Opportunities in Work),GrOW (Graduates Opportunities in Work),39.33,42.633934186456045,text_only_ridge
ds-gpa-ielts,46,ROSHN | COOP Trainee Program,COOP Trainee Program,43.33,43.39566703480491,text_only_ridge
ds-gpa-ielts,47,Microsoft | Ru'aa Program (Riyadh),Ru'aa Program Internship (Solution Engineering),54.5,51.942011098435366,text_only_ridge
ds-gpa-ielts,48,Oracle | Business Development Intern (KSA market),Business Development Intern (KSA market),41.5,39.349862147643904,text_only_ridge
ds-gpa-ielts,49,SAP | Student Internship (Riyadh),Student Internship - Riyadh,50.0,43.41840263916835,text_only_ridge
ds-gpa-ielts,50,SAB (Saudi Awwal Bank) | Cooperative Training Programme (COOP),SAB Cooperative Training Programme (COOP),40.0,41.88279433610194,text_only_ridge
ds-gpa-ielts,51,Ministry of Finance (Saudi Arabia) | Cooperative Training Program,Cooperative Training Program,39.83,42.238160031817365,text_only_ridge
ds-gpa-ielts,52,Ministry of Industry and Mineral Resources | Cooperative Training,Cooperative Training Initiative,31.5,41.31415372235848,text_only_ridge
ds-gpa-ielts,53,King Fahd Causeway Authority | Internship Program,Internship Program,49.33,44.25052960599193,text_only_ridge
ds-gpa-ielts,54,Tawuniya | Tamheer Program (Fresh Graduates),Tamheer Program,50.83,48.56578764417024,text_only_ridge
ds-gpa-ielts,55,SAMA | SAMA Professional Program (SPP),SAMA Professional Program (SPP),36.5,37.87016942631621,text_only_ridge
ds-gpa-ielts,56,HRDF | Cooperative Training Product,Cooperative Training Product,31.5,40.15032013889089,text_only_ridge
ds-gpa-ielts,57,IBM,"Automation, Data & AI – Intern",51.0,52.08220937614478,text_only_ridge
ds-gpa-ielts,58,Unifonic,Internship (Unifonic),54.5,48.80593812611099,text_only_ridge
ds-gpa-ielts,59,Misk Foundation,Misk Traineeship / Internship Program,46.33,44.29499707316915,text_only_ridge
ds-gpa-ielts,60,Cisco,Cisco NetVersity (Saudi Arabia),45.83,48.40461593282198,text_only_ridge
ds-gpa-ielts,61,KAUST,Visiting Student Research Program (VSRP) Internship,43.33,41.548180468164006,text_only_ridge
ds-gpa-ielts,62,General Authority for Statistics (GASTAT),Cooperative Training Program,52.33,54.12913999761379,text_only_ridge
ds-gpa-ielts,63,Saudi Center for Opinion Polling (SCOP),Cooperative Training Program,52.33,55.030105749277745,text_only_ridge
ds-gpa-ielts,64,Al Rajhi Takaful,Cooperative Training Program,43.33,49.923924494830416,text_only_ridge
ds-gpa-ielts,65,Expenditure & Projects Efficiency Authority (EXPRO),Future Makers (صنّاع المستقبل) – Cooperative Training,40.0,46.49128813545583,text_only_ridge
ds-gpa-ielts,66,Ministry of Finance (Saudi Arabia),Cooperative Training Program (Ministry of Finance),43.33,46.855832498875046,text_only_ridge
ds-gpa-ielts,67,General Entertainment Authority (GEA),GEA Cooperative Training Program,40.0,46.66192994464423,text_only_ridge
ds-gpa-ielts,68,Banque Saudi Fransi (BSF),COOP Training,43.33,48.334492063618214,text_only_ridge
ds-gpa-ielts,69,Arab National Bank (ANB),COOP Trainee,40.0,47.37180257459761,text_only_ridge
ds-gpa-ielts,70,Tamara,Builders Program,40.0,47.5329930986597,text_only_ridge
ds-gpa-ielts,71,OmniOps,Co‑op Training Program,49.0,54.117527783811624,text_only_ridge
ds-gpa-ielts,72,Tatweer Educational Technologies (TETCO),Cooperative Training Program,47.83,53.581656303055645,text_only_ridge
ds-gpa-ielts,73,The Saudi Investment Bank (SAIB),Cooperative Program,40.0,48.24560459074243,text_only_ridge
ds-gpa-ielts,74,Saudi Awwal Bank (SAB),COOP Program,40.0,48.31716164837168,text_only_ridge
ds-gpa-ielts,75,Riyad Bank,Internships and Coop Trainings (CSR 2019),40.0,47.99761260558162,text_only_ridge
ds-gpa-ielts,76,Tabby,Intern DevOps Engineer,49.5,51.685493096398005,text_only_ridge
ds-gpa-ielts,77,Tabby,Intern Backend (GO) Engineer,52.83,57.01485926380591,text_only_ridge
ds-gpa-ielts,78,Tabby,Intern Frontend Engineer,54.5,52.59005479737941,text_only_ridge
ds-gpa-ielts,79,Tabby,Intern Data Engineer,65.67,62.677571769479,text_only_ridge
ds-gpa-ielts,80,Tabby,No-Code / AI Agents Engineering Intern,54.5,52.2317716430462,text_only_ridge
ds-gpa-ielts,81,Bank Albilad,Cooperative Training Program,38.33,47.347821713424196,text_only_ridge
ds-gpa-ielts,82,Saudi Ground Services (SGS),COOP Program,33.33,43.32785460226701,text_only_ridge
ds-gpa-ielts,83,CEER,Cooperative Training Program (COOP),43.33,45.38820248598145,text_only_ridge
ds-gpa-ielts,84,Al Rajhi Takaful,Coop Training Program,43.33,49.33906512461165,text_only_ridge
ds-gpa-ielts,85,TAWAL,COOP Training Program,47.83,53.20879956130451,text_only_ridge
ds-gpa-ielts,86,Wakeb_Data,COOP Training,47.83,53.372573323545524,text_only_ridge
ds-gpa-ielts,87,Banque Saudi Fransi (BSF),Coop Training Program,43.33,48.08284521873786,text_only_ridge
ds-gpa-ielts,88,Tech Economy,COOP Training Program,40.0,48.05466297324298,text_only_ridge
ds-gpa-ielts,89,SAMI Advanced Electronics (SAMI-AEC),Coop Trainee,43.33,49.085359848613976,text_only_ridge
ds-gpa-ielts,90,NHC,COOP Trainee,38.33,45.98698787761488,text_only_ridge
ds-gpa-ielts,91,REMAT ADVANCED,Cooperative Training Program,47.83,52.65050728335475,text_only_ridge
ds-gpa-ielts,92,SDM,AI COOP,47.83,59.253238865512444,text_only_ridge
ds-gpa-ielts,93,HUED,HUED COOP Program 2026,47.83,53.78884843982466,text_only_ridge
ds-gpa-ielts,94,Araamis • أرامس,Araamis COOP Program 2026,52.33,53.322830694627655,text_only_ridge
ds-gpa-ielts,95,ARDARA,COOP Training for Students,43.33,46.24138412704957,text_only_ridge
ds-gpa-ielts,96,flynas,COOP Trainee / Internship Program,44.5,49.83126722289801,text_only_ridge
ds-gpa-ielts,97,Saudi Motorsport Company (SMC),COOP Trainee (IT Asset Project Management),34.5,49.05253585568075,text_only_ridge
ds-gpa-ielts,98,Saudi Motorsport Company (SMC),COOP Trainee (Supply Chain Excellence Associate),39.0,50.4727485830623,text_only_ridge
ds-gpa-ielts,99,Mobily,Cooperative Training Program,40.0,48.29587601187915,text_only_ridge
ds-gpa-ielts,100,Saudi Awwal Bank (SAB),Student Opportunities: Cooperative / Practical Training,40.0,48.815985561841615,text_only_ridge
ds-gpa-ielts,101,Alvarez & Marsal,COOP Training Program,43.33,47.881326762755,text_only_ridge
ds-gpa-ielts,102,Visa,COOP Trainee (Jan 2026),40.0,48.115054117353864,text_only_ridge
ds-gpa-ielts,103,Zain KSA,Evolve Program (Fresh Graduates),40.0,42.521934129197106,text_only_ridge
ds-gpa-ielts,104,Zain KSA,Zain Pioneers Program,44.5,47.52314161938278,text_only_ridge
ds-gpa-ielts,105,Savvy Games Group,Cooperative Training Program (Co-op),40.0,48.781906883280655,text_only_ridge
ds-gpa-ielts,106,Bank AlJazira,Tamheer Program,40.0,41.932136887603114,text_only_ridge
ds-gpa-ielts,107,sirar by stc,Cooperative Training Program,44.5,55.08263754064965,text_only_ridge
ds-gpa-ielts,108,Gathern,Co-op Program,49.0,54.485150621416715,text_only_ridge
ds-gpa-ielts,109,Elm Company (شركة علم),Coop Training - Computer Science (Jan/Mar/Jun/Aug 2025 Intake),47.83,51.669494141982234,text_only_ridge
ds-gpa-ielts,110,Elm Company (شركة علم),Co-Op Training - Information Technology (Jun & Aug 2025 Intake),47.83,51.40323422175122,text_only_ridge
ds-gpa-ielts,111,EJADA,COOP Administration & Support Engineer,40.0,48.44213252495272,text_only_ridge
ds-gpa-ielts,112,Emdad By Elm,Network Cooperative Training (Network Intern),34.5,50.1630009311258,text_only_ridge
ds-gpa-ielts,113,AILA,Co-op Training Programme,39.5,50.34979996432087,text_only_ridge
ds-gpa-ielts,114,Foodics,Foodics 360 Internship Program,54.5,50.29265962190706,text_only_ridge
ds-gpa-ielts,115,Salla,برنامج التدريب التعاوني (Coop Training) – Salla,34.5,46.7713963040645,text_only_ridge
ds-gpa-ielts,116,Lucidya,Technical Internship or Coop – Lucidya,34.5,50.7623419968063,text_only_ridge
ds-gpa-ielts,117,Diriyah Company,Diriyah Co-op Training Program,43.33,47.687957361885324,text_only_ridge
ds-gpa-ielts,118,Riyadh Air,Co-op – Riyadh Air,43.33,47.68957269156381,text_only_ridge
ds-gpa-ielts,119,Jahez Group,Jahez Internship Program (as described in Sustainability Report),50.0,46.663135985720885,text_only_ridge
ds-gpa-ielts,120,Lumi | لومي,COOP Intern 2025 – Lumi,43.33,46.84069427796462,text_only_ridge
ds-gpa-ielts,121,webook.com,COOP Trainee Opportunities – webook.com,40.0,46.73879981173535,text_only_ridge
ds-gpa-ielts,122,moneymoon,Tech & AI Co-op Program 2025,47.83,59.68390025078951,text_only_ridge
ds-gpa-ielts,123,EjadTech - إيجاد التقنية,"Summer Internship Program 2025 (Computer, Data, and AI Majors)",58.83,57.05836944716944,text_only_ridge
ds-gpa-ielts,124,InnovationTeam,Java Microservices Internship Programme (Saudi Nationals),54.33,56.311526968690714,text_only_ridge
ds-gpa-ielts,125,Tamkeen Technologies,On the Job Training (Internship Program) — Technology field,54.5,50.554399094484054,text_only_ridge
ds-gpa-ielts,126,Trendyol Group,Trendyol Tech Talent - Bootcamp & COOP Internship Program (Saudi Students Only),41.0,48.070553659520634,text_only_ridge
ds-gpa-ielts,127,Ninja نينجا,COOP Training Program,41.0,45.79595476690646,text_only_ridge
ds-gpa-ielts,128,SCAI | سكاي,CO-OP Training Opportunities (Intern),51.17,61.895326524979005,text_only_ridge
ds-gpa-ielts,129,WalaPlus,Coop & Tamheer Opportunities,44.5,48.94733463032914,text_only_ridge
ds-gpa-ielts,130,Aon,IT Co-op Trainee 2026,44.5,49.065613717328404,text_only_ridge
ds-gpa-ielts,131,Hewlett Packard Enterprise (HPE),College Intern (Coop),44.5,48.64576490913922,text_only_ridge
ds-gpa-ielts,132,Signify,KSA Coop Internship Program,44.5,48.03534887390819,text_only_ridge
ds-gpa-ielts,133,Help AG (e& enterprise),Cybersecurity Intern,50.0,46.97180700037793,text_only_ridge
ds-gpa-ielts,134,TrendAI (Trend Micro),CyberGATE Internship Program,54.5,50.667226472351985,text_only_ridge
ds-gpa-ielts,135,Golf Saudi,IT Co-op Trainee,44.5,48.96674895413955,text_only_ridge
ds-gpa-ielts,136,Siemens Healthineers,Healthineers Early Talent Program – IT (Riyadh),54.5,48.67452544864964,text_only_ridge
ds-gpa-ielts,137,1957 Ventures,Internship / Co-Op Program,47.83,49.89926103663374,text_only_ridge
ds-gpa-ielts,138,Nokia,Graduate Trainee (Saudi Arabia) – Fledgers Program,52.33,51.80394824340681,text_only_ridge
ds-gpa-ielts,139,Ericsson,Summer Interns (Ericsson Saudi),54.5,45.435903708035205,text_only_ridge
ds-gpa-ielts,140,Bosch Middle East,Software Development Intern (AI/Cloud),62.33,60.54857596218132,text_only_ridge
ds-gpa-ielts,141,Saudi Payments | المدفوعات السعودية,COOP Training – August 2024,52.33,51.590526953664465,text_only_ridge
ds-gpa-ielts,142,Saudi Tadawul Group | تداول,Cooperative Training Program (COOP),47.83,53.72296117238161,text_only_ridge
ds-gpa-ielts,143,Lean Technologies,Software Engineering Intern – KSA,61.17,60.67149583334014,text_only_ridge
ds-gpa-ielts,144,Mirai (Scopely) | مِراي,AI Engineering Intern (GenAI),57.83,58.394563064348574,text_only_ridge
ds-gpa-ielts,145,HungerStation | هنقرستيشن,"Co-OP Trainee, Data Analysis – Info Sec",55.67,62.67016342719583,text_only_ridge
ds-gpa-ielts,146,NCGR | المركز الوطني لنظم الموارد الحكومية,Coop Training Program,47.83,50.6651534748926,text_only_ridge
ds-gpa-ielts,147,nybl,nybl Graduate Programme – Saudi Nationals (AI Bootcamp),40.0,40.23249714965647,text_only_ridge
ds-gpa-ielts,148,Procter & Gamble (P&G),P&G LEADgen Internship Program 2026 (Riyadh),54.5,46.03642204582567,text_only_ridge
ds-gpa-ielts,149,New Murabba | المربع الجديد,New Murabba Co-op Training Program,47.83,51.28569016029434,text_only_ridge
ds-gpa-ielts,150,Boeing Saudi Arabia Limited,Intern - Info Technology & Data Analytics (Riyadh),59.0,52.869796154457035,text_only_ridge
ds-gpa-ielts,151,Motorola Solutions,Deployment Engineer Intern (KSA National - Tamheer Program),44.5,50.099942061894325,text_only_ridge
ds-gpa-ielts,152,Schneider Electric,Co-op Intern (Engineering) - Al Khobar (Jan–Aug 2026),34.5,48.503753685231324,text_only_ridge
ds-gpa-ielts,153,Lockheed Martin,Tamheer Space Internship (Riyadh),44.5,46.62685022152866,text_only_ridge
ds-gpa-ielts,154,Markaba | مركبة,Start-up Software Intern – TAMHEER (Saudi nationals only),41.0,46.64833564300529,text_only_ridge
ds-gpa-ielts,155,Laverne Group | مجموعة لافيرن,Data Analyst / Data Engineer Intern (IT Department),68.33,58.829889422154054,text_only_ridge
ds-gpa-ielts,156,Meel | ميل,"Software Developer Internship (Remote, min 2 months)",44.5,50.95622192508179,text_only_ridge
ds-gpa-ielts,157,Nahdi Medical Co.,IT Internship / COOP Program (6 months),39.5,50.06940619894691,text_only_ridge
ds-gpa-ielts,158,SMART Technology Solutions | سمارت لحلول التقنية,R&D Intern (Riyadh),54.5,51.430113736047765,text_only_ridge
ds-gpa-ielts,159,Knodemy Inc.,AI Developer & Tech Trainer Intern - Riyadh,57.83,60.323679849152775,text_only_ridge
ds-gpa-ielts,160,Water Transmission Company | شركة نقل المياه,Tamheer Internship Program (HRIS / Engineering & PM - Riyadh),44.5,48.73985708197919,text_only_ridge
ds-gpa-ielts,161,AFNOYS,"AI Automation Intern - KSA (Remote, 4 weeks)",44.5,47.667377479658995,text_only_ridge
ds-gpa-ielts,162,SAS,CareerStart@SAS 2026 - Presales Customer Intelligence Intern (Riyadh),57.5,49.621890629072965,text_only_ridge
ds-gpa-ielts,163,Devoteam,Trainee - Future Leaders Program (Co-op/Fresh Graduate),44.33,52.93108107146568,text_only_ridge
ds-gpa-ielts,164,ضالتي Dhallaty,Tech Intern: Fresh Grad or Student,53.0,49.1803320539498,text_only_ridge
ds-gpa-ielts,165,Innovative Solutions SA,Presales - Tamheer,36.5,42.06548021674315,text_only_ridge
ds-gpa-ielts,166,HUMAIN,Tamheer Program (Software Engineer / Cybersecurity / MIS),41.0,45.033874562243405,text_only_ridge
ds-gpa-ielts,167,TAM | تام,"Tamheer Opportunity, Advisory",36.5,21.714130331454676,text_only_ridge
ds-gpa-ielts,168,هيئة التأمين | Insurance Authority,Tamheer Opportunity - Specialist of Information Security,36.5,40.64148212882453,text_only_ridge
ds-gpa-ielts,169,Snbla | سنبله,Paid Internship Program (FinTech),53.0,48.485866842429495,text_only_ridge
ds-gpa-ielts,170,2P Perfect Presentation,Data Analyst (Tamheer),51.5,41.32437212927027,text_only_ridge
ds-gpa-ielts,171,Infosys,Summer Intern (Infosys InStep ’26 – Bangalore),43.0,40.70324639841472,text_only_ridge
ds-gpa-ielts,172,شركة الخدمات المدارة | Managed Services Company,Intern Cybersecurity Engineer,51.0,48.895878551221756,text_only_ridge
ds-gpa-ielts,173,Abunayyan Holding,Data Analyst (Tamheer),51.5,41.178341490048126,text_only_ridge
de-cloud-dammam,1,Saudi Aramco,University Internship Program (UIP),40.5,46.36235350652754,text_only_ridge
de-cloud-dammam,2,SABIC,COOP Training Program,36.5,47.765430179001555,text_only_ridge
de-cloud-dammam,3,stc (Saudi Telecom Company),Cooperative Training Program (COOP),33.5,51.02706418265621,text_only_ridge
de-cloud-dammam,4,Saudi National Bank (SNB),SNB Cooperative Training Program,38.5,47.08671112479989,text_only_ridge
de-cloud-dammam,5,Al Rajhi Bank,Cooperative Training Program,38.5,46.8260256442702,text_only_ridge
de-cloud-dammam,6,Capital Market Authority (CMA),COOP Program,33.5,48.86137347544885,text_only_ridge
de-cloud-dammam,7,Digital Government Authority (DGA),Maidan Cooperative Training Program,33.5,51.00328016528903,text_only_ridge
de-cloud-dammam,8,KPMG Saudi Arabia,COOP & Internship Programs,38.5,47.045906197234814,text_only_ridge
de-cloud-dammam,9,PwC Middle East,"Deals, COOP and Summer Internship Programme (2026)",38.0,52.782795864812705,text_only_ridge
de-cloud-dammam,10,Deloitte Middle East (KSA),Jusoor Al Sharqiyah Internship Program,49.5,49.259248246083516,text_only_ridge
de-cloud-dammam,11,Bank Albilad,Cooperative & Summer Training Program,47.5,50.82194428950218,text_only_ridge
de-cloud-dammam,12,Tamara,Tamara Builders Program,42.5,56.55211308773026,text_only_ridge
de-cloud-dammam,13,Bupa Arabia,Cooperative Training Program,33.5,46.205819595421076,text_only_ridge
de-cloud-dammam,14,Saudi Exports (Saudi Export Development Authority),COOP & Summer Training (FAQ-confirmed),38.5,44.49100502264509,text_only_ridge
de-cloud-dammam,15,Local Content and Government Procurement Authority (LCGPA),COOP Training (role posting),33.5,46.83917828468093,text_only_ridge
de-cloud-dammam,16,McKinsey & Company (Maqdira),Maqdira Fellowship Program,38.0,52.75665091868295,text_only_ridge
de-cloud-dammam,17,Boston Consulting Group (BCG),Visiting Associate Internship (Riyadh),33.5,49.9328536123604,text_only_ridge
de-cloud-dammam,18,Bain & Company,COOP Training Program (Riyadh),33.5,48.428708357,text_only_ridge
de-cloud-dammam,19,Amazon Web Services (AWS),IT/Computer Hardware Internship (Intern-to-FTE Pathway),42.5,53.818469959040094,text_only_ridge
de-cloud-dammam,20,Amazon Web Services (AWS) - Associate Solutions Architect Intern,Associate Solutions Architect Intern (2026),49.17,53.12957369485275,text_only_ridge
de-cloud-dammam,21,Google (Saudi Arabia),Google Careers (Saudi location filter),39.0,50.152840605739286,text_only_ridge
de-cloud-dammam,22,BlackRock,Client & Product Summer Internship Programme (EMEA) - includes Riyadh,44.67,54.03684964344696,text_only_ridge
de-cloud-dammam,23,noon,Student Internship,33.5,47.413547474255736,text_only_ridge
de-cloud-dammam,24,MOZN,Data Science Intern,51.33,63.93926488588024,text_only_ridge
de-cloud-dammam,25,Elm,Elm Co-op Training Program (March 2026 Intake),33.5,48.90098690454127,text_only_ridge
de-cloud-dammam,26,Yasref,Yasref Cooperative Training Program,45.5,51.59153430467907,text_only_ridge
de-cloud-dammam,27,"Saudi Standards, Metrology and Quality Organization (SASO)",Cooperative Training (Collaborative Training),42.5,51.78322377178434,text_only_ridge
de-cloud-dammam,28,"Zakat, Tax and Customs Authority (ZATCA)",Binaa-Alkafaat Program,33.5,41.765785733078786,text_only_ridge
de-cloud-dammam,29,Human Resources Development Fund (HRDF) – Cooperative Training Product,Cooperative Training (HRDF product),15.5,18.33599719968668,text_only_ridge
de-cloud-dammam,30,EXPRO,COOP Training (Future Makers Program),33.5,46.45618494818275,text_only_ridge
de-cloud-dammam,31,Ministry of Industry and Mineral Resources (MIM) – Cooperative Training Initiative,Cooperative Training Initiative,15.5,18.751096986071325,text_only_ridge
de-cloud-dammam,32,TBC (The Beauty Company),Cooperative Training Program,38.5,44.78301171194393,text_only_ridge
de-cloud-dammam,33,National Center for Vegetation Cover Development & Combating Desertification (NCVC),COOP Training Program,33.5,46.397281046413596,text_only_ridge
de-cloud-dammam,34,Saudi Power Procurement Company (SPPC),Future Power – COOP Training Program,33.5,45.96883857457374,text_only_ridge
de-cloud-dammam,35,TBC (Tatweer Building Company),Cooperative Training Program,33.5,49.188260812065295,text_only_ridge
de-cloud-dammam,36,PwC Middle East (Assurance COOP & Summer Internship Programme 2026),"Assurance, COOP and Summer Internship Programme 2026 – Middle East",38.0,53.23819237415227,text_only_ridge
de-cloud-dammam,37,KAPSARC,Intern (Coop- Trainee),42.5,55.721912100747886,text_only_ridge
de-cloud-dammam,38,BSF (Banque Saudi Fransi),COOP / Internship,33.5,47.140518625846525,text_only_ridge
de-cloud-dammam,39,Saudi Food & Drug Authority (SFDA),COOP training (First semester 2025-2026 intake),38.5,52.20548759352611,text_only_ridge
de-cloud-dammam,40,Saudi Power Procurement Company (SPPC) – Future Power (Business Admin COOP),Future Power – Business Administration COOP Training Program,33.5,46.461331768847025,text_only_ridge
de-cloud-dammam,41,Bank Albilad,Cooperative and Summer Training Program,33.5,50.76578285803935,text_only_ridge
de-cloud-dammam,42,The Saudi National Bank (SNB),SNB Rowad Program,28.5,43.34827086315909,text_only_ridge
de-cloud-dammam,43,National Cybersecurity Authority (NCA) – Academy,Cybersecurity training programs (academy),38.5,52.23641312479243,text_only_ridge
de-cloud-dammam,44,PIF | Graduate Development Program,Graduate Development Program (GDP),39.67,51.29847017639932,text_only_ridge
de-cloud-dammam,45,NEOM | GrOW (Graduates Opportunities in Work),GrOW (Graduates Opportunities in Work),40.5,45.95412591765586,text_only_ridge
de-cloud-dammam,46,ROSHN | COOP Trainee Program,COOP Trainee Program,33.5,48.68003958071067,text_only_ridge
de-cloud-dammam,47,Microsoft | Ru'aa Program (Riyadh),Ru'aa Program Internship (Solution Engineering),42.5,55.060686323160034,text_only_ridge
de-cloud-dammam,48,Oracle | Business Development Intern (KSA market),Business Development Intern (KSA market),36.5,42.729640709792086,text_only_ridge
de-cloud-dammam,49,SAP | Student Internship (Riyadh),Student Internship - Riyadh,33.5,47.78711373694392,text_only_ridge
de-cloud-dammam,50,SAB (Saudi Awwal Bank) | Cooperative Training Programme (COOP),SAB Cooperative Training Programme (COOP),33.5,46.65889485862708,text_only_ridge
de-cloud-dammam,51,Ministry of Finance (Saudi Arabia) | Cooperative Training Program,Cooperative Training Program,31.5,47.18106020112178,text_only_ridge
de-cloud-dammam,52,Ministry of Industry and Mineral Resources | Cooperative Training,Cooperative Training Initiative,36.5,46.30632440658986,text_only_ridge
de-cloud-dammam,53,King Fahd Causeway Authority | Internship Program,Internship Program,45.5,49.059771184179056,text_only_ridge
de-cloud-dammam,54,Tawuniya | Tamheer Program (Fresh Graduates),Tamheer Program,40.5,52.73561949215417,text_only_ridge
de-cloud-dammam,55,SAMA | SAMA Professional Program (SPP),SAMA Professional Program (SPP),26.5,41.43272606016818,text_only_ridge
de-cloud-dammam,56,HRDF | Cooperative Training Product,Cooperative Training Product,36.5,44.64781352123389,text_only_ridge
de-cloud-dammam,57,IBM,"Automation, Data & AI – Intern",40.5,55.802223286041325,text_only_ridge
de-cloud-dammam,58,Unifonic,Internship (Unifonic),38.0,54.25817448149606,text_only_ridge
de-cloud-dammam,59,Misk Foundation,Misk Traineeship / Internship Program,31.5,48.402944338415,text_only_ridge
de-cloud-dammam,60,Cisco,Cisco NetVersity (Saudi Arabia),41.0,53.03316511359938,text_only_ridge
de-cloud-dammam,61,KAUST,Visiting Student Research Program (VSRP) Internship,33.5,46.358835945965396,text_only_ridge
de-cloud-dammam,62,General Authority for Statistics (GASTAT),Cooperative Training Program,44.67,59.38817241853852,text_only_ridge
de-cloud-dammam,63,Saudi Center for Opinion Polling (SCOP),Cooperative Training Program,44.67,58.85874315231243,text_only_ridge
de-cloud-dammam,64,Al Rajhi Takaful,Cooperative Training Program,33.5,52.792809087135424,text_only_ridge
de-cloud-dammam,65,Expenditure & Projects Efficiency Authority (EXPRO),Future Makers (صنّاع المستقبل) – Cooperative Training,33.5,51.07677381534063,text_only_ridge
de-cloud-dammam,66,Ministry of Finance (Saudi Arabia),Cooperative Training Program (Ministry of Finance),33.5,51.410992394863165,text_only_ridge
de-cloud-dammam,67,General Entertainment Authority (GEA),GEA Cooperative Training Program,33.5,51.307393098560105,text_only_ridge
de-cloud-dammam,68,Banque Saudi Fransi (BSF),COOP Training,33.5,53.10983806774401,text_only_ridge
de-cloud-dammam,69,Arab National Bank (ANB),COOP Trainee,33.5,53.036661998083005,text_only_ridge
de-cloud-dammam,70,Tamara,Builders Program,33.5,53.297120467034325,text_only_ridge
de-cloud-dammam,71,OmniOps,Co‑op Training Program,42.5,59.00960648946742,text_only_ridge
de-cloud-dammam,72,Tatweer Educational Technologies (TETCO),Cooperative Training Program,42.5,59.249038950084454,text_only_ridge
de-cloud-dammam,73,The Saudi Investment Bank (SAIB),Cooperative Program,33.5,53.23887563837442,text_only_ridge
de-cloud-dammam,74,Saudi Awwal Bank (SAB),COOP Program,33.5,52.65100967146385,text_only_ridge
de-cloud-dammam,75,Riyad Bank,Internships and Coop Trainings (CSR 2019),33.5,53.2011027365388,text_only_ridge
de-cloud-dammam,76,Tabby,Intern DevOps Engineer,47.5,55.48698867869316,text_only_ridge
de-cloud-dammam,77,Tabby,Intern Backend (GO) Engineer,54.17,60.57540543904859,text_only_ridge
de-cloud-dammam,78,Tabby,Intern Frontend Engineer,42.5,56.68803716205115,text_only_ridge
de-cloud-dammam,79,Tabby,Intern Data Engineer,61.83,66.23590364439563,text_only_ridge
de-cloud-dammam,80,Tabby,No-Code / AI Agents Engineering Intern,42.5,55.74531373776985,text_only_ridge
de-cloud-dammam,81,Bank Albilad,Cooperative Training Program,38.5,51.65771145968837,text_only_ridge
de-cloud-dammam,82,Saudi Ground Services (SGS),COOP Program,33.5,47.02009557164959,text_only_ridge
de-cloud-dammam,83,CEER,Cooperative Training Program (COOP),33.5,51.08502841139129,text_only_ridge
de-cloud-dammam,84,Al Rajhi Takaful,Coop Training Program,33.5,52.77210814394511,text_only_ridge
de-cloud-dammam,85,TAWAL,COOP Training Program,42.5,58.232323107627764,text_only_ridge
de-cloud-dammam,86,Wakeb_Data,COOP Training,42.5,57.42519889124658,text_only_ridge
de-cloud-dammam,87,Banque Saudi Fransi (BSF),Coop Training Program,33.5,53.29205058221661,text_only_ridge
de-cloud-dammam,88,Tech Economy,COOP Training Program,33.5,53.20674594829917,text_only_ridge
de-cloud-dammam,89,SAMI Advanced Electronics (SAMI-AEC),Coop Trainee,33.5,53.44420160213972,text_only_ridge
de-cloud-dammam,90,NHC,COOP Trainee,38.5,52.0777729369935,text_only_ridge
de-cloud-dammam,91,REMAT ADVANCED,Cooperative Training Program,42.5,57.339562072342574,text_only_ridge
de-cloud-dammam,92,SDM,AI COOP,44.67,63.600712439762084,text_only_ridge
de-cloud-dammam,93,HUED,HUED COOP Program 2026,42.5,57.89715673743484,text_only_ridge
de-cloud-dammam,94,Araamis • أرامس,Araamis COOP Program 2026,42.5,57.11782241571132,text_only_ridge
de-cloud-dammam,95,ARDARA,COOP Training for Students,33.5,51.25208362506365,text_only_ridge
de-cloud-dammam,96,flynas,COOP Trainee / Internship Program,38.0,55.10503006522793,text_only_ridge
de-cloud-dammam,97,Saudi Motorsport Company (SMC),COOP Trainee (IT Asset Project Management),38.0,51.60317648566573,text_only_ridge
de-cloud-dammam,98,Saudi Motorsport Company (SMC),COOP Trainee (Supply Chain Excellence Associate),38.0,53.18031572536096,text_only_ridge
de-cloud-dammam,99,Mobily,Cooperative Training Program,33.5,53.225850769306426,text_only_ridge
de-cloud-dammam,100,Saudi Awwal Bank (SAB),Student Opportunities: Cooperative / Practical Training,33.5,52.63556052867143,text_only_ridge
de-cloud-dammam,101,Alvarez & Marsal,COOP Training Program,33.5,53.41074079203881,text_only_ridge
de-cloud-dammam,102,Visa,COOP Trainee (Jan 2026),33.5,51.86818703172101,text_only_ridge
de-cloud-dammam,103,Zain KSA,Evolve Program (Fresh Graduates),28.5,47.56679574824913,text_only_ridge
de-cloud-dammam,104,Zain KSA,Zain Pioneers Program,37.5,51.45026598581937,text_only_ridge
de-cloud-dammam,105,Savvy Games Group,Cooperative Training Program (Co-op),33.5,53.348147481153006,text_only_ridge
de-cloud-dammam,106,Bank AlJazira,Tamheer Program,28.5,45.276702741795226,text_only_ridge
de-cloud-dammam,107,sirar by stc,Cooperative Training Program,42.5,59.166254114816276,text_only_ridge
de-cloud-dammam,108,Gathern,Co-op Program,42.5,58.50656174369966,text_only_ridge
de-cloud-dammam,109,Elm Company (شركة علم),Coop Training - Computer Science (Jan/Mar/Jun/Aug 2025 Intake),38.0,55.63895116990843,text_only_ridge
de-cloud-dammam,110,Elm Company (شركة علم),Co-Op Training - Information Technology (Jun & Aug 2025 Intake),38.0,55.54783234664261,text_only_ridge
de-cloud-dammam,111,EJADA,COOP Administration & Support Engineer,33.5,52.64448058492258,text_only_ridge
de-cloud-dammam,112,Emdad By Elm,Network Cooperative Training (Network Intern),42.5,53.471504089618655,text_only_ridge
de-cloud-dammam,113,AILA,Co-op Training Programme,43.0,55.1538509269782,text_only_ridge
de-cloud-dammam,114,Foodics,Foodics 360 Internship Program,38.0,54.41323362537303,text_only_ridge
de-cloud-dammam,115,Salla,برنامج التدريب التعاوني (Coop Training) – Salla,38.0,49.64121530104251,text_only_ridge
de-cloud-dammam,116,Lucidya,Technical Internship or Coop – Lucidya,38.0,54.46150031362749,text_only_ridge
de-cloud-dammam,117,Diriyah Company,Diriyah Co-op Training Program,33.5,51.25747355472764,text_only_ridge
de-cloud-dammam,118,Riyadh Air,Co-op – Riyadh Air,33.5,51.337927158560895,text_only_ridge
de-cloud-dammam,119,Jahez Group,Jahez Internship Program (as described in Sustainability Report),33.5,50.5911354508409,text_only_ridge
de-cloud-dammam,120,Lumi | لومي,COOP Intern 2025 – Lumi,33.5,51.29251228575279,text_only_ridge
de-cloud-dammam,121,webook.com,COOP Trainee Opportunities – webook.com,33.5,51.327982854273216,text_only_ridge
de-cloud-dammam,122,moneymoon,Tech & AI Co-op Program 2025,49.17,62.993342099026506,text_only_ridge
de-cloud-dammam,123,EjadTech - إيجاد التقنية,"Summer Internship Program 2025 (Computer, Data, and AI Majors)",47.17,59.922198158332826,text_only_ridge
de-cloud-dammam,124,InnovationTeam,Java Microservices Internship Programme (Saudi Nationals),47.17,58.89572197483252,text_only_ridge
de-cloud-dammam,125,Tamkeen Technologies,On the Job Training (Internship Program) — Technology field,38.0,54.92617391013131,text_only_ridge
de-cloud-dammam,126,Trendyol Group,Trendyol Tech Talent - Bootcamp & COOP Internship Program (Saudi Students Only),36.0,50.9530626667785,text_only_ridge
de-cloud-dammam,127,Ninja نينجا,COOP Training Program,36.0,49.640416234641,text_only_ridge
de-cloud-dammam,128,SCAI | سكاي,CO-OP Training Opportunities (Intern),49.17,66.15677484747573,text_only_ridge
de-cloud-dammam,129,WalaPlus,Coop & Tamheer Opportunities,42.5,53.09806129844085,text_only_ridge
de-cloud-dammam,130,Aon,IT Co-op Trainee 2026,42.5,52.907807348615734,text_only_ridge
de-cloud-dammam,131,Hewlett Packard Enterprise (HPE),College Intern (Coop),42.5,52.551394738508236,text_only_ridge
de-cloud-dammam,132,Signify,KSA Coop Internship Program,42.5,52.54565856344969,text_only_ridge
de-cloud-dammam,133,Help AG (e& enterprise),Cybersecurity Intern,33.5,50.81467735124901,text_only_ridge
de-cloud-dammam,134,TrendAI (Trend Micro),CyberGATE Internship Program,42.5,54.273490202075905,text_only_ridge
de-cloud-dammam,135,Golf Saudi,IT Co-op Trainee,42.5,52.893790421025706,text_only_ridge
de-cloud-dammam,136,Siemens Healthineers,Healthineers Early Talent Program – IT (Riyadh),42.5,51.99078183712497,text_only_ridge
de-cloud-dammam,137,1957 Ventures,Internship / Co-Op Program,42.5,53.823597619183424,text_only_ridge
de-cloud-dammam,138,Nokia,Graduate Trainee (Saudi Arabia) – Fledgers Program,44.17,55.34701778938948,text_only_ridge
de-cloud-dammam,139,Ericsson,Summer Interns (Ericsson Saudi),38.0,49.284520919514264,text_only_ridge
de-cloud-dammam,140,Bosch Middle East,Software Development Intern (AI/Cloud),49.17,63.92002504983212,text_only_ridge
de-cloud-dammam,141,Saudi Payments | المدفوعات السعودية,COOP Training – August 2024,38.0,54.63788592077163,text_only_ridge
de-cloud-dammam,142,Saudi Tadawul Group | تداول,Cooperative Training Program (COOP),42.5,56.845096321311146,text_only_ridge
de-cloud-dammam,143,Lean Technologies,Software Engineering Intern – KSA,55.83,63.929983867136386,text_only_ridge
de-cloud-dammam,144,Mirai (Scopely) | مِراي,AI Engineering Intern (GenAI),49.17,61.96050467068337,text_only_ridge
de-cloud-dammam,145,HungerStation | هنقرستيشن,"Co-OP Trainee, Data Analysis – Info Sec",51.33,65.4948116309576,text_only_ridge
de-cloud-dammam,146,NCGR | المركز الوطني لنظم الموارد الحكومية,Coop Training Program,38.0,54.78380323982152,text_only_ridge
de-cloud-dammam,147,nybl,nybl Graduate Programme – Saudi Nationals (AI Bootcamp),28.5,43.7249524856074,text_only_ridge
de-cloud-dammam,148,Procter & Gamble (P&G),P&G LEADgen Internship Program 2026 (Riyadh),38.0,49.98878586834054,text_only_ridge
de-cloud-dammam,149,New Murabba | المربع الجديد,New Murabba Co-op Training Program,42.5,54.6899781871972,text_only_ridge
de-cloud-dammam,150,Boeing Saudi Arabia Limited,Intern - Info Technology & Data Analytics (Riyadh),38.0,56.54238345117711,text_only_ridge
de-cloud-dammam,151,Motorola Solutions,Deployment Engineer Intern (KSA National - Tamheer Program),42.5,53.82952843714689,text_only_ridge
de-cloud-dammam,152,Schneider Electric,Co-op Intern (Engineering) - Al Khobar (Jan–Aug 2026),49.5,52.620222101847105,text_only_ridge
de-cloud-dammam,153,Lockheed Martin,Tamheer Space Internship (Riyadh),42.5,51.13014847144874,text_only_ridge
de-cloud-dammam,154,Markaba | مركبة,Start-up Software Intern – TAMHEER (Saudi nationals only),40.5,50.059933059295695,text_only_ridge
de-cloud-dammam,155,Laverne Group | مجموعة لافيرن,Data Analyst / Data Engineer Intern (IT Department),55.17,61.70626624158959,text_only_ridge
de-cloud-dammam,156,Meel | ميل,"Software Developer Internship (Remote, min 2 months)",47.5,55.186796204208214,text_only_ridge
de-cloud-dammam,157,Nahdi Medical Co.,IT Internship / COOP Program (6 months),43.0,54.182703263089316,text_only_ridge
de-cloud-dammam,158,SMART Technology Solutions | سمارت لحلول التقنية,R&D Intern (Riyadh),42.5,56.00441900030212,text_only_ridge
de-cloud-dammam,159,Knodemy Inc.,AI Developer & Tech Trainer Intern - Riyadh,49.17,64.14228162438368,text_only_ridge
de-cloud-dammam,160,Water Transmission Company | شركة نقل المياه,Tamheer Internship Program (HRIS / Engineering & PM - Riyadh),42.5,51.77383322585406,text_only_ridge
de-cloud-dammam,161,AFNOYS,"AI Automation Intern - KSA (Remote, 4 weeks)",43.0,51.504224767211,text_only_ridge
de-cloud-dammam,162,SAS,CareerStart@SAS 2026 - Presales Customer Intelligence Intern (Riyadh),39.5,52.82971812170714,text_only_ridge
de-cloud-dammam,163,Devoteam,Trainee - Future Leaders Program (Co-op/Fresh Graduate),40.5,56.99597018225879,text_only_ridge
de-cloud-dammam,164,ضالتي Dhallaty,Tech Intern: Fresh Grad or Student,39.5,52.688611048808575,text_only_ridge
de-cloud-dammam,165,Innovative Solutions SA,Presales - Tamheer,31.5,45.905199013742354,text_only_ridge
de-cloud-dammam,166,HUMAIN,Tamheer Program (Software Engineer / Cybersecurity / MIS),40.5,49.64497793349152,text_only_ridge
de-cloud-dammam,167,TAM | تام,"Tamheer Opportunity, Advisory",10.5,25.662279906583763,text_only_ridge
de-cloud-dammam,168,هيئة التأمين | Insurance Authority,Tamheer Opportunity - Specialist of Information Security,31.5,43.82525246781566,text_only_ridge
de-cloud-dammam,169,Snbla | سنبله,Paid Internship Program (FinTech),39.5,52.60366266513196,text_only_ridge
de-cloud-dammam,170,2P Perfect Presentation,Data Analyst (Tamheer),36.0,45.28675199445501,text_only_ridge
de-cloud-dammam,171,Infosys,Summer Intern (Infosys InStep ’26 – Bangalore),36.5,44.62630687408506,text_only_ridge
de-cloud-dammam,172,شركة الخدمات المدارة | Managed Services Company,Intern Cybersecurity Engineer,40.5,53.18780915433865,text_only_ridge
de-cloud-dammam,173,Abunayyan Holding,Data Analyst (Tamheer),36.0,45.31326818856343,text_only_ridge
ce-network-dhahran,1,Saudi Aramco,University Internship Program (UIP),50.0,47.52403992693728,text_only_ridge
ce-network-dhahran,2,SABIC,COOP Training Program,43.0,49.7454931251004,text_only_ridge
ce-network-dhahran,3,stc (Saudi Telecom Company),Cooperative Training Program (COOP),40.0,52.62092669230106,text_only_ridge
ce-network-dhahran,4,Saudi National Bank (SNB),SNB Cooperative Training Program,45.0,48.279727133014156,text_only_ridge
ce-network-dhahran,5,Al Rajhi Bank,Cooperative Training Program,45.0,49.23937158056574,text_only_ridge
ce-network-dhahran,6,Capital Market Authority (CMA),COOP Program,40.0,50.82430312722565,text_only_ridge
ce-network-dhahran,7,Digital Government Authority (DGA),Maidan Cooperative Training Program,40.0,52.892322914851114,text_only_ridge
ce-network-dhahran,8,KPMG Saudi Arabia,COOP & Internship Programs,45.0,49.01499455986435,text_only_ridge
ce-network-dhahran,9,PwC Middle East,"Deals, COOP and Summer Internship Programme (2026)",44.5,53.83654804746569,text_only_ridge
ce-network-dhahran,10,Deloitte Middle East (KSA),Jusoor Al Sharqiyah Internship Program,52.0,50.63733425836251,text_only_ridge
ce-network-dhahran,11,Bank Albilad,Cooperative & Summer Training Program,60.0,52.52906430868331,text_only_ridge
ce-network-dhahran,12,Tamara,Tamara Builders Program,49.0,57.849660489258014,text_only_ridge
ce-network-dhahran,13,Bupa Arabia,Cooperative Training Program,40.0,48.37318166159443,text_only_ridge
ce-network-dhahran,14,Saudi Exports (Saudi Export Development Authority),COOP & Summer Training (FAQ-confirmed),45.0,46.13978778390441,text_only_ridge
ce-network-dhahran,15,Local Content and Government Procurement Authority (LCGPA),COOP Training (role posting),40.0,47.57866987662539,text_only_ridge
ce-network-dhahran,16,McKinsey & Company (Maqdira),Maqdira Fellowship Program,44.5,54.22702085884956,text_only_ridge
ce-network-dhahran,17,Boston Consulting Group (BCG),Visiting Associate Internship (Riyadh),40.0,51.58762814928705,text_only_ridge
ce-network-dhahran,18,Bain & Company,COOP Training Program (Riyadh),40.0,50.369447856406616,text_only_ridge
ce-network-dhahran,19,Amazon Web Services (AWS),IT/Computer Hardware Internship (Intern-to-FTE Pathway),55.0,54.891240092685976,text_only_ridge
ce-network-dhahran,20,Amazon Web Services (AWS) - Associate Solutions Architect Intern,Associate Solutions Architect Intern (2026),45.0,53.967493606081035,text_only_ridge
ce-network-dhahran,21,Google (Saudi Arabia),Google Careers (Saudi location filter),33.0,51.585718425084664,text_only_ridge
ce-network-dhahran,22,BlackRock,Client & Product Summer Internship Programme (EMEA) - includes Riyadh,34.5,55.20801614306619,text_only_ridge
ce-network-dhahran,23,noon,Student Internship,30.0,49.86255546375621,text_only_ridge
ce-network-dhahran,24,MOZN,Data Science Intern,34.5,65.26461112413998,text_only_ridge
ce-network-dhahran,25,Elm,Elm Co-op Training Program (March 2026 Intake),40.0,50.30409913316027,text_only_ridge
ce-network-dhahran,26,Yasref,Yasref Cooperative Training Program,58.0,53.15764088007887,text_only_ridge
ce-network-dhahran,27,"Saudi Standards, Metrology and Quality Organization (SASO)",Cooperative Training (Collaborative Training),55.0,53.113098972022065,text_only_ridge
ce-network-dhahran,28,"Zakat, Tax and Customs Authority (ZATCA)",Binaa-Alkafaat Program,35.0,43.64458721842127,text_only_ridge
ce-network-dhahran,29,Human Resources Development Fund (HRDF) – Cooperative Training Product,Cooperative Training (HRDF product),20.5,20.81669006158519,text_only_ridge
ce-network-dhahran,30,EXPRO,COOP Training (Future Makers Program),40.0,48.22692676113648,text_only_ridge
ce-network-dhahran,31,Ministry of Industry and Mineral Resources (MIM) – Cooperative Training Initiative,Cooperative Training Initiative,20.5,21.369565409320778,text_only_ridge
ce-network-dhahran,32,TBC (The Beauty Company),Cooperative Training Program,45.0,47.25913326065951,text_only_ridge
ce-network-dhahran,33,National Center for Vegetation Cover Development & Combating Desertification (NCVC),COOP Training Program,40.0,48.16748588616245,text_only_ridge
ce-network-dhahran,34,Saudi Power Procurement Company (SPPC),Future Power – COOP Training Program,40.0,47.23410509644412,text_only_ridge
ce-network-dhahran,35,TBC (Tatweer Building Company),Cooperative Training Program,40.0,50.87564159758867,text_only_ridge
ce-network-dhahran,36,PwC Middle East (Assurance COOP & Summer Internship Programme 2026),"Assurance, COOP and Summer Internship Programme 2026 – Middle East",44.5,54.12790571685974,text_only_ridge
ce-network-dhahran,37,KAPSARC,Intern (Coop- Trainee),49.0,56.98856841610366,text_only_ridge
ce-network-dhahran,38,BSF (Banque Saudi Fransi),COOP / Internship,40.0,48.94363462797427,text_only_ridge
ce-network-dhahran,39,Saudi Food & Drug Authority (SFDA),COOP training (First semester 2025-2026 intake),45.0,52.384176008225324,text_only_ridge
ce-network-dhahran,40,Saudi Power Procurement Company (SPPC) – Future Power (Business Admin COOP),Future Power – Business Administration COOP Training Program,40.0,47.392626294741454,text_only_ridge
ce-network-dhahran,41,Bank Albilad,Cooperative and Summer Training Program,40.0,52.55482246285418,text_only_ridge
ce-network-dhahran,42,The Saudi National Bank (SNB),SNB Rowad Program,30.0,45.112297843740926,text_only_ridge
ce-network-dhahran,43,National Cybersecurity Authority (NCA) – Academy,Cybersecurity training programs (academy),35.0,53.76947352075306,text_only_ridge
ce-network-dhahran,44,PIF | Graduate Development Program,Graduate Development Program (GDP),34.5,52.48236638340289,text_only_ridge
ce-network-dhahran,45,NEOM | GrOW (Graduates Opportunities in Work),GrOW (Graduates Opportunities in Work),46.5,47.128236550171266,text_only_ridge
ce-network-dhahran,46,ROSHN | COOP Trainee Program,COOP Trainee Program,40.0,50.59097652646818,text_only_ridge
ce-network-dhahran,47,Microsoft | Ru'aa Program (Riyadh),Ru'aa Program Internship (Solution Engineering),39.0,55.8962855158007,text_only_ridge
ce-network-dhahran,48,Oracle | Business Development Intern (KSA market),Business Development Intern (KSA market),31.5,43.9558772826589,text_only_ridge
ce-network-dhahran,49,SAP | Student Internship (Riyadh),Student Internship - Riyadh,30.0,49.35069217006383,text_only_ridge
ce-network-dhahran,50,SAB (Saudi Awwal Bank) | Cooperative Training Programme (COOP),SAB Cooperative Training Programme (COOP),40.0,48.28571380000903,text_only_ridge
ce-network-dhahran,51,Ministry of Finance (Saudi Arabia) | Cooperative Training Program,Cooperative Training Program,36.5,48.840652175992986,text_only_ridge
ce-network-dhahran,52,Ministry of Industry and Mineral Resources | Cooperative Training,Cooperative Training Initiative,41.5,47.85643275223584,text_only_ridge
ce-network-dhahran,53,King Fahd Causeway Authority | Internship Program,Internship Program,46.5,50.80507779569663,text_only_ridge
ce-network-dhahran,54,Tawuniya | Tamheer Program (Fresh Graduates),Tamheer Program,48.0,54.01067563227836,text_only_ridge
ce-network-dhahran,55,SAMA | SAMA Professional Program (SPP),SAMA Professional Program (SPP),26.5,42.77210785721671,text_only_ridge
ce-network-dhahran,56,HRDF | Cooperative Training Product,Cooperative Training Product,41.5,46.081954702844016,text_only_ridge
ce-network-dhahran,57,IBM,"Automation, Data & AI – Intern",35.5,56.77264056729019,text_only_ridge
ce-network-dhahran,58,Unifonic,Internship (Unifonic),34.5,55.85752011875578,text_only_ridge
ce-network-dhahran,59,Misk Foundation,Misk Traineeship / Internship Program,33.0,49.809245878642216,text_only_ridge
ce-network-dhahran,60,Cisco,Cisco NetVersity (Saudi Arabia),42.5,54.40812670618819,text_only_ridge
ce-network-dhahran,61,KAUST,Visiting Student Research Program (VSRP) Internship,30.0,48.172378826521694,text_only_ridge
ce-network-dhahran,62,General Authority for Statistics (GASTAT),Cooperative Training Program,44.5,60.452834273276586,text_only_ridge
ce-network-dhahran,63,Saudi Center for Opinion Polling (SCOP),Cooperative Training Program,44.5,59.730141948436206,text_only_ridge
ce-network-dhahran,64,Al Rajhi Takaful,Cooperative Training Program,40.0,54.341112854385386,text_only_ridge
ce-network-dhahran,65,Expenditure & Projects Efficiency Authority (EXPRO),Future Makers (صنّاع المستقبل) – Cooperative Training,40.0,52.489783838946146,text_only_ridge
ce-network-dhahran,66,Ministry of Finance (Saudi Arabia),Cooperative Training Program (Ministry of Finance),40.0,52.78156965700233,text_only_ridge
ce-network-dhahran,67,General Entertainment Authority (GEA),GEA Cooperative Training Program,40.0,52.414311692705574,text_only_ridge
ce-network-dhahran,68,Banque Saudi Fransi (BSF),COOP Training,40.0,54.51226861615713,text_only_ridge
ce-network-dhahran,69,Arab National Bank (ANB),COOP Trainee,40.0,54.755630166457934,text_only_ridge
ce-network-dhahran,70,Tamara,Builders Program,40.0,55.030749898529955,text_only_ridge
ce-network-dhahran,71,OmniOps,Co‑op Training Program,49.0,60.22517488383202,text_only_ridge
ce-network-dhahran,72,Tatweer Educational Technologies (TETCO),Cooperative Training Program,55.0,60.458134519586864,text_only_ridge
ce-network-dhahran,73,The Saudi Investment Bank (SAIB),Cooperative Program,40.0,54.732373201589894,text_only_ridge
ce-network-dhahran,74,Saudi Awwal Bank (SAB),COOP Program,40.0,53.92131614063964,text_only_ridge
ce-network-dhahran,75,Riyad Bank,Internships and Coop Trainings (CSR 2019),40.0,54.74935059075903,text_only_ridge
ce-network-dhahran,76,Tabby,Intern DevOps Engineer,34.5,57.38868992055564,text_only_ridge
ce-network-dhahran,77,Tabby,Intern Backend (GO) Engineer,39.0,62.2397234037695,text_only_ridge
ce-network-dhahran,78,Tabby,Intern Frontend Engineer,39.0,58.70092201689102,text_only_ridge
ce-network-dhahran,79,Tabby,Intern Data Engineer,39.0,68.30087285094952,text_only_ridge
ce-network-dhahran,80,Tabby,No-Code / AI Agents Engineering Intern,39.0,57.5358926378242,text_only_ridge
ce-network-dhahran,81,Bank Albilad,Cooperative Training Program,45.0,53.208245688447526,text_only_ridge
ce-network-dhahran,82,Saudi Ground Services (SGS),COOP Program,40.0,48.409378734987406,text_only_ridge
ce-network-dhahran,83,CEER,Cooperative Training Program (COOP),40.0,52.8985236649247,text_only_ridge
ce-network-dhahran,84,Al Rajhi Takaful,Coop Training Program,40.0,54.56519301670117,text_only_ridge
ce-network-dhahran,85,TAWAL,COOP Training Program,49.0,59.438909736536935,text_only_ridge
ce-network-dhahran,86,Wakeb_Data,COOP Training,49.0,58.46843837601909,text_only_ridge
ce-network-dhahran,87,Banque Saudi Fransi (BSF),Coop Training Program,40.0,54.82385209821054,text_only_ridge
ce-network-dhahran,88,Tech Economy,COOP Training Program,40.0,54.71184125444415,text_only_ridge
ce-network-dhahran,89,SAMI Advanced Electronics (SAMI-AEC),Coop Trainee,40.0,54.73990482761549,text_only_ridge
ce-network-dhahran,90,NHC,COOP Trainee,45.0,54.01847393718824,text_only_ridge
ce-network-dhahran,91,REMAT ADVANCED,Cooperative Training Program,55.0,58.51945376292285,text_only_ridge
ce-network-dhahran,92,SDM,AI COOP,44.5,64.46502303537521,text_only_ridge
ce-network-dhahran,93,HUED,HUED COOP Program 2026,49.0,58.93667080393471,text_only_ridge
ce-network-dhahran,94,Araamis • أرامس,Araamis COOP Program 2026,49.0,58.10982634938941,text_only_ridge
ce-network-dhahran,95,ARDARA,COOP Training for Students,40.0,52.832626021251194,text_only_ridge
ce-network-dhahran,96,flynas,COOP Trainee / Internship Program,44.5,56.580303156980825,text_only_ridge
ce-network-dhahran,97,Saudi Motorsport Company (SMC),COOP Trainee (IT Asset Project Management),44.5,52.343727346359344,text_only_ridge
ce-network-dhahran,98,Saudi Motorsport Company (SMC),COOP Trainee (Supply Chain Excellence Associate),44.5,53.877768344557154,text_only_ridge
ce-network-dhahran,99,Mobily,Cooperative Training Program,40.0,54.66262509053376,text_only_ridge
ce-network-dhahran,100,Saudi Awwal Bank (SAB),Student Opportunities: Cooperative / Practical Training,40.0,53.7266192727905,text_only_ridge
ce-network-dhahran,101,Alvarez & Marsal,COOP Training Program,40.0,55.0289224006831,text_only_ridge
ce-network-dhahran,102,Visa,COOP Trainee (Jan 2026),40.0,53.02837601271572,text_only_ridge
ce-network-dhahran,103,Zain KSA,Evolve Program (Fresh Graduates),30.0,49.22508918736149,text_only_ridge
ce-network-dhahran,104,Zain KSA,Zain Pioneers Program,45.0,52.66455550765024,text_only_ridge
ce-network-dhahran,105,Savvy Games Group,Cooperative Training Program (Co-op),40.0,54.65790246710212,text_only_ridge
ce-network-dhahran,106,Bank AlJazira,Tamheer Program,30.0,46.76936656591306,text_only_ridge
ce-network-dhahran,107,sirar by stc,Cooperative Training Program,49.0,60.14938789502823,text_only_ridge
ce-network-dhahran,108,Gathern,Co-op Program,49.0,59.514701382768976,text_only_ridge
ce-network-dhahran,109,Elm Company (شركة علم),Coop Training - Computer Science (Jan/Mar/Jun/Aug 2025 Intake),44.5,56.595569481418664,text_only_ridge
ce-network-dhahran,110,Elm Company (شركة علم),Co-Op Training - Information Technology (Jun & Aug 2025 Intake),44.5,56.52962216659422,text_only_ridge
ce-network-dhahran,111,EJADA,COOP Administration & Support Engineer,40.0,53.88218048154781,text_only_ridge
ce-network-dhahran,112,Emdad By Elm,Network Cooperative Training (Network Intern),55.0,54.46429109346286,text_only_ridge
ce-network-dhahran,113,AILA,Co-op Training Programme,44.5,56.46711009714852,text_only_ridge
ce-network-dhahran,114,Foodics,Foodics 360 Internship Program,34.5,55.593686324132115,text_only_ridge
ce-network-dhahran,115,Salla,برنامج التدريب التعاوني (Coop Training) – Salla,44.5,50.52078122440482,text_only_ridge
ce-network-dhahran,116,Lucidya,Technical Internship or Coop – Lucidya,44.5,55.29778311939384,text_only_ridge
ce-network-dhahran,117,Diriyah Company,Diriyah Co-op Training Program,40.0,52.327536606660345,text_only_ridge
ce-network-dhahran,118,Riyadh Air,Co-op – Riyadh Air,40.0,52.73957989105694,text_only_ridge
ce-network-dhahran,119,Jahez Group,Jahez Internship Program (as described in Sustainability Report),30.0,51.833975138281204,text_only_ridge
ce-network-dhahran,120,Lumi | لومي,COOP Intern 2025 – Lumi,40.0,52.71635586859295,text_only_ridge
ce-network-dhahran,121,webook.com,COOP Trainee Opportunities – webook.com,40.0,52.792043472757655,text_only_ridge
ce-network-dhahran,122,moneymoon,Tech & AI Co-op Program 2025,44.5,63.81294478421856,text_only_ridge
ce-network-dhahran,123,EjadTech - إيجاد التقنية,"Summer Internship Program 2025 (Computer, Data, and AI Majors)",35.5,60.64304145725866,text_only_ridge
ce-network-dhahran,124,InnovationTeam,Java Microservices Internship Programme (Saudi Nationals),35.5,59.55027477397077,text_only_ridge
ce-network-dhahran,125,Tamkeen Technologies,On the Job Training (Internship Program) — Technology field,34.5,56.152367123597855,text_only_ridge
ce-network-dhahran,126,Trendyol Group,Trendyol Tech Talent - Bootcamp & COOP Internship Program (Saudi Students Only),41.0,51.82110444339656,text_only_ridge
ce-network-dhahran,127,Ninja نينجا,COOP Training Program,41.0,50.77531105202358,text_only_ridge
ce-network-dhahran,128,SCAI | سكاي,CO-OP Training Opportunities (Intern),49.0,66.93466296765303,text_only_ridge
ce-network-dhahran,129,WalaPlus,Coop & Tamheer Opportunities,55.0,54.38557483105135,text_only_ridge
ce-network-dhahran,130,Aon,IT Co-op Trainee 2026,55.0,54.05781368415107,text_only_ridge
ce-network-dhahran,131,Hewlett Packard Enterprise (HPE),College Intern (Coop),55.0,53.75501434729841,text_only_ridge
ce-network-dhahran,132,Signify,KSA Coop Internship Program,55.0,53.88432321815242,text_only_ridge
ce-network-dhahran,133,Help AG (e& enterprise),Cybersecurity Intern,30.0,52.048311049009776,text_only_ridge
ce-network-dhahran,134,TrendAI (Trend Micro),CyberGATE Internship Program,34.5,55.252628776204254,text_only_ridge
ce-network-dhahran,135,Golf Saudi,IT Co-op Trainee,55.0,53.99042829555784,text_only_ridge
ce-network-dhahran,136,Siemens Healthineers,Healthineers Early Talent Program – IT (Riyadh),45.0,53.106080098140204,text_only_ridge
ce-network-dhahran,137,1957 Ventures,Internship / Co-Op Program,49.0,54.982700899981914,text_only_ridge
ce-network-dhahran,138,Nokia,Graduate Trainee (Saudi Arabia) – Fledgers Program,34.5,56.266835403447864,text_only_ridge
ce-network-dhahran,139,Ericsson,Summer Interns (Ericsson Saudi),34.5,50.53119634180846,text_only_ridge
ce-network-dhahran,140,Bosch Middle East,Software Development Intern (AI/Cloud),39.0,64.86646685073353,text_only_ridge
ce-network-dhahran,141,Saudi Payments | المدفوعات السعودية,COOP Training – August 2024,44.5,55.43842067286002,text_only_ridge
ce-network-dhahran,142,Saudi Tadawul Group | تداول,Cooperative Training Program (COOP),55.0,57.613386313742645,text_only_ridge
ce-network-dhahran,143,Lean Technologies,Software Engineering Intern – KSA,49.0,64.6345628731302,text_only_ridge
ce-network-dhahran,144,Mirai (Scopely) | مِراي,AI Engineering Intern (GenAI),39.0,62.81956598526148,text_only_ridge
ce-network-dhahran,145,HungerStation | هنقرستيشن,"Co-OP Trainee, Data Analysis – Info Sec",44.5,66.25753280464727,text_only_ridge
ce-network-dhahran,146,NCGR | المركز الوطني لنظم الموارد الحكومية,Coop Training Program,44.5,55.94756921478163,text_only_ridge
ce-network-dhahran,147,nybl,nybl Graduate Programme – Saudi Nationals (AI Bootcamp),30.0,44.99010494140018,text_only_ridge
ce-network-dhahran,148,Procter & Gamble (P&G),P&G LEADgen Internship Program 2026 (Riyadh),34.5,51.24729061247769,text_only_ridge
ce-network-dhahran,149,New Murabba | المربع الجديد,New Murabba Co-op Training Program,49.0,55.63485545387748,text_only_ridge
ce-network-dhahran,150,Boeing Saudi Arabia Limited,Intern - Info Technology & Data Analytics (Riyadh),34.5,57.50771834710744,text_only_ridge
ce-network-dhahran,151,Motorola Solutions,Deployment Engineer Intern (KSA National - Tamheer Program),55.0,54.91242648110582,text_only_ridge
ce-network-dhahran,152,Schneider Electric,Co-op Intern (Engineering) - Al Khobar (Jan–Aug 2026),62.0,53.899963540027564,text_only_ridge
ce-network-dhahran,153,Lockheed Martin,Tamheer Space Internship (Riyadh),39.0,52.56598181620035,text_only_ridge
ce-network-dhahran,154,Markaba | مركبة,Start-up Software Intern – TAMHEER (Saudi nationals only),35.5,51.12164214960885,text_only_ridge
ce-network-dhahran,155,Laverne Group | مجموعة لافيرن,Data Analyst / Data Engineer Intern (IT Department),39.0,62.54534968795054,text_only_ridge
ce-network-dhahran,156,Meel | ميل,"Software Developer Internship (Remote, min 2 months)",39.0,56.31026530852909,text_only_ridge
ce-network-dhahran,157,Nahdi Medical Co.,IT Internship / COOP Program (6 months),49.5,55.3560033161039,text_only_ridge
ce-network-dhahran,158,SMART Technology Solutions | سمارت لحلول التقنية,R&D Intern (Riyadh),39.0,57.24604428016953,text_only_ridge
ce-network-dhahran,159,Knodemy Inc.,AI Developer & Tech Trainer Intern - Riyadh,39.0,64.93771885547295,text_only_ridge
ce-network-dhahran,160,Water Transmission Company | شركة نقل المياه,Tamheer Internship Program (HRIS / Engineering & PM - Riyadh),39.0,52.667809098000966,text_only_ridge
ce-network-dhahran,161,AFNOYS,"AI Automation Intern - KSA (Remote, 4 weeks)",34.5,52.67193424785192,text_only_ridge
ce-network-dhahran,162,SAS,CareerStart@SAS 2026 - Presales Customer Intelligence Intern (Riyadh),33.0,53.74960793139783,text_only_ridge
ce-network-dhahran,163,Devoteam,Trainee - Future Leaders Program (Co-op/Fresh Graduate),45.5,58.05163997840316,text_only_ridge
ce-network-dhahran,164,ضالتي Dhallaty,Tech Intern: Fresh Grad or Student,33.0,53.724990732208575,text_only_ridge
ce-network-dhahran,165,Innovative Solutions SA,Presales - Tamheer,26.5,47.24343660563128,text_only_ridge
ce-network-dhahran,166,HUMAIN,Tamheer Program (Software Engineer / Cybersecurity / MIS),35.5,51.14481015869257,text_only_ridge
ce-network-dhahran,167,TAM | تام,"Tamheer Opportunity, Advisory",5.5,27.744023017718288,text_only_ridge
ce-network-dhahran,168,هيئة التأمين | Insurance Authority,Tamheer Opportunity - Specialist of Information Security,26.5,44.93793911218143,text_only_ridge
ce-network-dhahran,169,Snbla | سنبله,Paid Internship Program (FinTech),33.0,53.80787639651905,text_only_ridge
ce-network-dhahran,170,2P Perfect Presentation,Data Analyst (Tamheer),31.0,46.57446845082762,text_only_ridge
ce-network-dhahran,171,Infosys,Summer Intern (Infosys InStep ’26 – Bangalore),33.0,46.04651582854997,text_only_ridge
ce-network-dhahran,172,شركة الخدمات المدارة | Managed Services Company,Intern Cybersecurity Engineer,35.5,54.44383186378794,text_only_ridge
ce-network-dhahran,173,Abunayyan Holding,Data Analyst (Tamheer),31.0,46.54875836569176,text_only_ridge
eastern-province-cys,1,Saudi Aramco,University Internship Program (UIP),64.0,46.07282054030273,text_only_ridge
eastern-province-cys,2,SABIC,COOP Training Program,57.0,45.90433221569991,text_only_ridge
eastern-province-cys,3,stc (Saudi Telecom Company),Cooperative Training Program (COOP),54.0,49.35188055447641,text_only_ridge
eastern-province-cys,4,Saudi National Bank (SNB),SNB Cooperative Training Program,59.0,46.56444591361097,text_only_ridge
eastern-province-cys,5,Al Rajhi Bank,Cooperative Training Program,59.0,46.66414057299316,text_only_ridge
eastern-province-cys,6,Capital Market Authority (CMA),COOP Program,54.0,47.08946034374948,text_only_ridge
eastern-province-cys,7,Digital Government Authority (DGA),Maidan Cooperative Training Program,54.0,49.02642786362446,text_only_ridge
eastern-province-cys,8,KPMG Saudi Arabia,COOP & Internship Programs,45.0,45.335209855292646,text_only_ridge
eastern-province-cys,9,PwC Middle East,"Deals, COOP and Summer Internship Programme (2026)",44.5,51.520584071335996,text_only_ridge
eastern-province-cys,10,Deloitte Middle East (KSA),Jusoor Al Sharqiyah Internship Program,44.5,48.08197579982188,text_only_ridge
eastern-province-cys,11,Bank Albilad,Cooperative & Summer Training Program,49.5,49.94850454485892,text_only_ridge
eastern-province-cys,12,Tamara,Tamara Builders Program,58.5,54.83693242594979,text_only_ridge
eastern-province-cys,13,Bupa Arabia,Cooperative Training Program,40.0,44.169572428061954,text_only_ridge
eastern-province-cys,14,Saudi Exports (Saudi Export Development Authority),COOP & Summer Training (FAQ-confirmed),45.0,43.939595247307686,text_only_ridge
eastern-province-cys,15,Local Content and Government Procurement Authority (LCGPA),COOP Training (role posting),40.0,46.02021145630532,text_only_ridge
eastern-province-cys,16,McKinsey & Company (Maqdira),Maqdira Fellowship Program,44.5,51.05175755831159,text_only_ridge
eastern-province-cys,17,Boston Consulting Group (BCG),Visiting Associate Internship (Riyadh),49.0,48.26626797026643,text_only_ridge
eastern-province-cys,18,Bain & Company,COOP Training Program (Riyadh),40.0,46.55562533967554,text_only_ridge
eastern-province-cys,19,Amazon Web Services (AWS),IT/Computer Hardware Internship (Intern-to-FTE Pathway),54.5,52.446440167242606,text_only_ridge
eastern-province-cys,20,Amazon Web Services (AWS) - Associate Solutions Architect Intern,Associate Solutions Architect Intern (2026),39.0,51.90253182580929,text_only_ridge
eastern-province-cys,21,Google (Saudi Arabia),Google Careers (Saudi location filter),47.0,48.30743935870556,text_only_ridge
eastern-province-cys,22,BlackRock,Client & Product Summer Internship Programme (EMEA) - includes Riyadh,34.5,52.53083178945752,text_only_ridge
eastern-province-cys,23,noon,Student Internship,30.0,45.31665709234458,text_only_ridge
eastern-province-cys,24,MOZN,Data Science Intern,34.5,61.86608557337443,text_only_ridge
eastern-province-cys,25,Elm,Elm Co-op Training Program (March 2026 Intake),40.0,46.803270290183384,text_only_ridge
eastern-province-cys,26,Yasref,Yasref Cooperative Training Program,61.5,49.88514319704285,text_only_ridge
eastern-province-cys,27,"Saudi Standards, Metrology and Quality Organization (SASO)",Cooperative Training (Collaborative Training),44.5,51.123876260936015,text_only_ridge
eastern-province-cys,28,"Zakat, Tax and Customs Authority (ZATCA)",Binaa-Alkafaat Program,35.0,40.3000700141477,text_only_ridge
eastern-province-cys,29,Human Resources Development Fund (HRDF) – Cooperative Training Product,Cooperative Training (HRDF product),20.5,16.490235666242732,text_only_ridge
eastern-province-cys,30,EXPRO,COOP Training (Future Makers Program),40.0,44.66901644779782,text_only_ridge
eastern-province-cys,31,Ministry of Industry and Mineral Resources (MIM) – Cooperative Training Initiative,Cooperative Training Initiative,20.5,17.016206038864418,text_only_ridge
eastern-province-cys,32,TBC (The Beauty Company),Cooperative Training Program,45.0,42.59774955569961,text_only_ridge
eastern-province-cys,33,National Center for Vegetation Cover Development & Combating Desertification (NCVC),COOP Training Program,40.0,44.718398869915276,text_only_ridge
eastern-province-cys,34,Saudi Power Procurement Company (SPPC),Future Power – COOP Training Program,40.0,45.44925400768649,text_only_ridge
eastern-province-cys,35,TBC (Tatweer Building Company),Cooperative Training Program,40.0,47.43150126297693,text_only_ridge
eastern-province-cys,36,PwC Middle East (Assurance COOP & Summer Internship Programme 2026),"Assurance, COOP and Summer Internship Programme 2026 – Middle East",44.5,52.15575397111776,text_only_ridge
eastern-province-cys,37,KAPSARC,Intern (Coop- Trainee),44.5,54.1083703106209,text_only_ridge
eastern-province-cys,38,BSF (Banque Saudi Fransi),COOP / Internship,63.0,45.62945467150176,text_only_ridge
eastern-province-cys,39,Saudi Food & Drug Authority (SFDA),COOP training (First semester 2025-2026 intake),68.0,52.10027791355701,text_only_ridge
eastern-province-cys,40,Saudi Power Procurement Company (SPPC) – Future Power (Business Admin COOP),Future Power – Business Administration COOP Training Program,40.0,46.06356482635722,text_only_ridge
eastern-province-cys,41,Bank Albilad,Cooperative and Summer Training Program,63.0,49.91098437976389,text_only_ridge
eastern-province-cys,42,The Saudi National Bank (SNB),SNB Rowad Program,44.0,41.86486875864648,text_only_ridge
eastern-province-cys,43,National Cybersecurity Authority (NCA) – Academy,Cybersecurity training programs (academy),58.0,50.53200966062248,text_only_ridge
eastern-province-cys,44,PIF | Graduate Development Program,Graduate Development Program (GDP),34.5,49.85151049203629,text_only_ridge
eastern-province-cys,45,NEOM | GrOW (Graduates Opportunities in Work),GrOW (Graduates Opportunities in Work),36.0,44.82417903959089,text_only_ridge
eastern-province-cys,46,ROSHN | COOP Trainee Program,COOP Trainee Program,40.0,46.96087528620061,text_only_ridge
eastern-province-cys,47,Microsoft | Ru'aa Program (Riyadh),Ru'aa Program Internship (Solution Engineering),34.5,53.94346342970264,text_only_ridge
eastern-province-cys,48,Oracle | Business Development Intern (KSA market),Business Development Intern (KSA market),31.5,41.6112370067634,text_only_ridge
eastern-province-cys,49,SAP | Student Internship (Riyadh),Student Internship - Riyadh,30.0,46.24420070598648,text_only_ridge
eastern-province-cys,50,SAB (Saudi Awwal Bank) | Cooperative Training Programme (COOP),SAB Cooperative Training Programme (COOP),40.0,45.05697869485051,text_only_ridge
eastern-province-cys,51,Ministry of Finance (Saudi Arabia) | Cooperative Training Program,Cooperative Training Program,50.5,45.41713683596992,text_only_ridge
eastern-province-cys,52,Ministry of Industry and Mineral Resources | Cooperative Training,Cooperative Training Initiative,55.5,44.51663960336735,text_only_ridge
eastern-province-cys,53,King Fahd Causeway Authority | Internship Program,Internship Program,40.5,47.40172933002722,text_only_ridge
eastern-province-cys,54,Tawuniya | Tamheer Program (Fresh Graduates),Tamheer Program,56.0,51.29069382927578,text_only_ridge
eastern-province-cys,55,SAMA | SAMA Professional Program (SPP),SAMA Professional Program (SPP),40.5,40.26841274588414,text_only_ridge
eastern-province-cys,56,HRDF | Cooperative Training Product,Cooperative Training Product,55.5,43.0894053297619,text_only_ridge
eastern-province-cys,57,IBM,"Automation, Data & AI – Intern",49.5,54.46143292312931,text_only_ridge
eastern-province-cys,58,Unifonic,Internship (Unifonic),48.5,52.35302167063052,text_only_ridge
eastern-province-cys,59,Misk Foundation,Misk Traineeship / Internship Program,47.0,46.995628971870474,text_only_ridge
eastern-province-cys,60,Cisco,Cisco NetVersity (Saudi Arabia),61.0,51.46719568897271,text_only_ridge
eastern-province-cys,61,KAUST,Visiting Student Research Program (VSRP) Internship,44.0,44.72784993428405,text_only_ridge
eastern-province-cys,62,General Authority for Statistics (GASTAT),Cooperative Training Program,58.5,57.41192629993937,text_only_ridge
eastern-province-cys,63,Saudi Center for Opinion Polling (SCOP),Cooperative Training Program,58.5,58.29524663861788,text_only_ridge
eastern-province-cys,64,Al Rajhi Takaful,Cooperative Training Program,63.0,52.58308575386745,text_only_ridge
eastern-province-cys,65,Expenditure & Projects Efficiency Authority (EXPRO),Future Makers (صنّاع المستقبل) – Cooperative Training,54.0,49.519167655184745,text_only_ridge
eastern-province-cys,66,Ministry of Finance (Saudi Arabia),Cooperative Training Program (Ministry of Finance),54.0,49.75316278972395,text_only_ridge
eastern-province-cys,67,General Entertainment Authority (GEA),GEA Cooperative Training Program,54.0,49.557034206617956,text_only_ridge
eastern-province-cys,68,Banque Saudi Fransi (BSF),COOP Training,63.0,51.482255916078685,text_only_ridge
eastern-province-cys,69,Arab National Bank (ANB),COOP Trainee,63.0,51.191406634163584,text_only_ridge
eastern-province-cys,70,Tamara,Builders Program,63.0,51.38700804870486,text_only_ridge
eastern-province-cys,71,OmniOps,Co‑op Training Program,63.0,57.26271302410653,text_only_ridge
eastern-province-cys,72,Tatweer Educational Technologies (TETCO),Cooperative Training Program,63.0,57.25060581742782,text_only_ridge
eastern-province-cys,73,The Saudi Investment Bank (SAIB),Cooperative Program,63.0,51.58834620321922,text_only_ridge
eastern-province-cys,74,Saudi Awwal Bank (SAB),COOP Program,63.0,52.08409221361818,text_only_ridge
eastern-province-cys,75,Riyad Bank,Internships and Coop Trainings (CSR 2019),63.0,51.477300053638565,text_only_ridge
eastern-province-cys,76,Tabby,Intern DevOps Engineer,48.5,54.39157155886526,text_only_ridge
eastern-province-cys,77,Tabby,Intern Backend (GO) Engineer,48.5,59.554719992029284,text_only_ridge
eastern-province-cys,78,Tabby,Intern Frontend Engineer,48.5,55.50747318578134,text_only_ridge
eastern-province-cys,79,Tabby,Intern Data Engineer,48.5,65.6059158600614,text_only_ridge
eastern-province-cys,80,Tabby,No-Code / AI Agents Engineering Intern,48.5,54.74334523766311,text_only_ridge
eastern-province-cys,81,Bank Albilad,Cooperative Training Program,68.0,50.7726126059477,text_only_ridge
eastern-province-cys,82,Saudi Ground Services (SGS),COOP Program,54.0,46.568825895005695,text_only_ridge
eastern-province-cys,83,CEER,Cooperative Training Program (COOP),54.0,49.14706379821945,text_only_ridge
eastern-province-cys,84,Al Rajhi Takaful,Coop Training Program,63.0,52.561594711590956,text_only_ridge
eastern-province-cys,85,TAWAL,COOP Training Program,58.5,56.45880014842965,text_only_ridge
eastern-province-cys,86,Wakeb_Data,COOP Training,58.5,55.990604988998754,text_only_ridge
eastern-province-cys,87,Banque Saudi Fransi (BSF),Coop Training Program,63.0,51.52854467760623,text_only_ridge
eastern-province-cys,88,Tech Economy,COOP Training Program,63.0,51.476323574755156,text_only_ridge
eastern-province-cys,89,SAMI Advanced Electronics (SAMI-AEC),Coop Trainee,63.0,51.96422129426179,text_only_ridge
eastern-province-cys,90,NHC,COOP Trainee,68.0,50.094045095440976,text_only_ridge
eastern-province-cys,91,REMAT ADVANCED,Cooperative Training Program,58.5,55.68677782814092,text_only_ridge
eastern-province-cys,92,SDM,AI COOP,58.5,62.0124097411529,text_only_ridge
eastern-province-cys,93,HUED,HUED COOP Program 2026,58.5,56.4485082605396,text_only_ridge
eastern-province-cys,94,Araamis • أرامس,Araamis COOP Program 2026,58.5,55.77707938169136,text_only_ridge
eastern-province-cys,95,ARDARA,COOP Training for Students,54.0,49.509352361276015,text_only_ridge
eastern-province-cys,96,flynas,COOP Trainee / Internship Program,58.5,53.27091851896698,text_only_ridge
eastern-province-cys,97,Saudi Motorsport Company (SMC),COOP Trainee (IT Asset Project Management),58.5,51.24389718785562,text_only_ridge
eastern-province-cys,98,Saudi Motorsport Company (SMC),COOP Trainee (Supply Chain Excellence Associate),63.0,52.74586919834189,text_only_ridge
eastern-province-cys,99,Mobily,Cooperative Training Program,63.0,51.56786423113476,text_only_ridge
eastern-province-cys,100,Saudi Awwal Bank (SAB),Student Opportunities: Cooperative / Practical Training,63.0,52.11738513489935,text_only_ridge
eastern-province-cys,101,Alvarez & Marsal,COOP Training Program,63.0,51.53788530167573,text_only_ridge
eastern-province-cys,102,Visa,COOP Trainee (Jan 2026),54.0,50.573342471675254,text_only_ridge
eastern-province-cys,103,Zain KSA,Evolve Program (Fresh Graduates),53.0,45.91172349571798,text_only_ridge
eastern-province-cys,104,Zain KSA,Zain Pioneers Program,48.5,50.100583118223796,text_only_ridge
eastern-province-cys,105,Savvy Games Group,Cooperative Training Program (Co-op),63.0,51.827225734911806,text_only_ridge
eastern-province-cys,106,Bank AlJazira,Tamheer Program,44.0,44.69334451277737,text_only_ridge
eastern-province-cys,107,sirar by stc,Cooperative Training Program,63.0,57.729805762326,text_only_ridge
eastern-province-cys,108,Gathern,Co-op Program,58.5,57.07977861324897,text_only_ridge
eastern-province-cys,109,Elm Company (شركة علم),Coop Training - Computer Science (Jan/Mar/Jun/Aug 2025 Intake),58.5,53.89619840672519,text_only_ridge
eastern-province-cys,110,Elm Company (شركة علم),Co-Op Training - Information Technology (Jun & Aug 2025 Intake),58.5,53.735437721948514,text_only_ridge
eastern-province-cys,111,EJADA,COOP Administration & Support Engineer,63.0,51.30033462842135,text_only_ridge
eastern-province-cys,112,Emdad By Elm,Network Cooperative Training (Network Intern),58.5,52.3169969282889,text_only_ridge
eastern-province-cys,113,AILA,Co-op Training Programme,58.5,53.503386983975545,text_only_ridge
eastern-province-cys,114,Foodics,Foodics 360 Internship Program,48.5,52.98466542041022,text_only_ridge
eastern-province-cys,115,Salla,برنامج التدريب التعاوني (Coop Training) – Salla,58.5,48.65670181608026,text_only_ridge
eastern-province-cys,116,Lucidya,Technical Internship or Coop – Lucidya,63.0,53.06046291650372,text_only_ridge
eastern-province-cys,117,Diriyah Company,Diriyah Co-op Training Program,54.0,50.01450601482514,text_only_ridge
eastern-province-cys,118,Riyadh Air,Co-op – Riyadh Air,54.0,50.11610935814711,text_only_ridge
eastern-province-cys,119,Jahez Group,Jahez Internship Program (as described in Sustainability Report),44.0,49.240223922944935,text_only_ridge
eastern-province-cys,120,Lumi | لومي,COOP Intern 2025 – Lumi,54.0,49.783740788824076,text_only_ridge
eastern-province-cys,121,webook.com,COOP Trainee Opportunities – webook.com,54.0,49.79300403496431,text_only_ridge
eastern-province-cys,122,moneymoon,Tech & AI Co-op Program 2025,63.0,61.808663630403956,text_only_ridge
eastern-province-cys,123,EjadTech - إيجاد التقنية,"Summer Internship Program 2025 (Computer, Data, and AI Majors)",31.0,58.9172140319905,text_only_ridge
eastern-province-cys,124,InnovationTeam,Java Microservices Internship Programme (Saudi Nationals),35.5,57.979286682246105,text_only_ridge
eastern-province-cys,125,Tamkeen Technologies,On the Job Training (Internship Program) — Technology field,48.5,53.38609014045943,text_only_ridge
eastern-province-cys,126,Trendyol Group,Trendyol Tech Talent - Bootcamp & COOP Internship Program (Saudi Students Only),41.0,49.95110834195144,text_only_ridge
eastern-province-cys,127,Ninja نينجا,COOP Training Program,41.0,48.266204955793064,text_only_ridge
eastern-province-cys,128,SCAI | سكاي,CO-OP Training Opportunities (Intern),58.5,64.62936515103712,text_only_ridge
eastern-province-cys,129,WalaPlus,Coop & Tamheer Opportunities,44.5,51.69050311454774,text_only_ridge
eastern-province-cys,130,Aon,IT Co-op Trainee 2026,44.5,51.58661977106114,text_only_ridge
eastern-province-cys,131,Hewlett Packard Enterprise (HPE),College Intern (Coop),44.5,51.21379616790687,text_only_ridge
eastern-province-cys,132,Signify,KSA Coop Internship Program,44.5,51.070608270142515,text_only_ridge
eastern-province-cys,133,Help AG (e& enterprise),Cybersecurity Intern,53.0,49.68450456170858,text_only_ridge
eastern-province-cys,134,TrendAI (Trend Micro),CyberGATE Internship Program,53.0,53.006172500597,text_only_ridge
eastern-province-cys,135,Golf Saudi,IT Co-op Trainee,44.5,51.501495434670666,text_only_ridge
eastern-province-cys,136,Siemens Healthineers,Healthineers Early Talent Program – IT (Riyadh),34.5,50.82747136923049,text_only_ridge
eastern-province-cys,137,1957 Ventures,Internship / Co-Op Program,44.5,52.36104347706078,text_only_ridge
eastern-province-cys,138,Nokia,Graduate Trainee (Saudi Arabia) – Fledgers Program,34.5,54.066289876562024,text_only_ridge
eastern-province-cys,139,Ericsson,Summer Interns (Ericsson Saudi),34.5,47.99426850335796,text_only_ridge
eastern-province-cys,140,Bosch Middle East,Software Development Intern (AI/Cloud),39.0,62.837183517926164,text_only_ridge
eastern-province-cys,141,Saudi Payments | المدفوعات السعودية,COOP Training – August 2024,63.0,54.188833263404824,text_only_ridge
eastern-province-cys,142,Saudi Tadawul Group | تداول,Cooperative Training Program (COOP),63.0,56.3696330095638,text_only_ridge
eastern-province-cys,143,Lean Technologies,Software Engineering Intern – KSA,34.5,62.76476100386654,text_only_ridge
eastern-province-cys,144,Mirai (Scopely) | مِراي,AI Engineering Intern (GenAI),34.5,60.72025826490016,text_only_ridge
eastern-province-cys,145,HungerStation | هنقرستيشن,"Co-OP Trainee, Data Analysis – Info Sec",63.0,64.57032158771797,text_only_ridge
eastern-province-cys,146,NCGR | المركز الوطني لنظم الموارد الحكومية,Coop Training Program,63.0,53.350137219427076,text_only_ridge
eastern-province-cys,147,nybl,nybl Graduate Programme – Saudi Nationals (AI Bootcamp),30.0,42.57338785791954,text_only_ridge
eastern-province-cys,148,Procter & Gamble (P&G),P&G LEADgen Internship Program 2026 (Riyadh),34.5,48.60861092766769,text_only_ridge
eastern-province-cys,149,New Murabba | المربع الجديد,New Murabba Co-op Training Program,58.5,53.49292918159931,text_only_ridge
eastern-province-cys,150,Boeing Saudi Arabia Limited,Intern - Info Technology & Data Analytics (Riyadh),53.0,55.21454139097421,text_only_ridge
eastern-province-cys,151,Motorola Solutions,Deployment Engineer Intern (KSA National - Tamheer Program),68.5,52.540827709614305,text_only_ridge
eastern-province-cys,152,Schneider Electric,Co-op Intern (Engineering) - Al Khobar (Jan–Aug 2026),68.5,51.35057964441106,text_only_ridge
eastern-province-cys,153,Lockheed Martin,Tamheer Space Internship (Riyadh),48.5,49.57918437558718,text_only_ridge
eastern-province-cys,154,Markaba | مركبة,Start-up Software Intern – TAMHEER (Saudi nationals only),45.0,48.896932087981845,text_only_ridge
eastern-province-cys,155,Laverne Group | مجموعة لافيرن,Data Analyst / Data Engineer Intern (IT Department),53.0,60.7675889797983,text_only_ridge
eastern-province-cys,156,Meel | ميل,"Software Developer Internship (Remote, min 2 months)",48.5,53.681058095610744,text_only_ridge
eastern-province-cys,157,Nahdi Medical Co.,IT Internship / COOP Program (6 months),63.5,52.742903730848596,text_only_ridge
eastern-province-cys,158,SMART Technology Solutions | سمارت لحلول التقنية,R&D Intern (Riyadh),48.5,54.39837722787774,text_only_ridge
eastern-province-cys,159,Knodemy Inc.,AI Developer & Tech Trainer Intern - Riyadh,48.5,62.755367850962884,text_only_ridge
eastern-province-cys,160,Water Transmission Company | شركة نقل المياه,Tamheer Internship Program (HRIS / Engineering & PM - Riyadh),48.5,50.69896770469843,text_only_ridge
eastern-province-cys,161,AFNOYS,"AI Automation Intern - KSA (Remote, 4 weeks)",48.5,50.19253895390494,text_only_ridge
eastern-province-cys,162,SAS,CareerStart@SAS 2026 - Presales Customer Intelligence Intern (Riyadh),33.0,51.68347499006608,text_only_ridge
eastern-province-cys,163,Devoteam,Trainee - Future Leaders Program (Co-op/Fresh Graduate),59.5,55.56796107056706,text_only_ridge
eastern-province-cys,164,ضالتي Dhallaty,Tech Intern: Fresh Grad or Student,47.0,51.47262685271966,text_only_ridge
eastern-province-cys,165,Innovative Solutions SA,Presales - Tamheer,49.5,44.68524840529571,text_only_ridge
eastern-province-cys,166,HUMAIN,Tamheer Program (Software Engineer / Cybersecurity / MIS),49.5,48.11670577728995,text_only_ridge
eastern-province-cys,167,TAM | تام,"Tamheer Opportunity, Advisory",5.5,24.481870605090222,text_only_ridge
eastern-province-cys,168,هيئة التأمين | Insurance Authority,Tamheer Opportunity - Specialist of Information Security,49.5,42.863282859425055,text_only_ridge
eastern-province-cys,169,Snbla | سنبله,Paid Internship Program (FinTech),33.0,51.15037719232088,text_only_ridge
eastern-province-cys,170,2P Perfect Presentation,Data Analyst (Tamheer),31.0,43.68878278352166,text_only_ridge
eastern-province-cys,171,Infosys,Summer Intern (Infosys InStep ’26 – Bangalore),33.0,43.3396443984901,text_only_ridge
eastern-province-cys,172,شركة الخدمات المدارة | Managed Services Company,Intern Cybersecurity Engineer,49.5,51.78450349700016,text_only_ridge
eastern-province-cys,173,Abunayyan Holding,Data Analyst (Tamheer),31.0,43.57609450702066,text_only_ridge
remote-only-de,1,Saudi Aramco,University Internship Program (UIP),34.5,41.819021807491275,text_only_ridge
remote-only-de,2,SABIC,COOP Training Program,37.5,40.51124152102772,text_only_ridge
remote-only-de,3,stc (Saudi Telecom Company),Cooperative Training Program (COOP),34.5,45.104124308594436,text_only_ridge
remote-only-de,4,Saudi National Bank (SNB),SNB Cooperative Training Program,44.5,42.10097126946164,text_only_ridge
remote-only-de,5,Al Rajhi Bank,Cooperative Training Program,44.5,40.10815695162309,text_only_ridge
remote-only-de,6,Capital Market Authority (CMA),COOP Program,34.5,42.08495644588061,text_only_ridge
remote-only-de,7,Digital Government Authority (DGA),Maidan Cooperative Training Program,34.5,43.56576172357462,text_only_ridge
remote-only-de,8,KPMG Saudi Arabia,COOP & Internship Programs,44.5,40.90639372268532,text_only_ridge
remote-only-de,9,PwC Middle East,"Deals, COOP and Summer Internship Programme (2026)",34.5,48.44000770746961,text_only_ridge
remote-only-de,10,Deloitte Middle East (KSA),Jusoor Al Sharqiyah Internship Program,34.5,44.25012008163651,text_only_ridge
remote-only-de,11,Bank Albilad,Cooperative & Summer Training Program,44.5,44.56737806171411,text_only_ridge
remote-only-de,12,Tamara,Tamara Builders Program,34.5,50.69015232002499,text_only_ridge
remote-only-de,13,Bupa Arabia,Cooperative Training Program,34.5,38.5964463381731,text_only_ridge
remote-only-de,14,Saudi Exports (Saudi Export Development Authority),COOP & Summer Training (FAQ-confirmed),44.5,38.469159087725025,text_only_ridge
remote-only-de,15,Local Content and Government Procurement Authority (LCGPA),COOP Training (role posting),34.5,44.076398916083434,text_only_ridge
remote-only-de,16,McKinsey & Company (Maqdira),Maqdira Fellowship Program,34.5,46.84689494847396,text_only_ridge
remote-only-de,17,Boston Consulting Group (BCG),Visiting Associate Internship (Riyadh),34.5,43.95200357340774,text_only_ridge
remote-only-de,18,Bain & Company,COOP Training Program (Riyadh),34.5,41.23274010546455,text_only_ridge
remote-only-de,19,Amazon Web Services (AWS),IT/Computer Hardware Internship (Intern-to-FTE Pathway),34.5,49.2972170859065,text_only_ridge
remote-only-de,20,Amazon Web Services (AWS) - Associate Solutions Architect Intern,Associate Solutions Architect Intern (2026),34.5,49.22585735572152,text_only_ridge
remote-only-de,21,Google (Saudi Arabia),Google Careers (Saudi location filter),33.0,44.35769565370301,text_only_ridge
remote-only-de,22,BlackRock,Client & Product Summer Internship Programme (EMEA) - includes Riyadh,44.5,48.95480174303505,text_only_ridge
remote-only-de,23,noon,Student Internship,34.5,38.62761112265891,text_only_ridge
remote-only-de,24,MOZN,Data Science Intern,54.5,56.93201337838527,text_only_ridge
remote-only-de,25,Elm,Elm Co-op Training Program (March 2026 Intake),34.5,43.537973634969475,text_only_ridge
remote-only-de,26,Yasref,Yasref Cooperative Training Program,37.5,45.511515906903014,text_only_ridge
remote-only-de,27,"Saudi Standards, Metrology and Quality Organization (SASO)",Cooperative Training (Collaborative Training),34.5,45.40589509816391,text_only_ridge
remote-only-de,28,"Zakat, Tax and Customs Authority (ZATCA)",Binaa-Alkafaat Program,39.5,36.04630743719184,text_only_ridge
remote-only-de,29,Human Resources Development Fund (HRDF) – Cooperative Training Product,Cooperative Training (HRDF product),25.0,12.058017880967277,text_only_ridge
remote-only-de,30,EXPRO,COOP Training (Future Makers Program),34.5,40.04767641405495,text_only_ridge
remote-only-de,31,Ministry of Industry and Mineral Resources (MIM) – Cooperative Training Initiative,Cooperative Training Initiative,25.0,12.171576494389612,text_only_ridge
remote-only-de,32,TBC (The Beauty Company),Cooperative Training Program,44.5,36.78442459414745,text_only_ridge
remote-only-de,33,National Center for Vegetation Cover Development & Combating Desertification (NCVC),COOP Training Program,34.5,40.059852634262796,text_only_ridge
remote-only-de,34,Saudi Power Procurement Company (SPPC),Future Power – COOP Training Program,34.5,40.889602828297114,text_only_ridge
remote-only-de,35,TBC (Tatweer Building Company),Cooperative Training Program,34.5,42.84900452269234,text_only_ridge
remote-only-de,36,PwC Middle East (Assurance COOP & Summer Internship Programme 2026),"Assurance, COOP and Summer Internship Programme 2026 – Middle East",34.5,49.5640577450107,text_only_ridge
remote-only-de,37,KAPSARC,Intern (Coop- Trainee),34.5,50.17659984165164,text_only_ridge
remote-only-de,38,BSF (Banque Saudi Fransi),COOP / Internship,34.5,41.345472951523874,text_only_ridge
remote-only-de,39,Saudi Food & Drug Authority (SFDA),COOP training (First semester 2025-2026 intake),44.5,51.2647655551622,text_only_ridge
remote-only-de,40,Saudi Power Procurement Company (SPPC) – Future Power (Business Admin COOP),Future Power – Business Administration COOP Training Program,34.5,42.59022723103763,text_only_ridge
remote-only-de,41,Bank Albilad,Cooperative and Summer Training Program,34.5,43.70527484588541,text_only_ridge
remote-only-de,42,The Saudi National Bank (SNB),SNB Rowad Program,29.5,37.51410355777794,text_only_ridge
remote-only-de,43,National Cybersecurity Authority (NCA) – Academy,Cybersecurity training programs (academy),39.5,45.90177424186729,text_only_ridge
remote-only-de,44,PIF | Graduate Development Program,Graduate Development Program (GDP),39.5,46.37875067117776,text_only_ridge
remote-only-de,45,NEOM | GrOW (Graduates Opportunities in Work),GrOW (Graduates Opportunities in Work),41.0,42.02399302177719,text_only_ridge
remote-only-de,46,ROSHN | COOP Trainee Program,COOP Trainee Program,34.5,41.91306965554611,text_only_ridge
remote-only-de,47,Microsoft | Ru'aa Program (Riyadh),Ru'aa Program Internship (Solution Engineering),34.5,51.41597362874085,text_only_ridge
remote-only-de,48,Oracle | Business Development Intern (KSA market),Business Development Intern (KSA market),46.0,38.71252638120056,text_only_ridge
remote-only-de,49,SAP | Student Internship (Riyadh),Student Internship - Riyadh,34.5,41.989853248750094,text_only_ridge
remote-only-de,50,SAB (Saudi Awwal Bank) | Cooperative Training Programme (COOP),SAB Cooperative Training Programme (COOP),34.5,40.81695763717048,text_only_ridge
remote-only-de,51,Ministry of Finance (Saudi Arabia) | Cooperative Training Program,Cooperative Training Program,36.0,41.41526371757973,text_only_ridge
remote-only-de,52,Ministry of Industry and Mineral Resources | Cooperative Training,Cooperative Training Initiative,46.0,40.67191664685261,text_only_ridge
remote-only-de,53,King Fahd Causeway Authority | Internship Program,Internship Program,41.0,42.843164404430155,text_only_ridge
remote-only-de,54,Tawuniya | Tamheer Program (Fresh Graduates),Tamheer Program,32.5,47.69219309709507,text_only_ridge
remote-only-de,55,SAMA | SAMA Professional Program (SPP),SAMA Professional Program (SPP),31.0,37.01980118856368,text_only_ridge
remote-only-de,56,HRDF | Cooperative Training Product,Cooperative Training Product,46.0,39.56707678325975,text_only_ridge
remote-only-de,57,IBM,"Automation, Data & AI – Intern",36.0,51.4102334186764,text_only_ridge
remote-only-de,58,Unifonic,Internship (Unifonic),34.5,47.40273954354647,text_only_ridge
remote-only-de,59,Misk Foundation,Misk Traineeship / Internship Program,32.5,43.260259946673315,text_only_ridge
remote-only-de,60,Cisco,Cisco NetVersity (Saudi Arabia),42.5,47.73503069207754,text_only_ridge
remote-only-de,61,KAUST,Visiting Student Research Program (VSRP) Internship,34.5,39.977331821247866,text_only_ridge
remote-only-de,62,General Authority for Statistics (GASTAT),Cooperative Training Program,44.5,53.28843828790248,text_only_ridge
remote-only-de,63,Saudi Center for Opinion Polling (SCOP),Cooperative Training Program,44.5,53.6231813985114,text_only_ridge
remote-only-de,64,Al Rajhi Takaful,Cooperative Training Program,34.5,47.91514800013918,text_only_ridge
remote-only-de,65,Expenditure & Projects Efficiency Authority (EXPRO),Future Makers (صنّاع المستقبل) – Cooperative Training,34.5,45.51930007297599,text_only_ridge
remote-only-de,66,Ministry of Finance (Saudi Arabia),Cooperative Training Program (Ministry of Finance),34.5,46.16929109743201,text_only_ridge
remote-only-de,67,General Entertainment Authority (GEA),GEA Cooperative Training Program,34.5,45.767967478677214,text_only_ridge
remote-only-de,68,Banque Saudi Fransi (BSF),COOP Training,34.5,47.57022543045578,text_only_ridge
remote-only-de,69,Arab National Bank (ANB),COOP Trainee,34.5,46.36508725777163,text_only_ridge
remote-only-de,70,Tamara,Builders Program,34.5,46.14118249956407,text_only_ridge
remote-only-de,71,OmniOps,Co‑op Training Program,34.5,53.21096246761242,text_only_ridge
remote-only-de,72,Tatweer Educational Technologies (TETCO),Cooperative Training Program,34.5,52.592741962908526,text_only_ridge
remote-only-de,73,The Saudi Investment Bank (SAIB),Cooperative Program,34.5,47.181322986849246,text_only_ridge
remote-only-de,74,Saudi Awwal Bank (SAB),COOP Program,34.5,46.36435943117477,text_only_ridge
remote-only-de,75,Riyad Bank,Internships and Coop Trainings (CSR 2019),34.5,46.81502859693998,text_only_ridge
remote-only-de,76,Tabby,Intern DevOps Engineer,44.5,50.601135181547185,text_only_ridge
remote-only-de,77,Tabby,Intern Backend (GO) Engineer,54.5,56.09517753034409,text_only_ridge
remote-only-de,78,Tabby,Intern Frontend Engineer,34.5,51.310798142136,text_only_ridge
remote-only-de,79,Tabby,Intern Data Engineer,54.5,61.91204565762103,text_only_ridge
remote-only-de,80,Tabby,No-Code / AI Agents Engineering Intern,34.5,51.15951693790991,text_only_ridge
remote-only-de,81,Bank Albilad,Cooperative Training Program,44.5,45.551398619729,text_only_ridge
remote-only-de,82,Saudi Ground Services (SGS),COOP Program,34.5,41.44995980730465,text_only_ridge
remote-only-de,83,CEER,Cooperative Training Program (COOP),34.5,43.958154014860796,text_only_ridge
remote-only-de,84,Al Rajhi Takaful,Coop Training Program,34.5,47.132295031621545,text_only_ridge
remote-only-de,85,TAWAL,COOP Training Program,34.5,52.309158968223194,text_only_ridge
remote-only-de,86,Wakeb_Data,COOP Training,34.5,52.704114060271536,text_only_ridge
remote-only-de,87,Banque Saudi Fransi (BSF),Coop Training Program,34.5,46.98652755069042,text_only_ridge
remote-only-de,88,Tech Economy,COOP Training Program,34.5,47.032057463744835,text_only_ridge
remote-only-de,89,SAMI Advanced Electronics (SAMI-AEC),Coop Trainee,34.5,48.14365506539321,text_only_ridge
remote-only-de,90,NHC,COOP Trainee,44.5,44.741373402990064,text_only_ridge
remote-only-de,91,REMAT ADVANCED,Cooperative Training Program,34.5,51.83879115249127,text_only_ridge
remote-only-de,92,SDM,AI COOP,44.5,58.682164595568075,text_only_ridge
remote-only-de,93,HUED,HUED COOP Program 2026,34.5,53.097154725211595,text_only_ridge
remote-only-de,94,Araamis • أرامس,Araamis COOP Program 2026,34.5,52.671046052610805,text_only_ridge
remote-only-de,95,ARDARA,COOP Training for Students,34.5,45.05996130468759,text_only_ridge
remote-only-de,96,flynas,COOP Trainee / Internship Program,34.5,48.671014920020696,text_only_ridge
remote-only-de,97,Saudi Motorsport Company (SMC),COOP Trainee (IT Asset Project Management),34.5,48.052814870407914,text_only_ridge
remote-only-de,98,Saudi Motorsport Company (SMC),COOP Trainee (Supply Chain Excellence Associate),34.5,49.403217148210416,text_only_ridge
remote-only-de,99,Mobily,Cooperative Training Program,34.5,47.27739809902417,text_only_ridge
remote-only-de,100,Saudi Awwal Bank (SAB),Student Opportunities: Cooperative / Practical Training,34.5,47.18050618553528,text_only_ridge
remote-only-de,101,Alvarez & Marsal,COOP Training Program,34.5,46.67901154232274,text_only_ridge
remote-only-de,102,Visa,COOP Trainee (Jan 2026),34.5,47.32470860988533,text_only_ridge
remote-only-de,103,Zain KSA,Evolve Program (Fresh Graduates),29.5,41.414124284991814,text_only_ridge
remote-only-de,104,Zain KSA,Zain Pioneers Program,29.5,46.783635945407,text_only_ridge
remote-only-de,105,Savvy Games Group,Cooperative Training Program (Co-op),34.5,47.91831739291595,text_only_ridge
remote-only-de,106,Bank AlJazira,Tamheer Program,29.5,40.13572751936408,text_only_ridge
remote-only-de,107,sirar by stc,Cooperative Training Program,34.5,54.454216738132175,text_only_ridge
remote-only-de,108,Gathern,Co-op Program,34.5,53.82282130212425,text_only_ridge
remote-only-de,109,Elm Company (شركة علم),Coop Training - Computer Science (Jan/Mar/Jun/Aug 2025 Intake),34.5,51.56768457158162,text_only_ridge
remote-only-de,110,Elm Company (شركة علم),Co-Op Training - Information Technology (Jun & Aug 2025 Intake),34.5,51.30584328154699,text_only_ridge
remote-only-de,111,EJADA,COOP Administration & Support Engineer,34.5,47.612462822045856,text_only_ridge
remote-only-de,112,Emdad By Elm,Network Cooperative Training (Network Intern),34.5,49.616477833525984,text_only_ridge
remote-only-de,113,AILA,Co-op Training Programme,44.5,49.58693418272391,text_only_ridge
remote-only-de,114,Foodics,Foodics 360 Internship Program,34.5,49.44806388230951,text_only_ridge
remote-only-de,115,Salla,برنامج التدريب التعاوني (Coop Training) – Salla,34.5,46.2628183977651,text_only_ridge
remote-only-de,116,Lucidya,Technical Internship or Coop – Lucidya,34.5,50.10070457725054,text_only_ridge
remote-only-de,117,Diriyah Company,Diriyah Co-op Training Program,34.5,47.022957778901585,text_only_ridge
remote-only-de,118,Riyadh Air,Co-op – Riyadh Air,34.5,46.90104232640661,text_only_ridge
remote-only-de,119,Jahez Group,Jahez Internship Program (as described in Sustainability Report),34.5,45.775014889063584,text_only_ridge
remote-only-de,120,Lumi | لومي,COOP Intern 2025 – Lumi,34.5,45.832758206250176,text_only_ridge
remote-only-de,121,webook.com,COOP Trainee Opportunities – webook.com,34.5,45.69902105022146,text_only_ridge
remote-only-de,122,moneymoon,Tech & AI Co-op Program 2025,44.5,59.24784340125205,text_only_ridge
remote-only-de,123,EjadTech - إيجاد التقنية,"Summer Internship Program 2025 (Computer, Data, and AI Majors)",46.0,56.64031136522858,text_only_ridge
remote-only-de,124,InnovationTeam,Java Microservices Internship Programme (Saudi Nationals),46.0,55.94351410238019,text_only_ridge
remote-only-de,125,Tamkeen Technologies,On the Job Training (Internship Program) — Technology field,34.5,49.675743166143064,text_only_ridge
remote-only-de,126,Trendyol Group,Trendyol Tech Talent - Bootcamp & COOP Internship Program (Saudi Students Only),36.0,47.53755886803534,text_only_ridge
remote-only-de,127,Ninja نينجا,COOP Training Program,36.0,45.02773520867983,text_only_ridge
remote-only-de,128,SCAI | سكاي,CO-OP Training Opportunities (Intern),44.5,61.39672849705131,text_only_ridge
remote-only-de,129,WalaPlus,Coop & Tamheer Opportunities,34.5,48.066772806303774,text_only_ridge
remote-only-de,130,Aon,IT Co-op Trainee 2026,34.5,48.333231584233516,text_only_ridge
remote-only-de,131,Hewlett Packard Enterprise (HPE),College Intern (Coop),34.5,47.94789635911948,text_only_ridge
remote-only-de,132,Signify,KSA Coop Internship Program,34.5,47.04011444755969,text_only_ridge
remote-only-de,133,Help AG (e& enterprise),Cybersecurity Intern,34.5,46.14067599428239,text_only_ridge
remote-only-de,134,TrendAI (Trend Micro),CyberGATE Internship Program,34.5,50.00265292388974,text_only_ridge
remote-only-de,135,Golf Saudi,IT Co-op Trainee,34.5,48.27369058733565,text_only_ridge
remote-only-de,136,Siemens Healthineers,Healthineers Early Talent Program – IT (Riyadh),34.5,48.101756336479916,text_only_ridge
remote-only-de,137,1957 Ventures,Internship / Co-Op Program,34.5,48.88827091141036,text_only_ridge
remote-only-de,138,Nokia,Graduate Trainee (Saudi Arabia) – Fledgers Program,39.5,51.30479863721706,text_only_ridge
remote-only-de,139,Ericsson,Summer Interns (Ericsson Saudi),34.5,44.5730197024544,text_only_ridge
remote-only-de,140,Bosch Middle East,Software Development Intern (AI/Cloud),44.5,60.14267702918629,text_only_ridge
remote-only-de,141,Saudi Payments | المدفوعات السعودية,COOP Training – August 2024,34.5,50.41880592395282,text_only_ridge
remote-only-de,142,Saudi Tadawul Group | تداول,Cooperative Training Program (COOP),34.5,52.57655869985169,text_only_ridge
remote-only-de,143,Lean Technologies,Software Engineering Intern – KSA,54.5,60.26884574643631,text_only_ridge
remote-only-de,144,Mirai (Scopely) | مِراي,AI Engineering Intern (GenAI),44.5,57.902436525078706,text_only_ridge
remote-only-de,145,HungerStation | هنقرستيشن,"Co-OP Trainee, Data Analysis – Info Sec",54.5,62.353332138900676,text_only_ridge
remote-only-de,146,NCGR | المركز الوطني لنظم الموارد الحكومية,Coop Training Program,34.5,49.88929769575579,text_only_ridge
remote-only-de,147,nybl,nybl Graduate Programme – Saudi Nationals (AI Bootcamp),29.5,39.45332404281725,text_only_ridge
remote-only-de,148,Procter & Gamble (P&G),P&G LEADgen Internship Program 2026 (Riyadh),34.5,45.08110923939689,text_only_ridge
remote-only-de,149,New Murabba | المربع الجديد,New Murabba Co-op Training Program,34.5,50.71012738999345,text_only_ridge
remote-only-de,150,Boeing Saudi Arabia Limited,Intern - Info Technology & Data Analytics (Riyadh),34.5,52.25266581786164,text_only_ridge
remote-only-de,151,Motorola Solutions,Deployment Engineer Intern (KSA National - Tamheer Program),34.5,49.43339238855404,text_only_ridge
remote-only-de,152,Schneider Electric,Co-op Intern (Engineering) - Al Khobar (Jan–Aug 2026),34.5,47.73473420701062,text_only_ridge
remote-only-de,153,Lockheed Martin,Tamheer Space Internship (Riyadh),34.5,45.600348379348134,text_only_ridge
remote-only-de,154,Markaba | مركبة,Start-up Software Intern – TAMHEER (Saudi nationals only),36.0,46.03087048236698,text_only_ridge
remote-only-de,155,Laverne Group | مجموعة لافيرن,Data Analyst / Data Engineer Intern (IT Department),44.5,58.44112493178519,text_only_ridge
remote-only-de,156,Meel | ميل,"Software Developer Internship (Remote, min 2 months)",49.5,50.52854400214669,text_only_ridge
remote-only-de,157,Nahdi Medical Co.,IT Internship / COOP Program (6 months),44.5,49.37161763413164,text_only_ridge
remote-only-de,158,SMART Technology Solutions | سمارت لحلول التقنية,R&D Intern (Riyadh),34.5,50.52844162897611,text_only_ridge
remote-only-de,159,Knodemy Inc.,AI Developer & Tech Trainer Intern - Riyadh,44.5,59.85899726631691,text_only_ridge
remote-only-de,160,Water Transmission Company | شركة نقل المياه,Tamheer Internship Program (HRIS / Engineering & PM - Riyadh),34.5,48.18115653638108,text_only_ridge
remote-only-de,161,AFNOYS,"AI Automation Intern - KSA (Remote, 4 weeks)",49.5,47.31677538645977,text_only_ridge
remote-only-de,162,SAS,CareerStart@SAS 2026 - Presales Customer Intelligence Intern (Riyadh),38.0,48.98274239475672,text_only_ridge
remote-only-de,163,Devoteam,Trainee - Future Leaders Program (Co-op/Fresh Graduate),36.0,52.236798145900416,text_only_ridge
remote-only-de,164,ضالتي Dhallaty,Tech Intern: Fresh Grad or Student,38.0,48.516987289786655,text_only_ridge
remote-only-de,165,Innovative Solutions SA,Presales - Tamheer,36.0,41.16858199758884,text_only_ridge
remote-only-de,166,HUMAIN,Tamheer Program (Software Engineer / Cybersecurity / MIS),36.0,43.97545285618789,text_only_ridge
remote-only-de,167,TAM | تام,"Tamheer Opportunity, Advisory",15.0,20.21527524371527,text_only_ridge
remote-only-de,168,هيئة التأمين | Insurance Authority,Tamheer Opportunity - Specialist of Information Security,36.0,39.93293103266611,text_only_ridge
remote-only-de,169,Snbla | سنبله,Paid Internship Program (FinTech),38.0,47.68392155695052,text_only_ridge
remote-only-de,170,2P Perfect Presentation,Data Analyst (Tamheer),36.0,39.96810936814957,text_only_ridge
remote-only-de,171,Infosys,Summer Intern (Infosys InStep ’26 – Bangalore),37.5,39.666225071751,text_only_ridge
remote-only-de,172,شركة الخدمات المدارة | Managed Services Company,Intern Cybersecurity Engineer,36.0,48.006786362169834,text_only_ridge
remote-only-de,173,Abunayyan Holding,Data Analyst (Tamheer),36.0,39.598093695646405,text_only_ridge
no-interview-ft,1,Saudi Aramco,University Internship Program (UIP),29.5,45.56005685150646,text_only_ridge
no-interview-ft,2,SABIC,COOP Training Program,32.5,45.82231183572701,text_only_ridge
no-interview-ft,3,stc (Saudi Telecom Company),Cooperative Training Program (COOP),39.5,49.43968800496984,text_only_ridge
no-interview-ft,4,Saudi National Bank (SNB),SNB Cooperative Training Program,34.5,46.070796984603675,text_only_ridge
no-interview-ft,5,Al Rajhi Bank,Cooperative Training Program,34.5,45.11870559435452,text_only_ridge
no-interview-ft,6,Capital Market Authority (CMA),COOP Program,39.5,47.063692185231375,text_only_ridge
no-interview-ft,7,Digital Government Authority (DGA),Maidan Cooperative Training Program,39.5,49.17808354908916,text_only_ridge
no-interview-ft,8,KPMG Saudi Arabia,COOP & Internship Programs,34.5,45.31681562946148,text_only_ridge
no-interview-ft,9,PwC Middle East,"Deals, COOP and Summer Internship Programme (2026)",39.5,51.688246558295695,text_only_ridge
no-interview-ft,10,Deloitte Middle East (KSA),Jusoor Al Sharqiyah Internship Program,39.5,48.013962506270005,text_only_ridge
no-interview-ft,11,Bank Albilad,Cooperative & Summer Training Program,34.5,49.06157209290846,text_only_ridge
no-interview-ft,12,Tamara,Tamara Builders Program,39.5,55.107123309817,text_only_ridge
no-interview-ft,13,Bupa Arabia,Cooperative Training Program,39.5,44.03432211672849,text_only_ridge
no-interview-ft,14,Saudi Exports (Saudi Export Development Authority),COOP & Summer Training (FAQ-confirmed),34.5,43.06234046980326,text_only_ridge
no-interview-ft,15,Local Content and Government Procurement Authority (LCGPA),COOP Training (role posting),39.5,46.10947855270702,text_only_ridge
no-interview-ft,16,McKinsey & Company (Maqdira),Maqdira Fellowship Program,39.5,51.205522872240614,text_only_ridge
no-interview-ft,17,Boston Consulting Group (BCG),Visiting Associate Internship (Riyadh),39.5,48.38827358444665,text_only_ridge
no-interview-ft,18,Bain & Company,COOP Training Program (Riyadh),39.5,46.71071338737399,text_only_ridge
no-interview-ft,19,Amazon Web Services (AWS),IT/Computer Hardware Internship (Intern-to-FTE Pathway),49.5,52.62107327119342,text_only_ridge
no-interview-ft,20,Amazon Web Services (AWS) - Associate Solutions Architect Intern,Associate Solutions Architect Intern (2026),49.5,52.07055114891194,text_only_ridge
no-interview-ft,21,Google (Saudi Arabia),Google Careers (Saudi location filter),39.5,48.40395553457569,text_only_ridge
no-interview-ft,22,BlackRock,Client & Product Summer Internship Programme (EMEA) - includes Riyadh,69.5,52.764205107502406,text_only_ridge
no-interview-ft,23,noon,Student Internship,49.5,45.39296896235975,text_only_ridge
no-interview-ft,24,MOZN,Data Science Intern,69.5,62.47212145286718,text_only_ridge
no-interview-ft,25,Elm,Elm Co-op Training Program (March 2026 Intake),39.5,47.48583210841714,text_only_ridge
no-interview-ft,26,Yasref,Yasref Cooperative Training Program,32.5,50.01409015666355,text_only_ridge
no-interview-ft,27,"Saudi Standards, Metrology and Quality Organization (SASO)",Cooperative Training (Collaborative Training),39.5,50.54798843541564,text_only_ridge
no-interview-ft,28,"Zakat, Tax and Customs Authority (ZATCA)",Binaa-Alkafaat Program,34.5,40.14349052686378,text_only_ridge
no-interview-ft,29,Human Resources Development Fund (HRDF) – Cooperative Training Product,Cooperative Training (HRDF product),15.0,15.627639022162384,text_only_ridge
no-interview-ft,30,EXPRO,COOP Training (Future Makers Program),39.5,44.74046995734026,text_only_ridge
no-interview-ft,31,Ministry of Industry and Mineral Resources (MIM) – Cooperative Training Initiative,Cooperative Training Initiative,15.0,15.87462023518848,text_only_ridge
no-interview-ft,32,TBC (The Beauty Company),Cooperative Training Program,34.5,42.280831721332845,text_only_ridge
no-interview-ft,33,National Center for Vegetation Cover Development & Combating Desertification (NCVC),COOP Training Program,39.5,44.655679249196155,text_only_ridge
no-interview-ft,34,Saudi Power Procurement Company (SPPC),Future Power – COOP Training Program,39.5,44.8411655759046,text_only_ridge
no-interview-ft,35,TBC (Tatweer Building Company),Cooperative Training Program,39.5,47.47809836920484,text_only_ridge
no-interview-ft,36,PwC Middle East (Assurance COOP & Summer Internship Programme 2026),"Assurance, COOP and Summer Internship Programme 2026 – Middle East",39.5,52.3267443666025,text_only_ridge
no-interview-ft,37,KAPSARC,Intern (Coop- Trainee),39.5,54.32709386756331,text_only_ridge
no-interview-ft,38,BSF (Banque Saudi Fransi),COOP / Internship,29.5,45.589546494523134,text_only_ridge
no-interview-ft,39,Saudi Food & Drug Authority (SFDA),COOP training (First semester 2025-2026 intake),34.5,52.050684195562155,text_only_ridge
no-interview-ft,40,Saudi Power Procurement Company (SPPC) – Future Power (Business Admin COOP),Future Power – Business Administration COOP Training Program,39.5,45.66600485736385,text_only_ridge
no-interview-ft,41,Bank Albilad,Cooperative and Summer Training Program,39.5,48.9568078687748,text_only_ridge
no-interview-ft,42,The Saudi National Bank (SNB),SNB Rowad Program,39.5,41.821296172817455,text_only_ridge
no-interview-ft,43,National Cybersecurity Authority (NCA) – Academy,Cybersecurity training programs (academy),44.5,50.58296022810392,text_only_ridge
no-interview-ft,44,PIF | Graduate Development Program,Graduate Development Program (GDP),59.5,50.007814709421396,text_only_ridge
no-interview-ft,45,NEOM | GrOW (Graduates Opportunities in Work),GrOW (Graduates Opportunities in Work),36.0,44.89550947709796,text_only_ridge
no-interview-ft,46,ROSHN | COOP Trainee Program,COOP Trainee Program,39.5,46.946300126037194,text_only_ridge
no-interview-ft,47,Microsoft | Ru'aa Program (Riyadh),Ru'aa Program Internship (Solution Engineering),49.5,54.13479459464699,text_only_ridge
no-interview-ft,48,Oracle | Business Development Intern (KSA market),Business Development Intern (KSA market),46.0,41.656159197250275,text_only_ridge
no-interview-ft,49,SAP | Student Internship (Riyadh),Student Internship - Riyadh,49.5,46.47778427267668,text_only_ridge
no-interview-ft,50,SAB (Saudi Awwal Bank) | Cooperative Training Programme (COOP),SAB Cooperative Training Programme (COOP),39.5,45.06490352223422,text_only_ridge
no-interview-ft,51,Ministry of Finance (Saudi Arabia) | Cooperative Training Program,Cooperative Training Program,41.0,45.632440077706654,text_only_ridge
no-interview-ft,52,Ministry of Industry and Mineral Resources | Cooperative Training,Cooperative Training Initiative,36.0,44.56642904241701,text_only_ridge
no-interview-ft,53,King Fahd Causeway Authority | Internship Program,Internship Program,46.0,47.643040448098226,text_only_ridge
no-interview-ft,54,Tawuniya | Tamheer Program (Fresh Graduates),Tamheer Program,42.5,51.464059222456996,text_only_ridge
no-interview-ft,55,SAMA | SAMA Professional Program (SPP),SAMA Professional Program (SPP),41.0,40.2787050814899,text_only_ridge
no-interview-ft,56,HRDF | Cooperative Training Product,Cooperative Training Product,36.0,43.0581313133836,text_only_ridge
no-interview-ft,57,IBM,"Automation, Data & AI – Intern",51.0,54.67130918809724,text_only_ridge
no-interview-ft,58,Unifonic,Internship (Unifonic),49.5,52.62773977887159,text_only_ridge
no-interview-ft,59,Misk Foundation,Misk Traineeship / Internship Program,42.5,47.121357154406475,text_only_ridge
no-interview-ft,60,Cisco,Cisco NetVersity (Saudi Arabia),37.5,51.60077107809077,text_only_ridge
no-interview-ft,61,KAUST,Visiting Student Research Program (VSRP) Internship,39.5,44.76688929834325,text_only_ridge
no-interview-ft,62,General Authority for Statistics (GASTAT),Cooperative Training Program,59.5,57.77329664942168,text_only_ridge
no-interview-ft,63,Saudi Center for Opinion Polling (SCOP),Cooperative Training Program,59.5,58.07769571759404,text_only_ridge
no-interview-ft,64,Al Rajhi Takaful,Cooperative Training Program,39.5,51.73100504065738,text_only_ridge
no-interview-ft,65,Expenditure & Projects Efficiency Authority (EXPRO),Future Makers (صنّاع المستقبل) – Cooperative Training,39.5,49.64937573853845,text_only_ridge
no-interview-ft,66,Ministry of Finance (Saudi Arabia),Cooperative Training Program (Ministry of Finance),39.5,50.06846566727002,text_only_ridge
no-interview-ft,67,General Entertainment Authority (GEA),GEA Cooperative Training Program,39.5,49.69028308097902,text_only_ridge
no-interview-ft,68,Banque Saudi Fransi (BSF),COOP Training,39.5,51.62207687603196,text_only_ridge
no-interview-ft,69,Arab National Bank (ANB),COOP Trainee,39.5,51.29230075630471,text_only_ridge
no-interview-ft,70,Tamara,Builders Program,39.5,51.65494429308262,text_only_ridge
no-interview-ft,71,OmniOps,Co‑op Training Program,39.5,57.603543479699034,text_only_ridge
no-interview-ft,72,Tatweer Educational Technologies (TETCO),Cooperative Training Program,39.5,57.636941015094024,text_only_ridge
no-interview-ft,73,The Saudi Investment Bank (SAIB),Cooperative Program,39.5,51.716123632400624,text_only_ridge
no-interview-ft,74,Saudi Awwal Bank (SAB),COOP Program,39.5,51.52318321337909,text_only_ridge
no-interview-ft,75,Riyad Bank,Internships and Coop Trainings (CSR 2019),39.5,51.607300819829476,text_only_ridge
no-interview-ft,76,Tabby,Intern DevOps Engineer,49.5,54.229408564362906,text_only_ridge
no-interview-ft,77,Tabby,Intern Backend (GO) Engineer,69.5,59.51477233694782,text_only_ridge
no-interview-ft,78,Tabby,Intern Frontend Engineer,49.5,55.35451236393572,text_only_ridge
no-interview-ft,79,Tabby,Intern Data Engineer,69.5,65.70297252000543,text_only_ridge
no-interview-ft,80,Tabby,No-Code / AI Agents Engineering Intern,49.5,54.67222274184915,text_only_ridge
no-interview-ft,81,Bank Albilad,Cooperative Training Program,34.5,49.95669719474634,text_only_ridge
no-interview-ft,82,Saudi Ground Services (SGS),COOP Program,29.5,45.93098907369734,text_only_ridge
no-interview-ft,83,CEER,Cooperative Training Program (COOP),39.5,49.204884603927596,text_only_ridge
no-interview-ft,84,Al Rajhi Takaful,Coop Training Program,39.5,51.61704503666528,text_only_ridge
no-interview-ft,85,TAWAL,COOP Training Program,39.5,56.78805580398245,text_only_ridge
no-interview-ft,86,Wakeb_Data,COOP Training,39.5,56.24471138969727,text_only_ridge
no-interview-ft,87,Banque Saudi Fransi (BSF),Coop Training Program,39.5,51.70563774653838,text_only_ridge
no-interview-ft,88,Tech Economy,COOP Training Program,39.5,51.65212665308256,text_only_ridge
no-interview-ft,89,SAMI Advanced Electronics (SAMI-AEC),Coop Trainee,39.5,52.12445837626749,text_only_ridge
no-interview-ft,90,NHC,COOP Trainee,34.5,50.11556560757447,text_only_ridge
no-interview-ft,91,REMAT ADVANCED,Cooperative Training Program,39.5,55.98220075229519,text_only_ridge
no-interview-ft,92,SDM,AI COOP,39.5,62.43092122432814,text_only_ridge
no-interview-ft,93,HUED,HUED COOP Program 2026,39.5,56.71446720315904,text_only_ridge
no-interview-ft,94,Araamis • أرامس,Araamis COOP Program 2026,39.5,56.01340531811417,text_only_ridge
no-interview-ft,95,ARDARA,COOP Training for Students,39.5,49.627027833612345,text_only_ridge
no-interview-ft,96,flynas,COOP Trainee / Internship Program,39.5,53.508484384235956,text_only_ridge
no-interview-ft,97,Saudi Motorsport Company (SMC),COOP Trainee (IT Asset Project Management),29.5,50.99165896538977,text_only_ridge
no-interview-ft,98,Saudi Motorsport Company (SMC),COOP Trainee (Supply Chain Excellence Associate),29.5,52.48261249741808,text_only_ridge
no-interview-ft,99,Mobily,Cooperative Training Program,39.5,51.71843457589573,text_only_ridge
no-interview-ft,100,Saudi Awwal Bank (SAB),Student Opportunities: Cooperative / Practical Training,39.5,51.66846759920392,text_only_ridge
no-interview-ft,101,Alvarez & Marsal,COOP Training Program,39.5,51.664194943677366,text_only_ridge
no-interview-ft,102,Visa,COOP Trainee (Jan 2026),39.5,50.723081322625994,text_only_ridge
no-interview-ft,103,Zain KSA,Evolve Program (Fresh Graduates),39.5,45.88648234841445,text_only_ridge
no-interview-ft,104,Zain KSA,Zain Pioneers Program,39.5,50.2418304437616,text_only_ridge
no-interview-ft,105,Savvy Games Group,Cooperative Training Program (Co-op),39.5,51.95289264341514,text_only_ridge
no-interview-ft,106,Bank AlJazira,Tamheer Program,39.5,43.94424335952026,text_only_ridge
no-interview-ft,107,sirar by stc,Cooperative Training Program,39.5,58.01444557703399,text_only_ridge
no-interview-ft,108,Gathern,Co-op Program,39.5,57.35475481462773,text_only_ridge
no-interview-ft,109,Elm Company (شركة علم),Coop Training - Computer Science (Jan/Mar/Jun/Aug 2025 Intake),39.5,54.61506211413858,text_only_ridge
no-interview-ft,110,Elm Company (شركة علم),Co-Op Training - Information Technology (Jun & Aug 2025 Intake),39.5,54.48030662165415,text_only_ridge
no-interview-ft,111,EJADA,COOP Administration & Support Engineer,39.5,51.33831827663647,text_only_ridge
no-interview-ft,112,Emdad By Elm,Network Cooperative Training (Network Intern),29.5,52.478060239686,text_only_ridge
no-interview-ft,113,AILA,Co-op Training Programme,39.5,53.74836565639578,text_only_ridge
no-interview-ft,114,Foodics,Foodics 360 Internship Program,49.5,53.20040021829158,text_only_ridge
no-interview-ft,115,Salla,برنامج التدريب التعاوني (Coop Training) – Salla,29.5,48.77393248864558,text_only_ridge
no-interview-ft,116,Lucidya,Technical Internship or Coop – Lucidya,29.5,53.24404302716239,text_only_ridge
no-interview-ft,117,Diriyah Company,Diriyah Co-op Training Program,39.5,50.153579270839856,text_only_ridge
no-interview-ft,118,Riyadh Air,Co-op – Riyadh Air,39.5,50.27990446893912,text_only_ridge
no-interview-ft,119,Jahez Group,Jahez Internship Program (as described in Sustainability Report),49.5,49.40039729203818,text_only_ridge
no-interview-ft,120,Lumi | لومي,COOP Intern 2025 – Lumi,39.5,49.91004542945493,text_only_ridge
no-interview-ft,121,webook.com,COOP Trainee Opportunities – webook.com,39.5,49.91225842071535,text_only_ridge
no-interview-ft,122,moneymoon,Tech & AI Co-op Program 2025,39.5,62.14605358767193,text_only_ridge
no-interview-ft,123,EjadTech - إيجاد التقنية,"Summer Internship Program 2025 (Computer, Data, and AI Majors)",51.0,59.132036166867735,text_only_ridge
no-interview-ft,124,InnovationTeam,Java Microservices Internship Programme (Saudi Nationals),71.0,58.16405777292293,text_only_ridge
no-interview-ft,125,Tamkeen Technologies,On the Job Training (Internship Program) — Technology field,49.5,53.75771982250846,text_only_ridge
no-interview-ft,126,Trendyol Group,Trendyol Tech Talent - Bootcamp & COOP Internship Program (Saudi Students Only),41.0,50.08514526762018,text_only_ridge
no-interview-ft,127,Ninja نينجا,COOP Training Program,41.0,48.3724274190544,text_only_ridge
no-interview-ft,128,SCAI | سكاي,CO-OP Training Opportunities (Intern),39.5,65.0764892611938,text_only_ridge
no-interview-ft,129,WalaPlus,Coop & Tamheer Opportunities,39.5,51.83783859967215,text_only_ridge
no-interview-ft,130,Aon,IT Co-op Trainee 2026,39.5,51.75247182927877,text_only_ridge
no-interview-ft,131,Hewlett Packard Enterprise (HPE),College Intern (Coop),39.5,51.425646871073575,text_only_ridge
no-interview-ft,132,Signify,KSA Coop Internship Program,39.5,51.1441249398649,text_only_ridge
no-interview-ft,133,Help AG (e& enterprise),Cybersecurity Intern,49.5,49.646986868980825,text_only_ridge
no-interview-ft,134,TrendAI (Trend Micro),CyberGATE Internship Program,49.5,53.18367599979312,text_only_ridge
no-interview-ft,135,Golf Saudi,IT Co-op Trainee,39.5,51.670411334875325,text_only_ridge
no-interview-ft,136,Siemens Healthineers,Healthineers Early Talent Program – IT (Riyadh),49.5,50.996507430286606,text_only_ridge
no-interview-ft,137,1957 Ventures,Internship / Co-Op Program,39.5,52.580418271939585,text_only_ridge
no-interview-ft,138,Nokia,Graduate Trainee (Saudi Arabia) – Fledgers Program,39.5,54.269774104072496,text_only_ridge
no-interview-ft,139,Ericsson,Summer Interns (Ericsson Saudi),49.5,48.08903964611977,text_only_ridge
no-interview-ft,140,Bosch Middle East,Software Development Intern (AI/Cloud),49.5,63.15642392435774,text_only_ridge
no-interview-ft,141,Saudi Payments | المدفوعات السعودية,COOP Training – August 2024,39.5,53.90389824561551,text_only_ridge
no-interview-ft,142,Saudi Tadawul Group | تداول,Cooperative Training Program (COOP),39.5,56.15593260533696,text_only_ridge
no-interview-ft,143,Lean Technologies,Software Engineering Intern – KSA,69.5,63.05358034288031,text_only_ridge
no-interview-ft,144,Mirai (Scopely) | مِراي,AI Engineering Intern (GenAI),49.5,61.01336120465221,text_only_ridge
no-interview-ft,145,HungerStation | هنقرستيشن,"Co-OP Trainee, Data Analysis – Info Sec",59.5,64.85292269026465,text_only_ridge
no-interview-ft,146,NCGR | المركز الوطني لنظم الموارد الحكومية,Coop Training Program,39.5,53.56445646859075,text_only_ridge
no-interview-ft,147,nybl,nybl Graduate Programme – Saudi Nationals (AI Bootcamp),39.5,42.604120165510125,text_only_ridge
no-interview-ft,148,Procter & Gamble (P&G),P&G LEADgen Internship Program 2026 (Riyadh),49.5,48.76837027240175,text_only_ridge
no-interview-ft,149,New Murabba | المربع الجديد,New Murabba Co-op Training Program,39.5,53.706303302080485,text_only_ridge
no-interview-ft,150,Boeing Saudi Arabia Limited,Intern - Info Technology & Data Analytics (Riyadh),49.5,55.4559061944328,text_only_ridge
no-interview-ft,151,Motorola Solutions,Deployment Engineer Intern (KSA National - Tamheer Program),39.5,52.7071908933165,text_only_ridge
no-interview-ft,152,Schneider Electric,Co-op Intern (Engineering) - Al Khobar (Jan–Aug 2026),29.5,51.39661805893921,text_only_ridge
no-interview-ft,153,Lockheed Martin,Tamheer Space Internship (Riyadh),39.5,49.76776486360714,text_only_ridge
no-interview-ft,154,Markaba | مركبة,Start-up Software Intern – TAMHEER (Saudi nationals only),41.0,49.02650717060017,text_only_ridge
no-interview-ft,155,Laverne Group | مجموعة لافيرن,Data Analyst / Data Engineer Intern (IT Department),69.5,61.02233566927115,text_only_ridge
no-interview-ft,156,Meel | ميل,"Software Developer Internship (Remote, min 2 months)",44.5,53.94088001193235,text_only_ridge
no-interview-ft,157,Nahdi Medical Co.,IT Internship / COOP Program (6 months),34.5,52.953495185206755,text_only_ridge
no-interview-ft,158,SMART Technology Solutions | سمارت لحلول التقنية,R&D Intern (Riyadh),49.5,54.662543035533496,text_only_ridge
no-interview-ft,159,Knodemy Inc.,AI Developer & Tech Trainer Intern - Riyadh,49.5,63.08242323087274,text_only_ridge
no-interview-ft,160,Water Transmission Company | شركة نقل المياه,Tamheer Internship Program (HRIS / Engineering & PM - Riyadh),39.5,50.86344643186637,text_only_ridge
no-interview-ft,161,AFNOYS,"AI Automation Intern - KSA (Remote, 4 weeks)",44.5,50.34217170896594,text_only_ridge
no-interview-ft,162,SAS,CareerStart@SAS 2026 - Presales Customer Intelligence Intern (Riyadh),49.5,51.87189927482476,text_only_ridge
no-interview-ft,163,Devoteam,Trainee - Future Leaders Program (Co-op/Fresh Graduate),41.0,55.811910079943495,text_only_ridge
no-interview-ft,164,ضالتي Dhallaty,Tech Intern: Fresh Grad or Student,49.5,51.64445380638328,text_only_ridge
no-interview-ft,165,Innovative Solutions SA,Presales - Tamheer,41.0,44.69114279573938,text_only_ridge
no-interview-ft,166,HUMAIN,Tamheer Program (Software Engineer / Cybersecurity / MIS),41.0,48.15181506051867,text_only_ridge
no-interview-ft,167,TAM | تام,"Tamheer Opportunity, Advisory",41.0,24.183141144834615,text_only_ridge
no-interview-ft,168,هيئة التأمين | Insurance Authority,Tamheer Opportunity - Specialist of Information Security,41.0,42.82454081397963,text_only_ridge
no-interview-ft,169,Snbla | سنبله,Paid Internship Program (FinTech),49.5,51.501845041761925,text_only_ridge
no-interview-ft,170,2P Perfect Presentation,Data Analyst (Tamheer),41.0,43.67373796457446,text_only_ridge
no-interview-ft,171,Infosys,Summer Intern (Infosys InStep ’26 – Bangalore),42.5,43.362972956220496,text_only_ridge
no-interview-ft,172,شركة الخدمات المدارة | Managed Services Company,Intern Cybersecurity Engineer,51.0,51.889279088999,text_only_ridge
no-interview-ft,173,Abunayyan Holding,Data Analyst (Tamheer),41.0,43.512055669900434,text_only_ridge
qual-ielts-intern,1,Saudi Aramco,University Internship Program (UIP),44.0,47.1034160963582,text_only_ridge
qual-ielts-intern,2,SABIC,COOP Training Program,47.0,47.35851099426735,text_only_ridge
qual-ielts-intern,3,stc (Saudi Telecom Company),Cooperative Training Program (COOP),44.0,50.76421533142919,text_only_ridge
qual-ielts-intern,4,Saudi National Bank (SNB),SNB Cooperative Training Program,49.0,47.83267918653265,text_only_ridge
qual-ielts-intern,5,Al Rajhi Bank,Cooperative Training Program,49.0,48.1612739895045,text_only_ridge
qual-ielts-intern,6,Capital Market Authority (CMA),COOP Program,44.0,48.56543203467524,text_only_ridge
qual-ielts-intern,7,Digital Government Authority (DGA),Maidan Cooperative Training Program,44.0,50.65356841783907,text_only_ridge
qual-ielts-intern,8,KPMG Saudi Arabia,COOP & Internship Programs,49.0,46.76688114054653,text_only_ridge
qual-ielts-intern,9,PwC Middle East,"Deals, COOP and Summer Internship Programme (2026)",48.5,52.61922856076717,text_only_ridge
qual-ielts-intern,10,Deloitte Middle East (KSA),Jusoor Al Sharqiyah Internship Program,58.5,49.104652329970584,text_only_ridge
qual-ielts-intern,11,Bank Albilad,Cooperative & Summer Training Program,53.5,51.45221708588649,text_only_ridge
qual-ielts-intern,12,Tamara,Tamara Builders Program,48.5,56.36866395997332,text_only_ridge
qual-ielts-intern,13,Bupa Arabia,Cooperative Training Program,44.0,45.669156749183124,text_only_ridge
qual-ielts-intern,14,Saudi Exports (Saudi Export Development Authority),COOP & Summer Training (FAQ-confirmed),49.0,45.319453486778826,text_only_ridge
qual-ielts-intern,15,Local Content and Government Procurement Authority (LCGPA),COOP Training (role posting),44.0,46.71913988806509,text_only_ridge
qual-ielts-intern,16,McKinsey & Company (Maqdira),Maqdira Fellowship Program,48.5,52.506804863483616,text_only_ridge
qual-ielts-intern,17,Boston Consulting Group (BCG),Visiting Associate Internship (Riyadh),44.0,49.69135665201675,text_only_ridge
qual-ielts-intern,18,Bain & Company,COOP Training Program (Riyadh),44.0,48.052932529200525,text_only_ridge
qual-ielts-intern,19,Amazon Web Services (AWS),IT/Computer Hardware Internship (Intern-to-FTE Pathway),58.5,53.604353030863805,text_only_ridge
qual-ielts-intern,20,Amazon Web Services (AWS) - Associate Solutions Architect Intern,Associate Solutions Architect Intern (2026),58.5,52.89808940456328,text_only_ridge
qual-ielts-intern,21,Google (Saudi Arabia),Google Careers (Saudi location filter),47.0,49.7074148580334,text_only_ridge
qual-ielts-intern,22,BlackRock,Client & Product Summer Internship Programme (EMEA) - includes Riyadh,65.17,53.852161219734846,text_only_ridge
qual-ielts-intern,23,noon,Student Internship,54.0,47.212081874813606,text_only_ridge
qual-ielts-intern,24,MOZN,Data Science Intern,51.17,64.01342664245121,text_only_ridge
qual-ielts-intern,25,Elm,Elm Co-op Training Program (March 2026 Intake),44.0,48.01607804764286,text_only_ridge
qual-ielts-intern,26,Yasref,Yasref Cooperative Training Program,51.5,51.317844311135666,text_only_ridge
qual-ielts-intern,27,"Saudi Standards, Metrology and Quality Organization (SASO)",Cooperative Training (Collaborative Training),48.5,52.763628517525035,text_only_ridge
qual-ielts-intern,28,"Zakat, Tax and Customs Authority (ZATCA)",Binaa-Alkafaat Program,49.0,41.4556169368188,text_only_ridge
qual-ielts-intern,29,Human Resources Development Fund (HRDF) – Cooperative Training Product,Cooperative Training (HRDF product),10.5,17.10975916922216,text_only_ridge
qual-ielts-intern,30,EXPRO,COOP Training (Future Makers Program),44.0,45.98346227851869,text_only_ridge
qual-ielts-intern,31,Ministry of Industry and Mineral Resources (MIM) – Cooperative Training Initiative,Cooperative Training Initiative,10.5,17.63674827403699,text_only_ridge
qual-ielts-intern,32,TBC (The Beauty Company),Cooperative Training Program,49.0,44.12147357443579,text_only_ridge
qual-ielts-intern,33,National Center for Vegetation Cover Development & Combating Desertification (NCVC),COOP Training Program,44.0,45.99076234235565,text_only_ridge
qual-ielts-intern,34,Saudi Power Procurement Company (SPPC),Future Power – COOP Training Program,44.0,46.69823174588602,text_only_ridge
qual-ielts-intern,35,TBC (Tatweer Building Company),Cooperative Training Program,50.67,48.83556074917244,text_only_ridge
qual-ielts-intern,36,PwC Middle East (Assurance COOP & Summer Internship Programme 2026),"Assurance, COOP and Summer Internship Programme 2026 – Middle East",55.17,53.12649547518654,text_only_ridge
qual-ielts-intern,37,KAPSARC,Intern (Coop- Trainee),48.5,55.52329459222262,text_only_ridge
qual-ielts-intern,38,BSF (Banque Saudi Fransi),COOP / Internship,54.0,46.98611680560863,text_only_ridge
qual-ielts-intern,39,Saudi Food & Drug Authority (SFDA),COOP training (First semester 2025-2026 intake),49.0,52.39222900632707,text_only_ridge
qual-ielts-intern,40,Saudi Power Procurement Company (SPPC) – Future Power (Business Admin COOP),Future Power – Business Administration COOP Training Program,44.0,47.23709938457297,text_only_ridge
qual-ielts-intern,41,Bank Albilad,Cooperative and Summer Training Program,44.0,51.441390385076176,text_only_ridge
qual-ielts-intern,42,The Saudi National Bank (SNB),SNB Rowad Program,44.0,43.0529727754238,text_only_ridge
qual-ielts-intern,43,National Cybersecurity Authority (NCA) – Academy,Cybersecurity training programs (academy),49.0,51.93589680320444,text_only_ridge
qual-ielts-intern,44,PIF | Graduate Development Program,Graduate Development Program (GDP),61.83,51.25045965222954,text_only_ridge
qual-ielts-intern,45,NEOM | GrOW (Graduates Opportunities in Work),GrOW (Graduates Opportunities in Work),50.0,45.77273419056931,text_only_ridge
qual-ielts-intern,46,ROSHN | COOP Trainee Program,COOP Trainee Program,44.0,48.37588601966557,text_only_ridge
qual-ielts-intern,47,Microsoft | Ru'aa Program (Riyadh),Ru'aa Program Internship (Solution Engineering),58.5,54.92424220812404,text_only_ridge
qual-ielts-intern,48,Oracle | Business Development Intern (KSA market),Business Development Intern (KSA market),55.5,42.75209234597708,text_only_ridge
qual-ielts-intern,49,SAP | Student Internship (Riyadh),Student Internship - Riyadh,54.0,47.73415043232419,text_only_ridge
qual-ielts-intern,50,SAB (Saudi Awwal Bank) | Cooperative Training Programme (COOP),SAB Cooperative Training Programme (COOP),44.0,46.308455379450024,text_only_ridge
qual-ielts-intern,51,Ministry of Finance (Saudi Arabia) | Cooperative Training Program,Cooperative Training Program,40.5,46.71754354312654,text_only_ridge
qual-ielts-intern,52,Ministry of Industry and Mineral Resources | Cooperative Training,Cooperative Training Initiative,45.5,45.756309573198365,text_only_ridge
qual-ielts-intern,53,King Fahd Causeway Authority | Internship Program,Internship Program,60.0,48.8602050503989,text_only_ridge
qual-ielts-intern,54,Tawuniya | Tamheer Program (Fresh Graduates),Tamheer Program,51.5,52.54674366418965,text_only_ridge
qual-ielts-intern,55,SAMA | SAMA Professional Program (SPP),SAMA Professional Program (SPP),40.5,41.2191806043199,text_only_ridge
qual-ielts-intern,56,HRDF | Cooperative Training Product,Cooperative Training Product,45.5,44.22057226662674,text_only_ridge
qual-ielts-intern,57,IBM,"Automation, Data & AI – Intern",55.0,55.62004680499752,text_only_ridge
qual-ielts-intern,58,Unifonic,Internship (Unifonic),58.5,54.0775319707534,text_only_ridge
qual-ielts-intern,59,Misk Foundation,Misk Traineeship / Internship Program,47.0,48.217428582305104,text_only_ridge
qual-ielts-intern,60,Cisco,Cisco NetVersity (Saudi Arabia),56.5,52.86081196342799,text_only_ridge
qual-ielts-intern,61,KAUST,Visiting Student Research Program (VSRP) Internship,54.0,46.14938967359983,text_only_ridge
qual-ielts-intern,62,General Authority for Statistics (GASTAT),Cooperative Training Program,55.17,59.075842813736244,text_only_ridge
qual-ielts-intern,63,Saudi Center for Opinion Polling (SCOP),Cooperative Training Program,55.17,59.965268812755,text_only_ridge
qual-ielts-intern,64,Al Rajhi Takaful,Cooperative Training Program,44.0,53.86554588494246,text_only_ridge
qual-ielts-intern,65,Expenditure & Projects Efficiency Authority (EXPRO),Future Makers (صنّاع المستقبل) – Cooperative Training,44.0,50.83604248816442,text_only_ridge
qual-ielts-intern,66,Ministry of Finance (Saudi Arabia),Cooperative Training Program (Ministry of Finance),44.0,51.039499560782644,text_only_ridge
qual-ielts-intern,67,General Entertainment Authority (GEA),GEA Cooperative Training Program,44.0,50.83025297291948,text_only_ridge
qual-ielts-intern,68,Banque Saudi Fransi (BSF),COOP Training,44.0,52.862851519275054,text_only_ridge
qual-ielts-intern,69,Arab National Bank (ANB),COOP Trainee,44.0,52.773614439968654,text_only_ridge
qual-ielts-intern,70,Tamara,Builders Program,44.0,53.13679158248177,text_only_ridge
qual-ielts-intern,71,OmniOps,Co‑op Training Program,48.5,58.87477234718387,text_only_ridge
qual-ielts-intern,72,Tatweer Educational Technologies (TETCO),Cooperative Training Program,48.5,59.09113541617182,text_only_ridge
qual-ielts-intern,73,The Saudi Investment Bank (SAIB),Cooperative Program,44.0,53.01216661211298,text_only_ridge
qual-ielts-intern,74,Saudi Awwal Bank (SAB),COOP Program,44.0,53.69794334849179,text_only_ridge
qual-ielts-intern,75,Riyad Bank,Internships and Coop Trainings (CSR 2019),44.0,52.96141816521562,text_only_ridge
qual-ielts-intern,76,Tabby,Intern DevOps Engineer,58.5,55.68879471292178,text_only_ridge
qual-ielts-intern,77,Tabby,Intern Backend (GO) Engineer,65.17,60.8490390017235,text_only_ridge
qual-ielts-intern,78,Tabby,Intern Frontend Engineer,58.5,56.93343558732042,text_only_ridge
qual-ielts-intern,79,Tabby,Intern Data Engineer,65.17,67.08415272102197,text_only_ridge
qual-ielts-intern,80,Tabby,No-Code / AI Agents Engineering Intern,58.5,55.96360198622529,text_only_ridge
qual-ielts-intern,81,Bank Albilad,Cooperative Training Program,49.0,52.25194714071682,text_only_ridge
qual-ielts-intern,82,Saudi Ground Services (SGS),COOP Program,54.0,47.94883483917066,text_only_ridge
qual-ielts-intern,83,CEER,Cooperative Training Program (COOP),44.0,50.71660818286614,text_only_ridge
qual-ielts-intern,84,Al Rajhi Takaful,Coop Training Program,44.0,54.00631775679254,text_only_ridge
qual-ielts-intern,85,TAWAL,COOP Training Program,48.5,58.06975708558172,text_only_ridge
qual-ielts-intern,86,Wakeb_Data,COOP Training,55.17,57.27809680689072,text_only_ridge
qual-ielts-intern,87,Banque Saudi Fransi (BSF),Coop Training Program,44.0,53.016893315075286,text_only_ridge
qual-ielts-intern,88,Tech Economy,COOP Training Program,44.0,52.93728269819425,text_only_ridge
qual-ielts-intern,89,SAMI Advanced Electronics (SAMI-AEC),Coop Trainee,44.0,53.25739636243628,text_only_ridge
qual-ielts-intern,90,NHC,COOP Trainee,49.0,51.7659990521366,text_only_ridge
qual-ielts-intern,91,REMAT ADVANCED,Cooperative Training Program,48.5,57.16887864871322,text_only_ridge
qual-ielts-intern,92,SDM,AI COOP,48.5,63.513081531085334,text_only_ridge
qual-ielts-intern,93,HUED,HUED COOP Program 2026,48.5,57.75866240785091,text_only_ridge
qual-ielts-intern,94,Araamis • أرامس,Araamis COOP Program 2026,48.5,56.9862332172916,text_only_ridge
qual-ielts-intern,95,ARDARA,COOP Training for Students,44.0,50.94637059124872,text_only_ridge
qual-ielts-intern,96,flynas,COOP Trainee / Internship Program,48.5,54.87654826220138,text_only_ridge
qual-ielts-intern,97,Saudi Motorsport Company (SMC),COOP Trainee (IT Asset Project Management),65.17,52.30104412551549,text_only_ridge
qual-ielts-intern,98,Saudi Motorsport Company (SMC),COOP Trainee (Supply Chain Excellence Associate),65.17,53.877187174780936,text_only_ridge
qual-ielts-intern,99,Mobily,Cooperative Training Program,44.0,52.99085462955355,text_only_ridge
qual-ielts-intern,100,Saudi Awwal Bank (SAB),Student Opportunities: Cooperative / Practical Training,44.0,53.570105130607296,text_only_ridge
qual-ielts-intern,101,Alvarez & Marsal,COOP Training Program,44.0,53.114143128544534,text_only_ridge
qual-ielts-intern,102,Visa,COOP Trainee (Jan 2026),50.67,51.77113465714651,text_only_ridge
qual-ielts-intern,103,Zain KSA,Evolve Program (Fresh Graduates),44.0,47.20168182722882,text_only_ridge
qual-ielts-intern,104,Zain KSA,Zain Pioneers Program,48.5,51.258596896410324,text_only_ridge
qual-ielts-intern,105,Savvy Games Group,Cooperative Training Program (Co-op),44.0,53.122892841752716,text_only_ridge
qual-ielts-intern,106,Bank AlJazira,Tamheer Program,44.0,45.82689963234805,text_only_ridge
qual-ielts-intern,107,sirar by stc,Cooperative Training Program,48.5,59.048375697767526,text_only_ridge
qual-ielts-intern,108,Gathern,Co-op Program,48.5,58.38181726566757,text_only_ridge
qual-ielts-intern,109,Elm Company (شركة علم),Coop Training - Computer Science (Jan/Mar/Jun/Aug 2025 Intake),48.5,54.970943994519885,text_only_ridge
qual-ielts-intern,110,Elm Company (شركة علم),Co-Op Training - Information Technology (Jun & Aug 2025 Intake),48.5,54.85250761805109,text_only_ridge
qual-ielts-intern,111,EJADA,COOP Administration & Support Engineer,44.0,52.4195553775915,text_only_ridge
qual-ielts-intern,112,Emdad By Elm,Network Cooperative Training (Network Intern),58.5,53.33425244900502,text_only_ridge
qual-ielts-intern,113,AILA,Co-op Training Programme,48.5,54.947976753507184,text_only_ridge
qual-ielts-intern,114,Foodics,Foodics 360 Internship Program,58.5,54.27158843833599,text_only_ridge
qual-ielts-intern,115,Salla,برنامج التدريب التعاوني (Coop Training) – Salla,48.5,49.510916284113094,text_only_ridge
qual-ielts-intern,116,Lucidya,Technical Internship or Coop – Lucidya,58.5,54.16886071308675,text_only_ridge
qual-ielts-intern,117,Diriyah Company,Diriyah Co-op Training Program,44.0,51.072428477368355,text_only_ridge
qual-ielts-intern,118,Riyadh Air,Co-op – Riyadh Air,44.0,51.23205841502351,text_only_ridge
qual-ielts-intern,119,Jahez Group,Jahez Internship Program (as described in Sustainability Report),54.0,50.44186796943789,text_only_ridge
qual-ielts-intern,120,Lumi | لومي,COOP Intern 2025 – Lumi,44.0,51.080269331209564,text_only_ridge
qual-ielts-intern,121,webook.com,COOP Trainee Opportunities – webook.com,44.0,51.10983199660985,text_only_ridge
qual-ielts-intern,122,moneymoon,Tech & AI Co-op Program 2025,48.5,62.98430376952198,text_only_ridge
qual-ielts-intern,123,EjadTech - إيجاد التقنية,"Summer Internship Program 2025 (Computer, Data, and AI Majors)",55.0,59.85843731797692,text_only_ridge
qual-ielts-intern,124,InnovationTeam,Java Microservices Internship Programme (Saudi Nationals),61.67,58.81193110769153,text_only_ridge
qual-ielts-intern,125,Tamkeen Technologies,On the Job Training (Internship Program) — Technology field,65.17,54.770984538058265,text_only_ridge
qual-ielts-intern,126,Trendyol Group,Trendyol Tech Talent - Bootcamp & COOP Internship Program (Saudi Students Only),45.0,50.82497374606391,text_only_ridge
qual-ielts-intern,127,Ninja نينجا,COOP Training Program,51.67,49.465184628620506,text_only_ridge
qual-ielts-intern,128,SCAI | سكاي,CO-OP Training Opportunities (Intern),48.5,66.13353231826501,text_only_ridge
qual-ielts-intern,129,WalaPlus,Coop & Tamheer Opportunities,48.5,52.93342855672714,text_only_ridge
qual-ielts-intern,130,Aon,IT Co-op Trainee 2026,48.5,52.73739007536855,text_only_ridge
qual-ielts-intern,131,Hewlett Packard Enterprise (HPE),College Intern (Coop),48.5,52.425414415129694,text_only_ridge
qual-ielts-intern,132,Signify,KSA Coop Internship Program,48.5,52.330792831989676,text_only_ridge
qual-ielts-intern,133,Help AG (e& enterprise),Cybersecurity Intern,54.0,50.6602051618537,text_only_ridge
qual-ielts-intern,134,TrendAI (Trend Micro),CyberGATE Internship Program,58.5,54.1029841212467,text_only_ridge
qual-ielts-intern,135,Golf Saudi,IT Co-op Trainee,48.5,52.66011738886885,text_only_ridge
qual-ielts-intern,136,Siemens Healthineers,Healthineers Early Talent Program – IT (Riyadh),58.5,51.85387712083634,text_only_ridge
qual-ielts-intern,137,1957 Ventures,Internship / Co-Op Program,41.17,53.6709687430549,text_only_ridge
qual-ielts-intern,138,Nokia,Graduate Trainee (Saudi Arabia) – Fledgers Program,34.5,55.17970913916845,text_only_ridge
qual-ielts-intern,139,Ericsson,Summer Interns (Ericsson Saudi),51.17,49.17910864922416,text_only_ridge
qual-ielts-intern,140,Bosch Middle East,Software Development Intern (AI/Cloud),44.5,64.02213814609195,text_only_ridge
qual-ielts-intern,141,Saudi Payments | المدفوعات السعودية,COOP Training – August 2024,48.5,55.4130860914869,text_only_ridge
qual-ielts-intern,142,Saudi Tadawul Group | تداول,Cooperative Training Program (COOP),48.5,57.678674560100326,text_only_ridge
qual-ielts-intern,143,Lean Technologies,Software Engineering Intern – KSA,65.17,63.85579114923816,text_only_ridge
qual-ielts-intern,144,Mirai (Scopely) | مِراي,AI Engineering Intern (GenAI),44.5,61.90941780539545,text_only_ridge
qual-ielts-intern,145,HungerStation | هنقرستيشن,"Co-OP Trainee, Data Analysis – Info Sec",55.17,65.57273435980241,text_only_ridge
qual-ielts-intern,146,NCGR | المركز الوطني لنظم الموارد الحكومية,Coop Training Program,48.5,54.59980104404525,text_only_ridge
qual-ielts-intern,147,nybl,nybl Graduate Programme – Saudi Nationals (AI Bootcamp),30.0,43.55265459467272,text_only_ridge
qual-ielts-intern,148,Procter & Gamble (P&G),P&G LEADgen Internship Program 2026 (Riyadh),58.5,49.813290294321774,text_only_ridge
qual-ielts-intern,149,New Murabba | المربع الجديد,New Murabba Co-op Training Program,48.5,54.557562464080554,text_only_ridge
qual-ielts-intern,150,Boeing Saudi Arabia Limited,Intern - Info Technology & Data Analytics (Riyadh),58.5,56.39608556150354,text_only_ridge
qual-ielts-intern,151,Motorola Solutions,Deployment Engineer Intern (KSA National - Tamheer Program),48.5,53.65639295744191,text_only_ridge
qual-ielts-intern,152,Schneider Electric,Co-op Intern (Engineering) - Al Khobar (Jan–Aug 2026),48.5,52.42409073582775,text_only_ridge
qual-ielts-intern,153,Lockheed Martin,Tamheer Space Internship (Riyadh),48.5,50.92987823756648,text_only_ridge
qual-ielts-intern,154,Markaba | مركبة,Start-up Software Intern – TAMHEER (Saudi nationals only),45.0,49.90483215754372,text_only_ridge
qual-ielts-intern,155,Laverne Group | مجموعة لافيرن,Data Analyst / Data Engineer Intern (IT Department),65.17,61.74938443097688,text_only_ridge
qual-ielts-intern,156,Meel | ميل,"Software Developer Internship (Remote, min 2 months)",58.5,54.99196140666661,text_only_ridge
qual-ielts-intern,157,Nahdi Medical Co.,IT Internship / COOP Program (6 months),53.5,54.04207329425825,text_only_ridge
qual-ielts-intern,158,SMART Technology Solutions | سمارت لحلول التقنية,R&D Intern (Riyadh),58.5,55.837787549026885,text_only_ridge
qual-ielts-intern,159,Knodemy Inc.,AI Developer & Tech Trainer Intern - Riyadh,58.5,64.04493543582151,text_only_ridge
qual-ielts-intern,160,Water Transmission Company | شركة نقل المياه,Tamheer Internship Program (HRIS / Engineering & PM - Riyadh),55.17,51.64840506819047,text_only_ridge
qual-ielts-intern,161,AFNOYS,"AI Automation Intern - KSA (Remote, 4 weeks)",58.5,51.33759251353729,text_only_ridge
qual-ielts-intern,162,SAS,CareerStart@SAS 2026 - Presales Customer Intelligence Intern (Riyadh),57.0,52.68962152549008,text_only_ridge
qual-ielts-intern,163,Devoteam,Trainee - Future Leaders Program (Co-op/Fresh Graduate),51.67,56.84459865610683,text_only_ridge
qual-ielts-intern,164,ضالتي Dhallaty,Tech Intern: Fresh Grad or Student,57.0,52.54213343843451,text_only_ridge
qual-ielts-intern,165,Innovative Solutions SA,Presales - Tamheer,40.5,45.69668295782885,text_only_ridge
qual-ielts-intern,166,HUMAIN,Tamheer Program (Software Engineer / Cybersecurity / MIS),45.0,49.349738382928294,text_only_ridge
qual-ielts-intern,167,TAM | تام,"Tamheer Opportunity, Advisory",40.5,25.29527075719472,text_only_ridge
qual-ielts-intern,168,هيئة التأمين | Insurance Authority,Tamheer Opportunity - Specialist of Information Security,40.5,43.65468967909216,text_only_ridge
qual-ielts-intern,169,Snbla | سنبله,Paid Internship Program (FinTech),57.0,52.41498940117457,text_only_ridge
qual-ielts-intern,170,2P Perfect Presentation,Data Analyst (Tamheer),51.67,44.863697561785386,text_only_ridge
qual-ielts-intern,171,Infosys,Summer Intern (Infosys InStep ’26 – Bangalore),57.0,44.44446734409384,text_only_ridge
qual-ielts-intern,172,شركة الخدمات المدارة | Managed Services Company,Intern Cybersecurity Engineer,55.0,52.98493592463822,text_only_ridge
qual-ielts-intern,173,Abunayyan Holding,Data Analyst (Tamheer),51.67,44.903119065559295,text_only_ridge
cs-iau-backend,1,Saudi Aramco,University Internship Program (UIP),42.5,57.99982419248567,text_only_random_forest
cs-iau-backend,2,SABIC,COOP Training Program,45.5,58.137038549719406,text_only_random_forest
cs-iau-backend,3,stc (Saudi Telecom Company),Cooperative Training Program (COOP),52.5,55.18037370697481,text_only_random_forest
cs-iau-backend,4,Saudi National Bank (SNB),SNB Cooperative Training Program,47.5,56.76297293752707,text_only_random_forest
cs-iau-backend,5,Al Rajhi Bank,Cooperative Training Program,47.5,58.606357437980236,text_only_random_forest
cs-iau-backend,6,Capital Market Authority (CMA),COOP Program,52.5,55.23810643810864,text_only_random_forest
cs-iau-backend,7,Digital Government Authority (DGA),Maidan Cooperative Training Program,52.5,56.75657734073552,text_only_random_forest
cs-iau-backend,8,KPMG Saudi Arabia,COOP & Internship Programs,47.5,57.37253294328858,text_only_random_forest
cs-iau-backend,9,PwC Middle East,"Deals, COOP and Summer Internship Programme (2026)",57.0,56.49649003724337,text_only_random_forest
cs-iau-backend,10,Deloitte Middle East (KSA),Jusoor Al Sharqiyah Internship Program,61.5,61.317818412779765,text_only_random_forest
cs-iau-backend,11,Bank Albilad,Cooperative & Summer Training Program,56.5,62.825947124712165,text_only_random_forest
cs-iau-backend,12,Tamara,Tamara Builders Program,61.5,57.2245275364246,text_only_random_forest
cs-iau-backend,13,Bupa Arabia,Cooperative Training Program,52.5,54.630227002971466,text_only_random_forest
cs-iau-backend,14,Saudi Exports (Saudi Export Development Authority),COOP & Summer Training (FAQ-confirmed),47.5,59.24241267352205,text_only_random_forest
cs-iau-backend,15,Local Content and Government Procurement Authority (LCGPA),COOP Training (role posting),52.5,58.448057959044114,text_only_random_forest
cs-iau-backend,16,McKinsey & Company (Maqdira),Maqdira Fellowship Program,57.0,56.48270401821956,text_only_random_forest
cs-iau-backend,17,Boston Consulting Group (BCG),Visiting Associate Internship (Riyadh),52.5,54.60766273235837,text_only_random_forest
cs-iau-backend,18,Bain & Company,COOP Training Program (Riyadh),52.5,54.84938648503259,text_only_random_forest
cs-iau-backend,19,Amazon Web Services (AWS),IT/Computer Hardware Internship (Intern-to-FTE Pathway),71.5,66.97589397718137,text_only_random_forest
cs-iau-backend,20,Amazon Web Services (AWS) - Associate Solutions Architect Intern,Associate Solutions Architect Intern (2026),71.5,66.127593502239,text_only_random_forest
cs-iau-backend,21,Google (Saudi Arabia),Google Careers (Saudi location filter),58.5,58.199236135914255,text_only_random_forest
cs-iau-backend,22,BlackRock,Client & Product Summer Internship Programme (EMEA) - includes Riyadh,77.0,67.96902804203619,text_only_random_forest
cs-iau-backend,23,noon,Student Internship,62.5,65.47799418970223,text_only_random_forest
cs-iau-backend,24,MOZN,Data Science Intern,87.0,76.07317366858484,text_only_random_forest
cs-iau-backend,25,Elm,Elm Co-op Training Program (March 2026 Intake),52.5,54.39891273235837,text_only_random_forest
cs-iau-backend,26,Yasref,Yasref Cooperative Training Program,54.5,61.41620115544268,text_only_random_forest
cs-iau-backend,27,"Saudi Standards, Metrology and Quality Organization (SASO)",Cooperative Training (Collaborative Training),61.5,59.75898267394066,text_only_random_forest
cs-iau-backend,28,"Zakat, Tax and Customs Authority (ZATCA)",Binaa-Alkafaat Program,47.5,55.39731655133905,text_only_random_forest
cs-iau-backend,29,Human Resources Development Fund (HRDF) – Cooperative Training Product,Cooperative Training (HRDF product),10.5,18.91399293091987,text_only_random_forest
cs-iau-backend,30,EXPRO,COOP Training (Future Makers Program),52.5,56.22630368829817,text_only_random_forest
cs-iau-backend,31,Ministry of Industry and Mineral Resources (MIM) – Cooperative Training Initiative,Cooperative Training Initiative,10.5,19.51581902761615,text_only_random_forest
cs-iau-backend,32,TBC (The Beauty Company),Cooperative Training Program,47.5,59.85886022958016,text_only_random_forest
cs-iau-backend,33,National Center for Vegetation Cover Development & Combating Desertification (NCVC),COOP Training Program,52.5,55.589487726959455,text_only_random_forest
cs-iau-backend,34,Saudi Power Procurement Company (SPPC),Future Power – COOP Training Program,52.5,54.540369757315865,text_only_random_forest
cs-iau-backend,35,TBC (Tatweer Building Company),Cooperative Training Program,52.5,54.87243379201151,text_only_random_forest
cs-iau-backend,36,PwC Middle East (Assurance COOP & Summer Internship Programme 2026),"Assurance, COOP and Summer Internship Programme 2026 – Middle East",57.0,56.39967633144487,text_only_random_forest
cs-iau-backend,37,KAPSARC,Intern (Coop- Trainee),61.5,63.59682017659862,text_only_random_forest
cs-iau-backend,38,BSF (Banque Saudi Fransi),COOP / Internship,42.5,57.11316704817584,text_only_random_forest
cs-iau-backend,39,Saudi Food & Drug Authority (SFDA),COOP training (First semester 2025-2026 intake),47.5,53.209254224207385,text_only_random_forest
cs-iau-backend,40,Saudi Power Procurement Company (SPPC) – Future Power (Business Admin COOP),Future Power – Business Administration COOP Training Program,52.5,54.270609843021916,text_only_random_forest
cs-iau-backend,41,Bank Albilad,Cooperative and Summer Training Program,52.5,55.173511653196606,text_only_random_forest
cs-iau-backend,42,The Saudi National Bank (SNB),SNB Rowad Program,52.5,55.36447084333334,text_only_random_forest
cs-iau-backend,43,National Cybersecurity Authority (NCA) – Academy,Cybersecurity training programs (academy),57.5,57.17015169104601,text_only_random_forest
cs-iau-backend,44,PIF | Graduate Development Program,Graduate Development Program (GDP),67.0,60.216129451993446,text_only_random_forest
cs-iau-backend,45,NEOM | GrOW (Graduates Opportunities in Work),GrOW (Graduates Opportunities in Work),54.5,54.49391888425251,text_only_random_forest
cs-iau-backend,46,ROSHN | COOP Trainee Program,COOP Trainee Program,52.5,54.43245649155441,text_only_random_forest
cs-iau-backend,47,Microsoft | Ru'aa Program (Riyadh),Ru'aa Program Internship (Solution Engineering),71.5,67.74785538856145,text_only_random_forest
cs-iau-backend,48,Oracle | Business Development Intern (KSA market),Business Development Intern (KSA market),55.5,54.38318245868746,text_only_random_forest
cs-iau-backend,49,SAP | Student Internship (Riyadh),Student Internship - Riyadh,62.5,61.98177797029413,text_only_random_forest
cs-iau-backend,50,SAB (Saudi Awwal Bank) | Cooperative Training Programme (COOP),SAB Cooperative Training Programme (COOP),52.5,54.656854639702566,text_only_random_forest
cs-iau-backend,51,Ministry of Finance (Saudi Arabia) | Cooperative Training Program,Cooperative Training Program,50.5,54.96098449748753,text_only_random_forest
cs-iau-backend,52,Ministry of Industry and Mineral Resources | Cooperative Training,Cooperative Training Initiative,45.5,55.16261627806298,text_only_random_forest
cs-iau-backend,53,King Fahd Causeway Authority | Internship Program,Internship Program,64.5,60.395611267598724,text_only_random_forest
cs-iau-backend,54,Tawuniya | Tamheer Program (Fresh Graduates),Tamheer Program,64.5,62.02707104093731,text_only_random_forest
cs-iau-backend,55,SAMA | SAMA Professional Program (SPP),SAMA Professional Program (SPP),50.5,53.3983654532512,text_only_random_forest
cs-iau-backend,56,HRDF | Cooperative Training Product,Cooperative Training Product,45.5,55.79011477527125,text_only_random_forest
cs-iau-backend,57,IBM,"Automation, Data & AI – Intern",69.5,65.12750727477501,text_only_random_forest
cs-iau-backend,58,Unifonic,Internship (Unifonic),67.0,65.67638141667832,text_only_random_forest
cs-iau-backend,59,Misk Foundation,Misk Traineeship / Internship Program,55.5,56.58044016215941,text_only_random_forest
cs-iau-backend,60,Cisco,Cisco NetVersity (Saudi Arabia),55.0,57.56223326064769,text_only_random_forest
cs-iau-backend,61,KAUST,Visiting Student Research Program (VSRP) Internship,52.5,56.451265872429154,text_only_random_forest
cs-iau-backend,62,General Authority for Statistics (GASTAT),Cooperative Training Program,67.0,59.37388034351271,text_only_random_forest
cs-iau-backend,63,Saudi Center for Opinion Polling (SCOP),Cooperative Training Program,67.0,58.43665761330364,text_only_random_forest
cs-iau-backend,64,Al Rajhi Takaful,Cooperative Training Program,52.5,55.44783463285058,text_only_random_forest
cs-iau-backend,65,Expenditure & Projects Efficiency Authority (EXPRO),Future Makers (صنّاع المستقبل) – Cooperative Training,52.5,54.86589366963815,text_only_random_forest
cs-iau-backend,66,Ministry of Finance (Saudi Arabia),Cooperative Training Program (Ministry of Finance),52.5,54.843040155235805,text_only_random_forest
cs-iau-backend,67,General Entertainment Authority (GEA),GEA Cooperative Training Program,52.5,54.88058875178057,text_only_random_forest
cs-iau-backend,68,Banque Saudi Fransi (BSF),COOP Training,52.5,55.0860971819985,text_only_random_forest
cs-iau-backend,69,Arab National Bank (ANB),COOP Trainee,52.5,54.84047336003451,text_only_random_forest
cs-iau-backend,70,Tamara,Builders Program,52.5,54.63434724955495,text_only_random_forest
cs-iau-backend,71,OmniOps,Co‑op Training Program,61.5,58.011427064551725,text_only_random_forest
cs-iau-backend,72,Tatweer Educational Technologies (TETCO),Cooperative Training Program,61.5,65.5883022010397,text_only_random_forest
cs-iau-backend,73,The Saudi Investment Bank (SAIB),Cooperative Program,52.5,55.39117154811479,text_only_random_forest
cs-iau-backend,74,Saudi Awwal Bank (SAB),COOP Program,52.5,55.26587548692289,text_only_random_forest
cs-iau-backend,75,Riyad Bank,Internships and Coop Trainings (CSR 2019),52.5,54.605484471145616,text_only_random_forest
cs-iau-backend,76,Tabby,Intern DevOps Engineer,67.0,64.27582769073148,text_only_random_forest
cs-iau-backend,77,Tabby,Intern Backend (GO) Engineer,81.5,70.31698495617267,text_only_random_forest
cs-iau-backend,78,Tabby,Intern Frontend Engineer,71.5,70.37925731039712,text_only_random_forest
cs-iau-backend,79,Tabby,Intern Data Engineer,91.5,78.18984731481481,text_only_random_forest
cs-iau-backend,80,Tabby,No-Code / AI Agents Engineering Intern,71.5,67.23578679514408,text_only_random_forest
cs-iau-backend,81,Bank Albilad,Cooperative Training Program,47.5,56.696845135048186,text_only_random_forest
cs-iau-backend,82,Saudi Ground Services (SGS),COOP Program,42.5,56.94605241110439,text_only_random_forest
cs-iau-backend,83,CEER,Cooperative Training Program (COOP),52.5,55.13732270804562,text_only_random_forest
cs-iau-backend,84,Al Rajhi Takaful,Coop Training Program,52.5,54.99254644993831,text_only_random_forest
cs-iau-backend,85,TAWAL,COOP Training Program,61.5,61.09847289744788,text_only_random_forest
cs-iau-backend,86,Wakeb_Data,COOP Training,61.5,57.19246128045068,text_only_random_forest
cs-iau-backend,87,Banque Saudi Fransi (BSF),Coop Training Program,52.5,55.9351841160304,text_only_random_forest
cs-iau-backend,88,Tech Economy,COOP Training Program,52.5,55.0666937350037,text_only_random_forest
cs-iau-backend,89,SAMI Advanced Electronics (SAMI-AEC),Coop Trainee,52.5,54.90280317653282,text_only_random_forest
cs-iau-backend,90,NHC,COOP Trainee,47.5,60.50349745514881,text_only_random_forest
cs-iau-backend,91,REMAT ADVANCED,Cooperative Training Program,61.5,62.32390798423221,text_only_random_forest
cs-iau-backend,92,SDM,AI COOP,67.0,68.69808134920636,text_only_random_forest
cs-iau-backend,93,HUED,HUED COOP Program 2026,61.5,63.65080834718332,text_only_random_forest
cs-iau-backend,94,Araamis • أرامس,Araamis COOP Program 2026,61.5,57.97177853692263,text_only_random_forest
cs-iau-backend,95,ARDARA,COOP Training for Students,52.5,55.13181073413648,text_only_random_forest
cs-iau-backend,96,flynas,COOP Trainee / Internship Program,57.0,56.50134096202139,text_only_random_forest
cs-iau-backend,97,Saudi Motorsport Company (SMC),COOP Trainee (IT Asset Project Management),47.0,58.36109358105137,text_only_random_forest
cs-iau-backend,98,Saudi Motorsport Company (SMC),COOP Trainee (Supply Chain Excellence Associate),47.0,60.365198799727864,text_only_random_forest
cs-iau-backend,99,Mobily,Cooperative Training Program,52.5,54.875527805110515,text_only_random_forest
cs-iau-backend,100,Saudi Awwal Bank (SAB),Student Opportunities: Cooperative / Practical Training,52.5,54.68400520116408,text_only_random_forest
cs-iau-backend,101,Alvarez & Marsal,COOP Training Program,52.5,54.82347488628604,text_only_random_forest
cs-iau-backend,102,Visa,COOP Trainee (Jan 2026),52.5,54.79299431251602,text_only_random_forest
cs-iau-backend,103,Zain KSA,Evolve Program (Fresh Graduates),52.5,56.14680204650253,text_only_random_forest
cs-iau-backend,104,Zain KSA,Zain Pioneers Program,61.5,59.91427725394326,text_only_random_forest
cs-iau-backend,105,Savvy Games Group,Cooperative Training Program (Co-op),52.5,55.33946002775976,text_only_random_forest
cs-iau-backend,106,Bank AlJazira,Tamheer Program,52.5,55.59523817903143,text_only_random_forest
cs-iau-backend,107,sirar by stc,Cooperative Training Program,61.5,63.64460228177519,text_only_random_forest
cs-iau-backend,108,Gathern,Co-op Program,61.5,63.851878793789744,text_only_random_forest
cs-iau-backend,109,Elm Company (شركة علم),Coop Training - Computer Science (Jan/Mar/Jun/Aug 2025 Intake),57.0,55.447347761554866,text_only_random_forest
cs-iau-backend,110,Elm Company (شركة علم),Co-Op Training - Information Technology (Jun & Aug 2025 Intake),57.0,55.28938236271434,text_only_random_forest
cs-iau-backend,111,EJADA,COOP Administration & Support Engineer,52.5,54.911560431717035,text_only_random_forest
cs-iau-backend,112,Emdad By Elm,Network Cooperative Training (Network Intern),51.5,62.12362386538382,text_only_random_forest
cs-iau-backend,113,AILA,Co-op Training Programme,57.0,55.965538219779894,text_only_random_forest
cs-iau-backend,114,Foodics,Foodics 360 Internship Program,67.0,64.32890169765334,text_only_random_forest
cs-iau-backend,115,Salla,برنامج التدريب التعاوني (Coop Training) – Salla,47.0,56.814779748077505,text_only_random_forest
cs-iau-backend,116,Lucidya,Technical Internship or Coop – Lucidya,47.0,59.03251039641358,text_only_random_forest
cs-iau-backend,117,Diriyah Company,Diriyah Co-op Training Program,52.5,53.57677493276705,text_only_random_forest
cs-iau-backend,118,Riyadh Air,Co-op – Riyadh Air,52.5,53.20219892140857,text_only_random_forest
cs-iau-backend,119,Jahez Group,Jahez Internship Program (as described in Sustainability Report),62.5,62.67550086865688,text_only_random_forest
cs-iau-backend,120,Lumi | لومي,COOP Intern 2025 – Lumi,52.5,54.601498023326634,text_only_random_forest
cs-iau-backend,121,webook.com,COOP Trainee Opportunities – webook.com,52.5,54.729640669016426,text_only_random_forest
cs-iau-backend,122,moneymoon,Tech & AI Co-op Program 2025,67.0,66.14342777403752,text_only_random_forest
cs-iau-backend,123,EjadTech - إيجاد التقنية,"Summer Internship Program 2025 (Computer, Data, and AI Majors)",79.5,70.53652657279136,text_only_random_forest
cs-iau-backend,124,InnovationTeam,Java Microservices Internship Programme (Saudi Nationals),79.5,67.17571125313869,text_only_random_forest
cs-iau-backend,125,Tamkeen Technologies,On the Job Training (Internship Program) — Technology field,67.0,64.13736425507001,text_only_random_forest
cs-iau-backend,126,Trendyol Group,Trendyol Tech Talent - Bootcamp & COOP Internship Program (Saudi Students Only),55.0,56.28374090392236,text_only_random_forest
cs-iau-backend,127,Ninja نينجا,COOP Training Program,55.0,56.242647624139316,text_only_random_forest
cs-iau-backend,128,SCAI | سكاي,CO-OP Training Opportunities (Intern),71.5,73.89982786891856,text_only_random_forest
cs-iau-backend,129,WalaPlus,Coop & Tamheer Opportunities,61.5,60.77914987494646,text_only_random_forest
cs-iau-backend,130,Aon,IT Co-op Trainee 2026,61.5,60.10596216004006,text_only_random_forest
cs-iau-backend,131,Hewlett Packard Enterprise (HPE),College Intern (Coop),61.5,60.24544934619833,text_only_random_forest
cs-iau-backend,132,Signify,KSA Coop Internship Program,61.5,60.313243923012266,text_only_random_forest
cs-iau-backend,133,Help AG (e& enterprise),Cybersecurity Intern,62.5,63.61806474142861,text_only_random_forest
cs-iau-backend,134,TrendAI (Trend Micro),CyberGATE Internship Program,67.0,64.83745481696953,text_only_random_forest
cs-iau-backend,135,Golf Saudi,IT Co-op Trainee,61.5,60.591122477500384,text_only_random_forest
cs-iau-backend,136,Siemens Healthineers,Healthineers Early Talent Program – IT (Riyadh),71.5,66.79476095987046,text_only_random_forest
cs-iau-backend,137,1957 Ventures,Internship / Co-Op Program,61.5,59.004938549513916,text_only_random_forest
cs-iau-backend,138,Nokia,Graduate Trainee (Saudi Arabia) – Fledgers Program,67.0,69.98942453147863,text_only_random_forest
cs-iau-backend,139,Ericsson,Summer Interns (Ericsson Saudi),67.0,64.25561772486184,text_only_random_forest
cs-iau-backend,140,Bosch Middle East,Software Development Intern (AI/Cloud),81.5,77.08075483237923,text_only_random_forest
cs-iau-backend,141,Saudi Payments | المدفوعات السعودية,COOP Training – August 2024,57.0,57.105079211617046,text_only_random_forest
cs-iau-backend,142,Saudi Tadawul Group | تداول,Cooperative Training Program (COOP),61.5,63.930405963792204,text_only_random_forest
cs-iau-backend,143,Lean Technologies,Software Engineering Intern – KSA,91.5,84.5152357142857,text_only_random_forest
cs-iau-backend,144,Mirai (Scopely) | مِراي,AI Engineering Intern (GenAI),81.5,76.72822985209231,text_only_random_forest
cs-iau-backend,145,HungerStation | هنقرستيشن,"Co-OP Trainee, Data Analysis – Info Sec",77.0,63.82712681002571,text_only_random_forest
cs-iau-backend,146,NCGR | المركز الوطني لنظم الموارد الحكومية,Coop Training Program,57.0,56.498982895910835,text_only_random_forest
cs-iau-backend,147,nybl,nybl Graduate Programme – Saudi Nationals (AI Bootcamp),52.5,57.229418583161944,text_only_random_forest
cs-iau-backend,148,Procter & Gamble (P&G),P&G LEADgen Internship Program 2026 (Riyadh),67.0,64.23114874730635,text_only_random_forest
cs-iau-backend,149,New Murabba | المربع الجديد,New Murabba Co-op Training Program,61.5,56.909054953228335,text_only_random_forest
cs-iau-backend,150,Boeing Saudi Arabia Limited,Intern - Info Technology & Data Analytics (Riyadh),67.0,65.38091264656369,text_only_random_forest
cs-iau-backend,151,Motorola Solutions,Deployment Engineer Intern (KSA National - Tamheer Program),61.5,60.71411078759234,text_only_random_forest
cs-iau-backend,152,Schneider Electric,Co-op Intern (Engineering) - Al Khobar (Jan–Aug 2026),51.5,62.56633575979599,text_only_random_forest
cs-iau-backend,153,Lockheed Martin,Tamheer Space Internship (Riyadh),61.5,58.299133046477706,text_only_random_forest
cs-iau-backend,154,Markaba | مركبة,Start-up Software Intern – TAMHEER (Saudi nationals only),59.5,57.92977318225873,text_only_random_forest
cs-iau-backend,155,Laverne Group | مجموعة لافيرن,Data Analyst / Data Engineer Intern (IT Department),81.5,67.79946217854328,text_only_random_forest
cs-iau-backend,156,Meel | ميل,"Software Developer Internship (Remote, min 2 months)",72.5,64.94746373119865,text_only_random_forest
cs-iau-backend,157,Nahdi Medical Co.,IT Internship / COOP Program (6 months),52.0,57.4883732389076,text_only_random_forest
cs-iau-backend,158,SMART Technology Solutions | سمارت لحلول التقنية,R&D Intern (Riyadh),71.5,64.89566765061102,text_only_random_forest
cs-iau-backend,159,Knodemy Inc.,AI Developer & Tech Trainer Intern - Riyadh,81.5,73.54686185759755,text_only_random_forest
cs-iau-backend,160,Water Transmission Company | شركة نقل المياه,Tamheer Internship Program (HRIS / Engineering & PM - Riyadh),61.5,59.41429050133347,text_only_random_forest
cs-iau-backend,161,AFNOYS,"AI Automation Intern - KSA (Remote, 4 weeks)",62.0,63.300091217839395,text_only_random_forest
cs-iau-backend,162,SAS,CareerStart@SAS 2026 - Presales Customer Intelligence Intern (Riyadh),68.5,65.55842612021387,text_only_random_forest
cs-iau-backend,163,Devoteam,Trainee - Future Leaders Program (Co-op/Fresh Graduate),59.5,56.63420230044355,text_only_random_forest
cs-iau-backend,164,ضالتي Dhallaty,Tech Intern: Fresh Grad or Student,68.5,64.37302642391388,text_only_random_forest
cs-iau-backend,165,Innovative Solutions SA,Presales - Tamheer,50.5,53.644918062878524,text_only_random_forest
cs-iau-backend,166,HUMAIN,Tamheer Program (Software Engineer / Cybersecurity / MIS),59.5,65.29974782215234,text_only_random_forest
cs-iau-backend,167,TAM | تام,"Tamheer Opportunity, Advisory",36.5,38.125861619861624,text_only_random_forest
cs-iau-backend,168,هيئة التأمين | Insurance Authority,Tamheer Opportunity - Specialist of Information Security,50.5,55.72642011749922,text_only_random_forest
cs-iau-backend,169,Snbla | سنبله,Paid Internship Program (FinTech),68.5,64.03142451280918,text_only_random_forest
cs-iau-backend,170,2P Perfect Presentation,Data Analyst (Tamheer),55.0,58.372518129450306,text_only_random_forest
cs-iau-backend,171,Infosys,Summer Intern (Infosys InStep ’26 – Bangalore),55.5,57.33093269117514,text_only_random_forest
cs-iau-backend,172,شركة الخدمات المدارة | Managed Services Company,Intern Cybersecurity Engineer,69.5,65.0865099586811,text_only_random_forest
cs-iau-backend,173,Abunayyan Holding,Data Analyst (Tamheer),55.0,58.51795150544409,text_only_random_forest
ds-scientist-jeddah,1,Saudi Aramco,University Internship Program (UIP),38.5,44.440302913456236,text_only_random_forest
ds-scientist-jeddah,2,SABIC,COOP Training Program,41.5,44.51918644367007,text_only_random_forest
ds-scientist-jeddah,3,stc (Saudi Telecom Company),Cooperative Training Program (COOP),38.5,48.24185054071922,text_only_random_forest
ds-scientist-jeddah,4,Saudi National Bank (SNB),SNB Cooperative Training Program,43.5,45.53130751197503,text_only_random_forest
ds-scientist-jeddah,5,Al Rajhi Bank,Cooperative Training Program,43.5,44.861508393618806,text_only_random_forest
ds-scientist-jeddah,6,Capital Market Authority (CMA),COOP Program,38.5,46.869771422165826,text_only_random_forest
ds-scientist-jeddah,7,Digital Government Authority (DGA),Maidan Cooperative Training Program,38.5,47.76640593887751,text_only_random_forest
ds-scientist-jeddah,8,KPMG Saudi Arabia,COOP & Internship Programs,43.5,44.16677428733878,text_only_random_forest
ds-scientist-jeddah,9,PwC Middle East,"Deals, COOP and Summer Internship Programme (2026)",43.0,43.60579095159155,text_only_random_forest
ds-scientist-jeddah,10,Deloitte Middle East (KSA),Jusoor Al Sharqiyah Internship Program,33.0,45.00630584538946,text_only_random_forest
ds-scientist-jeddah,11,Bank Albilad,Cooperative & Summer Training Program,48.0,47.537914334864304,text_only_random_forest
ds-scientist-jeddah,12,Tamara,Tamara Builders Program,43.0,48.822957003574224,text_only_random_forest
ds-scientist-jeddah,13,Bupa Arabia,Cooperative Training Program,38.5,43.260313218583185,text_only_random_forest
ds-scientist-jeddah,14,Saudi Exports (Saudi Export Development Authority),COOP & Summer Training (FAQ-confirmed),43.5,45.247179366277535,text_only_random_forest
ds-scientist-jeddah,15,Local Content and Government Procurement Authority (LCGPA),COOP Training (role posting),38.5,42.1312712938632,text_only_random_forest
ds-scientist-jeddah,16,McKinsey & Company (Maqdira),Maqdira Fellowship Program,43.0,49.12690404023604,text_only_random_forest
ds-scientist-jeddah,17,Boston Consulting Group (BCG),Visiting Associate Internship (Riyadh),38.5,46.86758358293965,text_only_random_forest
ds-scientist-jeddah,18,Bain & Company,COOP Training Program (Riyadh),38.5,45.973943053303564,text_only_random_forest
ds-scientist-jeddah,19,Amazon Web Services (AWS),IT/Computer Hardware Internship (Intern-to-FTE Pathway),33.0,45.18900977322464,text_only_random_forest
ds-scientist-jeddah,20,Amazon Web Services (AWS) - Associate Solutions Architect Intern,Associate Solutions Architect Intern (2026),33.0,45.63018410236135,text_only_random_forest
ds-scientist-jeddah,21,Google (Saudi Arabia),Google Careers (Saudi location filter),34.5,46.03854951734618,text_only_random_forest
ds-scientist-jeddah,22,BlackRock,Client & Product Summer Internship Programme (EMEA) - includes Riyadh,44.17,48.42308201833843,text_only_random_forest
ds-scientist-jeddah,23,noon,Student Internship,28.5,45.60604922424513,text_only_random_forest
ds-scientist-jeddah,24,MOZN,Data Science Intern,56.83,61.68986617519267,text_only_random_forest
ds-scientist-jeddah,25,Elm,Elm Co-op Training Program (March 2026 Intake),38.5,44.7690754836603,text_only_random_forest
ds-scientist-jeddah,26,Yasref,Yasref Cooperative Training Program,46.0,45.250143445862705,text_only_random_forest
ds-scientist-jeddah,27,"Saudi Standards, Metrology and Quality Organization (SASO)",Cooperative Training (Collaborative Training),43.0,48.772018533435,text_only_random_forest
ds-scientist-jeddah,28,"Zakat, Tax and Customs Authority (ZATCA)",Binaa-Alkafaat Program,33.5,41.66305890039555,text_only_random_forest
ds-scientist-jeddah,29,Human Resources Development Fund (HRDF) – Cooperative Training Product,Cooperative Training (HRDF product),20.5,20.705208333333335,text_only_random_forest
ds-scientist-jeddah,30,EXPRO,COOP Training (Future Makers Program),38.5,44.30402351188044,text_only_random_forest
ds-scientist-jeddah,31,Ministry of Industry and Mineral Resources (MIM) – Cooperative Training Initiative,Cooperative Training Initiative,20.5,20.655555555555555,text_only_random_forest
ds-scientist-jeddah,32,TBC (The Beauty Company),Cooperative Training Program,43.5,44.49319732760738,text_only_random_forest
ds-scientist-jeddah,33,National Center for Vegetation Cover Development & Combating Desertification (NCVC),COOP Training Program,38.5,43.79683365199209,text_only_random_forest
ds-scientist-jeddah,34,Saudi Power Procurement Company (SPPC),Future Power – COOP Training Program,38.5,44.634497760598556,text_only_random_forest
ds-scientist-jeddah,35,TBC (Tatweer Building Company),Cooperative Training Program,38.5,47.29106444049473,text_only_random_forest
ds-scientist-jeddah,36,PwC Middle East (Assurance COOP & Summer Internship Programme 2026),"Assurance, COOP and Summer Internship Programme 2026 – Middle East",43.0,44.6362856275108,text_only_random_forest
ds-scientist-jeddah,37,KAPSARC,Intern (Coop- Trainee),47.5,51.613021680679815,text_only_random_forest
ds-scientist-jeddah,38,BSF (Banque Saudi Fransi),COOP / Internship,48.5,44.48867106013099,text_only_random_forest
ds-scientist-jeddah,39,Saudi Food & Drug Authority (SFDA),COOP training (First semester 2025-2026 intake),43.5,48.83262330689131,text_only_random_forest
ds-scientist-jeddah,40,Saudi Power Procurement Company (SPPC) – Future Power (Business Admin COOP),Future Power – Business Administration COOP Training Program,38.5,43.51930313662678,text_only_random_forest
ds-scientist-jeddah,41,Bank Albilad,Cooperative and Summer Training Program,38.5,48.426179827199725,text_only_random_forest
ds-scientist-jeddah,42,The Saudi National Bank (SNB),SNB Rowad Program,28.5,41.44059806439734,text_only_random_forest
ds-scientist-jeddah,43,National Cybersecurity Authority (NCA) – Academy,Cybersecurity training programs (academy),33.5,45.96449357053374,text_only_random_forest
ds-scientist-jeddah,44,PIF | Graduate Development Program,Graduate Development Program (GDP),44.17,47.32342992353053,text_only_random_forest
ds-scientist-jeddah,45,NEOM | GrOW (Graduates Opportunities in Work),GrOW (Graduates Opportunities in Work),36.0,42.72385387937451,text_only_random_forest
ds-scientist-jeddah,46,ROSHN | COOP Trainee Program,COOP Trainee Program,38.5,48.428805579428825,text_only_random_forest
ds-scientist-jeddah,47,Microsoft | Ru'aa Program (Riyadh),Ru'aa Program Internship (Solution Engineering),33.0,46.51867663775252,text_only_random_forest
ds-scientist-jeddah,48,Oracle | Business Development Intern (KSA market),Business Development Intern (KSA market),31.5,38.7610125959925,text_only_random_forest
ds-scientist-jeddah,49,SAP | Student Internship (Riyadh),Student Internship - Riyadh,28.5,43.08441845407605,text_only_random_forest
ds-scientist-jeddah,50,SAB (Saudi Awwal Bank) | Cooperative Training Programme (COOP),SAB Cooperative Training Programme (COOP),38.5,46.24184573976813,text_only_random_forest
ds-scientist-jeddah,51,Ministry of Finance (Saudi Arabia) | Cooperative Training Program,Cooperative Training Program,36.5,44.8035865764278,text_only_random_forest
ds-scientist-jeddah,52,Ministry of Industry and Mineral Resources | Cooperative Training,Cooperative Training Initiative,41.5,44.310946698886816,text_only_random_forest
ds-scientist-jeddah,53,King Fahd Causeway Authority | Internship Program,Internship Program,36.0,45.083775479959776,text_only_random_forest
ds-scientist-jeddah,54,Tawuniya | Tamheer Program (Fresh Graduates),Tamheer Program,36.0,43.22693191155466,text_only_random_forest
ds-scientist-jeddah,55,SAMA | SAMA Professional Program (SPP),SAMA Professional Program (SPP),26.5,39.319931943888506,text_only_random_forest
ds-scientist-jeddah,56,HRDF | Cooperative Training Product,Cooperative Training Product,41.5,44.1953221779956,text_only_random_forest
ds-scientist-jeddah,57,IBM,"Automation, Data & AI – Intern",31.0,47.50362780122044,text_only_random_forest
ds-scientist-jeddah,58,Unifonic,Internship (Unifonic),33.0,46.16680774403117,text_only_random_forest
ds-scientist-jeddah,59,Misk Foundation,Misk Traineeship / Internship Program,31.5,43.30684038592024,text_only_random_forest
ds-scientist-jeddah,60,Cisco,Cisco NetVersity (Saudi Arabia),41.0,46.031550507534575,text_only_random_forest
ds-scientist-jeddah,61,KAUST,Visiting Student Research Program (VSRP) Internship,28.5,45.90861869569661,text_only_random_forest
ds-scientist-jeddah,62,General Authority for Statistics (GASTAT),Cooperative Training Program,54.17,55.627425826321854,text_only_random_forest
ds-scientist-jeddah,63,Saudi Center for Opinion Polling (SCOP),Cooperative Training Program,54.17,55.159546630071276,text_only_random_forest
ds-scientist-jeddah,64,Al Rajhi Takaful,Cooperative Training Program,38.5,49.108356679550305,text_only_random_forest
ds-scientist-jeddah,65,Expenditure & Projects Efficiency Authority (EXPRO),Future Makers (صنّاع المستقبل) – Cooperative Training,38.5,48.0297803555204,text_only_random_forest
ds-scientist-jeddah,66,Ministry of Finance (Saudi Arabia),Cooperative Training Program (Ministry of Finance),38.5,48.693322669040185,text_only_random_forest
ds-scientist-jeddah,67,General Entertainment Authority (GEA),GEA Cooperative Training Program,38.5,47.69639675274467,text_only_random_forest
ds-scientist-jeddah,68,Banque Saudi Fransi (BSF),COOP Training,38.5,48.56815804352189,text_only_random_forest
ds-scientist-jeddah,69,Arab National Bank (ANB),COOP Trainee,38.5,49.26436118185201,text_only_random_forest
ds-scientist-jeddah,70,Tamara,Builders Program,38.5,47.42939579071266,text_only_random_forest
ds-scientist-jeddah,71,OmniOps,Co‑op Training Program,53.5,53.16626258248657,text_only_random_forest
ds-scientist-jeddah,72,Tatweer Educational Technologies (TETCO),Cooperative Training Program,43.0,54.381171463597276,text_only_random_forest
ds-scientist-jeddah,73,The Saudi Investment Bank (SAIB),Cooperative Program,38.5,48.62666389140122,text_only_random_forest
ds-scientist-jeddah,74,Saudi Awwal Bank (SAB),COOP Program,38.5,49.023819164019095,text_only_random_forest
ds-scientist-jeddah,75,Riyad Bank,Internships and Coop Trainings (CSR 2019),38.5,48.24930929830518,text_only_random_forest
ds-scientist-jeddah,76,Tabby,Intern DevOps Engineer,38.0,47.6309361275873,text_only_random_forest
ds-scientist-jeddah,77,Tabby,Intern Backend (GO) Engineer,44.67,48.898586349930035,text_only_random_forest
ds-scientist-jeddah,78,Tabby,Intern Frontend Engineer,33.0,49.78233390582618,text_only_random_forest
ds-scientist-jeddah,79,Tabby,Intern Data Engineer,50.83,61.974766067984774,text_only_random_forest
ds-scientist-jeddah,80,Tabby,No-Code / AI Agents Engineering Intern,33.0,45.05627165597038,text_only_random_forest
ds-scientist-jeddah,81,Bank Albilad,Cooperative Training Program,43.5,46.178139813731,text_only_random_forest
ds-scientist-jeddah,82,Saudi Ground Services (SGS),COOP Program,48.5,46.79454949787303,text_only_random_forest
ds-scientist-jeddah,83,CEER,Cooperative Training Program (COOP),38.5,48.63730102056782,text_only_random_forest
ds-scientist-jeddah,84,Al Rajhi Takaful,Coop Training Program,38.5,49.30165017529943,text_only_random_forest
ds-scientist-jeddah,85,TAWAL,COOP Training Program,43.0,51.722115066967646,text_only_random_forest
ds-scientist-jeddah,86,Wakeb_Data,COOP Training,43.0,50.74357049435718,text_only_random_forest
ds-scientist-jeddah,87,Banque Saudi Fransi (BSF),Coop Training Program,38.5,49.51672803978496,text_only_random_forest
ds-scientist-jeddah,88,Tech Economy,COOP Training Program,38.5,48.89718639149953,text_only_random_forest
ds-scientist-jeddah,89,SAMI Advanced Electronics (SAMI-AEC),Coop Trainee,38.5,49.824491535422545,text_only_random_forest
ds-scientist-jeddah,90,NHC,COOP Trainee,43.5,48.92938198079805,text_only_random_forest
ds-scientist-jeddah,91,REMAT ADVANCED,Cooperative Training Program,43.0,53.181970653887404,text_only_random_forest
ds-scientist-jeddah,92,SDM,AI COOP,49.67,55.895734990965785,text_only_random_forest
ds-scientist-jeddah,93,HUED,HUED COOP Program 2026,43.0,52.77768836878092,text_only_random_forest
ds-scientist-jeddah,94,Araamis • أرامس,Araamis COOP Program 2026,47.5,50.55172916130663,text_only_random_forest
ds-scientist-jeddah,95,ARDARA,COOP Training for Students,38.5,49.15107875349065,text_only_random_forest
ds-scientist-jeddah,96,flynas,COOP Trainee / Internship Program,43.0,48.49361160115359,text_only_random_forest
ds-scientist-jeddah,97,Saudi Motorsport Company (SMC),COOP Trainee (IT Asset Project Management),53.0,50.90015809427455,text_only_random_forest
ds-scientist-jeddah,98,Saudi Motorsport Company (SMC),COOP Trainee (Supply Chain Excellence Associate),57.5,51.49647271636136,text_only_random_forest
ds-scientist-jeddah,99,Mobily,Cooperative Training Program,38.5,48.17392880331485,text_only_random_forest
ds-scientist-jeddah,100,Saudi Awwal Bank (SAB),Student Opportunities: Cooperative / Practical Training,38.5,48.84932613508303,text_only_random_forest
ds-scientist-jeddah,101,Alvarez & Marsal,COOP Training Program,38.5,48.99349626151975,text_only_random_forest
ds-scientist-jeddah,102,Visa,COOP Trainee (Jan 2026),38.5,49.54973213335063,text_only_random_forest
ds-scientist-jeddah,103,Zain KSA,Evolve Program (Fresh Graduates),28.5,45.28839065065386,text_only_random_forest
ds-scientist-jeddah,104,Zain KSA,Zain Pioneers Program,33.0,44.54247468398486,text_only_random_forest
ds-scientist-jeddah,105,Savvy Games Group,Cooperative Training Program (Co-op),38.5,49.48628731344126,text_only_random_forest
ds-scientist-jeddah,106,Bank AlJazira,Tamheer Program,28.5,42.60210921075238,text_only_random_forest
ds-scientist-jeddah,107,sirar by stc,Cooperative Training Program,43.0,50.09572238192371,text_only_random_forest
ds-scientist-jeddah,108,Gathern,Co-op Program,53.5,54.1265207003725,text_only_random_forest
ds-scientist-jeddah,109,Elm Company (شركة علم),Coop Training - Computer Science (Jan/Mar/Jun/Aug 2025 Intake),43.0,50.21770830760508,text_only_random_forest
ds-scientist-jeddah,110,Elm Company (شركة علم),Co-Op Training - Information Technology (Jun & Aug 2025 Intake),43.0,49.921491523922505,text_only_random_forest
ds-scientist-jeddah,111,EJADA,COOP Administration & Support Engineer,38.5,51.25472014658984,text_only_random_forest
ds-scientist-jeddah,112,Emdad By Elm,Network Cooperative Training (Network Intern),53.0,49.70051740335494,text_only_random_forest
ds-scientist-jeddah,113,AILA,Co-op Training Programme,48.0,51.204885447283814,text_only_random_forest
ds-scientist-jeddah,114,Foodics,Foodics 360 Internship Program,33.0,44.924308279597426,text_only_random_forest
ds-scientist-jeddah,115,Salla,برنامج التدريب التعاوني (Coop Training) – Salla,43.0,48.22433745539909,text_only_random_forest
ds-scientist-jeddah,116,Lucidya,Technical Internship or Coop – Lucidya,53.0,49.205523266743654,text_only_random_forest
ds-scientist-jeddah,117,Diriyah Company,Diriyah Co-op Training Program,38.5,48.93950687892626,text_only_random_forest
ds-scientist-jeddah,118,Riyadh Air,Co-op – Riyadh Air,38.5,49.056515019478255,text_only_random_forest
ds-scientist-jeddah,119,Jahez Group,Jahez Internship Program (as described in Sustainability Report),28.5,44.71918673769671,text_only_random_forest
ds-scientist-jeddah,120,Lumi | لومي,COOP Intern 2025 – Lumi,38.5,49.13623054052314,text_only_random_forest
ds-scientist-jeddah,121,webook.com,COOP Trainee Opportunities – webook.com,38.5,49.25587336171095,text_only_random_forest
ds-scientist-jeddah,122,moneymoon,Tech & AI Co-op Program 2025,49.67,55.2164243206474,text_only_random_forest
ds-scientist-jeddah,123,EjadTech - إيجاد التقنية,"Summer Internship Program 2025 (Computer, Data, and AI Majors)",48.17,49.772924330257986,text_only_random_forest
ds-scientist-jeddah,124,InnovationTeam,Java Microservices Internship Programme (Saudi Nationals),37.67,48.75694107468,text_only_random_forest
ds-scientist-jeddah,125,Tamkeen Technologies,On the Job Training (Internship Program) — Technology field,33.0,45.04422940140403,text_only_random_forest
ds-scientist-jeddah,126,Trendyol Group,Trendyol Tech Talent - Bootcamp & COOP Internship Program (Saudi Students Only),41.0,46.191755523653256,text_only_random_forest
ds-scientist-jeddah,127,Ninja نينجا,COOP Training Program,41.0,46.24006458920731,text_only_random_forest
ds-scientist-jeddah,128,SCAI | سكاي,CO-OP Training Opportunities (Intern),49.67,59.23270908519387,text_only_random_forest
ds-scientist-jeddah,129,WalaPlus,Coop & Tamheer Opportunities,43.0,49.39658713455929,text_only_random_forest
ds-scientist-jeddah,130,Aon,IT Co-op Trainee 2026,43.0,49.122005062482145,text_only_random_forest
ds-scientist-jeddah,131,Hewlett Packard Enterprise (HPE),College Intern (Coop),43.0,47.7679684610366,text_only_random_forest
ds-scientist-jeddah,132,Signify,KSA Coop Internship Program,43.0,44.76149963746239,text_only_random_forest
ds-scientist-jeddah,133,Help AG (e& enterprise),Cybersecurity Intern,28.5,44.188903751538184,text_only_random_forest
ds-scientist-jeddah,134,TrendAI (Trend Micro),CyberGATE Internship Program,33.0,46.277118782395625,text_only_random_forest
ds-scientist-jeddah,135,Golf Saudi,IT Co-op Trainee,43.0,49.83305266978887,text_only_random_forest
ds-scientist-jeddah,136,Siemens Healthineers,Healthineers Early Talent Program – IT (Riyadh),33.0,45.13613295254061,text_only_random_forest
ds-scientist-jeddah,137,1957 Ventures,Internship / Co-Op Program,43.0,46.08961410499446,text_only_random_forest
ds-scientist-jeddah,138,Nokia,Graduate Trainee (Saudi Arabia) – Fledgers Program,44.17,53.531301560131936,text_only_random_forest
ds-scientist-jeddah,139,Ericsson,Summer Interns (Ericsson Saudi),33.0,43.51465001218126,text_only_random_forest
ds-scientist-jeddah,140,Bosch Middle East,Software Development Intern (AI/Cloud),50.17,59.104928370177,text_only_random_forest
ds-scientist-jeddah,141,Saudi Payments | المدفوعات السعودية,COOP Training – August 2024,47.5,50.23714226578184,text_only_random_forest
ds-scientist-jeddah,142,Saudi Tadawul Group | تداول,Cooperative Training Program (COOP),43.0,51.25359498079409,text_only_random_forest
ds-scientist-jeddah,143,Lean Technologies,Software Engineering Intern – KSA,46.33,57.66521930926434,text_only_random_forest
ds-scientist-jeddah,144,Mirai (Scopely) | مِراي,AI Engineering Intern (GenAI),39.67,54.922917608055556,text_only_random_forest
ds-scientist-jeddah,145,HungerStation | هنقرستيشن,"Co-OP Trainee, Data Analysis – Info Sec",60.83,58.8040455544447,text_only_random_forest
ds-scientist-jeddah,146,NCGR | المركز الوطني لنظم الموارد الحكومية,Coop Training Program,43.0,49.174861366044134,text_only_random_forest
ds-scientist-jeddah,147,nybl,nybl Graduate Programme – Saudi Nationals (AI Bootcamp),28.5,40.881066707994165,text_only_random_forest
ds-scientist-jeddah,148,Procter & Gamble (P&G),P&G LEADgen Internship Program 2026 (Riyadh),33.0,43.48221680686912,text_only_random_forest
ds-scientist-jeddah,149,New Murabba | المربع الجديد,New Murabba Co-op Training Program,43.0,49.30306425229961,text_only_random_forest
ds-scientist-jeddah,150,Boeing Saudi Arabia Limited,Intern - Info Technology & Data Analytics (Riyadh),37.5,48.56349440695786,text_only_random_forest
ds-scientist-jeddah,151,Motorola Solutions,Deployment Engineer Intern (KSA National - Tamheer Program),33.0,47.061181141320255,text_only_random_forest
ds-scientist-jeddah,152,Schneider Electric,Co-op Intern (Engineering) - Al Khobar (Jan–Aug 2026),43.0,48.693988984806865,text_only_random_forest
ds-scientist-jeddah,153,Lockheed Martin,Tamheer Space Internship (Riyadh),33.0,43.68525976112605,text_only_random_forest
ds-scientist-jeddah,154,Markaba | مركبة,Start-up Software Intern – TAMHEER (Saudi nationals only),31.0,42.69011347199002,text_only_random_forest
ds-scientist-jeddah,155,Laverne Group | مجموعة لافيرن,Data Analyst / Data Engineer Intern (IT Department),44.17,54.359834745658794,text_only_random_forest
ds-scientist-jeddah,156,Meel | ميل,"Software Developer Internship (Remote, min 2 months)",38.0,46.65970710668382,text_only_random_forest
ds-scientist-jeddah,157,Nahdi Medical Co.,IT Internship / COOP Program (6 months),48.0,48.74759157704544,text_only_random_forest
ds-scientist-jeddah,158,SMART Technology Solutions | سمارت لحلول التقنية,R&D Intern (Riyadh),33.0,48.108553597745676,text_only_random_forest
ds-scientist-jeddah,159,Knodemy Inc.,AI Developer & Tech Trainer Intern - Riyadh,39.67,51.776540103102,text_only_random_forest
ds-scientist-jeddah,160,Water Transmission Company | شركة نقل المياه,Tamheer Internship Program (HRIS / Engineering & PM - Riyadh),33.0,44.41230774967721,text_only_random_forest
ds-scientist-jeddah,161,AFNOYS,"AI Automation Intern - KSA (Remote, 4 weeks)",38.0,46.75961022508458,text_only_random_forest
ds-scientist-jeddah,162,SAS,CareerStart@SAS 2026 - Presales Customer Intelligence Intern (Riyadh),39.0,44.47404146864336,text_only_random_forest
ds-scientist-jeddah,163,Devoteam,Trainee - Future Leaders Program (Co-op/Fresh Graduate),41.0,48.0796922106669,text_only_random_forest
ds-scientist-jeddah,164,ضالتي Dhallaty,Tech Intern: Fresh Grad or Student,34.5,44.01574126101652,text_only_random_forest
ds-scientist-jeddah,165,Innovative Solutions SA,Presales - Tamheer,26.5,40.43817299073383,text_only_random_forest
ds-scientist-jeddah,166,HUMAIN,Tamheer Program (Software Engineer / Cybersecurity / MIS),31.0,42.11636635587073,text_only_random_forest
ds-scientist-jeddah,167,TAM | تام,"Tamheer Opportunity, Advisory",26.5,26.981746057422974,text_only_random_forest
ds-scientist-jeddah,168,هيئة التأمين | Insurance Authority,Tamheer Opportunity - Specialist of Information Security,26.5,40.672732818210925,text_only_random_forest
ds-scientist-jeddah,169,Snbla | سنبله,Paid Internship Program (FinTech),34.5,45.56144631310886,text_only_random_forest
ds-scientist-jeddah,170,2P Perfect Presentation,Data Analyst (Tamheer),35.5,42.046766259738774,text_only_random_forest
ds-scientist-jeddah,171,Infosys,Summer Intern (Infosys InStep ’26 – Bangalore),31.5,40.19815465355295,text_only_random_forest
ds-scientist-jeddah,172,شركة الخدمات المدارة | Managed Services Company,Intern Cybersecurity Engineer,31.0,48.462664206094914,text_only_random_forest
ds-scientist-jeddah,173,Abunayyan Holding,Data Analyst (Tamheer),35.5,41.76323024186817,text_only_random_forest
ds-remote-coop,1,Saudi Aramco,University Internship Program (UIP),40.0,44.00616454688891,text_only_random_forest
ds-remote-coop,2,SABIC,COOP Training Program,38.0,46.3768014217404,text_only_random_forest
ds-remote-coop,3,stc (Saudi Telecom Company),Cooperative Training Program (COOP),40.0,49.03502831095004,text_only_random_forest
ds-remote-coop,4,Saudi National Bank (SNB),SNB Cooperative Training Program,40.0,47.22265759451471,text_only_random_forest
ds-remote-coop,5,Al Rajhi Bank,Cooperative Training Program,40.0,45.96466325507764,text_only_random_forest
ds-remote-coop,6,Capital Market Authority (CMA),COOP Program,40.0,47.75366322547014,text_only_random_forest
ds-remote-coop,7,Digital Government Authority (DGA),Maidan Cooperative Training Program,40.0,46.4413091329126,text_only_random_forest
ds-remote-coop,8,KPMG Saudi Arabia,COOP & Internship Programs,40.0,43.241016126542874,text_only_random_forest
ds-remote-coop,9,PwC Middle East,"Deals, COOP and Summer Internship Programme (2026)",44.5,45.048435728156534,text_only_random_forest
ds-remote-coop,10,Deloitte Middle East (KSA),Jusoor Al Sharqiyah Internship Program,34.5,45.150010783111675,text_only_random_forest
ds-remote-coop,11,Bank Albilad,Cooperative & Summer Training Program,44.5,48.63217715623215,text_only_random_forest
ds-remote-coop,12,Tamara,Tamara Builders Program,44.5,48.81370370017107,text_only_random_forest
ds-remote-coop,13,Bupa Arabia,Cooperative Training Program,40.0,44.1439959235236,text_only_random_forest
ds-remote-coop,14,Saudi Exports (Saudi Export Development Authority),COOP & Summer Training (FAQ-confirmed),40.0,44.27260977178206,text_only_random_forest
ds-remote-coop,15,Local Content and Government Procurement Authority (LCGPA),COOP Training (role posting),40.0,43.17973518513933,text_only_random_forest
ds-remote-coop,16,McKinsey & Company (Maqdira),Maqdira Fellowship Program,44.5,49.55004484026322,text_only_random_forest
ds-remote-coop,17,Boston Consulting Group (BCG),Visiting Associate Internship (Riyadh),40.0,48.23111494172304,text_only_random_forest
ds-remote-coop,18,Bain & Company,COOP Training Program (Riyadh),40.0,46.68715895087978,text_only_random_forest
ds-remote-coop,19,Amazon Web Services (AWS),IT/Computer Hardware Internship (Intern-to-FTE Pathway),34.5,44.49086483849333,text_only_random_forest
ds-remote-coop,20,Amazon Web Services (AWS) - Associate Solutions Architect Intern,Associate Solutions Architect Intern (2026),34.5,45.89388562622041,text_only_random_forest
ds-remote-coop,21,Google (Saudi Arabia),Google Careers (Saudi location filter),38.0,44.59377977341987,text_only_random_forest
ds-remote-coop,22,BlackRock,Client & Product Summer Internship Programme (EMEA) - includes Riyadh,34.5,45.87892158239195,text_only_random_forest
ds-remote-coop,23,noon,Student Internship,30.0,40.51847410984388,text_only_random_forest
ds-remote-coop,24,MOZN,Data Science Intern,51.67,58.183058830198206,text_only_random_forest
ds-remote-coop,25,Elm,Elm Co-op Training Program (March 2026 Intake),40.0,45.62736138932266,text_only_random_forest
ds-remote-coop,26,Yasref,Yasref Cooperative Training Program,42.5,47.488014162689836,text_only_random_forest
ds-remote-coop,27,"Saudi Standards, Metrology and Quality Organization (SASO)",Cooperative Training (Collaborative Training),44.5,48.22445225337079,text_only_random_forest
ds-remote-coop,28,"Zakat, Tax and Customs Authority (ZATCA)",Binaa-Alkafaat Program,30.0,39.9995501782927,text_only_random_forest
ds-remote-coop,29,Human Resources Development Fund (HRDF) – Cooperative Training Product,Cooperative Training (HRDF product),20.5,21.191805555555558,text_only_random_forest
ds-remote-coop,30,EXPRO,COOP Training (Future Makers Program),40.0,45.36046383699688,text_only_random_forest
ds-remote-coop,31,Ministry of Industry and Mineral Resources (MIM) – Cooperative Training Initiative,Cooperative Training Initiative,20.5,20.967430555555556,text_only_random_forest
ds-remote-coop,32,TBC (The Beauty Company),Cooperative Training Program,40.0,44.36949706365358,text_only_random_forest
ds-remote-coop,33,National Center for Vegetation Cover Development & Combating Desertification (NCVC),COOP Training Program,40.0,43.99543457978075,text_only_random_forest
ds-remote-coop,34,Saudi Power Procurement Company (SPPC),Future Power – COOP Training Program,40.0,45.89325417795281,text_only_random_forest
ds-remote-coop,35,TBC (Tatweer Building Company),Cooperative Training Program,40.0,48.633943865066335,text_only_random_forest
ds-remote-coop,36,PwC Middle East (Assurance COOP & Summer Internship Programme 2026),"Assurance, COOP and Summer Internship Programme 2026 – Middle East",44.5,46.42179310016683,text_only_random_forest
ds-remote-coop,37,KAPSARC,Intern (Coop- Trainee),44.5,53.64694021389657,text_only_random_forest
ds-remote-coop,38,BSF (Banque Saudi Fransi),COOP / Internship,40.0,44.88382274174158,text_only_random_forest
ds-remote-coop,39,Saudi Food & Drug Authority (SFDA),COOP training (First semester 2025-2026 intake),40.0,49.67521793702749,text_only_random_forest
ds-remote-coop,40,Saudi Power Procurement Company (SPPC) – Future Power (Business Admin COOP),Future Power – Business Administration COOP Training Program,40.0,44.63587635295587,text_only_random_forest
ds-remote-coop,41,Bank Albilad,Cooperative and Summer Training Program,40.0,49.30741583405374,text_only_random_forest
ds-remote-coop,42,The Saudi National Bank (SNB),SNB Rowad Program,30.0,40.88218062562438,text_only_random_forest
ds-remote-coop,43,National Cybersecurity Authority (NCA) – Academy,Cybersecurity training programs (academy),35.0,46.17927131845331,text_only_random_forest
ds-remote-coop,44,PIF | Graduate Development Program,Graduate Development Program (GDP),34.5,46.96282898353817,text_only_random_forest
ds-remote-coop,45,NEOM | GrOW (Graduates Opportunities in Work),GrOW (Graduates Opportunities in Work),36.0,43.749966858042356,text_only_random_forest
ds-remote-coop,46,ROSHN | COOP Trainee Program,COOP Trainee Program,40.0,49.18049776326889,text_only_random_forest
ds-remote-coop,47,Microsoft | Ru'aa Program (Riyadh),Ru'aa Program Internship (Solution Engineering),34.5,42.22140022069191,text_only_random_forest
ds-remote-coop,48,Oracle | Business Development Intern (KSA market),Business Development Intern (KSA market),31.5,38.193320069085054,text_only_random_forest
ds-remote-coop,49,SAP | Student Internship (Riyadh),Student Internship - Riyadh,30.0,41.4260960556971,text_only_random_forest
ds-remote-coop,50,SAB (Saudi Awwal Bank) | Cooperative Training Programme (COOP),SAB Cooperative Training Programme (COOP),40.0,47.408525006343325,text_only_random_forest
ds-remote-coop,51,Ministry of Finance (Saudi Arabia) | Cooperative Training Program,Cooperative Training Program,41.5,45.31100411428991,text_only_random_forest
ds-remote-coop,52,Ministry of Industry and Mineral Resources | Cooperative Training,Cooperative Training Initiative,41.5,45.78531432789829,text_only_random_forest
ds-remote-coop,53,King Fahd Causeway Authority | Internship Program,Internship Program,36.0,45.0054052510944,text_only_random_forest
ds-remote-coop,54,Tawuniya | Tamheer Program (Fresh Graduates),Tamheer Program,37.5,46.3334848269869,text_only_random_forest
ds-remote-coop,55,SAMA | SAMA Professional Program (SPP),SAMA Professional Program (SPP),31.5,40.642462173512996,text_only_random_forest
ds-remote-coop,56,HRDF | Cooperative Training Product,Cooperative Training Product,41.5,45.694426033495695,text_only_random_forest
ds-remote-coop,57,IBM,"Automation, Data & AI – Intern",36.0,47.40066941502582,text_only_random_forest
ds-remote-coop,58,Unifonic,Internship (Unifonic),34.5,43.21635749838827,text_only_random_forest
ds-remote-coop,59,Misk Foundation,Misk Traineeship / Internship Program,33.0,42.68043392239778,text_only_random_forest
ds-remote-coop,60,Cisco,Cisco NetVersity (Saudi Arabia),37.5,47.58081888234971,text_only_random_forest
ds-remote-coop,61,KAUST,Visiting Student Research Program (VSRP) Internship,30.0,46.47383435540402,text_only_random_forest
ds-remote-coop,62,General Authority for Statistics (GASTAT),Cooperative Training Program,44.5,55.75697152423081,text_only_random_forest
ds-remote-coop,63,Saudi Center for Opinion Polling (SCOP),Cooperative Training Program,44.5,56.8445330812137,text_only_random_forest
ds-remote-coop,64,Al Rajhi Takaful,Cooperative Training Program,40.0,50.91516144499663,text_only_random_forest
ds-remote-coop,65,Expenditure & Projects Efficiency Authority (EXPRO),Future Makers (صنّاع المستقبل) – Cooperative Training,40.0,49.06506836804809,text_only_random_forest
ds-remote-coop,66,Ministry of Finance (Saudi Arabia),Cooperative Training Program (Ministry of Finance),40.0,50.1129029641422,text_only_random_forest
ds-remote-coop,67,General Entertainment Authority (GEA),GEA Cooperative Training Program,40.0,49.468973520380516,text_only_random_forest
ds-remote-coop,68,Banque Saudi Fransi (BSF),COOP Training,40.0,50.73515805983929,text_only_random_forest
ds-remote-coop,69,Arab National Bank (ANB),COOP Trainee,40.0,49.62410533395794,text_only_random_forest
ds-remote-coop,70,Tamara,Builders Program,40.0,49.3768113377525,text_only_random_forest
ds-remote-coop,71,OmniOps,Co‑op Training Program,55.0,53.96796369726152,text_only_random_forest
ds-remote-coop,72,Tatweer Educational Technologies (TETCO),Cooperative Training Program,44.5,52.9967419014497,text_only_random_forest
ds-remote-coop,73,The Saudi Investment Bank (SAIB),Cooperative Program,40.0,49.90340970377853,text_only_random_forest
ds-remote-coop,74,Saudi Awwal Bank (SAB),COOP Program,40.0,50.04358774772474,text_only_random_forest
ds-remote-coop,75,Riyad Bank,Internships and Coop Trainings (CSR 2019),40.0,49.16272141796735,text_only_random_forest
ds-remote-coop,76,Tabby,Intern DevOps Engineer,39.5,47.47390644595527,text_only_random_forest
ds-remote-coop,77,Tabby,Intern Backend (GO) Engineer,39.5,47.983384328767904,text_only_random_forest
ds-remote-coop,78,Tabby,Intern Frontend Engineer,34.5,47.50515469340775,text_only_random_forest
ds-remote-coop,79,Tabby,Intern Data Engineer,41.17,61.28655107121738,text_only_random_forest
ds-remote-coop,80,Tabby,No-Code / AI Agents Engineering Intern,34.5,44.705145941898984,text_only_random_forest
ds-remote-coop,81,Bank Albilad,Cooperative Training Program,40.0,49.36735755499858,text_only_random_forest
ds-remote-coop,82,Saudi Ground Services (SGS),COOP Program,40.0,49.36606765481223,text_only_random_forest
ds-remote-coop,83,CEER,Cooperative Training Program (COOP),40.0,49.35916333805802,text_only_random_forest
ds-remote-coop,84,Al Rajhi Takaful,Coop Training Program,40.0,51.42691189563701,text_only_random_forest
ds-remote-coop,85,TAWAL,COOP Training Program,44.5,52.85540361486154,text_only_random_forest
ds-remote-coop,86,Wakeb_Data,COOP Training,44.5,51.77577079042923,text_only_random_forest
ds-remote-coop,87,Banque Saudi Fransi (BSF),Coop Training Program,40.0,49.86996910873954,text_only_random_forest
ds-remote-coop,88,Tech Economy,COOP Training Program,40.0,50.23078077003137,text_only_random_forest
ds-remote-coop,89,SAMI Advanced Electronics (SAMI-AEC),Coop Trainee,40.0,51.3030398313645,text_only_random_forest
ds-remote-coop,90,NHC,COOP Trainee,40.0,49.87705922556977,text_only_random_forest
ds-remote-coop,91,REMAT ADVANCED,Cooperative Training Program,44.5,53.8945549027626,text_only_random_forest
ds-remote-coop,92,SDM,AI COOP,51.17,58.0498544995421,text_only_random_forest
ds-remote-coop,93,HUED,HUED COOP Program 2026,44.5,52.34118884413763,text_only_random_forest
ds-remote-coop,94,Araamis • أرامس,Araamis COOP Program 2026,44.5,52.262929162559885,text_only_random_forest
ds-remote-coop,95,ARDARA,COOP Training for Students,40.0,50.66771714819491,text_only_random_forest
ds-remote-coop,96,flynas,COOP Trainee / Internship Program,44.5,49.472745759865525,text_only_random_forest
ds-remote-coop,97,Saudi Motorsport Company (SMC),COOP Trainee (IT Asset Project Management),44.5,51.68188452523869,text_only_random_forest
ds-remote-coop,98,Saudi Motorsport Company (SMC),COOP Trainee (Supply Chain Excellence Associate),44.5,51.98216459995318,text_only_random_forest
ds-remote-coop,99,Mobily,Cooperative Training Program,40.0,49.605008306098256,text_only_random_forest
ds-remote-coop,100,Saudi Awwal Bank (SAB),Student Opportunities: Cooperative / Practical Training,40.0,50.372413433900945,text_only_random_forest
ds-remote-coop,101,Alvarez & Marsal,COOP Training Program,40.0,50.173377496221846,text_only_random_forest
ds-remote-coop,102,Visa,COOP Trainee (Jan 2026),40.0,51.1199956776212,text_only_random_forest
ds-remote-coop,103,Zain KSA,Evolve Program (Fresh Graduates),30.0,45.440735585269834,text_only_random_forest
ds-remote-coop,104,Zain KSA,Zain Pioneers Program,34.5,46.15683012194158,text_only_random_forest
ds-remote-coop,105,Savvy Games Group,Cooperative Training Program (Co-op),40.0,50.94264187683301,text_only_random_forest
ds-remote-coop,106,Bank AlJazira,Tamheer Program,30.0,41.895989863350756,text_only_random_forest
ds-remote-coop,107,sirar by stc,Cooperative Training Program,44.5,51.65558071603932,text_only_random_forest
ds-remote-coop,108,Gathern,Co-op Program,55.0,53.77522958565556,text_only_random_forest
ds-remote-coop,109,Elm Company (شركة علم),Coop Training - Computer Science (Jan/Mar/Jun/Aug 2025 Intake),44.5,52.24950895273543,text_only_random_forest
ds-remote-coop,110,Elm Company (شركة علم),Co-Op Training - Information Technology (Jun & Aug 2025 Intake),44.5,52.34724622991279,text_only_random_forest
ds-remote-coop,111,EJADA,COOP Administration & Support Engineer,40.0,52.14614338526681,text_only_random_forest
ds-remote-coop,112,Emdad By Elm,Network Cooperative Training (Network Intern),44.5,51.402483362639124,text_only_random_forest
ds-remote-coop,113,AILA,Co-op Training Programme,49.5,52.19994368786904,text_only_random_forest
ds-remote-coop,114,Foodics,Foodics 360 Internship Program,34.5,43.26420916496861,text_only_random_forest
ds-remote-coop,115,Salla,برنامج التدريب التعاوني (Coop Training) – Salla,44.5,48.52305826804484,text_only_random_forest
ds-remote-coop,116,Lucidya,Technical Internship or Coop – Lucidya,44.5,51.87394766397223,text_only_random_forest
ds-remote-coop,117,Diriyah Company,Diriyah Co-op Training Program,40.0,50.51828979253855,text_only_random_forest
ds-remote-coop,118,Riyadh Air,Co-op – Riyadh Air,40.0,50.848845334745285,text_only_random_forest
ds-remote-coop,119,Jahez Group,Jahez Internship Program (as described in Sustainability Report),30.0,43.15332104109136,text_only_random_forest
ds-remote-coop,120,Lumi | لومي,COOP Intern 2025 – Lumi,40.0,50.17467947346414,text_only_random_forest
ds-remote-coop,121,webook.com,COOP Trainee Opportunities – webook.com,40.0,50.565353854800975,text_only_random_forest
ds-remote-coop,122,moneymoon,Tech & AI Co-op Program 2025,51.17,53.937733664669764,text_only_random_forest
ds-remote-coop,123,EjadTech - إيجاد التقنية,"Summer Internship Program 2025 (Computer, Data, and AI Majors)",53.17,48.503476720864796,text_only_random_forest
ds-remote-coop,124,InnovationTeam,Java Microservices Internship Programme (Saudi Nationals),36.0,46.57044304765775,text_only_random_forest
ds-remote-coop,125,Tamkeen Technologies,On the Job Training (Internship Program) — Technology field,34.5,43.40343464272702,text_only_random_forest
ds-remote-coop,126,Trendyol Group,Trendyol Tech Talent - Bootcamp & COOP Internship Program (Saudi Students Only),46.0,46.48728422640766,text_only_random_forest
ds-remote-coop,127,Ninja نينجا,COOP Training Program,46.0,46.525894304415935,text_only_random_forest
ds-remote-coop,128,SCAI | سكاي,CO-OP Training Opportunities (Intern),51.17,57.87785033981674,text_only_random_forest
ds-remote-coop,129,WalaPlus,Coop & Tamheer Opportunities,44.5,50.765919131495565,text_only_random_forest
ds-remote-coop,130,Aon,IT Co-op Trainee 2026,44.5,50.21101968676167,text_only_random_forest
ds-remote-coop,131,Hewlett Packard Enterprise (HPE),College Intern (Coop),44.5,49.318653280659696,text_only_random_forest
ds-remote-coop,132,Signify,KSA Coop Internship Program,44.5,45.96191757617673,text_only_random_forest
ds-remote-coop,133,Help AG (e& enterprise),Cybersecurity Intern,30.0,43.1390584288505,text_only_random_forest
ds-remote-coop,134,TrendAI (Trend Micro),CyberGATE Internship Program,34.5,45.97234382242618,text_only_random_forest
ds-remote-coop,135,Golf Saudi,IT Co-op Trainee,44.5,50.9910658899357,text_only_random_forest
ds-remote-coop,136,Siemens Healthineers,Healthineers Early Talent Program – IT (Riyadh),34.5,45.410227765239,text_only_random_forest
ds-remote-coop,137,1957 Ventures,Internship / Co-Op Program,44.5,46.4377693873536,text_only_random_forest
ds-remote-coop,138,Nokia,Graduate Trainee (Saudi Arabia) – Fledgers Program,41.17,50.570567108135954,text_only_random_forest
ds-remote-coop,139,Ericsson,Summer Interns (Ericsson Saudi),34.5,42.65176776359628,text_only_random_forest
ds-remote-coop,140,Bosch Middle East,Software Development Intern (AI/Cloud),51.67,54.55249725191687,text_only_random_forest
ds-remote-coop,141,Saudi Payments | المدفوعات السعودية,COOP Training – August 2024,44.5,51.57205335100795,text_only_random_forest
ds-remote-coop,142,Saudi Tadawul Group | تداول,Cooperative Training Program (COOP),44.5,52.1936761262251,text_only_random_forest
ds-remote-coop,143,Lean Technologies,Software Engineering Intern – KSA,41.17,55.658629355590705,text_only_random_forest
ds-remote-coop,144,Mirai (Scopely) | مِراي,AI Engineering Intern (GenAI),41.17,53.93660424156141,text_only_random_forest
ds-remote-coop,145,HungerStation | هنقرستيشن,"Co-OP Trainee, Data Analysis – Info Sec",51.17,59.5685742159592,text_only_random_forest
ds-remote-coop,146,NCGR | المركز الوطني لنظم الموارد الحكومية,Coop Training Program,44.5,51.09953486320817,text_only_random_forest
ds-remote-coop,147,nybl,nybl Graduate Programme – Saudi Nationals (AI Bootcamp),30.0,42.95495983172517,text_only_random_forest
ds-remote-coop,148,Procter & Gamble (P&G),P&G LEADgen Internship Program 2026 (Riyadh),34.5,42.07848684873121,text_only_random_forest
ds-remote-coop,149,New Murabba | المربع الجديد,New Murabba Co-op Training Program,44.5,51.028544343575284,text_only_random_forest
ds-remote-coop,150,Boeing Saudi Arabia Limited,Intern - Info Technology & Data Analytics (Riyadh),34.5,49.20568568492419,text_only_random_forest
ds-remote-coop,151,Motorola Solutions,Deployment Engineer Intern (KSA National - Tamheer Program),34.5,48.73797529713078,text_only_random_forest
ds-remote-coop,152,Schneider Electric,Co-op Intern (Engineering) - Al Khobar (Jan–Aug 2026),44.5,50.98181008969822,text_only_random_forest
ds-remote-coop,153,Lockheed Martin,Tamheer Space Internship (Riyadh),34.5,42.8114419326935,text_only_random_forest
ds-remote-coop,154,Markaba | مركبة,Start-up Software Intern – TAMHEER (Saudi nationals only),36.0,42.65759033749634,text_only_random_forest
ds-remote-coop,155,Laverne Group | مجموعة لافيرن,Data Analyst / Data Engineer Intern (IT Department),34.5,52.74216013239234,text_only_random_forest
ds-remote-coop,156,Meel | ميل,"Software Developer Internship (Remote, min 2 months)",39.5,46.67859991479265,text_only_random_forest
ds-remote-coop,157,Nahdi Medical Co.,IT Internship / COOP Program (6 months),44.5,49.34072034787583,text_only_random_forest
ds-remote-coop,158,SMART Technology Solutions | سمارت لحلول التقنية,R&D Intern (Riyadh),34.5,45.7115724695114,text_only_random_forest
ds-remote-coop,159,Knodemy Inc.,AI Developer & Tech Trainer Intern - Riyadh,41.17,47.94615281285449,text_only_random_forest
ds-remote-coop,160,Water Transmission Company | شركة نقل المياه,Tamheer Internship Program (HRIS / Engineering & PM - Riyadh),34.5,44.59992941712543,text_only_random_forest
ds-remote-coop,161,AFNOYS,"AI Automation Intern - KSA (Remote, 4 weeks)",39.5,45.36675723664655,text_only_random_forest
ds-remote-coop,162,SAS,CareerStart@SAS 2026 - Presales Customer Intelligence Intern (Riyadh),38.0,43.922919115276194,text_only_random_forest
ds-remote-coop,163,Devoteam,Trainee - Future Leaders Program (Co-op/Fresh Graduate),46.0,51.22801329322047,text_only_random_forest
ds-remote-coop,164,ضالتي Dhallaty,Tech Intern: Fresh Grad or Student,38.0,44.19223192512872,text_only_random_forest
ds-remote-coop,165,Innovative Solutions SA,Presales - Tamheer,31.5,44.565679826697625,text_only_random_forest
ds-remote-coop,166,HUMAIN,Tamheer Program (Software Engineer / Cybersecurity / MIS),36.0,45.247333853342795,text_only_random_forest
ds-remote-coop,167,TAM | تام,"Tamheer Opportunity, Advisory",31.5,18.126121349206347,text_only_random_forest
ds-remote-coop,168,هيئة التأمين | Insurance Authority,Tamheer Opportunity - Specialist of Information Security,31.5,40.379787104051324,text_only_random_forest
ds-remote-coop,169,Snbla | سنبله,Paid Internship Program (FinTech),38.0,45.138367826960454,text_only_random_forest
ds-remote-coop,170,2P Perfect Presentation,Data Analyst (Tamheer),36.0,40.793169520039854,text_only_random_forest
ds-remote-coop,171,Infosys,Summer Intern (Infosys InStep ’26 – Bangalore),28.0,38.58410679756737,text_only_random_forest
ds-remote-coop,172,شركة الخدمات المدارة | Managed Services Company,Intern Cybersecurity Engineer,36.0,41.63249102598556,text_only_random_forest
ds-remote-coop,173,Abunayyan Holding,Data Analyst (Tamheer),36.0,41.779449691175834,text_only_random_forest
ds-gpa-ielts,1,Saudi Aramco,University Internship Program (UIP),33.33,37.076562267279066,text_only_random_forest
ds-gpa-ielts,2,SABIC,COOP Training Program,36.33,38.08109190839405,text_only_random_forest
ds-gpa-ielts,3,stc (Saudi Telecom Company),Cooperative Training Program (COOP),40.0,41.01765739480559,text_only_random_forest
ds-gpa-ielts,4,Saudi National Bank (SNB),SNB Cooperative Training Program,38.33,38.040837201446365,text_only_random_forest
ds-gpa-ielts,5,Al Rajhi Bank,Cooperative Training Program,35.0,37.62618337890239,text_only_random_forest
ds-gpa-ielts,6,Capital Market Authority (CMA),COOP Program,40.0,40.59175386099667,text_only_random_forest
ds-gpa-ielts,7,Digital Government Authority (DGA),Maidan Cooperative Training Program,40.0,39.72207314907771,text_only_random_forest
ds-gpa-ielts,8,KPMG Saudi Arabia,COOP & Internship Programs,35.0,36.624483006486976,text_only_random_forest
ds-gpa-ielts,9,PwC Middle East,"Deals, COOP and Summer Internship Programme (2026)",44.5,43.649060440432066,text_only_random_forest
ds-gpa-ielts,10,Deloitte Middle East (KSA),Jusoor Al Sharqiyah Internship Program,44.5,42.552317605965065,text_only_random_forest
ds-gpa-ielts,11,Bank Albilad,Cooperative & Summer Training Program,39.5,40.24006703170575,text_only_random_forest
ds-gpa-ielts,12,Tamara,Tamara Builders Program,44.5,41.48519417642271,text_only_random_forest
ds-gpa-ielts,13,Bupa Arabia,Cooperative Training Program,40.0,38.67451903716618,text_only_random_forest
ds-gpa-ielts,14,Saudi Exports (Saudi Export Development Authority),COOP & Summer Training (FAQ-confirmed),35.0,37.51413009530852,text_only_random_forest
ds-gpa-ielts,15,Local Content and Government Procurement Authority (LCGPA),COOP Training (role posting),40.0,41.41231897336024,text_only_random_forest
ds-gpa-ielts,16,McKinsey & Company (Maqdira),Maqdira Fellowship Program,44.5,42.484868145784205,text_only_random_forest
ds-gpa-ielts,17,Boston Consulting Group (BCG),Visiting Associate Internship (Riyadh),40.0,40.4780385556584,text_only_random_forest
ds-gpa-ielts,18,Bain & Company,COOP Training Program (Riyadh),40.0,39.404565802821594,text_only_random_forest
ds-gpa-ielts,19,Amazon Web Services (AWS),IT/Computer Hardware Internship (Intern-to-FTE Pathway),54.5,49.897045546781605,text_only_random_forest
ds-gpa-ielts,20,Amazon Web Services (AWS) - Associate Solutions Architect Intern,Associate Solutions Architect Intern (2026),54.5,50.69412351989707,text_only_random_forest
ds-gpa-ielts,21,Google (Saudi Arabia),Google Careers (Saudi location filter),43.0,41.98291812879408,text_only_random_forest
ds-gpa-ielts,22,BlackRock,Client & Product Summer Internship Programme (EMEA) - includes Riyadh,62.33,54.24938598224506,text_only_random_forest
ds-gpa-ielts,23,noon,Student Internship,50.0,48.606117170780706,text_only_random_forest
ds-gpa-ielts,24,MOZN,Data Science Intern,65.67,66.52820301860079,text_only_random_forest
ds-gpa-ielts,25,Elm,Elm Co-op Training Program (March 2026 Intake),40.0,39.554164581516304,text_only_random_forest
ds-gpa-ielts,26,Yasref,Yasref Cooperative Training Program,37.5,39.43530044767646,text_only_random_forest
ds-gpa-ielts,27,"Saudi Standards, Metrology and Quality Organization (SASO)",Cooperative Training (Collaborative Training),44.5,41.314946245677824,text_only_random_forest
ds-gpa-ielts,28,"Zakat, Tax and Customs Authority (ZATCA)",Binaa-Alkafaat Program,35.0,37.08644715552255,text_only_random_forest
ds-gpa-ielts,29,Human Resources Development Fund (HRDF) – Cooperative Training Product,Cooperative Training (HRDF product),10.5,14.509027777777778,text_only_random_forest
ds-gpa-ielts,30,EXPRO,COOP Training (Future Makers Program),40.0,38.92581084374571,text_only_random_forest
ds-gpa-ielts,31,Ministry of Industry and Mineral Resources (MIM) – Cooperative Training Initiative,Cooperative Training Initiative,10.5,14.488194444444444,text_only_random_forest
ds-gpa-ielts,32,TBC (The Beauty Company),Cooperative Training Program,35.0,37.52332175782563,text_only_random_forest
ds-gpa-ielts,33,National Center for Vegetation Cover Development & Combating Desertification (NCVC),COOP Training Program,40.0,38.72859186188047,text_only_random_forest
ds-gpa-ielts,34,Saudi Power Procurement Company (SPPC),Future Power – COOP Training Program,40.0,39.761325682009854,text_only_random_forest
ds-gpa-ielts,35,TBC (Tatweer Building Company),Cooperative Training Program,40.0,40.855757229212834,text_only_random_forest
ds-gpa-ielts,36,PwC Middle East (Assurance COOP & Summer Internship Programme 2026),"Assurance, COOP and Summer Internship Programme 2026 – Middle East",44.5,44.49237793309353,text_only_random_forest
ds-gpa-ielts,37,KAPSARC,Intern (Coop- Trainee),52.33,45.68036170323757,text_only_random_forest
ds-gpa-ielts,38,BSF (Banque Saudi Fransi),COOP / Internship,33.33,38.03583037648135,text_only_random_forest
ds-gpa-ielts,39,Saudi Food & Drug Authority (SFDA),COOP training (First semester 2025-2026 intake),35.0,45.74880040796466,text_only_random_forest
ds-gpa-ielts,40,Saudi Power Procurement Company (SPPC) – Future Power (Business Admin COOP),Future Power – Business Administration COOP Training Program,43.33,41.53702094116037,text_only_random_forest
ds-gpa-ielts,41,Bank Albilad,Cooperative and Summer Training Program,43.33,40.953045588017964,text_only_random_forest
ds-gpa-ielts,42,The Saudi National Bank (SNB),SNB Rowad Program,40.0,39.61491646725927,text_only_random_forest
ds-gpa-ielts,43,National Cybersecurity Authority (NCA) – Academy,Cybersecurity training programs (academy),45.0,43.14451809750525,text_only_random_forest
ds-gpa-ielts,44,PIF | Graduate Development Program,Graduate Development Program (GDP),55.67,47.093584612540816,text_only_random_forest
ds-gpa-ielts,45,NEOM | GrOW (Graduates Opportunities in Work),GrOW (Graduates Opportunities in Work),39.33,41.388398170593206,text_only_random_forest
ds-gpa-ielts,46,ROSHN | COOP Trainee Program,COOP Trainee Program,43.33,41.010502352368135,text_only_random_forest
ds-gpa-ielts,47,Microsoft | Ru'aa Program (Riyadh),Ru'aa Program Internship (Solution Engineering),54.5,46.45574351546436,text_only_random_forest
ds-gpa-ielts,48,Oracle | Business Development Intern (KSA market),Business Development Intern (KSA market),41.5,41.773521226066556,text_only_random_forest
ds-gpa-ielts,49,SAP | Student Internship (Riyadh),Student Internship - Riyadh,50.0,48.29256186158612,text_only_random_forest
ds-gpa-ielts,50,SAB (Saudi Awwal Bank) | Cooperative Training Programme (COOP),SAB Cooperative Training Programme (COOP),40.0,40.469645984335585,text_only_random_forest
ds-gpa-ielts,51,Ministry of Finance (Saudi Arabia) | Cooperative Training Program,Cooperative Training Program,39.83,40.42136435496857,text_only_random_forest
ds-gpa-ielts,52,Ministry of Industry and Mineral Resources | Cooperative Training,Cooperative Training Initiative,31.5,37.097245123153044,text_only_random_forest
ds-gpa-ielts,53,King Fahd Causeway Authority | Internship Program,Internship Program,49.33,42.27368748976309,text_only_random_forest
ds-gpa-ielts,54,Tawuniya | Tamheer Program (Fresh Graduates),Tamheer Program,50.83,41.97608718953722,text_only_random_forest
ds-gpa-ielts,55,SAMA | SAMA Professional Program (SPP),SAMA Professional Program (SPP),36.5,40.08426536998902,text_only_random_forest
ds-gpa-ielts,56,HRDF | Cooperative Training Product,Cooperative Training Product,31.5,36.781744314267264,text_only_random_forest
ds-gpa-ielts,57,IBM,"Automation, Data & AI – Intern",51.0,50.79300097801305,text_only_random_forest
ds-gpa-ielts,58,Unifonic,Internship (Unifonic),54.5,48.27220868722559,text_only_random_forest
ds-gpa-ielts,59,Misk Foundation,Misk Traineeship / Internship Program,46.33,41.61907810391843,text_only_random_forest
ds-gpa-ielts,60,Cisco,Cisco NetVersity (Saudi Arabia),45.83,41.45160646139894,text_only_random_forest
ds-gpa-ielts,61,KAUST,Visiting Student Research Program (VSRP) Internship,43.33,41.62238244443381,text_only_random_forest
ds-gpa-ielts,62,General Authority for Statistics (GASTAT),Cooperative Training Program,52.33,48.16855341822842,text_only_random_forest
ds-gpa-ielts,63,Saudi Center for Opinion Polling (SCOP),Cooperative Training Program,52.33,47.72433962315805,text_only_random_forest
ds-gpa-ielts,64,Al Rajhi Takaful,Cooperative Training Program,43.33,41.71631988215297,text_only_random_forest
ds-gpa-ielts,65,Expenditure & Projects Efficiency Authority (EXPRO),Future Makers (صنّاع المستقبل) – Cooperative Training,40.0,40.66970518020914,text_only_random_forest
ds-gpa-ielts,66,Ministry of Finance (Saudi Arabia),Cooperative Training Program (Ministry of Finance),43.33,41.15531229656498,text_only_random_forest
ds-gpa-ielts,67,General Entertainment Authority (GEA),GEA Cooperative Training Program,40.0,40.87988066908641,text_only_random_forest
ds-gpa-ielts,68,Banque Saudi Fransi (BSF),COOP Training,43.33,40.306462216982474,text_only_random_forest
ds-gpa-ielts,69,Arab National Bank (ANB),COOP Trainee,40.0,40.070046666541195,text_only_random_forest
ds-gpa-ielts,70,Tamara,Builders Program,40.0,40.268992638587086,text_only_random_forest
ds-gpa-ielts,71,OmniOps,Co‑op Training Program,49.0,43.79112008402023,text_only_random_forest
ds-gpa-ielts,72,Tatweer Educational Technologies (TETCO),Cooperative Training Program,47.83,43.716270379316924,text_only_random_forest
ds-gpa-ielts,73,The Saudi Investment Bank (SAIB),Cooperative Program,40.0,40.72570300333919,text_only_random_forest
ds-gpa-ielts,74,Saudi Awwal Bank (SAB),COOP Program,40.0,40.52619346779531,text_only_random_forest
ds-gpa-ielts,75,Riyad Bank,Internships and Coop Trainings (CSR 2019),40.0,40.319808839051525,text_only_random_forest
ds-gpa-ielts,76,Tabby,Intern DevOps Engineer,49.5,52.20220847705256,text_only_random_forest
ds-gpa-ielts,77,Tabby,Intern Backend (GO) Engineer,52.83,55.180040575734225,text_only_random_forest
ds-gpa-ielts,78,Tabby,Intern Frontend Engineer,54.5,51.744926683635185,text_only_random_forest
ds-gpa-ielts,79,Tabby,Intern Data Engineer,65.67,69.70182492735803,text_only_random_forest
ds-gpa-ielts,80,Tabby,No-Code / AI Agents Engineering Intern,54.5,53.10386075893591,text_only_random_forest
ds-gpa-ielts,81,Bank Albilad,Cooperative Training Program,38.33,38.8272164062057,text_only_random_forest
ds-gpa-ielts,82,Saudi Ground Services (SGS),COOP Program,33.33,37.895153899325,text_only_random_forest
ds-gpa-ielts,83,CEER,Cooperative Training Program (COOP),43.33,41.545822222629525,text_only_random_forest
ds-gpa-ielts,84,Al Rajhi Takaful,Coop Training Program,43.33,41.09878991968317,text_only_random_forest
ds-gpa-ielts,85,TAWAL,COOP Training Program,47.83,42.54461897629878,text_only_random_forest
ds-gpa-ielts,86,Wakeb_Data,COOP Training,47.83,42.65660688284778,text_only_random_forest
ds-gpa-ielts,87,Banque Saudi Fransi (BSF),Coop Training Program,43.33,41.142092189628315,text_only_random_forest
ds-gpa-ielts,88,Tech Economy,COOP Training Program,40.0,40.77053778825094,text_only_random_forest
ds-gpa-ielts,89,SAMI Advanced Electronics (SAMI-AEC),Coop Trainee,43.33,41.25700216850118,text_only_random_forest
ds-gpa-ielts,90,NHC,COOP Trainee,38.33,39.844524928911724,text_only_random_forest
ds-gpa-ielts,91,REMAT ADVANCED,Cooperative Training Program,47.83,43.601042613392714,text_only_random_forest
ds-gpa-ielts,92,SDM,AI COOP,47.83,50.54369227943716,text_only_random_forest
ds-gpa-ielts,93,HUED,HUED COOP Program 2026,47.83,44.62992843556324,text_only_random_forest
ds-gpa-ielts,94,Araamis • أرامس,Araamis COOP Program 2026,52.33,45.08742404084657,text_only_random_forest
ds-gpa-ielts,95,ARDARA,COOP Training for Students,43.33,41.49664372113878,text_only_random_forest
ds-gpa-ielts,96,flynas,COOP Trainee / Internship Program,44.5,41.19774428315266,text_only_random_forest
ds-gpa-ielts,97,Saudi Motorsport Company (SMC),COOP Trainee (IT Asset Project Management),34.5,40.5611364996393,text_only_random_forest
ds-gpa-ielts,98,Saudi Motorsport Company (SMC),COOP Trainee (Supply Chain Excellence Associate),39.0,45.74928071884836,text_only_random_forest
ds-gpa-ielts,99,Mobily,Cooperative Training Program,40.0,40.21426166266725,text_only_random_forest
ds-gpa-ielts,100,Saudi Awwal Bank (SAB),Student Opportunities: Cooperative / Practical Training,40.0,40.345531907848155,text_only_random_forest
ds-gpa-ielts,101,Alvarez & Marsal,COOP Training Program,43.33,40.82809497779342,text_only_random_forest
ds-gpa-ielts,102,Visa,COOP Trainee (Jan 2026),40.0,41.70176925891011,text_only_random_forest
ds-gpa-ielts,103,Zain KSA,Evolve Program (Fresh Graduates),40.0,39.836545275671,text_only_random_forest
ds-gpa-ielts,104,Zain KSA,Zain Pioneers Program,44.5,42.07672523229722,text_only_random_forest
ds-gpa-ielts,105,Savvy Games Group,Cooperative Training Program (Co-op),40.0,42.499255477681956,text_only_random_forest
ds-gpa-ielts,106,Bank AlJazira,Tamheer Program,40.0,41.73494111306957,text_only_random_forest
ds-gpa-ielts,107,sirar by stc,Cooperative Training Program,44.5,46.22861833624973,text_only_random_forest
ds-gpa-ielts,108,Gathern,Co-op Program,49.0,47.302990662248504,text_only_random_forest
ds-gpa-ielts,109,Elm Company (شركة علم),Coop Training - Computer Science (Jan/Mar/Jun/Aug 2025 Intake),47.83,43.84070383186823,text_only_random_forest
ds-gpa-ielts,110,Elm Company (شركة علم),Co-Op Training - Information Technology (Jun & Aug 2025 Intake),47.83,43.331320636933434,text_only_random_forest
ds-gpa-ielts,111,EJADA,COOP Administration & Support Engineer,40.0,42.47801543667337,text_only_random_forest
ds-gpa-ielts,112,Emdad By Elm,Network Cooperative Training (Network Intern),34.5,42.19063342291041,text_only_random_forest
ds-gpa-ielts,113,AILA,Co-op Training Programme,39.5,43.55654658793069,text_only_random_forest
ds-gpa-ielts,114,Foodics,Foodics 360 Internship Program,54.5,51.562579261541956,text_only_random_forest
ds-gpa-ielts,115,Salla,برنامج التدريب التعاوني (Coop Training) – Salla,34.5,39.97650297426915,text_only_random_forest
ds-gpa-ielts,116,Lucidya,Technical Internship or Coop – Lucidya,34.5,41.43185474168668,text_only_random_forest
ds-gpa-ielts,117,Diriyah Company,Diriyah Co-op Training Program,43.33,42.70790179368949,text_only_random_forest
ds-gpa-ielts,118,Riyadh Air,Co-op – Riyadh Air,43.33,42.932077537963096,text_only_random_forest
ds-gpa-ielts,119,Jahez Group,Jahez Internship Program (as described in Sustainability Report),50.0,50.54958499755605,text_only_random_forest
ds-gpa-ielts,120,Lumi | لومي,COOP Intern 2025 – Lumi,43.33,41.48545153994703,text_only_random_forest
ds-gpa-ielts,121,webook.com,COOP Trainee Opportunities – webook.com,40.0,41.38231566815815,text_only_random_forest
ds-gpa-ielts,122,moneymoon,Tech & AI Co-op Program 2025,47.83,47.20363787406049,text_only_random_forest
ds-gpa-ielts,123,EjadTech - إيجاد التقنية,"Summer Internship Program 2025 (Computer, Data, and AI Majors)",58.83,56.28964664043172,text_only_random_forest
ds-gpa-ielts,124,InnovationTeam,Java Microservices Internship Programme (Saudi Nationals),54.33,56.97270545502731,text_only_random_forest
ds-gpa-ielts,125,Tamkeen Technologies,On the Job Training (Internship Program) — Technology field,54.5,51.29793407045619,text_only_random_forest
ds-gpa-ielts,126,Trendyol Group,Trendyol Tech Talent - Bootcamp & COOP Internship Program (Saudi Students Only),41.0,44.39987232622516,text_only_random_forest
ds-gpa-ielts,127,Ninja نينجا,COOP Training Program,41.0,42.54259548589786,text_only_random_forest
ds-gpa-ielts,128,SCAI | سكاي,CO-OP Training Opportunities (Intern),51.17,47.71356348814756,text_only_random_forest
ds-gpa-ielts,129,WalaPlus,Coop & Tamheer Opportunities,44.5,42.05568574313379,text_only_random_forest
ds-gpa-ielts,130,Aon,IT Co-op Trainee 2026,44.5,43.244223731400744,text_only_random_forest
ds-gpa-ielts,131,Hewlett Packard Enterprise (HPE),College Intern (Coop),44.5,42.463041131599006,text_only_random_forest
ds-gpa-ielts,132,Signify,KSA Coop Internship Program,44.5,42.434216711899666,text_only_random_forest
ds-gpa-ielts,133,Help AG (e& enterprise),Cybersecurity Intern,50.0,47.85144907100138,text_only_random_forest
ds-gpa-ielts,134,TrendAI (Trend Micro),CyberGATE Internship Program,54.5,50.57029959569205,text_only_random_forest
ds-gpa-ielts,135,Golf Saudi,IT Co-op Trainee,44.5,42.61300583986806,text_only_random_forest
ds-gpa-ielts,136,Siemens Healthineers,Healthineers Early Talent Program – IT (Riyadh),54.5,51.35040931539677,text_only_random_forest
ds-gpa-ielts,137,1957 Ventures,Internship / Co-Op Program,47.83,44.604809893752254,text_only_random_forest
ds-gpa-ielts,138,Nokia,Graduate Trainee (Saudi Arabia) – Fledgers Program,52.33,48.563080083857436,text_only_random_forest
ds-gpa-ielts,139,Ericsson,Summer Interns (Ericsson Saudi),54.5,50.55205771996274,text_only_random_forest
ds-gpa-ielts,140,Bosch Middle East,Software Development Intern (AI/Cloud),62.33,57.73625943848688,text_only_random_forest
ds-gpa-ielts,141,Saudi Payments | المدفوعات السعودية,COOP Training – August 2024,52.33,44.47666122548478,text_only_random_forest
ds-gpa-ielts,142,Saudi Tadawul Group | تداول,Cooperative Training Program (COOP),47.83,45.042294148797055,text_only_random_forest
ds-gpa-ielts,143,Lean Technologies,Software Engineering Intern – KSA,61.17,60.57734537457368,text_only_random_forest
ds-gpa-ielts,144,Mirai (Scopely) | مِراي,AI Engineering Intern (GenAI),57.83,56.96981600708868,text_only_random_forest
ds-gpa-ielts,145,HungerStation | هنقرستيشن,"Co-OP Trainee, Data Analysis – Info Sec",55.67,58.716513429029206,text_only_random_forest
ds-gpa-ielts,146,NCGR | المركز الوطني لنظم الموارد الحكومية,Coop Training Program,47.83,41.55157256138348,text_only_random_forest
ds-gpa-ielts,147,nybl,nybl Graduate Programme – Saudi Nationals (AI Bootcamp),40.0,41.5283781358056,text_only_random_forest
ds-gpa-ielts,148,Procter & Gamble (P&G),P&G LEADgen Internship Program 2026 (Riyadh),54.5,50.89634562354829,text_only_random_forest
ds-gpa-ielts,149,New Murabba | المربع الجديد,New Murabba Co-op Training Program,47.83,43.55818456684684,text_only_random_forest
ds-gpa-ielts,150,Boeing Saudi Arabia Limited,Intern - Info Technology & Data Analytics (Riyadh),59.0,54.222872673635386,text_only_random_forest
ds-gpa-ielts,151,Motorola Solutions,Deployment Engineer Intern (KSA National - Tamheer Program),44.5,44.65339593988745,text_only_random_forest
ds-gpa-ielts,152,Schneider Electric,Co-op Intern (Engineering) - Al Khobar (Jan–Aug 2026),34.5,39.653672065024686,text_only_random_forest
ds-gpa-ielts,153,Lockheed Martin,Tamheer Space Internship (Riyadh),44.5,45.37081047129938,text_only_random_forest
ds-gpa-ielts,154,Markaba | مركبة,Start-up Software Intern – TAMHEER (Saudi nationals only),41.0,38.48976580833268,text_only_random_forest
ds-gpa-ielts,155,Laverne Group | مجموعة لافيرن,Data Analyst / Data Engineer Intern (IT Department),68.33,63.12746072398093,text_only_random_forest
ds-gpa-ielts,156,Meel | ميل,"Software Developer Internship (Remote, min 2 months)",44.5,44.84689970651619,text_only_random_forest
ds-gpa-ielts,157,Nahdi Medical Co.,IT Internship / COOP Program (6 months),39.5,42.251739474555016,text_only_random_forest
ds-gpa-ielts,158,SMART Technology Solutions | سمارت لحلول التقنية,R&D Intern (Riyadh),54.5,52.08591042153403,text_only_random_forest
ds-gpa-ielts,159,Knodemy Inc.,AI Developer & Tech Trainer Intern - Riyadh,57.83,58.037084989573025,text_only_random_forest
ds-gpa-ielts,160,Water Transmission Company | شركة نقل المياه,Tamheer Internship Program (HRIS / Engineering & PM - Riyadh),44.5,45.52941431557585,text_only_random_forest
ds-gpa-ielts,161,AFNOYS,"AI Automation Intern - KSA (Remote, 4 weeks)",44.5,47.48131931052261,text_only_random_forest
ds-gpa-ielts,162,SAS,CareerStart@SAS 2026 - Presales Customer Intelligence Intern (Riyadh),57.5,51.87752015096207,text_only_random_forest
ds-gpa-ielts,163,Devoteam,Trainee - Future Leaders Program (Co-op/Fresh Graduate),44.33,42.26642787794022,text_only_random_forest
ds-gpa-ielts,164,ضالتي Dhallaty,Tech Intern: Fresh Grad or Student,53.0,51.842338098741976,text_only_random_forest
ds-gpa-ielts,165,Innovative Solutions SA,Presales - Tamheer,36.5,39.64792486633918,text_only_random_forest
ds-gpa-ielts,166,HUMAIN,Tamheer Program (Software Engineer / Cybersecurity / MIS),41.0,42.426324643566296,text_only_random_forest
ds-gpa-ielts,167,TAM | تام,"Tamheer Opportunity, Advisory",36.5,33.2699266935653,text_only_random_forest
ds-gpa-ielts,168,هيئة التأمين | Insurance Authority,Tamheer Opportunity - Specialist of Information Security,36.5,39.30841047681854,text_only_random_forest
ds-gpa-ielts,169,Snbla | سنبله,Paid Internship Program (FinTech),53.0,50.930595744667535,text_only_random_forest
ds-gpa-ielts,170,2P Perfect Presentation,Data Analyst (Tamheer),51.5,44.721037101674234,text_only_random_forest
ds-gpa-ielts,171,Infosys,Summer Intern (Infosys InStep ’26 – Bangalore),43.0,41.1861991315873,text_only_random_forest
ds-gpa-ielts,172,شركة الخدمات المدارة | Managed Services Company,Intern Cybersecurity Engineer,51.0,46.87499567858739,text_only_random_forest
ds-gpa-ielts,173,Abunayyan Holding,Data Analyst (Tamheer),51.5,45.4371613937516,text_only_random_forest
de-cloud-dammam,1,Saudi Aramco,University Internship Program (UIP),40.5,44.09530961968769,text_only_random_forest
de-cloud-dammam,2,SABIC,COOP Training Program,36.5,44.75425084693335,text_only_random_forest
de-cloud-dammam,3,stc (Saudi Telecom Company),Cooperative Training Program (COOP),33.5,47.73228545753844,text_only_random_forest
de-cloud-dammam,4,Saudi National Bank (SNB),SNB Cooperative Training Program,38.5,46.29093599095881,text_only_random_forest
de-cloud-dammam,5,Al Rajhi Bank,Cooperative Training Program,38.5,45.50044092188077,text_only_random_forest
de-cloud-dammam,6,Capital Market Authority (CMA),COOP Program,33.5,46.434136389508986,text_only_random_forest
de-cloud-dammam,7,Digital Government Authority (DGA),Maidan Cooperative Training Program,33.5,45.97095609742142,text_only_random_forest
de-cloud-dammam,8,KPMG Saudi Arabia,COOP & Internship Programs,38.5,43.65863454853491,text_only_random_forest
de-cloud-dammam,9,PwC Middle East,"Deals, COOP and Summer Internship Programme (2026)",38.0,46.47545940602807,text_only_random_forest
de-cloud-dammam,10,Deloitte Middle East (KSA),Jusoor Al Sharqiyah Internship Program,49.5,49.73464901364511,text_only_random_forest
de-cloud-dammam,11,Bank Albilad,Cooperative & Summer Training Program,47.5,49.17167015698131,text_only_random_forest
de-cloud-dammam,12,Tamara,Tamara Builders Program,42.5,48.3114100652165,text_only_random_forest
de-cloud-dammam,13,Bupa Arabia,Cooperative Training Program,33.5,43.63926739602273,text_only_random_forest
de-cloud-dammam,14,Saudi Exports (Saudi Export Development Authority),COOP & Summer Training (FAQ-confirmed),38.5,43.58058370718401,text_only_random_forest
de-cloud-dammam,15,Local Content and Government Procurement Authority (LCGPA),COOP Training (role posting),33.5,42.91574320093412,text_only_random_forest
de-cloud-dammam,16,McKinsey & Company (Maqdira),Maqdira Fellowship Program,38.0,49.45240230020018,text_only_random_forest
de-cloud-dammam,17,Boston Consulting Group (BCG),Visiting Associate Internship (Riyadh),33.5,46.746323756676745,text_only_random_forest
de-cloud-dammam,18,Bain & Company,COOP Training Program (Riyadh),33.5,46.416076344204285,text_only_random_forest
de-cloud-dammam,19,Amazon Web Services (AWS),IT/Computer Hardware Internship (Intern-to-FTE Pathway),42.5,52.730404936694505,text_only_random_forest
de-cloud-dammam,20,Amazon Web Services (AWS) - Associate Solutions Architect Intern,Associate Solutions Architect Intern (2026),49.17,52.55972307295825,text_only_random_forest
de-cloud-dammam,21,Google (Saudi Arabia),Google Careers (Saudi location filter),39.0,46.43182134943746,text_only_random_forest
de-cloud-dammam,22,BlackRock,Client & Product Summer Internship Programme (EMEA) - includes Riyadh,44.67,57.52338718414873,text_only_random_forest
de-cloud-dammam,23,noon,Student Internship,33.5,48.038780040774775,text_only_random_forest
de-cloud-dammam,24,MOZN,Data Science Intern,51.33,65.08323600730212,text_only_random_forest
de-cloud-dammam,25,Elm,Elm Co-op Training Program (March 2026 Intake),33.5,44.97031124314099,text_only_random_forest
de-cloud-dammam,26,Yasref,Yasref Cooperative Training Program,45.5,47.85336715833159,text_only_random_forest
de-cloud-dammam,27,"Saudi Standards, Metrology and Quality Organization (SASO)",Cooperative Training (Collaborative Training),42.5,48.66794745926133,text_only_random_forest
de-cloud-dammam,28,"Zakat, Tax and Customs Authority (ZATCA)",Binaa-Alkafaat Program,33.5,41.399115602043054,text_only_random_forest
de-cloud-dammam,29,Human Resources Development Fund (HRDF) – Cooperative Training Product,Cooperative Training (HRDF product),15.5,15.82576388888889,text_only_random_forest
de-cloud-dammam,30,EXPRO,COOP Training (Future Makers Program),33.5,44.44204985565573,text_only_random_forest
de-cloud-dammam,31,Ministry of Industry and Mineral Resources (MIM) – Cooperative Training Initiative,Cooperative Training Initiative,15.5,15.845208333333334,text_only_random_forest
de-cloud-dammam,32,TBC (The Beauty Company),Cooperative Training Program,38.5,43.19580017225624,text_only_random_forest
de-cloud-dammam,33,National Center for Vegetation Cover Development & Combating Desertification (NCVC),COOP Training Program,33.5,43.985084307084314,text_only_random_forest
de-cloud-dammam,34,Saudi Power Procurement Company (SPPC),Future Power – COOP Training Program,33.5,45.05894461306203,text_only_random_forest
de-cloud-dammam,35,TBC (Tatweer Building Company),Cooperative Training Program,33.5,47.98293766624559,text_only_random_forest
de-cloud-dammam,36,PwC Middle East (Assurance COOP & Summer Internship Programme 2026),"Assurance, COOP and Summer Internship Programme 2026 – Middle East",38.0,47.027019187153385,text_only_random_forest
de-cloud-dammam,37,KAPSARC,Intern (Coop- Trainee),42.5,52.87551189782801,text_only_random_forest
de-cloud-dammam,38,BSF (Banque Saudi Fransi),COOP / Internship,33.5,45.073353804767684,text_only_random_forest
de-cloud-dammam,39,Saudi Food & Drug Authority (SFDA),COOP training (First semester 2025-2026 intake),38.5,49.48687172982489,text_only_random_forest
de-cloud-dammam,40,Saudi Power Procurement Company (SPPC) – Future Power (Business Admin COOP),Future Power – Business Administration COOP Training Program,33.5,44.36800981369644,text_only_random_forest
de-cloud-dammam,41,Bank Albilad,Cooperative and Summer Training Program,33.5,49.35356854578081,text_only_random_forest
de-cloud-dammam,42,The Saudi National Bank (SNB),SNB Rowad Program,28.5,42.460323532836874,text_only_random_forest
de-cloud-dammam,43,National Cybersecurity Authority (NCA) – Academy,Cybersecurity training programs (academy),38.5,47.34346052972394,text_only_random_forest
de-cloud-dammam,44,PIF | Graduate Development Program,Graduate Development Program (GDP),39.67,52.02333460964238,text_only_random_forest
de-cloud-dammam,45,NEOM | GrOW (Graduates Opportunities in Work),GrOW (Graduates Opportunities in Work),40.5,46.72785784271162,text_only_random_forest
de-cloud-dammam,46,ROSHN | COOP Trainee Program,COOP Trainee Program,33.5,48.825493513099254,text_only_random_forest
de-cloud-dammam,47,Microsoft | Ru'aa Program (Riyadh),Ru'aa Program Internship (Solution Engineering),42.5,55.38244147609157,text_only_random_forest
de-cloud-dammam,48,Oracle | Business Development Intern (KSA market),Business Development Intern (KSA market),36.5,42.63317729875426,text_only_random_forest
de-cloud-dammam,49,SAP | Student Internship (Riyadh),Student Internship - Riyadh,33.5,50.14484809723774,text_only_random_forest
de-cloud-dammam,50,SAB (Saudi Awwal Bank) | Cooperative Training Programme (COOP),SAB Cooperative Training Programme (COOP),33.5,46.637216362348724,text_only_random_forest
de-cloud-dammam,51,Ministry of Finance (Saudi Arabia) | Cooperative Training Program,Cooperative Training Program,31.5,44.36085103876046,text_only_random_forest
de-cloud-dammam,52,Ministry of Industry and Mineral Resources | Cooperative Training,Cooperative Training Initiative,36.5,44.583494154259,text_only_random_forest
de-cloud-dammam,53,King Fahd Causeway Authority | Internship Program,Internship Program,45.5,45.94896040612325,text_only_random_forest
de-cloud-dammam,54,Tawuniya | Tamheer Program (Fresh Graduates),Tamheer Program,40.5,48.088596684241864,text_only_random_forest
de-cloud-dammam,55,SAMA | SAMA Professional Program (SPP),SAMA Professional Program (SPP),26.5,41.14562358024649,text_only_random_forest
de-cloud-dammam,56,HRDF | Cooperative Training Product,Cooperative Training Product,36.5,44.10462480160474,text_only_random_forest
de-cloud-dammam,57,IBM,"Automation, Data & AI – Intern",40.5,53.764199934745115,text_only_random_forest
de-cloud-dammam,58,Unifonic,Internship (Unifonic),38.0,51.45810893704878,text_only_random_forest
de-cloud-dammam,59,Misk Foundation,Misk Traineeship / Internship Program,31.5,44.51602398158755,text_only_random_forest
de-cloud-dammam,60,Cisco,Cisco NetVersity (Saudi Arabia),41.0,48.665325490181175,text_only_random_forest
de-cloud-dammam,61,KAUST,Visiting Student Research Program (VSRP) Internship,33.5,48.81017397516668,text_only_random_forest
de-cloud-dammam,62,General Authority for Statistics (GASTAT),Cooperative Training Program,44.67,56.772432420751514,text_only_random_forest
de-cloud-dammam,63,Saudi Center for Opinion Polling (SCOP),Cooperative Training Program,44.67,56.96512173830128,text_only_random_forest
de-cloud-dammam,64,Al Rajhi Takaful,Cooperative Training Program,33.5,51.401931785986214,text_only_random_forest
de-cloud-dammam,65,Expenditure & Projects Efficiency Authority (EXPRO),Future Makers (صنّاع المستقبل) – Cooperative Training,33.5,47.49110702630188,text_only_random_forest
de-cloud-dammam,66,Ministry of Finance (Saudi Arabia),Cooperative Training Program (Ministry of Finance),33.5,49.01808552924423,text_only_random_forest
de-cloud-dammam,67,General Entertainment Authority (GEA),GEA Cooperative Training Program,33.5,48.510060961204395,text_only_random_forest
de-cloud-dammam,68,Banque Saudi Fransi (BSF),COOP Training,33.5,50.514005680987175,text_only_random_forest
de-cloud-dammam,69,Arab National Bank (ANB),COOP Trainee,33.5,48.88498640904139,text_only_random_forest
de-cloud-dammam,70,Tamara,Builders Program,33.5,48.59725273010277,text_only_random_forest
de-cloud-dammam,71,OmniOps,Co‑op Training Program,42.5,54.93220909277142,text_only_random_forest
de-cloud-dammam,72,Tatweer Educational Technologies (TETCO),Cooperative Training Program,42.5,53.70992943193802,text_only_random_forest
de-cloud-dammam,73,The Saudi Investment Bank (SAIB),Cooperative Program,33.5,48.93005454510252,text_only_random_forest
de-cloud-dammam,74,Saudi Awwal Bank (SAB),COOP Program,33.5,49.84298240971598,text_only_random_forest
de-cloud-dammam,75,Riyad Bank,Internships and Coop Trainings (CSR 2019),33.5,48.547048917434736,text_only_random_forest
de-cloud-dammam,76,Tabby,Intern DevOps Engineer,47.5,56.5268942737849,text_only_random_forest
de-cloud-dammam,77,Tabby,Intern Backend (GO) Engineer,54.17,59.34100743499046,text_only_random_forest
de-cloud-dammam,78,Tabby,Intern Frontend Engineer,42.5,56.61218338213153,text_only_random_forest
de-cloud-dammam,79,Tabby,Intern Data Engineer,61.83,67.38126071524785,text_only_random_forest
de-cloud-dammam,80,Tabby,No-Code / AI Agents Engineering Intern,42.5,55.171065952019276,text_only_random_forest
de-cloud-dammam,81,Bank Albilad,Cooperative Training Program,38.5,49.36819232018067,text_only_random_forest
de-cloud-dammam,82,Saudi Ground Services (SGS),COOP Program,33.5,47.349031358039824,text_only_random_forest
de-cloud-dammam,83,CEER,Cooperative Training Program (COOP),33.5,49.39912834057104,text_only_random_forest
de-cloud-dammam,84,Al Rajhi Takaful,Coop Training Program,33.5,51.38330478518292,text_only_random_forest
de-cloud-dammam,85,TAWAL,COOP Training Program,42.5,53.92872069552259,text_only_random_forest
de-cloud-dammam,86,Wakeb_Data,COOP Training,42.5,51.773364176841255,text_only_random_forest
de-cloud-dammam,87,Banque Saudi Fransi (BSF),Coop Training Program,33.5,50.50728513833997,text_only_random_forest
de-cloud-dammam,88,Tech Economy,COOP Training Program,33.5,50.67916513948777,text_only_random_forest
de-cloud-dammam,89,SAMI Advanced Electronics (SAMI-AEC),Coop Trainee,33.5,52.108240615865,text_only_random_forest
de-cloud-dammam,90,NHC,COOP Trainee,38.5,48.5322090711028,text_only_random_forest
de-cloud-dammam,91,REMAT ADVANCED,Cooperative Training Program,42.5,54.886124048453546,text_only_random_forest
de-cloud-dammam,92,SDM,AI COOP,44.67,59.08214910038704,text_only_random_forest
de-cloud-dammam,93,HUED,HUED COOP Program 2026,42.5,53.831687881144944,text_only_random_forest
de-cloud-dammam,94,Araamis • أرامس,Araamis COOP Program 2026,42.5,52.64570482449381,text_only_random_forest
de-cloud-dammam,95,ARDARA,COOP Training for Students,33.5,50.19096184462787,text_only_random_forest
de-cloud-dammam,96,flynas,COOP Trainee / Internship Program,38.0,49.4112609405354,text_only_random_forest
de-cloud-dammam,97,Saudi Motorsport Company (SMC),COOP Trainee (IT Asset Project Management),38.0,50.866349911476014,text_only_random_forest
de-cloud-dammam,98,Saudi Motorsport Company (SMC),COOP Trainee (Supply Chain Excellence Associate),38.0,51.823399666115684,text_only_random_forest
de-cloud-dammam,99,Mobily,Cooperative Training Program,33.5,48.31453879840517,text_only_random_forest
de-cloud-dammam,100,Saudi Awwal Bank (SAB),Student Opportunities: Cooperative / Practical Training,33.5,50.4920187505985,text_only_random_forest
de-cloud-dammam,101,Alvarez & Marsal,COOP Training Program,33.5,50.59158828462967,text_only_random_forest
de-cloud-dammam,102,Visa,COOP Trainee (Jan 2026),33.5,50.841289934922514,text_only_random_forest
de-cloud-dammam,103,Zain KSA,Evolve Program (Fresh Graduates),28.5,47.623852906272845,text_only_random_forest
de-cloud-dammam,104,Zain KSA,Zain Pioneers Program,37.5,48.93525148615779,text_only_random_forest
de-cloud-dammam,105,Savvy Games Group,Cooperative Training Program (Co-op),33.5,51.756717815291445,text_only_random_forest
de-cloud-dammam,106,Bank AlJazira,Tamheer Program,28.5,44.10954389426876,text_only_random_forest
de-cloud-dammam,107,sirar by stc,Cooperative Training Program,42.5,50.20351246014863,text_only_random_forest
de-cloud-dammam,108,Gathern,Co-op Program,42.5,56.201252478217825,text_only_random_forest
de-cloud-dammam,109,Elm Company (شركة علم),Coop Training - Computer Science (Jan/Mar/Jun/Aug 2025 Intake),38.0,52.46324299043055,text_only_random_forest
de-cloud-dammam,110,Elm Company (شركة علم),Co-Op Training - Information Technology (Jun & Aug 2025 Intake),38.0,51.706136790517284,text_only_random_forest
de-cloud-dammam,111,EJADA,COOP Administration & Support Engineer,33.5,52.69005088537299,text_only_random_forest
de-cloud-dammam,112,Emdad By Elm,Network Cooperative Training (Network Intern),42.5,52.18068358149659,text_only_random_forest
de-cloud-dammam,113,AILA,Co-op Training Programme,43.0,51.61680020954739,text_only_random_forest
de-cloud-dammam,114,Foodics,Foodics 360 Internship Program,38.0,53.85322125928403,text_only_random_forest
de-cloud-dammam,115,Salla,برنامج التدريب التعاوني (Coop Training) – Salla,38.0,48.22593629607864,text_only_random_forest
de-cloud-dammam,116,Lucidya,Technical Internship or Coop – Lucidya,38.0,54.58573712085052,text_only_random_forest
de-cloud-dammam,117,Diriyah Company,Diriyah Co-op Training Program,33.5,50.65507298921223,text_only_random_forest
de-cloud-dammam,118,Riyadh Air,Co-op – Riyadh Air,33.5,50.89847426177793,text_only_random_forest
de-cloud-dammam,119,Jahez Group,Jahez Internship Program (as described in Sustainability Report),33.5,52.351683327736175,text_only_random_forest
de-cloud-dammam,120,Lumi | لومي,COOP Intern 2025 – Lumi,33.5,49.853435685485685,text_only_random_forest
de-cloud-dammam,121,webook.com,COOP Trainee Opportunities – webook.com,33.5,49.80950068960826,text_only_random_forest
de-cloud-dammam,122,moneymoon,Tech & AI Co-op Program 2025,49.17,54.533883323349876,text_only_random_forest
de-cloud-dammam,123,EjadTech - إيجاد التقنية,"Summer Internship Program 2025 (Computer, Data, and AI Majors)",47.17,58.506205955125594,text_only_random_forest
de-cloud-dammam,124,InnovationTeam,Java Microservices Internship Programme (Saudi Nationals),47.17,59.237313078823426,text_only_random_forest
de-cloud-dammam,125,Tamkeen Technologies,On the Job Training (Internship Program) — Technology field,38.0,54.17486342063286,text_only_random_forest
de-cloud-dammam,126,Trendyol Group,Trendyol Tech Talent - Bootcamp & COOP Internship Program (Saudi Students Only),36.0,46.73308108948471,text_only_random_forest
de-cloud-dammam,127,Ninja نينجا,COOP Training Program,36.0,45.98316575530934,text_only_random_forest
de-cloud-dammam,128,SCAI | سكاي,CO-OP Training Opportunities (Intern),49.17,60.39735532294506,text_only_random_forest
de-cloud-dammam,129,WalaPlus,Coop & Tamheer Opportunities,42.5,50.751038654648326,text_only_random_forest
de-cloud-dammam,130,Aon,IT Co-op Trainee 2026,42.5,51.68497019616798,text_only_random_forest
de-cloud-dammam,131,Hewlett Packard Enterprise (HPE),College Intern (Coop),42.5,50.42032712533675,text_only_random_forest
de-cloud-dammam,132,Signify,KSA Coop Internship Program,42.5,45.908307134962335,text_only_random_forest
de-cloud-dammam,133,Help AG (e& enterprise),Cybersecurity Intern,33.5,47.25868374594654,text_only_random_forest
de-cloud-dammam,134,TrendAI (Trend Micro),CyberGATE Internship Program,42.5,52.748294087619094,text_only_random_forest
de-cloud-dammam,135,Golf Saudi,IT Co-op Trainee,42.5,51.40313138350509,text_only_random_forest
de-cloud-dammam,136,Siemens Healthineers,Healthineers Early Talent Program – IT (Riyadh),42.5,53.05544175469064,text_only_random_forest
de-cloud-dammam,137,1957 Ventures,Internship / Co-Op Program,42.5,46.043974977330414,text_only_random_forest
de-cloud-dammam,138,Nokia,Graduate Trainee (Saudi Arabia) – Fledgers Program,44.17,52.684864320919964,text_only_random_forest
de-cloud-dammam,139,Ericsson,Summer Interns (Ericsson Saudi),38.0,49.39121575345597,text_only_random_forest
de-cloud-dammam,140,Bosch Middle East,Software Development Intern (AI/Cloud),49.17,59.99955274266573,text_only_random_forest
de-cloud-dammam,141,Saudi Payments | المدفوعات السعودية,COOP Training – August 2024,38.0,51.87163833896366,text_only_random_forest
de-cloud-dammam,142,Saudi Tadawul Group | تداول,Cooperative Training Program (COOP),42.5,53.34168619739892,text_only_random_forest
de-cloud-dammam,143,Lean Technologies,Software Engineering Intern – KSA,55.83,61.85844523800855,text_only_random_forest
de-cloud-dammam,144,Mirai (Scopely) | مِراي,AI Engineering Intern (GenAI),49.17,58.930753769171865,text_only_random_forest
de-cloud-dammam,145,HungerStation | هنقرستيشن,"Co-OP Trainee, Data Analysis – Info Sec",51.33,57.64133780370433,text_only_random_forest
de-cloud-dammam,146,NCGR | المركز الوطني لنظم الموارد الحكومية,Coop Training Program,38.0,51.24506269791674,text_only_random_forest
de-cloud-dammam,147,nybl,nybl Graduate Programme – Saudi Nationals (AI Bootcamp),28.5,44.58369021327088,text_only_random_forest
de-cloud-dammam,148,Procter & Gamble (P&G),P&G LEADgen Internship Program 2026 (Riyadh),38.0,51.03487636638269,text_only_random_forest
de-cloud-dammam,149,New Murabba | المربع الجديد,New Murabba Co-op Training Program,42.5,50.52895724756625,text_only_random_forest
de-cloud-dammam,150,Boeing Saudi Arabia Limited,Intern - Info Technology & Data Analytics (Riyadh),38.0,57.26068631117905,text_only_random_forest
de-cloud-dammam,151,Motorola Solutions,Deployment Engineer Intern (KSA National - Tamheer Program),42.5,51.06953112366399,text_only_random_forest
de-cloud-dammam,152,Schneider Electric,Co-op Intern (Engineering) - Al Khobar (Jan–Aug 2026),49.5,51.65076073351164,text_only_random_forest
de-cloud-dammam,153,Lockheed Martin,Tamheer Space Internship (Riyadh),42.5,48.315467367970506,text_only_random_forest
de-cloud-dammam,154,Markaba | مركبة,Start-up Software Intern – TAMHEER (Saudi nationals only),40.5,45.39387318191525,text_only_random_forest
de-cloud-dammam,155,Laverne Group | مجموعة لافيرن,Data Analyst / Data Engineer Intern (IT Department),55.17,61.44235007695955,text_only_random_forest
de-cloud-dammam,156,Meel | ميل,"Software Developer Internship (Remote, min 2 months)",47.5,53.523143624932395,text_only_random_forest
de-cloud-dammam,157,Nahdi Medical Co.,IT Internship / COOP Program (6 months),43.0,50.45725012357829,text_only_random_forest
de-cloud-dammam,158,SMART Technology Solutions | سمارت لحلول التقنية,R&D Intern (Riyadh),42.5,53.849293195323455,text_only_random_forest
de-cloud-dammam,159,Knodemy Inc.,AI Developer & Tech Trainer Intern - Riyadh,49.17,59.42854787105369,text_only_random_forest
de-cloud-dammam,160,Water Transmission Company | شركة نقل المياه,Tamheer Internship Program (HRIS / Engineering & PM - Riyadh),42.5,48.29561384279145,text_only_random_forest
de-cloud-dammam,161,AFNOYS,"AI Automation Intern - KSA (Remote, 4 weeks)",43.0,52.66005388668956,text_only_random_forest
de-cloud-dammam,162,SAS,CareerStart@SAS 2026 - Presales Customer Intelligence Intern (Riyadh),39.5,54.667456132084766,text_only_random_forest
de-cloud-dammam,163,Devoteam,Trainee - Future Leaders Program (Co-op/Fresh Graduate),40.5,50.74924019895456,text_only_random_forest
de-cloud-dammam,164,ضالتي Dhallaty,Tech Intern: Fresh Grad or Student,39.5,53.14876489197379,text_only_random_forest
de-cloud-dammam,165,Innovative Solutions SA,Presales - Tamheer,31.5,45.26768937873745,text_only_random_forest
de-cloud-dammam,166,HUMAIN,Tamheer Program (Software Engineer / Cybersecurity / MIS),40.5,45.55296996396259,text_only_random_forest
de-cloud-dammam,167,TAM | تام,"Tamheer Opportunity, Advisory",10.5,27.693531179138326,text_only_random_forest
de-cloud-dammam,168,هيئة التأمين | Insurance Authority,Tamheer Opportunity - Specialist of Information Security,31.5,43.25328708149557,text_only_random_forest
de-cloud-dammam,169,Snbla | سنبله,Paid Internship Program (FinTech),39.5,57.43017929656016,text_only_random_forest
de-cloud-dammam,170,2P Perfect Presentation,Data Analyst (Tamheer),36.0,42.24459038694883,text_only_random_forest
de-cloud-dammam,171,Infosys,Summer Intern (Infosys InStep ’26 – Bangalore),36.5,43.57019653964833,text_only_random_forest
de-cloud-dammam,172,شركة الخدمات المدارة | Managed Services Company,Intern Cybersecurity Engineer,40.5,46.38505408871097,text_only_random_forest
de-cloud-dammam,173,Abunayyan Holding,Data Analyst (Tamheer),36.0,42.79848860743929,text_only_random_forest
ce-network-dhahran,1,Saudi Aramco,University Internship Program (UIP),50.0,48.747175856503496,text_only_random_forest
ce-network-dhahran,2,SABIC,COOP Training Program,43.0,48.9360296407127,text_only_random_forest
ce-network-dhahran,3,stc (Saudi Telecom Company),Cooperative Training Program (COOP),40.0,51.26635151814709,text_only_random_forest
ce-network-dhahran,4,Saudi National Bank (SNB),SNB Cooperative Training Program,45.0,51.151083415628705,text_only_random_forest
ce-network-dhahran,5,Al Rajhi Bank,Cooperative Training Program,45.0,50.5542349213818,text_only_random_forest
ce-network-dhahran,6,Capital Market Authority (CMA),COOP Program,40.0,50.13143260086823,text_only_random_forest
ce-network-dhahran,7,Digital Government Authority (DGA),Maidan Cooperative Training Program,40.0,50.25018504403646,text_only_random_forest
ce-network-dhahran,8,KPMG Saudi Arabia,COOP & Internship Programs,45.0,44.6607090098826,text_only_random_forest
ce-network-dhahran,9,PwC Middle East,"Deals, COOP and Summer Internship Programme (2026)",44.5,46.44694897041131,text_only_random_forest
ce-network-dhahran,10,Deloitte Middle East (KSA),Jusoor Al Sharqiyah Internship Program,52.0,46.5473568523656,text_only_random_forest
ce-network-dhahran,11,Bank Albilad,Cooperative & Summer Training Program,60.0,52.63947054720931,text_only_random_forest
ce-network-dhahran,12,Tamara,Tamara Builders Program,49.0,51.993795633464174,text_only_random_forest
ce-network-dhahran,13,Bupa Arabia,Cooperative Training Program,40.0,44.639768412669135,text_only_random_forest
ce-network-dhahran,14,Saudi Exports (Saudi Export Development Authority),COOP & Summer Training (FAQ-confirmed),45.0,44.5141847500794,text_only_random_forest
ce-network-dhahran,15,Local Content and Government Procurement Authority (LCGPA),COOP Training (role posting),40.0,43.477126673109986,text_only_random_forest
ce-network-dhahran,16,McKinsey & Company (Maqdira),Maqdira Fellowship Program,44.5,51.127070178301736,text_only_random_forest
ce-network-dhahran,17,Boston Consulting Group (BCG),Visiting Associate Internship (Riyadh),40.0,49.61662338232263,text_only_random_forest
ce-network-dhahran,18,Bain & Company,COOP Training Program (Riyadh),40.0,45.93152359145658,text_only_random_forest
ce-network-dhahran,19,Amazon Web Services (AWS),IT/Computer Hardware Internship (Intern-to-FTE Pathway),55.0,45.81888318798227,text_only_random_forest
ce-network-dhahran,20,Amazon Web Services (AWS) - Associate Solutions Architect Intern,Associate Solutions Architect Intern (2026),45.0,46.85714284250803,text_only_random_forest
ce-network-dhahran,21,Google (Saudi Arabia),Google Careers (Saudi location filter),33.0,46.34451823891529,text_only_random_forest
ce-network-dhahran,22,BlackRock,Client & Product Summer Internship Programme (EMEA) - includes Riyadh,34.5,45.07983651642598,text_only_random_forest
ce-network-dhahran,23,noon,Student Internship,30.0,39.422992912548935,text_only_random_forest
ce-network-dhahran,24,MOZN,Data Science Intern,34.5,45.6130922626378,text_only_random_forest
ce-network-dhahran,25,Elm,Elm Co-op Training Program (March 2026 Intake),40.0,45.68549677570919,text_only_random_forest
ce-network-dhahran,26,Yasref,Yasref Cooperative Training Program,58.0,52.73811596069532,text_only_random_forest
ce-network-dhahran,27,"Saudi Standards, Metrology and Quality Organization (SASO)",Cooperative Training (Collaborative Training),55.0,51.110297844692596,text_only_random_forest
ce-network-dhahran,28,"Zakat, Tax and Customs Authority (ZATCA)",Binaa-Alkafaat Program,35.0,40.42318048562699,text_only_random_forest
ce-network-dhahran,29,Human Resources Development Fund (HRDF) – Cooperative Training Product,Cooperative Training (HRDF product),20.5,20.491111111111113,text_only_random_forest
ce-network-dhahran,30,EXPRO,COOP Training (Future Makers Program),40.0,44.53263368192714,text_only_random_forest
ce-network-dhahran,31,Ministry of Industry and Mineral Resources (MIM) – Cooperative Training Initiative,Cooperative Training Initiative,20.5,20.471666666666668,text_only_random_forest
ce-network-dhahran,32,TBC (The Beauty Company),Cooperative Training Program,45.0,44.448955984327846,text_only_random_forest
ce-network-dhahran,33,National Center for Vegetation Cover Development & Combating Desertification (NCVC),COOP Training Program,40.0,44.380111792628796,text_only_random_forest
ce-network-dhahran,34,Saudi Power Procurement Company (SPPC),Future Power – COOP Training Program,40.0,44.6365317911758,text_only_random_forest
ce-network-dhahran,35,TBC (Tatweer Building Company),Cooperative Training Program,40.0,49.3523012973894,text_only_random_forest
ce-network-dhahran,36,PwC Middle East (Assurance COOP & Summer Internship Programme 2026),"Assurance, COOP and Summer Internship Programme 2026 – Middle East",44.5,46.34061281656501,text_only_random_forest
ce-network-dhahran,37,KAPSARC,Intern (Coop- Trainee),49.0,52.359039195818916,text_only_random_forest
ce-network-dhahran,38,BSF (Banque Saudi Fransi),COOP / Internship,40.0,47.8121187962913,text_only_random_forest
ce-network-dhahran,39,Saudi Food & Drug Authority (SFDA),COOP training (First semester 2025-2026 intake),45.0,51.86717917711944,text_only_random_forest
ce-network-dhahran,40,Saudi Power Procurement Company (SPPC) – Future Power (Business Admin COOP),Future Power – Business Administration COOP Training Program,40.0,44.42941347788204,text_only_random_forest
ce-network-dhahran,41,Bank Albilad,Cooperative and Summer Training Program,40.0,52.97857240437534,text_only_random_forest
ce-network-dhahran,42,The Saudi National Bank (SNB),SNB Rowad Program,30.0,43.05644457075258,text_only_random_forest
ce-network-dhahran,43,National Cybersecurity Authority (NCA) – Academy,Cybersecurity training programs (academy),35.0,56.702379021376785,text_only_random_forest
ce-network-dhahran,44,PIF | Graduate Development Program,Graduate Development Program (GDP),34.5,45.53101517280764,text_only_random_forest
ce-network-dhahran,45,NEOM | GrOW (Graduates Opportunities in Work),GrOW (Graduates Opportunities in Work),46.5,45.59118657998378,text_only_random_forest
ce-network-dhahran,46,ROSHN | COOP Trainee Program,COOP Trainee Program,40.0,50.17570873896061,text_only_random_forest
ce-network-dhahran,47,Microsoft | Ru'aa Program (Riyadh),Ru'aa Program Internship (Solution Engineering),39.0,46.01638549334364,text_only_random_forest
ce-network-dhahran,48,Oracle | Business Development Intern (KSA market),Business Development Intern (KSA market),31.5,38.686991088846156,text_only_random_forest
ce-network-dhahran,49,SAP | Student Internship (Riyadh),Student Internship - Riyadh,30.0,41.89157526529015,text_only_random_forest
ce-network-dhahran,50,SAB (Saudi Awwal Bank) | Cooperative Training Programme (COOP),SAB Cooperative Training Programme (COOP),40.0,47.55413822368236,text_only_random_forest
ce-network-dhahran,51,Ministry of Finance (Saudi Arabia) | Cooperative Training Program,Cooperative Training Program,36.5,46.8941016427791,text_only_random_forest
ce-network-dhahran,52,Ministry of Industry and Mineral Resources | Cooperative Training,Cooperative Training Initiative,41.5,48.59269559505131,text_only_random_forest
ce-network-dhahran,53,King Fahd Causeway Authority | Internship Program,Internship Program,46.5,47.170086875367595,text_only_random_forest
ce-network-dhahran,54,Tawuniya | Tamheer Program (Fresh Graduates),Tamheer Program,48.0,49.79826906957751,text_only_random_forest
ce-network-dhahran,55,SAMA | SAMA Professional Program (SPP),SAMA Professional Program (SPP),26.5,41.42508619329938,text_only_random_forest
ce-network-dhahran,56,HRDF | Cooperative Training Product,Cooperative Training Product,41.5,48.455201401858545,text_only_random_forest
ce-network-dhahran,57,IBM,"Automation, Data & AI – Intern",35.5,50.60658325356533,text_only_random_forest
ce-network-dhahran,58,Unifonic,Internship (Unifonic),34.5,45.53635154499129,text_only_random_forest
ce-network-dhahran,59,Misk Foundation,Misk Traineeship / Internship Program,33.0,44.278966595863245,text_only_random_forest
ce-network-dhahran,60,Cisco,Cisco NetVersity (Saudi Arabia),42.5,51.73102785151476,text_only_random_forest
ce-network-dhahran,61,KAUST,Visiting Student Research Program (VSRP) Internship,30.0,45.400726239458145,text_only_random_forest
ce-network-dhahran,62,General Authority for Statistics (GASTAT),Cooperative Training Program,44.5,56.84383740349484,text_only_random_forest
ce-network-dhahran,63,Saudi Center for Opinion Polling (SCOP),Cooperative Training Program,44.5,55.724304860406924,text_only_random_forest
ce-network-dhahran,64,Al Rajhi Takaful,Cooperative Training Program,40.0,54.71084944512856,text_only_random_forest
ce-network-dhahran,65,Expenditure & Projects Efficiency Authority (EXPRO),Future Makers (صنّاع المستقبل) – Cooperative Training,40.0,51.604907490604695,text_only_random_forest
ce-network-dhahran,66,Ministry of Finance (Saudi Arabia),Cooperative Training Program (Ministry of Finance),40.0,52.42055024256794,text_only_random_forest
ce-network-dhahran,67,General Entertainment Authority (GEA),GEA Cooperative Training Program,40.0,51.48051598671182,text_only_random_forest
ce-network-dhahran,68,Banque Saudi Fransi (BSF),COOP Training,40.0,53.36592823893913,text_only_random_forest
ce-network-dhahran,69,Arab National Bank (ANB),COOP Trainee,40.0,52.89453646915536,text_only_random_forest
ce-network-dhahran,70,Tamara,Builders Program,40.0,51.66835253201934,text_only_random_forest
ce-network-dhahran,71,OmniOps,Co‑op Training Program,49.0,58.07166849884285,text_only_random_forest
ce-network-dhahran,72,Tatweer Educational Technologies (TETCO),Cooperative Training Program,55.0,57.85476517725404,text_only_random_forest
ce-network-dhahran,73,The Saudi Investment Bank (SAIB),Cooperative Program,40.0,53.21989109585069,text_only_random_forest
ce-network-dhahran,74,Saudi Awwal Bank (SAB),COOP Program,40.0,53.91127063162579,text_only_random_forest
ce-network-dhahran,75,Riyad Bank,Internships and Coop Trainings (CSR 2019),40.0,52.046858793208585,text_only_random_forest
ce-network-dhahran,76,Tabby,Intern DevOps Engineer,34.5,49.22210220967086,text_only_random_forest
ce-network-dhahran,77,Tabby,Intern Backend (GO) Engineer,39.0,49.270715712518545,text_only_random_forest
ce-network-dhahran,78,Tabby,Intern Frontend Engineer,39.0,49.29723979304337,text_only_random_forest
ce-network-dhahran,79,Tabby,Intern Data Engineer,39.0,49.93122164114269,text_only_random_forest
ce-network-dhahran,80,Tabby,No-Code / AI Agents Engineering Intern,39.0,47.57943095024123,text_only_random_forest
ce-network-dhahran,81,Bank Albilad,Cooperative Training Program,45.0,53.523852236237495,text_only_random_forest
ce-network-dhahran,82,Saudi Ground Services (SGS),COOP Program,40.0,53.10839002227115,text_only_random_forest
ce-network-dhahran,83,CEER,Cooperative Training Program (COOP),40.0,52.91987367345471,text_only_random_forest
ce-network-dhahran,84,Al Rajhi Takaful,Coop Training Program,40.0,54.831893731960534,text_only_random_forest
ce-network-dhahran,85,TAWAL,COOP Training Program,49.0,56.48479136638676,text_only_random_forest
ce-network-dhahran,86,Wakeb_Data,COOP Training,49.0,54.95707209710326,text_only_random_forest
ce-network-dhahran,87,Banque Saudi Fransi (BSF),Coop Training Program,40.0,54.11219462311852,text_only_random_forest
ce-network-dhahran,88,Tech Economy,COOP Training Program,40.0,54.0904286291154,text_only_random_forest
ce-network-dhahran,89,SAMI Advanced Electronics (SAMI-AEC),Coop Trainee,40.0,54.478979141023565,text_only_random_forest
ce-network-dhahran,90,NHC,COOP Trainee,45.0,54.71646737265237,text_only_random_forest
ce-network-dhahran,91,REMAT ADVANCED,Cooperative Training Program,55.0,58.14962388640186,text_only_random_forest
ce-network-dhahran,92,SDM,AI COOP,44.5,57.0590965899895,text_only_random_forest
ce-network-dhahran,93,HUED,HUED COOP Program 2026,49.0,55.66838772593812,text_only_random_forest
ce-network-dhahran,94,Araamis • أرامس,Araamis COOP Program 2026,49.0,55.21743251916044,text_only_random_forest
ce-network-dhahran,95,ARDARA,COOP Training for Students,40.0,53.10796792887689,text_only_random_forest
ce-network-dhahran,96,flynas,COOP Trainee / Internship Program,44.5,52.50417086395926,text_only_random_forest
ce-network-dhahran,97,Saudi Motorsport Company (SMC),COOP Trainee (IT Asset Project Management),44.5,55.10202450978965,text_only_random_forest
ce-network-dhahran,98,Saudi Motorsport Company (SMC),COOP Trainee (Supply Chain Excellence Associate),44.5,55.06959043715281,text_only_random_forest
ce-network-dhahran,99,Mobily,Cooperative Training Program,40.0,51.807538382010634,text_only_random_forest
ce-network-dhahran,100,Saudi Awwal Bank (SAB),Student Opportunities: Cooperative / Practical Training,40.0,53.17261030672687,text_only_random_forest
ce-network-dhahran,101,Alvarez & Marsal,COOP Training Program,40.0,54.339848077341166,text_only_random_forest
ce-network-dhahran,102,Visa,COOP Trainee (Jan 2026),40.0,54.003261524924156,text_only_random_forest
ce-network-dhahran,103,Zain KSA,Evolve Program (Fresh Graduates),30.0,48.32065594326557,text_only_random_forest
ce-network-dhahran,104,Zain KSA,Zain Pioneers Program,45.0,49.46483904352127,text_only_random_forest
ce-network-dhahran,105,Savvy Games Group,Cooperative Training Program (Co-op),40.0,55.65450115233115,text_only_random_forest
ce-network-dhahran,106,Bank AlJazira,Tamheer Program,30.0,45.9747561765005,text_only_random_forest
ce-network-dhahran,107,sirar by stc,Cooperative Training Program,49.0,58.274591912434495,text_only_random_forest
ce-network-dhahran,108,Gathern,Co-op Program,49.0,57.411212797755894,text_only_random_forest
ce-network-dhahran,109,Elm Company (شركة علم),Coop Training - Computer Science (Jan/Mar/Jun/Aug 2025 Intake),44.5,54.965187702810304,text_only_random_forest
ce-network-dhahran,110,Elm Company (شركة علم),Co-Op Training - Information Technology (Jun & Aug 2025 Intake),44.5,54.79066154984824,text_only_random_forest
ce-network-dhahran,111,EJADA,COOP Administration & Support Engineer,40.0,54.531192687282136,text_only_random_forest
ce-network-dhahran,112,Emdad By Elm,Network Cooperative Training (Network Intern),55.0,55.2507571634475,text_only_random_forest
ce-network-dhahran,113,AILA,Co-op Training Programme,44.5,54.437038065894505,text_only_random_forest
ce-network-dhahran,114,Foodics,Foodics 360 Internship Program,34.5,45.801375592761694,text_only_random_forest
ce-network-dhahran,115,Salla,برنامج التدريب التعاوني (Coop Training) – Salla,44.5,51.774167010436926,text_only_random_forest
ce-network-dhahran,116,Lucidya,Technical Internship or Coop – Lucidya,44.5,55.12166318899679,text_only_random_forest
ce-network-dhahran,117,Diriyah Company,Diriyah Co-op Training Program,40.0,53.53497172935231,text_only_random_forest
ce-network-dhahran,118,Riyadh Air,Co-op – Riyadh Air,40.0,53.22176276590405,text_only_random_forest
ce-network-dhahran,119,Jahez Group,Jahez Internship Program (as described in Sustainability Report),30.0,45.31429692845792,text_only_random_forest
ce-network-dhahran,120,Lumi | لومي,COOP Intern 2025 – Lumi,40.0,53.266300240221355,text_only_random_forest
ce-network-dhahran,121,webook.com,COOP Trainee Opportunities – webook.com,40.0,53.17345138264763,text_only_random_forest
ce-network-dhahran,122,moneymoon,Tech & AI Co-op Program 2025,44.5,54.272080402810644,text_only_random_forest
ce-network-dhahran,123,EjadTech - إيجاد التقنية,"Summer Internship Program 2025 (Computer, Data, and AI Majors)",35.5,46.04104091087761,text_only_random_forest
ce-network-dhahran,124,InnovationTeam,Java Microservices Internship Programme (Saudi Nationals),35.5,47.85671909008399,text_only_random_forest
ce-network-dhahran,125,Tamkeen Technologies,On the Job Training (Internship Program) — Technology field,34.5,45.87944563544173,text_only_random_forest
ce-network-dhahran,126,Trendyol Group,Trendyol Tech Talent - Bootcamp & COOP Internship Program (Saudi Students Only),41.0,47.95877826694278,text_only_random_forest
ce-network-dhahran,127,Ninja نينجا,COOP Training Program,41.0,46.37053176835902,text_only_random_forest
ce-network-dhahran,128,SCAI | سكاي,CO-OP Training Opportunities (Intern),49.0,59.74573241376874,text_only_random_forest
ce-network-dhahran,129,WalaPlus,Coop & Tamheer Opportunities,55.0,52.35442859825255,text_only_random_forest
ce-network-dhahran,130,Aon,IT Co-op Trainee 2026,55.0,51.65947227062917,text_only_random_forest
ce-network-dhahran,131,Hewlett Packard Enterprise (HPE),College Intern (Coop),55.0,51.42284086348648,text_only_random_forest
ce-network-dhahran,132,Signify,KSA Coop Internship Program,55.0,47.237953565829976,text_only_random_forest
ce-network-dhahran,133,Help AG (e& enterprise),Cybersecurity Intern,30.0,50.963357595910566,text_only_random_forest
ce-network-dhahran,134,TrendAI (Trend Micro),CyberGATE Internship Program,34.5,47.471592652860224,text_only_random_forest
ce-network-dhahran,135,Golf Saudi,IT Co-op Trainee,55.0,53.050078423267855,text_only_random_forest
ce-network-dhahran,136,Siemens Healthineers,Healthineers Early Talent Program – IT (Riyadh),45.0,47.21984017760594,text_only_random_forest
ce-network-dhahran,137,1957 Ventures,Internship / Co-Op Program,49.0,48.5480535366684,text_only_random_forest
ce-network-dhahran,138,Nokia,Graduate Trainee (Saudi Arabia) – Fledgers Program,34.5,45.0530390885838,text_only_random_forest
ce-network-dhahran,139,Ericsson,Summer Interns (Ericsson Saudi),34.5,42.60665467684029,text_only_random_forest
ce-network-dhahran,140,Bosch Middle East,Software Development Intern (AI/Cloud),39.0,47.43701568084372,text_only_random_forest
ce-network-dhahran,141,Saudi Payments | المدفوعات السعودية,COOP Training – August 2024,44.5,53.949506340689524,text_only_random_forest
ce-network-dhahran,142,Saudi Tadawul Group | تداول,Cooperative Training Program (COOP),55.0,56.466598248645326,text_only_random_forest
ce-network-dhahran,143,Lean Technologies,Software Engineering Intern – KSA,49.0,46.299140732659225,text_only_random_forest
ce-network-dhahran,144,Mirai (Scopely) | مِراي,AI Engineering Intern (GenAI),39.0,45.97936810938572,text_only_random_forest
ce-network-dhahran,145,HungerStation | هنقرستيشن,"Co-OP Trainee, Data Analysis – Info Sec",44.5,58.96199936887874,text_only_random_forest
ce-network-dhahran,146,NCGR | المركز الوطني لنظم الموارد الحكومية,Coop Training Program,44.5,54.46744334627726,text_only_random_forest
ce-network-dhahran,147,nybl,nybl Graduate Programme – Saudi Nationals (AI Bootcamp),30.0,42.621004153273006,text_only_random_forest
ce-network-dhahran,148,Procter & Gamble (P&G),P&G LEADgen Internship Program 2026 (Riyadh),34.5,42.51476968335817,text_only_random_forest
ce-network-dhahran,149,New Murabba | المربع الجديد,New Murabba Co-op Training Program,49.0,54.014002681193084,text_only_random_forest
ce-network-dhahran,150,Boeing Saudi Arabia Limited,Intern - Info Technology & Data Analytics (Riyadh),34.5,50.126207239562135,text_only_random_forest
ce-network-dhahran,151,Motorola Solutions,Deployment Engineer Intern (KSA National - Tamheer Program),55.0,53.30296865411108,text_only_random_forest
ce-network-dhahran,152,Schneider Electric,Co-op Intern (Engineering) - Al Khobar (Jan–Aug 2026),62.0,56.190538913595006,text_only_random_forest
ce-network-dhahran,153,Lockheed Martin,Tamheer Space Internship (Riyadh),39.0,45.83183358493784,text_only_random_forest
ce-network-dhahran,154,Markaba | مركبة,Start-up Software Intern – TAMHEER (Saudi nationals only),35.5,44.868313761123304,text_only_random_forest
ce-network-dhahran,155,Laverne Group | مجموعة لافيرن,Data Analyst / Data Engineer Intern (IT Department),39.0,52.77063061954346,text_only_random_forest
ce-network-dhahran,156,Meel | ميل,"Software Developer Internship (Remote, min 2 months)",39.0,48.57231071396631,text_only_random_forest
ce-network-dhahran,157,Nahdi Medical Co.,IT Internship / COOP Program (6 months),49.5,54.198075176957545,text_only_random_forest
ce-network-dhahran,158,SMART Technology Solutions | سمارت لحلول التقنية,R&D Intern (Riyadh),39.0,47.35995313773432,text_only_random_forest
ce-network-dhahran,159,Knodemy Inc.,AI Developer & Tech Trainer Intern - Riyadh,39.0,49.20272169601542,text_only_random_forest
ce-network-dhahran,160,Water Transmission Company | شركة نقل المياه,Tamheer Internship Program (HRIS / Engineering & PM - Riyadh),39.0,47.25432017010881,text_only_random_forest
ce-network-dhahran,161,AFNOYS,"AI Automation Intern - KSA (Remote, 4 weeks)",34.5,47.96839567789205,text_only_random_forest
ce-network-dhahran,162,SAS,CareerStart@SAS 2026 - Presales Customer Intelligence Intern (Riyadh),33.0,44.78607251560308,text_only_random_forest
ce-network-dhahran,163,Devoteam,Trainee - Future Leaders Program (Co-op/Fresh Graduate),45.5,53.60900712884787,text_only_random_forest
ce-network-dhahran,164,ضالتي Dhallaty,Tech Intern: Fresh Grad or Student,33.0,46.40326223869433,text_only_random_forest
ce-network-dhahran,165,Innovative Solutions SA,Presales - Tamheer,26.5,46.00625844882355,text_only_random_forest
ce-network-dhahran,166,HUMAIN,Tamheer Program (Software Engineer / Cybersecurity / MIS),35.5,46.97426770236182,text_only_random_forest
ce-network-dhahran,167,TAM | تام,"Tamheer Opportunity, Advisory",5.5,7.318849206349205,text_only_random_forest
ce-network-dhahran,168,هيئة التأمين | Insurance Authority,Tamheer Opportunity - Specialist of Information Security,26.5,44.39639095726821,text_only_random_forest
ce-network-dhahran,169,Snbla | سنبله,Paid Internship Program (FinTech),33.0,45.56265747965852,text_only_random_forest
ce-network-dhahran,170,2P Perfect Presentation,Data Analyst (Tamheer),31.0,37.782251370073595,text_only_random_forest
ce-network-dhahran,171,Infosys,Summer Intern (Infosys InStep ’26 – Bangalore),33.0,39.32810144406649,text_only_random_forest
ce-network-dhahran,172,شركة الخدمات المدارة | Managed Services Company,Intern Cybersecurity Engineer,35.5,49.20574222846937,text_only_random_forest
ce-network-dhahran,173,Abunayyan Holding,Data Analyst (Tamheer),31.0,39.13989471501688,text_only_random_forest
eastern-province-cys,1,Saudi Aramco,University Internship Program (UIP),64.0,46.97476778746475,text_only_random_forest
eastern-province-cys,2,SABIC,COOP Training Program,57.0,49.550618590061774,text_only_random_forest
eastern-province-cys,3,stc (Saudi Telecom Company),Cooperative Training Program (COOP),54.0,51.91911111199966,text_only_random_forest
eastern-province-cys,4,Saudi National Bank (SNB),SNB Cooperative Training Program,59.0,52.42900446423456,text_only_random_forest
eastern-province-cys,5,Al Rajhi Bank,Cooperative Training Program,59.0,51.09738204734991,text_only_random_forest
eastern-province-cys,6,Capital Market Authority (CMA),COOP Program,54.0,50.33921303585836,text_only_random_forest
eastern-province-cys,7,Digital Government Authority (DGA),Maidan Cooperative Training Program,54.0,49.81081352453777,text_only_random_forest
eastern-province-cys,8,KPMG Saudi Arabia,COOP & Internship Programs,45.0,45.22462960862358,text_only_random_forest
eastern-province-cys,9,PwC Middle East,"Deals, COOP and Summer Internship Programme (2026)",44.5,45.93489391122979,text_only_random_forest
eastern-province-cys,10,Deloitte Middle East (KSA),Jusoor Al Sharqiyah Internship Program,44.5,46.007772230898475,text_only_random_forest
eastern-province-cys,11,Bank Albilad,Cooperative & Summer Training Program,49.5,52.59463327872836,text_only_random_forest
eastern-province-cys,12,Tamara,Tamara Builders Program,58.5,52.176656902144714,text_only_random_forest
eastern-province-cys,13,Bupa Arabia,Cooperative Training Program,40.0,44.65587071098126,text_only_random_forest
eastern-province-cys,14,Saudi Exports (Saudi Export Development Authority),COOP & Summer Training (FAQ-confirmed),45.0,45.1077475827789,text_only_random_forest
eastern-province-cys,15,Local Content and Government Procurement Authority (LCGPA),COOP Training (role posting),40.0,43.56754817942406,text_only_random_forest
eastern-province-cys,16,McKinsey & Company (Maqdira),Maqdira Fellowship Program,44.5,50.91758042036517,text_only_random_forest
eastern-province-cys,17,Boston Consulting Group (BCG),Visiting Associate Internship (Riyadh),49.0,50.14921589731556,text_only_random_forest
eastern-province-cys,18,Bain & Company,COOP Training Program (Riyadh),40.0,46.7698493233817,text_only_random_forest
eastern-province-cys,19,Amazon Web Services (AWS),IT/Computer Hardware Internship (Intern-to-FTE Pathway),54.5,46.914254757159725,text_only_random_forest
eastern-province-cys,20,Amazon Web Services (AWS) - Associate Solutions Architect Intern,Associate Solutions Architect Intern (2026),39.0,48.77179121877298,text_only_random_forest
eastern-province-cys,21,Google (Saudi Arabia),Google Careers (Saudi location filter),47.0,47.4695056934242,text_only_random_forest
eastern-province-cys,22,BlackRock,Client & Product Summer Internship Programme (EMEA) - includes Riyadh,34.5,45.744965855629054,text_only_random_forest
eastern-province-cys,23,noon,Student Internship,30.0,40.27977227413469,text_only_random_forest
eastern-province-cys,24,MOZN,Data Science Intern,34.5,44.76057214169707,text_only_random_forest
eastern-province-cys,25,Elm,Elm Co-op Training Program (March 2026 Intake),40.0,45.63925337981267,text_only_random_forest
eastern-province-cys,26,Yasref,Yasref Cooperative Training Program,61.5,53.473714739050514,text_only_random_forest
eastern-province-cys,27,"Saudi Standards, Metrology and Quality Organization (SASO)",Cooperative Training (Collaborative Training),44.5,50.578707722256574,text_only_random_forest
eastern-province-cys,28,"Zakat, Tax and Customs Authority (ZATCA)",Binaa-Alkafaat Program,35.0,41.367863950358945,text_only_random_forest
eastern-province-cys,29,Human Resources Development Fund (HRDF) – Cooperative Training Product,Cooperative Training (HRDF product),20.5,20.548958333333335,text_only_random_forest
eastern-province-cys,30,EXPRO,COOP Training (Future Makers Program),40.0,45.07498544211042,text_only_random_forest
eastern-province-cys,31,Ministry of Industry and Mineral Resources (MIM) – Cooperative Training Initiative,Cooperative Training Initiative,20.5,20.455138888888886,text_only_random_forest
eastern-province-cys,32,TBC (The Beauty Company),Cooperative Training Program,45.0,45.02748544035017,text_only_random_forest
eastern-province-cys,33,National Center for Vegetation Cover Development & Combating Desertification (NCVC),COOP Training Program,40.0,44.73832207886384,text_only_random_forest
eastern-province-cys,34,Saudi Power Procurement Company (SPPC),Future Power – COOP Training Program,40.0,45.89346889684559,text_only_random_forest
eastern-province-cys,35,TBC (Tatweer Building Company),Cooperative Training Program,40.0,49.41566458842286,text_only_random_forest
eastern-province-cys,36,PwC Middle East (Assurance COOP & Summer Internship Programme 2026),"Assurance, COOP and Summer Internship Programme 2026 – Middle East",44.5,46.425585573444096,text_only_random_forest
eastern-province-cys,37,KAPSARC,Intern (Coop- Trainee),44.5,52.37674297990445,text_only_random_forest
eastern-province-cys,38,BSF (Banque Saudi Fransi),COOP / Internship,63.0,53.23894196805016,text_only_random_forest
eastern-province-cys,39,Saudi Food & Drug Authority (SFDA),COOP training (First semester 2025-2026 intake),68.0,54.50521344658328,text_only_random_forest
eastern-province-cys,40,Saudi Power Procurement Company (SPPC) – Future Power (Business Admin COOP),Future Power – Business Administration COOP Training Program,40.0,44.45451294595642,text_only_random_forest
eastern-province-cys,41,Bank Albilad,Cooperative and Summer Training Program,63.0,61.42315682258281,text_only_random_forest
eastern-province-cys,42,The Saudi National Bank (SNB),SNB Rowad Program,44.0,44.41009400626468,text_only_random_forest
eastern-province-cys,43,National Cybersecurity Authority (NCA) – Academy,Cybersecurity training programs (academy),58.0,59.16943582212567,text_only_random_forest
eastern-province-cys,44,PIF | Graduate Development Program,Graduate Development Program (GDP),34.5,45.54891849555642,text_only_random_forest
eastern-province-cys,45,NEOM | GrOW (Graduates Opportunities in Work),GrOW (Graduates Opportunities in Work),36.0,45.75767874151085,text_only_random_forest
eastern-province-cys,46,ROSHN | COOP Trainee Program,COOP Trainee Program,40.0,50.28883011687347,text_only_random_forest
eastern-province-cys,47,Microsoft | Ru'aa Program (Riyadh),Ru'aa Program Internship (Solution Engineering),34.5,51.395157865718474,text_only_random_forest
eastern-province-cys,48,Oracle | Business Development Intern (KSA market),Business Development Intern (KSA market),31.5,40.799241093122305,text_only_random_forest
eastern-province-cys,49,SAP | Student Internship (Riyadh),Student Internship - Riyadh,30.0,41.791299455415285,text_only_random_forest
eastern-province-cys,50,SAB (Saudi Awwal Bank) | Cooperative Training Programme (COOP),SAB Cooperative Training Programme (COOP),40.0,48.492380896174375,text_only_random_forest
eastern-province-cys,51,Ministry of Finance (Saudi Arabia) | Cooperative Training Program,Cooperative Training Program,50.5,47.43770827487402,text_only_random_forest
eastern-province-cys,52,Ministry of Industry and Mineral Resources | Cooperative Training,Cooperative Training Initiative,55.5,47.673082266904075,text_only_random_forest
eastern-province-cys,53,King Fahd Causeway Authority | Internship Program,Internship Program,40.5,46.66306337969364,text_only_random_forest
eastern-province-cys,54,Tawuniya | Tamheer Program (Fresh Graduates),Tamheer Program,56.0,51.953250406829476,text_only_random_forest
eastern-province-cys,55,SAMA | SAMA Professional Program (SPP),SAMA Professional Program (SPP),40.5,41.907292731270466,text_only_random_forest
eastern-province-cys,56,HRDF | Cooperative Training Product,Cooperative Training Product,55.5,47.898395594803716,text_only_random_forest
eastern-province-cys,57,IBM,"Automation, Data & AI – Intern",49.5,51.77737733832033,text_only_random_forest
eastern-province-cys,58,Unifonic,Internship (Unifonic),48.5,46.29631874606928,text_only_random_forest
eastern-province-cys,59,Misk Foundation,Misk Traineeship / Internship Program,47.0,45.28999433997049,text_only_random_forest
eastern-province-cys,60,Cisco,Cisco NetVersity (Saudi Arabia),61.0,56.3198450346852,text_only_random_forest
eastern-province-cys,61,KAUST,Visiting Student Research Program (VSRP) Internship,44.0,44.93074597525272,text_only_random_forest
eastern-province-cys,62,General Authority for Statistics (GASTAT),Cooperative Training Program,58.5,57.16327982780995,text_only_random_forest
eastern-province-cys,63,Saudi Center for Opinion Polling (SCOP),Cooperative Training Program,58.5,57.27800159760198,text_only_random_forest
eastern-province-cys,64,Al Rajhi Takaful,Cooperative Training Program,63.0,58.21369043927004,text_only_random_forest
eastern-province-cys,65,Expenditure & Projects Efficiency Authority (EXPRO),Future Makers (صنّاع المستقبل) – Cooperative Training,54.0,52.59245831536215,text_only_random_forest
eastern-province-cys,66,Ministry of Finance (Saudi Arabia),Cooperative Training Program (Ministry of Finance),54.0,52.67468949577168,text_only_random_forest
eastern-province-cys,67,General Entertainment Authority (GEA),GEA Cooperative Training Program,54.0,51.60451119680895,text_only_random_forest
eastern-province-cys,68,Banque Saudi Fransi (BSF),COOP Training,63.0,59.4115009428359,text_only_random_forest
eastern-province-cys,69,Arab National Bank (ANB),COOP Trainee,63.0,61.253751488855464,text_only_random_forest
eastern-province-cys,70,Tamara,Builders Program,63.0,60.58745409540745,text_only_random_forest
eastern-province-cys,71,OmniOps,Co‑op Training Program,63.0,58.27329362119395,text_only_random_forest
eastern-province-cys,72,Tatweer Educational Technologies (TETCO),Cooperative Training Program,63.0,57.683280100394974,text_only_random_forest
eastern-province-cys,73,The Saudi Investment Bank (SAIB),Cooperative Program,63.0,61.65845839599249,text_only_random_forest
eastern-province-cys,74,Saudi Awwal Bank (SAB),COOP Program,63.0,61.545708313417066,text_only_random_forest
eastern-province-cys,75,Riyad Bank,Internships and Coop Trainings (CSR 2019),63.0,60.42596920388986,text_only_random_forest
eastern-province-cys,76,Tabby,Intern DevOps Engineer,48.5,50.64234603414188,text_only_random_forest
eastern-province-cys,77,Tabby,Intern Backend (GO) Engineer,48.5,51.55949587662949,text_only_random_forest
eastern-province-cys,78,Tabby,Intern Frontend Engineer,48.5,50.33580131662346,text_only_random_forest
eastern-province-cys,79,Tabby,Intern Data Engineer,48.5,53.490563343293545,text_only_random_forest
eastern-province-cys,80,Tabby,No-Code / AI Agents Engineering Intern,48.5,47.86099801816457,text_only_random_forest
eastern-province-cys,81,Bank Albilad,Cooperative Training Program,68.0,60.69848173427403,text_only_random_forest
eastern-province-cys,82,Saudi Ground Services (SGS),COOP Program,54.0,52.83804326281418,text_only_random_forest
eastern-province-cys,83,CEER,Cooperative Training Program (COOP),54.0,53.675753910993876,text_only_random_forest
eastern-province-cys,84,Al Rajhi Takaful,Coop Training Program,63.0,58.87783916938351,text_only_random_forest
eastern-province-cys,85,TAWAL,COOP Training Program,58.5,58.029627505664635,text_only_random_forest
eastern-province-cys,86,Wakeb_Data,COOP Training,58.5,55.54601285778317,text_only_random_forest
eastern-province-cys,87,Banque Saudi Fransi (BSF),Coop Training Program,63.0,61.565963176630916,text_only_random_forest
eastern-province-cys,88,Tech Economy,COOP Training Program,63.0,61.56243689236961,text_only_random_forest
eastern-province-cys,89,SAMI Advanced Electronics (SAMI-AEC),Coop Trainee,63.0,58.34282394021555,text_only_random_forest
eastern-province-cys,90,NHC,COOP Trainee,68.0,62.02246126574307,text_only_random_forest
eastern-province-cys,91,REMAT ADVANCED,Cooperative Training Program,58.5,57.126863979851336,text_only_random_forest
eastern-province-cys,92,SDM,AI COOP,58.5,57.285793868399686,text_only_random_forest
eastern-province-cys,93,HUED,HUED COOP Program 2026,58.5,56.42014944232149,text_only_random_forest
eastern-province-cys,94,Araamis • أرامس,Araamis COOP Program 2026,58.5,55.25613771980156,text_only_random_forest
eastern-province-cys,95,ARDARA,COOP Training for Students,54.0,54.30838921196915,text_only_random_forest
eastern-province-cys,96,flynas,COOP Trainee / Internship Program,58.5,53.08504089580366,text_only_random_forest
eastern-province-cys,97,Saudi Motorsport Company (SMC),COOP Trainee (IT Asset Project Management),58.5,55.71233655669757,text_only_random_forest
eastern-province-cys,98,Saudi Motorsport Company (SMC),COOP Trainee (Supply Chain Excellence Associate),63.0,56.05427958709663,text_only_random_forest
eastern-province-cys,99,Mobily,Cooperative Training Program,63.0,60.19496397456914,text_only_random_forest
eastern-province-cys,100,Saudi Awwal Bank (SAB),Student Opportunities: Cooperative / Practical Training,63.0,59.89839890441773,text_only_random_forest
eastern-province-cys,101,Alvarez & Marsal,COOP Training Program,63.0,61.938940874515474,text_only_random_forest
eastern-province-cys,102,Visa,COOP Trainee (Jan 2026),54.0,54.869812083906645,text_only_random_forest
eastern-province-cys,103,Zain KSA,Evolve Program (Fresh Graduates),53.0,55.27468596595949,text_only_random_forest
eastern-province-cys,104,Zain KSA,Zain Pioneers Program,48.5,50.87750290368656,text_only_random_forest
eastern-province-cys,105,Savvy Games Group,Cooperative Training Program (Co-op),63.0,61.378417649755406,text_only_random_forest
eastern-province-cys,106,Bank AlJazira,Tamheer Program,44.0,45.946387932790145,text_only_random_forest
eastern-province-cys,107,sirar by stc,Cooperative Training Program,63.0,60.6954320269851,text_only_random_forest
eastern-province-cys,108,Gathern,Co-op Program,58.5,58.07306475460941,text_only_random_forest
eastern-province-cys,109,Elm Company (شركة علم),Coop Training - Computer Science (Jan/Mar/Jun/Aug 2025 Intake),58.5,55.70292404134086,text_only_random_forest
eastern-province-cys,110,Elm Company (شركة علم),Co-Op Training - Information Technology (Jun & Aug 2025 Intake),58.5,55.148897209425755,text_only_random_forest
eastern-province-cys,111,EJADA,COOP Administration & Support Engineer,63.0,57.05365281885269,text_only_random_forest
eastern-province-cys,112,Emdad By Elm,Network Cooperative Training (Network Intern),58.5,57.19580445756044,text_only_random_forest
eastern-province-cys,113,AILA,Co-op Training Programme,58.5,54.828168061295564,text_only_random_forest
eastern-province-cys,114,Foodics,Foodics 360 Internship Program,48.5,46.46726194682033,text_only_random_forest
eastern-province-cys,115,Salla,برنامج التدريب التعاوني (Coop Training) – Salla,58.5,51.63035164554984,text_only_random_forest
eastern-province-cys,116,Lucidya,Technical Internship or Coop – Lucidya,63.0,54.82100588582656,text_only_random_forest
eastern-province-cys,117,Diriyah Company,Diriyah Co-op Training Program,54.0,53.833361360022195,text_only_random_forest
eastern-province-cys,118,Riyadh Air,Co-op – Riyadh Air,54.0,53.50745022572062,text_only_random_forest
eastern-province-cys,119,Jahez Group,Jahez Internship Program (as described in Sustainability Report),44.0,46.06688613660531,text_only_random_forest
eastern-province-cys,120,Lumi | لومي,COOP Intern 2025 – Lumi,54.0,53.93448927451452,text_only_random_forest
eastern-province-cys,121,webook.com,COOP Trainee Opportunities – webook.com,54.0,53.162579909532134,text_only_random_forest
eastern-province-cys,122,moneymoon,Tech & AI Co-op Program 2025,63.0,56.45130274589878,text_only_random_forest
eastern-province-cys,123,EjadTech - إيجاد التقنية,"Summer Internship Program 2025 (Computer, Data, and AI Majors)",31.0,53.82330313241064,text_only_random_forest
eastern-province-cys,124,InnovationTeam,Java Microservices Internship Programme (Saudi Nationals),35.5,56.828569509809554,text_only_random_forest
eastern-province-cys,125,Tamkeen Technologies,On the Job Training (Internship Program) — Technology field,48.5,46.82887704681002,text_only_random_forest
eastern-province-cys,126,Trendyol Group,Trendyol Tech Talent - Bootcamp & COOP Internship Program (Saudi Students Only),41.0,47.81042704972506,text_only_random_forest
eastern-province-cys,127,Ninja نينجا,COOP Training Program,41.0,46.59767437377389,text_only_random_forest
eastern-province-cys,128,SCAI | سكاي,CO-OP Training Opportunities (Intern),58.5,58.58448868408221,text_only_random_forest
eastern-province-cys,129,WalaPlus,Coop & Tamheer Opportunities,44.5,52.64137392664853,text_only_random_forest
eastern-province-cys,130,Aon,IT Co-op Trainee 2026,44.5,51.57009757876747,text_only_random_forest
eastern-province-cys,131,Hewlett Packard Enterprise (HPE),College Intern (Coop),44.5,51.30112268032556,text_only_random_forest
eastern-province-cys,132,Signify,KSA Coop Internship Program,44.5,47.17293410560646,text_only_random_forest
eastern-province-cys,133,Help AG (e& enterprise),Cybersecurity Intern,53.0,53.99880981679134,text_only_random_forest
eastern-province-cys,134,TrendAI (Trend Micro),CyberGATE Internship Program,53.0,51.13749006904859,text_only_random_forest
eastern-province-cys,135,Golf Saudi,IT Co-op Trainee,44.5,53.49005525077601,text_only_random_forest
eastern-province-cys,136,Siemens Healthineers,Healthineers Early Talent Program – IT (Riyadh),34.5,48.518179154632826,text_only_random_forest
eastern-province-cys,137,1957 Ventures,Internship / Co-Op Program,44.5,46.240431330107114,text_only_random_forest
eastern-province-cys,138,Nokia,Graduate Trainee (Saudi Arabia) – Fledgers Program,34.5,44.90888005188506,text_only_random_forest
eastern-province-cys,139,Ericsson,Summer Interns (Ericsson Saudi),34.5,43.11826845324908,text_only_random_forest
eastern-province-cys,140,Bosch Middle East,Software Development Intern (AI/Cloud),39.0,46.91707804091216,text_only_random_forest
eastern-province-cys,141,Saudi Payments | المدفوعات السعودية,COOP Training – August 2024,63.0,57.397825486468086,text_only_random_forest
eastern-province-cys,142,Saudi Tadawul Group | تداول,Cooperative Training Program (COOP),63.0,58.37053782588905,text_only_random_forest
eastern-province-cys,143,Lean Technologies,Software Engineering Intern – KSA,34.5,47.91556143741347,text_only_random_forest
eastern-province-cys,144,Mirai (Scopely) | مِراي,AI Engineering Intern (GenAI),34.5,46.77704810244614,text_only_random_forest
eastern-province-cys,145,HungerStation | هنقرستيشن,"Co-OP Trainee, Data Analysis – Info Sec",63.0,61.612377795330104,text_only_random_forest
eastern-province-cys,146,NCGR | المركز الوطني لنظم الموارد الحكومية,Coop Training Program,63.0,60.065325927405105,text_only_random_forest
eastern-province-cys,147,nybl,nybl Graduate Programme – Saudi Nationals (AI Bootcamp),30.0,42.107603759633896,text_only_random_forest
eastern-province-cys,148,Procter & Gamble (P&G),P&G LEADgen Internship Program 2026 (Riyadh),34.5,43.64349292782803,text_only_random_forest
eastern-province-cys,149,New Murabba | المربع الجديد,New Murabba Co-op Training Program,58.5,54.45085659144286,text_only_random_forest
eastern-province-cys,150,Boeing Saudi Arabia Limited,Intern - Info Technology & Data Analytics (Riyadh),53.0,50.93146221825534,text_only_random_forest
eastern-province-cys,151,Motorola Solutions,Deployment Engineer Intern (KSA National - Tamheer Program),68.5,55.35944537984584,text_only_random_forest
eastern-province-cys,152,Schneider Electric,Co-op Intern (Engineering) - Al Khobar (Jan–Aug 2026),68.5,58.166814462924535,text_only_random_forest
eastern-province-cys,153,Lockheed Martin,Tamheer Space Internship (Riyadh),48.5,46.270136918190055,text_only_random_forest
eastern-province-cys,154,Markaba | مركبة,Start-up Software Intern – TAMHEER (Saudi nationals only),45.0,45.977141359293526,text_only_random_forest
eastern-province-cys,155,Laverne Group | مجموعة لافيرن,Data Analyst / Data Engineer Intern (IT Department),53.0,59.05899545041474,text_only_random_forest
eastern-province-cys,156,Meel | ميل,"Software Developer Internship (Remote, min 2 months)",48.5,48.84973006911114,text_only_random_forest
eastern-province-cys,157,Nahdi Medical Co.,IT Internship / COOP Program (6 months),63.5,52.523958906462894,text_only_random_forest
eastern-province-cys,158,SMART Technology Solutions | سمارت لحلول التقنية,R&D Intern (Riyadh),48.5,48.346883268443136,text_only_random_forest
eastern-province-cys,159,Knodemy Inc.,AI Developer & Tech Trainer Intern - Riyadh,48.5,49.60099083028967,text_only_random_forest
eastern-province-cys,160,Water Transmission Company | شركة نقل المياه,Tamheer Internship Program (HRIS / Engineering & PM - Riyadh),48.5,47.92322485500685,text_only_random_forest
eastern-province-cys,161,AFNOYS,"AI Automation Intern - KSA (Remote, 4 weeks)",48.5,47.69504407828494,text_only_random_forest
eastern-province-cys,162,SAS,CareerStart@SAS 2026 - Presales Customer Intelligence Intern (Riyadh),33.0,49.74165828951413,text_only_random_forest
eastern-province-cys,163,Devoteam,Trainee - Future Leaders Program (Co-op/Fresh Graduate),59.5,57.10521589587562,text_only_random_forest
eastern-province-cys,164,ضالتي Dhallaty,Tech Intern: Fresh Grad or Student,47.0,47.03540254941973,text_only_random_forest
eastern-province-cys,165,Innovative Solutions SA,Presales - Tamheer,49.5,55.77677215620245,text_only_random_forest
eastern-province-cys,166,HUMAIN,Tamheer Program (Software Engineer / Cybersecurity / MIS),49.5,57.022891783168134,text_only_random_forest
eastern-province-cys,167,TAM | تام,"Tamheer Opportunity, Advisory",5.5,13.119930555555554,text_only_random_forest
eastern-province-cys,168,هيئة التأمين | Insurance Authority,Tamheer Opportunity - Specialist of Information Security,49.5,44.99515147596935,text_only_random_forest
eastern-province-cys,169,Snbla | سنبله,Paid Internship Program (FinTech),33.0,46.05781374911648,text_only_random_forest
eastern-province-cys,170,2P Perfect Presentation,Data Analyst (Tamheer),31.0,38.42139884138755,text_only_random_forest
eastern-province-cys,171,Infosys,Summer Intern (Infosys InStep ’26 – Bangalore),33.0,39.66803320202957,text_only_random_forest
eastern-province-cys,172,شركة الخدمات المدارة | Managed Services Company,Intern Cybersecurity Engineer,49.5,53.90604103074692,text_only_random_forest
eastern-province-cys,173,Abunayyan Holding,Data Analyst (Tamheer),31.0,39.52237461973837,text_only_random_forest
remote-only-de,1,Saudi Aramco,University Internship Program (UIP),34.5,43.36296683159731,text_only_random_forest
remote-only-de,2,SABIC,COOP Training Program,37.5,45.060241774559145,text_only_random_forest
remote-only-de,3,stc (Saudi Telecom Company),Cooperative Training Program (COOP),34.5,46.85648293382163,text_only_random_forest
remote-only-de,4,Saudi National Bank (SNB),SNB Cooperative Training Program,44.5,45.998308460162505,text_only_random_forest
remote-only-de,5,Al Rajhi Bank,Cooperative Training Program,44.5,44.60540347204315,text_only_random_forest
remote-only-de,6,Capital Market Authority (CMA),COOP Program,34.5,45.525847026033574,text_only_random_forest
remote-only-de,7,Digital Government Authority (DGA),Maidan Cooperative Training Program,34.5,45.24636483033283,text_only_random_forest
remote-only-de,8,KPMG Saudi Arabia,COOP & Internship Programs,44.5,42.862619359752365,text_only_random_forest
remote-only-de,9,PwC Middle East,"Deals, COOP and Summer Internship Programme (2026)",34.5,44.69682901782009,text_only_random_forest
remote-only-de,10,Deloitte Middle East (KSA),Jusoor Al Sharqiyah Internship Program,34.5,50.402537681544494,text_only_random_forest
remote-only-de,11,Bank Albilad,Cooperative & Summer Training Program,44.5,48.90459669659942,text_only_random_forest
remote-only-de,12,Tamara,Tamara Builders Program,34.5,48.09212178520179,text_only_random_forest
remote-only-de,13,Bupa Arabia,Cooperative Training Program,34.5,43.68803954208218,text_only_random_forest
remote-only-de,14,Saudi Exports (Saudi Export Development Authority),COOP & Summer Training (FAQ-confirmed),44.5,43.685779572700284,text_only_random_forest
remote-only-de,15,Local Content and Government Procurement Authority (LCGPA),COOP Training (role posting),34.5,42.853915583511224,text_only_random_forest
remote-only-de,16,McKinsey & Company (Maqdira),Maqdira Fellowship Program,34.5,48.35541072899523,text_only_random_forest
remote-only-de,17,Boston Consulting Group (BCG),Visiting Associate Internship (Riyadh),34.5,46.19441378369909,text_only_random_forest
remote-only-de,18,Bain & Company,COOP Training Program (Riyadh),34.5,45.89492477544164,text_only_random_forest
remote-only-de,19,Amazon Web Services (AWS),IT/Computer Hardware Internship (Intern-to-FTE Pathway),34.5,52.59376474917816,text_only_random_forest
remote-only-de,20,Amazon Web Services (AWS) - Associate Solutions Architect Intern,Associate Solutions Architect Intern (2026),34.5,51.95666719294774,text_only_random_forest
remote-only-de,21,Google (Saudi Arabia),Google Careers (Saudi location filter),33.0,46.54738801213073,text_only_random_forest
remote-only-de,22,BlackRock,Client & Product Summer Internship Programme (EMEA) - includes Riyadh,44.5,57.453300801543264,text_only_random_forest
remote-only-de,23,noon,Student Internship,34.5,46.81975514413787,text_only_random_forest
remote-only-de,24,MOZN,Data Science Intern,54.5,64.32924874937389,text_only_random_forest
remote-only-de,25,Elm,Elm Co-op Training Program (March 2026 Intake),34.5,44.888034554009664,text_only_random_forest
remote-only-de,26,Yasref,Yasref Cooperative Training Program,37.5,47.63422575694776,text_only_random_forest
remote-only-de,27,"Saudi Standards, Metrology and Quality Organization (SASO)",Cooperative Training (Collaborative Training),34.5,48.11539154425043,text_only_random_forest
remote-only-de,28,"Zakat, Tax and Customs Authority (ZATCA)",Binaa-Alkafaat Program,39.5,41.78252231587998,text_only_random_forest
remote-only-de,29,Human Resources Development Fund (HRDF) – Cooperative Training Product,Cooperative Training (HRDF product),25.0,12.49451388888889,text_only_random_forest
remote-only-de,30,EXPRO,COOP Training (Future Makers Program),34.5,44.70376850797297,text_only_random_forest
remote-only-de,31,Ministry of Industry and Mineral Resources (MIM) – Cooperative Training Initiative,Cooperative Training Initiative,25.0,12.493125,text_only_random_forest
remote-only-de,32,TBC (The Beauty Company),Cooperative Training Program,44.5,43.25720910714719,text_only_random_forest
remote-only-de,33,National Center for Vegetation Cover Development & Combating Desertification (NCVC),COOP Training Program,34.5,43.94845541492311,text_only_random_forest
remote-only-de,34,Saudi Power Procurement Company (SPPC),Future Power – COOP Training Program,34.5,44.99278773931298,text_only_random_forest
remote-only-de,35,TBC (Tatweer Building Company),Cooperative Training Program,34.5,47.67079135627373,text_only_random_forest
remote-only-de,36,PwC Middle East (Assurance COOP & Summer Internship Programme 2026),"Assurance, COOP and Summer Internship Programme 2026 – Middle East",34.5,45.64813238875012,text_only_random_forest
remote-only-de,37,KAPSARC,Intern (Coop- Trainee),34.5,52.84434123755391,text_only_random_forest
remote-only-de,38,BSF (Banque Saudi Fransi),COOP / Internship,34.5,45.11311074233003,text_only_random_forest
remote-only-de,39,Saudi Food & Drug Authority (SFDA),COOP training (First semester 2025-2026 intake),44.5,49.33534901957178,text_only_random_forest
remote-only-de,40,Saudi Power Procurement Company (SPPC) – Future Power (Business Admin COOP),Future Power – Business Administration COOP Training Program,34.5,44.16671675411383,text_only_random_forest
remote-only-de,41,Bank Albilad,Cooperative and Summer Training Program,34.5,49.037736047890775,text_only_random_forest
remote-only-de,42,The Saudi National Bank (SNB),SNB Rowad Program,29.5,43.40432645109927,text_only_random_forest
remote-only-de,43,National Cybersecurity Authority (NCA) – Academy,Cybersecurity training programs (academy),39.5,48.364526449220996,text_only_random_forest
remote-only-de,44,PIF | Graduate Development Program,Graduate Development Program (GDP),39.5,51.63726968373103,text_only_random_forest
remote-only-de,45,NEOM | GrOW (Graduates Opportunities in Work),GrOW (Graduates Opportunities in Work),41.0,46.92122073334933,text_only_random_forest
remote-only-de,46,ROSHN | COOP Trainee Program,COOP Trainee Program,34.5,47.92085763305446,text_only_random_forest
remote-only-de,47,Microsoft | Ru'aa Program (Riyadh),Ru'aa Program Internship (Solution Engineering),34.5,46.17445979175304,text_only_random_forest
remote-only-de,48,Oracle | Business Development Intern (KSA market),Business Development Intern (KSA market),46.0,43.523231590285306,text_only_random_forest
remote-only-de,49,SAP | Student Internship (Riyadh),Student Internship - Riyadh,34.5,47.96382455267212,text_only_random_forest
remote-only-de,50,SAB (Saudi Awwal Bank) | Cooperative Training Programme (COOP),SAB Cooperative Training Programme (COOP),34.5,46.18829785937769,text_only_random_forest
remote-only-de,51,Ministry of Finance (Saudi Arabia) | Cooperative Training Program,Cooperative Training Program,36.0,44.8238359719084,text_only_random_forest
remote-only-de,52,Ministry of Industry and Mineral Resources | Cooperative Training,Cooperative Training Initiative,46.0,44.46367063828343,text_only_random_forest
remote-only-de,53,King Fahd Causeway Authority | Internship Program,Internship Program,41.0,45.98579873479266,text_only_random_forest
remote-only-de,54,Tawuniya | Tamheer Program (Fresh Graduates),Tamheer Program,32.5,48.694213195404686,text_only_random_forest
remote-only-de,55,SAMA | SAMA Professional Program (SPP),SAMA Professional Program (SPP),31.0,41.87382281109401,text_only_random_forest
remote-only-de,56,HRDF | Cooperative Training Product,Cooperative Training Product,46.0,44.001649919151674,text_only_random_forest
remote-only-de,57,IBM,"Automation, Data & AI – Intern",36.0,51.69277345520341,text_only_random_forest
remote-only-de,58,Unifonic,Internship (Unifonic),34.5,48.077450607440284,text_only_random_forest
remote-only-de,59,Misk Foundation,Misk Traineeship / Internship Program,32.5,45.38607642876839,text_only_random_forest
remote-only-de,60,Cisco,Cisco NetVersity (Saudi Arabia),42.5,49.408742538961924,text_only_random_forest
remote-only-de,61,KAUST,Visiting Student Research Program (VSRP) Internship,34.5,47.70959462689017,text_only_random_forest
remote-only-de,62,General Authority for Statistics (GASTAT),Cooperative Training Program,44.5,55.841211738907354,text_only_random_forest
remote-only-de,63,Saudi Center for Opinion Polling (SCOP),Cooperative Training Program,44.5,56.62256239751823,text_only_random_forest
remote-only-de,64,Al Rajhi Takaful,Cooperative Training Program,34.5,50.99157116388348,text_only_random_forest
remote-only-de,65,Expenditure & Projects Efficiency Authority (EXPRO),Future Makers (صنّاع المستقبل) – Cooperative Training,34.5,46.27543329975824,text_only_random_forest
remote-only-de,66,Ministry of Finance (Saudi Arabia),Cooperative Training Program (Ministry of Finance),34.5,47.96781493765266,text_only_random_forest
remote-only-de,67,General Entertainment Authority (GEA),GEA Cooperative Training Program,34.5,47.467472934231644,text_only_random_forest
remote-only-de,68,Banque Saudi Fransi (BSF),COOP Training,34.5,50.56984654533148,text_only_random_forest
remote-only-de,69,Arab National Bank (ANB),COOP Trainee,34.5,49.02911369342689,text_only_random_forest
remote-only-de,70,Tamara,Builders Program,34.5,47.917391206592704,text_only_random_forest
remote-only-de,71,OmniOps,Co‑op Training Program,34.5,53.62726882881359,text_only_random_forest
remote-only-de,72,Tatweer Educational Technologies (TETCO),Cooperative Training Program,34.5,52.18515940233422,text_only_random_forest
remote-only-de,73,The Saudi Investment Bank (SAIB),Cooperative Program,34.5,48.9450635331457,text_only_random_forest
remote-only-de,74,Saudi Awwal Bank (SAB),COOP Program,34.5,49.27928300518078,text_only_random_forest
remote-only-de,75,Riyad Bank,Internships and Coop Trainings (CSR 2019),34.5,48.210490476368285,text_only_random_forest
remote-only-de,76,Tabby,Intern DevOps Engineer,44.5,57.02533033098151,text_only_random_forest
remote-only-de,77,Tabby,Intern Backend (GO) Engineer,54.5,60.40084713895603,text_only_random_forest
remote-only-de,78,Tabby,Intern Frontend Engineer,34.5,56.54680278681414,text_only_random_forest
remote-only-de,79,Tabby,Intern Data Engineer,54.5,71.37249954378991,text_only_random_forest
remote-only-de,80,Tabby,No-Code / AI Agents Engineering Intern,34.5,54.46371986400605,text_only_random_forest
remote-only-de,81,Bank Albilad,Cooperative Training Program,44.5,49.36415375115995,text_only_random_forest
remote-only-de,82,Saudi Ground Services (SGS),COOP Program,34.5,47.531689149887455,text_only_random_forest
remote-only-de,83,CEER,Cooperative Training Program (COOP),34.5,48.7873465493192,text_only_random_forest
remote-only-de,84,Al Rajhi Takaful,Coop Training Program,34.5,51.430615835373054,text_only_random_forest
remote-only-de,85,TAWAL,COOP Training Program,34.5,53.70148297285636,text_only_random_forest
remote-only-de,86,Wakeb_Data,COOP Training,34.5,50.501508614371346,text_only_random_forest
remote-only-de,87,Banque Saudi Fransi (BSF),Coop Training Program,34.5,50.36774105525533,text_only_random_forest
remote-only-de,88,Tech Economy,COOP Training Program,34.5,50.71630567377959,text_only_random_forest
remote-only-de,89,SAMI Advanced Electronics (SAMI-AEC),Coop Trainee,34.5,51.41977136708725,text_only_random_forest
remote-only-de,90,NHC,COOP Trainee,44.5,48.55716055013238,text_only_random_forest
remote-only-de,91,REMAT ADVANCED,Cooperative Training Program,34.5,53.71318550515996,text_only_random_forest
remote-only-de,92,SDM,AI COOP,44.5,57.58679651225127,text_only_random_forest
remote-only-de,93,HUED,HUED COOP Program 2026,34.5,53.129370310477874,text_only_random_forest
remote-only-de,94,Araamis • أرامس,Araamis COOP Program 2026,34.5,51.03708324897804,text_only_random_forest
remote-only-de,95,ARDARA,COOP Training for Students,34.5,49.81501542114685,text_only_random_forest
remote-only-de,96,flynas,COOP Trainee / Internship Program,34.5,47.728540899711945,text_only_random_forest
remote-only-de,97,Saudi Motorsport Company (SMC),COOP Trainee (IT Asset Project Management),34.5,50.26708160092685,text_only_random_forest
remote-only-de,98,Saudi Motorsport Company (SMC),COOP Trainee (Supply Chain Excellence Associate),34.5,51.56783059345469,text_only_random_forest
remote-only-de,99,Mobily,Cooperative Training Program,34.5,48.16017697908468,text_only_random_forest
remote-only-de,100,Saudi Awwal Bank (SAB),Student Opportunities: Cooperative / Practical Training,34.5,50.16757944858288,text_only_random_forest
remote-only-de,101,Alvarez & Marsal,COOP Training Program,34.5,50.56225550256431,text_only_random_forest
remote-only-de,102,Visa,COOP Trainee (Jan 2026),34.5,50.34226243421264,text_only_random_forest
remote-only-de,103,Zain KSA,Evolve Program (Fresh Graduates),29.5,48.25789279226694,text_only_random_forest
remote-only-de,104,Zain KSA,Zain Pioneers Program,29.5,49.33744686242127,text_only_random_forest
remote-only-de,105,Savvy Games Group,Cooperative Training Program (Co-op),34.5,51.17667275038973,text_only_random_forest
remote-only-de,106,Bank AlJazira,Tamheer Program,29.5,44.27799022047079,text_only_random_forest
remote-only-de,107,sirar by stc,Cooperative Training Program,34.5,51.425728219865114,text_only_random_forest
remote-only-de,108,Gathern,Co-op Program,34.5,54.82189392729902,text_only_random_forest
remote-only-de,109,Elm Company (شركة علم),Coop Training - Computer Science (Jan/Mar/Jun/Aug 2025 Intake),34.5,51.32217690345987,text_only_random_forest
remote-only-de,110,Elm Company (شركة علم),Co-Op Training - Information Technology (Jun & Aug 2025 Intake),34.5,50.808195672896325,text_only_random_forest
remote-only-de,111,EJADA,COOP Administration & Support Engineer,34.5,52.27042100231301,text_only_random_forest
remote-only-de,112,Emdad By Elm,Network Cooperative Training (Network Intern),34.5,51.97409112007171,text_only_random_forest
remote-only-de,113,AILA,Co-op Training Programme,44.5,50.9484883702127,text_only_random_forest
remote-only-de,114,Foodics,Foodics 360 Internship Program,34.5,52.40848596913259,text_only_random_forest
remote-only-de,115,Salla,برنامج التدريب التعاوني (Coop Training) – Salla,34.5,46.97498053263933,text_only_random_forest
remote-only-de,116,Lucidya,Technical Internship or Coop – Lucidya,34.5,49.68380787348989,text_only_random_forest
remote-only-de,117,Diriyah Company,Diriyah Co-op Training Program,34.5,49.846185539884466,text_only_random_forest
remote-only-de,118,Riyadh Air,Co-op – Riyadh Air,34.5,50.177300699645386,text_only_random_forest
remote-only-de,119,Jahez Group,Jahez Internship Program (as described in Sustainability Report),34.5,50.34415148447325,text_only_random_forest
remote-only-de,120,Lumi | لومي,COOP Intern 2025 – Lumi,34.5,49.50235047048512,text_only_random_forest
remote-only-de,121,webook.com,COOP Trainee Opportunities – webook.com,34.5,49.47250074420143,text_only_random_forest
remote-only-de,122,moneymoon,Tech & AI Co-op Program 2025,44.5,54.01819921421183,text_only_random_forest
remote-only-de,123,EjadTech - إيجاد التقنية,"Summer Internship Program 2025 (Computer, Data, and AI Majors)",46.0,56.51214362057723,text_only_random_forest
remote-only-de,124,InnovationTeam,Java Microservices Internship Programme (Saudi Nationals),46.0,57.41502656536358,text_only_random_forest
remote-only-de,125,Tamkeen Technologies,On the Job Training (Internship Program) — Technology field,34.5,52.30431643138922,text_only_random_forest
remote-only-de,126,Trendyol Group,Trendyol Tech Talent - Bootcamp & COOP Internship Program (Saudi Students Only),36.0,46.38421362193265,text_only_random_forest
remote-only-de,127,Ninja نينجا,COOP Training Program,36.0,46.00941235521263,text_only_random_forest
remote-only-de,128,SCAI | سكاي,CO-OP Training Opportunities (Intern),44.5,58.33590225736739,text_only_random_forest
remote-only-de,129,WalaPlus,Coop & Tamheer Opportunities,34.5,50.28409111319733,text_only_random_forest
remote-only-de,130,Aon,IT Co-op Trainee 2026,34.5,51.48916129965137,text_only_random_forest
remote-only-de,131,Hewlett Packard Enterprise (HPE),College Intern (Coop),34.5,49.872709246812526,text_only_random_forest
remote-only-de,132,Signify,KSA Coop Internship Program,34.5,45.88336388275547,text_only_random_forest
remote-only-de,133,Help AG (e& enterprise),Cybersecurity Intern,34.5,48.121501411316416,text_only_random_forest
remote-only-de,134,TrendAI (Trend Micro),CyberGATE Internship Program,34.5,52.51637727729634,text_only_random_forest
remote-only-de,135,Golf Saudi,IT Co-op Trainee,34.5,51.267399881246284,text_only_random_forest
remote-only-de,136,Siemens Healthineers,Healthineers Early Talent Program – IT (Riyadh),34.5,52.37021342999231,text_only_random_forest
remote-only-de,137,1957 Ventures,Internship / Co-Op Program,34.5,46.300522332259874,text_only_random_forest
remote-only-de,138,Nokia,Graduate Trainee (Saudi Arabia) – Fledgers Program,39.5,51.35462540426269,text_only_random_forest
remote-only-de,139,Ericsson,Summer Interns (Ericsson Saudi),34.5,48.45971881965904,text_only_random_forest
remote-only-de,140,Bosch Middle East,Software Development Intern (AI/Cloud),44.5,58.24885440409863,text_only_random_forest
remote-only-de,141,Saudi Payments | المدفوعات السعودية,COOP Training – August 2024,34.5,51.67495256470795,text_only_random_forest
remote-only-de,142,Saudi Tadawul Group | تداول,Cooperative Training Program (COOP),34.5,52.91416053665787,text_only_random_forest
remote-only-de,143,Lean Technologies,Software Engineering Intern – KSA,54.5,61.9794815473479,text_only_random_forest
remote-only-de,144,Mirai (Scopely) | مِراي,AI Engineering Intern (GenAI),44.5,57.91589708698826,text_only_random_forest
remote-only-de,145,HungerStation | هنقرستيشن,"Co-OP Trainee, Data Analysis – Info Sec",54.5,62.98564035525057,text_only_random_forest
remote-only-de,146,NCGR | المركز الوطني لنظم الموارد الحكومية,Coop Training Program,34.5,51.11069028418551,text_only_random_forest
remote-only-de,147,nybl,nybl Graduate Programme – Saudi Nationals (AI Bootcamp),29.5,46.13243686944234,text_only_random_forest
remote-only-de,148,Procter & Gamble (P&G),P&G LEADgen Internship Program 2026 (Riyadh),34.5,50.42015105218914,text_only_random_forest
remote-only-de,149,New Murabba | المربع الجديد,New Murabba Co-op Training Program,34.5,50.25634280838017,text_only_random_forest
remote-only-de,150,Boeing Saudi Arabia Limited,Intern - Info Technology & Data Analytics (Riyadh),34.5,56.00936311610375,text_only_random_forest
remote-only-de,151,Motorola Solutions,Deployment Engineer Intern (KSA National - Tamheer Program),34.5,52.339348001353684,text_only_random_forest
remote-only-de,152,Schneider Electric,Co-op Intern (Engineering) - Al Khobar (Jan–Aug 2026),34.5,51.226403946353145,text_only_random_forest
remote-only-de,153,Lockheed Martin,Tamheer Space Internship (Riyadh),34.5,50.53060534478634,text_only_random_forest
remote-only-de,154,Markaba | مركبة,Start-up Software Intern – TAMHEER (Saudi nationals only),36.0,44.8386253774312,text_only_random_forest
remote-only-de,155,Laverne Group | مجموعة لافيرن,Data Analyst / Data Engineer Intern (IT Department),44.5,63.32063040824076,text_only_random_forest
remote-only-de,156,Meel | ميل,"Software Developer Internship (Remote, min 2 months)",49.5,54.43612158254141,text_only_random_forest
remote-only-de,157,Nahdi Medical Co.,IT Internship / COOP Program (6 months),44.5,49.20592889590034,text_only_random_forest
remote-only-de,158,SMART Technology Solutions | سمارت لحلول التقنية,R&D Intern (Riyadh),34.5,52.62558115495062,text_only_random_forest
remote-only-de,159,Knodemy Inc.,AI Developer & Tech Trainer Intern - Riyadh,44.5,58.45200762527567,text_only_random_forest
remote-only-de,160,Water Transmission Company | شركة نقل المياه,Tamheer Internship Program (HRIS / Engineering & PM - Riyadh),34.5,48.56002803073805,text_only_random_forest
remote-only-de,161,AFNOYS,"AI Automation Intern - KSA (Remote, 4 weeks)",49.5,53.96687868461064,text_only_random_forest
remote-only-de,162,SAS,CareerStart@SAS 2026 - Presales Customer Intelligence Intern (Riyadh),38.0,52.15020402536686,text_only_random_forest
remote-only-de,163,Devoteam,Trainee - Future Leaders Program (Co-op/Fresh Graduate),36.0,50.47595772242202,text_only_random_forest
remote-only-de,164,ضالتي Dhallaty,Tech Intern: Fresh Grad or Student,38.0,51.94886638235519,text_only_random_forest
remote-only-de,165,Innovative Solutions SA,Presales - Tamheer,36.0,45.91898963984882,text_only_random_forest
remote-only-de,166,HUMAIN,Tamheer Program (Software Engineer / Cybersecurity / MIS),36.0,46.43514076600209,text_only_random_forest
remote-only-de,167,TAM | تام,"Tamheer Opportunity, Advisory",15.0,26.42804563492064,text_only_random_forest
remote-only-de,168,هيئة التأمين | Insurance Authority,Tamheer Opportunity - Specialist of Information Security,36.0,41.84354539842241,text_only_random_forest
remote-only-de,169,Snbla | سنبله,Paid Internship Program (FinTech),38.0,54.93234072306655,text_only_random_forest
remote-only-de,170,2P Perfect Presentation,Data Analyst (Tamheer),36.0,43.342303119004754,text_only_random_forest
remote-only-de,171,Infosys,Summer Intern (Infosys InStep ’26 – Bangalore),37.5,44.561870767390474,text_only_random_forest
remote-only-de,172,شركة الخدمات المدارة | Managed Services Company,Intern Cybersecurity Engineer,36.0,44.8164928663685,text_only_random_forest
remote-only-de,173,Abunayyan Holding,Data Analyst (Tamheer),36.0,43.531445434404425,text_only_random_forest
no-interview-ft,1,Saudi Aramco,University Internship Program (UIP),29.5,42.255645846774,text_only_random_forest
no-interview-ft,2,SABIC,COOP Training Program,32.5,42.154634377862735,text_only_random_forest
no-interview-ft,3,stc (Saudi Telecom Company),Cooperative Training Program (COOP),39.5,43.83209210265563,text_only_random_forest
no-interview-ft,4,Saudi National Bank (SNB),SNB Cooperative Training Program,34.5,41.59895708817819,text_only_random_forest
no-interview-ft,5,Al Rajhi Bank,Cooperative Training Program,34.5,42.61461510846319,text_only_random_forest
no-interview-ft,6,Capital Market Authority (CMA),COOP Program,39.5,43.16413537588925,text_only_random_forest
no-interview-ft,7,Digital Government Authority (DGA),Maidan Cooperative Training Program,39.5,43.977931794939046,text_only_random_forest
no-interview-ft,8,KPMG Saudi Arabia,COOP & Internship Programs,34.5,41.79541426282347,text_only_random_forest
no-interview-ft,9,PwC Middle East,"Deals, COOP and Summer Internship Programme (2026)",39.5,45.39136683917499,text_only_random_forest
no-interview-ft,10,Deloitte Middle East (KSA),Jusoor Al Sharqiyah Internship Program,39.5,48.75807809293784,text_only_random_forest
no-interview-ft,11,Bank Albilad,Cooperative & Summer Training Program,34.5,43.300708743634594,text_only_random_forest
no-interview-ft,12,Tamara,Tamara Builders Program,39.5,45.875213516349156,text_only_random_forest
no-interview-ft,13,Bupa Arabia,Cooperative Training Program,39.5,41.87472213039346,text_only_random_forest
no-interview-ft,14,Saudi Exports (Saudi Export Development Authority),COOP & Summer Training (FAQ-confirmed),34.5,41.62022878883057,text_only_random_forest
no-interview-ft,15,Local Content and Government Procurement Authority (LCGPA),COOP Training (role posting),39.5,43.48214292013462,text_only_random_forest
no-interview-ft,16,McKinsey & Company (Maqdira),Maqdira Fellowship Program,39.5,45.087799068868364,text_only_random_forest
no-interview-ft,17,Boston Consulting Group (BCG),Visiting Associate Internship (Riyadh),39.5,43.950551066995295,text_only_random_forest
no-interview-ft,18,Bain & Company,COOP Training Program (Riyadh),39.5,43.01517617584225,text_only_random_forest
no-interview-ft,19,Amazon Web Services (AWS),IT/Computer Hardware Internship (Intern-to-FTE Pathway),49.5,51.58630353699561,text_only_random_forest
no-interview-ft,20,Amazon Web Services (AWS) - Associate Solutions Architect Intern,Associate Solutions Architect Intern (2026),49.5,51.28822764896895,text_only_random_forest
no-interview-ft,21,Google (Saudi Arabia),Google Careers (Saudi location filter),39.5,48.51142525080713,text_only_random_forest
no-interview-ft,22,BlackRock,Client & Product Summer Internship Programme (EMEA) - includes Riyadh,69.5,56.732772496488906,text_only_random_forest
no-interview-ft,23,noon,Student Internship,49.5,50.577248628216026,text_only_random_forest
no-interview-ft,24,MOZN,Data Science Intern,69.5,58.47634403755166,text_only_random_forest
no-interview-ft,25,Elm,Elm Co-op Training Program (March 2026 Intake),39.5,43.919809795834325,text_only_random_forest
no-interview-ft,26,Yasref,Yasref Cooperative Training Program,32.5,42.78631475871726,text_only_random_forest
no-interview-ft,27,"Saudi Standards, Metrology and Quality Organization (SASO)",Cooperative Training (Collaborative Training),39.5,44.530448657798566,text_only_random_forest
no-interview-ft,28,"Zakat, Tax and Customs Authority (ZATCA)",Binaa-Alkafaat Program,34.5,41.60829484815315,text_only_random_forest
no-interview-ft,29,Human Resources Development Fund (HRDF) – Cooperative Training Product,Cooperative Training (HRDF product),15.0,14.3,text_only_random_forest
no-interview-ft,30,EXPRO,COOP Training (Future Makers Program),39.5,42.365013842822954,text_only_random_forest
no-interview-ft,31,Ministry of Industry and Mineral Resources (MIM) – Cooperative Training Initiative,Cooperative Training Initiative,15.0,14.345833333333333,text_only_random_forest
no-interview-ft,32,TBC (The Beauty Company),Cooperative Training Program,34.5,41.68659052616926,text_only_random_forest
no-interview-ft,33,National Center for Vegetation Cover Development & Combating Desertification (NCVC),COOP Training Program,39.5,42.12883503645513,text_only_random_forest
no-interview-ft,34,Saudi Power Procurement Company (SPPC),Future Power – COOP Training Program,39.5,42.29529870051986,text_only_random_forest
no-interview-ft,35,TBC (Tatweer Building Company),Cooperative Training Program,39.5,44.18799713659858,text_only_random_forest
no-interview-ft,36,PwC Middle East (Assurance COOP & Summer Internship Programme 2026),"Assurance, COOP and Summer Internship Programme 2026 – Middle East",39.5,46.131512640261306,text_only_random_forest
no-interview-ft,37,KAPSARC,Intern (Coop- Trainee),39.5,47.13964570934071,text_only_random_forest
no-interview-ft,38,BSF (Banque Saudi Fransi),COOP / Internship,29.5,42.92513885297645,text_only_random_forest
no-interview-ft,39,Saudi Food & Drug Authority (SFDA),COOP training (First semester 2025-2026 intake),34.5,46.19686035018956,text_only_random_forest
no-interview-ft,40,Saudi Power Procurement Company (SPPC) – Future Power (Business Admin COOP),Future Power – Business Administration COOP Training Program,39.5,42.8517031704344,text_only_random_forest
no-interview-ft,41,Bank Albilad,Cooperative and Summer Training Program,39.5,44.46421785810323,text_only_random_forest
no-interview-ft,42,The Saudi National Bank (SNB),SNB Rowad Program,39.5,43.27051695682387,text_only_random_forest
no-interview-ft,43,National Cybersecurity Authority (NCA) – Academy,Cybersecurity training programs (academy),44.5,48.77895914780418,text_only_random_forest
no-interview-ft,44,PIF | Graduate Development Program,Graduate Development Program (GDP),59.5,50.94488097736678,text_only_random_forest
no-interview-ft,45,NEOM | GrOW (Graduates Opportunities in Work),GrOW (Graduates Opportunities in Work),36.0,45.10649718959759,text_only_random_forest
no-interview-ft,46,ROSHN | COOP Trainee Program,COOP Trainee Program,39.5,44.679006872347195,text_only_random_forest
no-interview-ft,47,Microsoft | Ru'aa Program (Riyadh),Ru'aa Program Internship (Solution Engineering),49.5,46.15982973314484,text_only_random_forest
no-interview-ft,48,Oracle | Business Development Intern (KSA market),Business Development Intern (KSA market),46.0,43.55861600319992,text_only_random_forest
no-interview-ft,49,SAP | Student Internship (Riyadh),Student Internship - Riyadh,49.5,51.10758174429887,text_only_random_forest
no-interview-ft,50,SAB (Saudi Awwal Bank) | Cooperative Training Programme (COOP),SAB Cooperative Training Programme (COOP),39.5,42.42235473678536,text_only_random_forest
no-interview-ft,51,Ministry of Finance (Saudi Arabia) | Cooperative Training Program,Cooperative Training Program,41.0,43.993065875007645,text_only_random_forest
no-interview-ft,52,Ministry of Industry and Mineral Resources | Cooperative Training,Cooperative Training Initiative,36.0,41.37888680735687,text_only_random_forest
no-interview-ft,53,King Fahd Causeway Authority | Internship Program,Internship Program,46.0,44.566675976434546,text_only_random_forest
no-interview-ft,54,Tawuniya | Tamheer Program (Fresh Graduates),Tamheer Program,42.5,48.64349841621159,text_only_random_forest
no-interview-ft,55,SAMA | SAMA Professional Program (SPP),SAMA Professional Program (SPP),41.0,41.65375780169049,text_only_random_forest
no-interview-ft,56,HRDF | Cooperative Training Product,Cooperative Training Product,36.0,41.26050233908028,text_only_random_forest
no-interview-ft,57,IBM,"Automation, Data & AI – Intern",51.0,51.18958770527436,text_only_random_forest
no-interview-ft,58,Unifonic,Internship (Unifonic),49.5,52.23877346525141,text_only_random_forest
no-interview-ft,59,Misk Foundation,Misk Traineeship / Internship Program,42.5,47.23262101988925,text_only_random_forest
no-interview-ft,60,Cisco,Cisco NetVersity (Saudi Arabia),37.5,47.20989989521704,text_only_random_forest
no-interview-ft,61,KAUST,Visiting Student Research Program (VSRP) Internship,39.5,47.77869598283243,text_only_random_forest
no-interview-ft,62,General Authority for Statistics (GASTAT),Cooperative Training Program,59.5,50.66057025595896,text_only_random_forest
no-interview-ft,63,Saudi Center for Opinion Polling (SCOP),Cooperative Training Program,59.5,50.70509912015537,text_only_random_forest
no-interview-ft,64,Al Rajhi Takaful,Cooperative Training Program,39.5,45.48991794485107,text_only_random_forest
no-interview-ft,65,Expenditure & Projects Efficiency Authority (EXPRO),Future Makers (صنّاع المستقبل) – Cooperative Training,39.5,44.88885993507288,text_only_random_forest
no-interview-ft,66,Ministry of Finance (Saudi Arabia),Cooperative Training Program (Ministry of Finance),39.5,44.93671212386372,text_only_random_forest
no-interview-ft,67,General Entertainment Authority (GEA),GEA Cooperative Training Program,39.5,44.88880374470188,text_only_random_forest
no-interview-ft,68,Banque Saudi Fransi (BSF),COOP Training,39.5,44.97588021375709,text_only_random_forest
no-interview-ft,69,Arab National Bank (ANB),COOP Trainee,39.5,44.923215185424915,text_only_random_forest
no-interview-ft,70,Tamara,Builders Program,39.5,44.93090346043327,text_only_random_forest
no-interview-ft,71,OmniOps,Co‑op Training Program,39.5,48.21992914401461,text_only_random_forest
no-interview-ft,72,Tatweer Educational Technologies (TETCO),Cooperative Training Program,39.5,47.651794370433045,text_only_random_forest
no-interview-ft,73,The Saudi Investment Bank (SAIB),Cooperative Program,39.5,44.88833681416181,text_only_random_forest
no-interview-ft,74,Saudi Awwal Bank (SAB),COOP Program,39.5,45.8322294614127,text_only_random_forest
no-interview-ft,75,Riyad Bank,Internships and Coop Trainings (CSR 2019),39.5,44.6439344404143,text_only_random_forest
no-interview-ft,76,Tabby,Intern DevOps Engineer,49.5,55.813295308000036,text_only_random_forest
no-interview-ft,77,Tabby,Intern Backend (GO) Engineer,69.5,59.85733135560903,text_only_random_forest
no-interview-ft,78,Tabby,Intern Frontend Engineer,49.5,54.83158020120653,text_only_random_forest
no-interview-ft,79,Tabby,Intern Data Engineer,69.5,64.13622784696595,text_only_random_forest
no-interview-ft,80,Tabby,No-Code / AI Agents Engineering Intern,49.5,54.14613776233024,text_only_random_forest
no-interview-ft,81,Bank Albilad,Cooperative Training Program,34.5,43.853869802126304,text_only_random_forest
no-interview-ft,82,Saudi Ground Services (SGS),COOP Program,29.5,43.153245004587,text_only_random_forest
no-interview-ft,83,CEER,Cooperative Training Program (COOP),39.5,45.81185428027378,text_only_random_forest
no-interview-ft,84,Al Rajhi Takaful,Coop Training Program,39.5,45.70053000870733,text_only_random_forest
no-interview-ft,85,TAWAL,COOP Training Program,39.5,46.47342106484174,text_only_random_forest
no-interview-ft,86,Wakeb_Data,COOP Training,39.5,46.962665767742095,text_only_random_forest
no-interview-ft,87,Banque Saudi Fransi (BSF),Coop Training Program,39.5,45.250326907757426,text_only_random_forest
no-interview-ft,88,Tech Economy,COOP Training Program,39.5,45.0963736076078,text_only_random_forest
no-interview-ft,89,SAMI Advanced Electronics (SAMI-AEC),Coop Trainee,39.5,45.3054631924148,text_only_random_forest
no-interview-ft,90,NHC,COOP Trainee,34.5,44.75843961795135,text_only_random_forest
no-interview-ft,91,REMAT ADVANCED,Cooperative Training Program,39.5,48.40408757719854,text_only_random_forest
no-interview-ft,92,SDM,AI COOP,39.5,50.807589277377524,text_only_random_forest
no-interview-ft,93,HUED,HUED COOP Program 2026,39.5,46.76994076071015,text_only_random_forest
no-interview-ft,94,Araamis • أرامس,Araamis COOP Program 2026,39.5,47.54251187545855,text_only_random_forest
no-interview-ft,95,ARDARA,COOP Training for Students,39.5,46.05098414778579,text_only_random_forest
no-interview-ft,96,flynas,COOP Trainee / Internship Program,39.5,46.33564188160481,text_only_random_forest
no-interview-ft,97,Saudi Motorsport Company (SMC),COOP Trainee (IT Asset Project Management),29.5,45.21277240794239,text_only_random_forest
no-interview-ft,98,Saudi Motorsport Company (SMC),COOP Trainee (Supply Chain Excellence Associate),29.5,46.51193910026896,text_only_random_forest
no-interview-ft,99,Mobily,Cooperative Training Program,39.5,44.74175310587279,text_only_random_forest
no-interview-ft,100,Saudi Awwal Bank (SAB),Student Opportunities: Cooperative / Practical Training,39.5,44.97209942959733,text_only_random_forest
no-interview-ft,101,Alvarez & Marsal,COOP Training Program,39.5,45.2903235631434,text_only_random_forest
no-interview-ft,102,Visa,COOP Trainee (Jan 2026),39.5,46.223872804308016,text_only_random_forest
no-interview-ft,103,Zain KSA,Evolve Program (Fresh Graduates),39.5,47.27131978445871,text_only_random_forest
no-interview-ft,104,Zain KSA,Zain Pioneers Program,39.5,48.5722739270058,text_only_random_forest
no-interview-ft,105,Savvy Games Group,Cooperative Training Program (Co-op),39.5,45.69598432590757,text_only_random_forest
no-interview-ft,106,Bank AlJazira,Tamheer Program,39.5,47.092776674662815,text_only_random_forest
no-interview-ft,107,sirar by stc,Cooperative Training Program,39.5,49.732927038109594,text_only_random_forest
no-interview-ft,108,Gathern,Co-op Program,39.5,48.29329490566976,text_only_random_forest
no-interview-ft,109,Elm Company (شركة علم),Coop Training - Computer Science (Jan/Mar/Jun/Aug 2025 Intake),39.5,46.67218804466732,text_only_random_forest
no-interview-ft,110,Elm Company (شركة علم),Co-Op Training - Information Technology (Jun & Aug 2025 Intake),39.5,46.13949366657625,text_only_random_forest
no-interview-ft,111,EJADA,COOP Administration & Support Engineer,39.5,46.341854872453176,text_only_random_forest
no-interview-ft,112,Emdad By Elm,Network Cooperative Training (Network Intern),29.5,45.88849174324912,text_only_random_forest
no-interview-ft,113,AILA,Co-op Training Programme,39.5,47.424028401432295,text_only_random_forest
no-interview-ft,114,Foodics,Foodics 360 Internship Program,49.5,53.26880109876773,text_only_random_forest
no-interview-ft,115,Salla,برنامج التدريب التعاوني (Coop Training) – Salla,29.5,43.22931924999189,text_only_random_forest
no-interview-ft,116,Lucidya,Technical Internship or Coop – Lucidya,29.5,45.31054425838949,text_only_random_forest
no-interview-ft,117,Diriyah Company,Diriyah Co-op Training Program,39.5,44.75747555177558,text_only_random_forest
no-interview-ft,118,Riyadh Air,Co-op – Riyadh Air,39.5,45.19282143991335,text_only_random_forest
no-interview-ft,119,Jahez Group,Jahez Internship Program (as described in Sustainability Report),49.5,52.6520797990291,text_only_random_forest
no-interview-ft,120,Lumi | لومي,COOP Intern 2025 – Lumi,39.5,45.252865765251826,text_only_random_forest
no-interview-ft,121,webook.com,COOP Trainee Opportunities – webook.com,39.5,45.17808834790315,text_only_random_forest
no-interview-ft,122,moneymoon,Tech & AI Co-op Program 2025,39.5,47.55839580411144,text_only_random_forest
no-interview-ft,123,EjadTech - إيجاد التقنية,"Summer Internship Program 2025 (Computer, Data, and AI Majors)",51.0,55.881631389006785,text_only_random_forest
no-interview-ft,124,InnovationTeam,Java Microservices Internship Programme (Saudi Nationals),71.0,57.819256723475426,text_only_random_forest
no-interview-ft,125,Tamkeen Technologies,On the Job Training (Internship Program) — Technology field,49.5,53.265435501881775,text_only_random_forest
no-interview-ft,126,Trendyol Group,Trendyol Tech Talent - Bootcamp & COOP Internship Program (Saudi Students Only),41.0,46.75800541695025,text_only_random_forest
no-interview-ft,127,Ninja نينجا,COOP Training Program,41.0,44.1930917282256,text_only_random_forest
no-interview-ft,128,SCAI | سكاي,CO-OP Training Opportunities (Intern),39.5,51.175888224321604,text_only_random_forest
no-interview-ft,129,WalaPlus,Coop & Tamheer Opportunities,39.5,45.322237637684566,text_only_random_forest
no-interview-ft,130,Aon,IT Co-op Trainee 2026,39.5,45.46475738137012,text_only_random_forest
no-interview-ft,131,Hewlett Packard Enterprise (HPE),College Intern (Coop),39.5,44.916747457654566,text_only_random_forest
no-interview-ft,132,Signify,KSA Coop Internship Program,39.5,44.9203017821248,text_only_random_forest
no-interview-ft,133,Help AG (e& enterprise),Cybersecurity Intern,49.5,48.42231295808131,text_only_random_forest
no-interview-ft,134,TrendAI (Trend Micro),CyberGATE Internship Program,49.5,51.82982998479022,text_only_random_forest
no-interview-ft,135,Golf Saudi,IT Co-op Trainee,39.5,44.997890052079825,text_only_random_forest
no-interview-ft,136,Siemens Healthineers,Healthineers Early Talent Program – IT (Riyadh),49.5,51.17806025047368,text_only_random_forest
no-interview-ft,137,1957 Ventures,Internship / Co-Op Program,39.5,47.43259938461535,text_only_random_forest
no-interview-ft,138,Nokia,Graduate Trainee (Saudi Arabia) – Fledgers Program,39.5,48.156908746028776,text_only_random_forest
no-interview-ft,139,Ericsson,Summer Interns (Ericsson Saudi),49.5,50.96881441833598,text_only_random_forest
no-interview-ft,140,Bosch Middle East,Software Development Intern (AI/Cloud),49.5,52.79168726640915,text_only_random_forest
no-interview-ft,141,Saudi Payments | المدفوعات السعودية,COOP Training – August 2024,39.5,45.96221285655806,text_only_random_forest
no-interview-ft,142,Saudi Tadawul Group | تداول,Cooperative Training Program (COOP),39.5,46.17225457129786,text_only_random_forest
no-interview-ft,143,Lean Technologies,Software Engineering Intern – KSA,69.5,57.50965056217184,text_only_random_forest
no-interview-ft,144,Mirai (Scopely) | مِراي,AI Engineering Intern (GenAI),49.5,53.113000955183274,text_only_random_forest
no-interview-ft,145,HungerStation | هنقرستيشن,"Co-OP Trainee, Data Analysis – Info Sec",59.5,56.71914573156651,text_only_random_forest
no-interview-ft,146,NCGR | المركز الوطني لنظم الموارد الحكومية,Coop Training Program,39.5,45.79137453017654,text_only_random_forest
no-interview-ft,147,nybl,nybl Graduate Programme – Saudi Nationals (AI Bootcamp),39.5,45.84989186509763,text_only_random_forest
no-interview-ft,148,Procter & Gamble (P&G),P&G LEADgen Internship Program 2026 (Riyadh),49.5,51.635176027300155,text_only_random_forest
no-interview-ft,149,New Murabba | المربع الجديد,New Murabba Co-op Training Program,39.5,45.07828775484229,text_only_random_forest
no-interview-ft,150,Boeing Saudi Arabia Limited,Intern - Info Technology & Data Analytics (Riyadh),49.5,54.57183305143748,text_only_random_forest
no-interview-ft,151,Motorola Solutions,Deployment Engineer Intern (KSA National - Tamheer Program),39.5,49.77869133749981,text_only_random_forest
no-interview-ft,152,Schneider Electric,Co-op Intern (Engineering) - Al Khobar (Jan–Aug 2026),29.5,45.200216545676305,text_only_random_forest
no-interview-ft,153,Lockheed Martin,Tamheer Space Internship (Riyadh),39.5,51.94248154967684,text_only_random_forest
no-interview-ft,154,Markaba | مركبة,Start-up Software Intern – TAMHEER (Saudi nationals only),41.0,44.965480865621174,text_only_random_forest
no-interview-ft,155,Laverne Group | مجموعة لافيرن,Data Analyst / Data Engineer Intern (IT Department),69.5,62.834450302035705,text_only_random_forest
no-interview-ft,156,Meel | ميل,"Software Developer Internship (Remote, min 2 months)",44.5,52.79918260938525,text_only_random_forest
no-interview-ft,157,Nahdi Medical Co.,IT Internship / COOP Program (6 months),34.5,48.26919262325152,text_only_random_forest
no-interview-ft,158,SMART Technology Solutions | سمارت لحلول التقنية,R&D Intern (Riyadh),49.5,53.623605716583945,text_only_random_forest
no-interview-ft,159,Knodemy Inc.,AI Developer & Tech Trainer Intern - Riyadh,49.5,57.833105894189835,text_only_random_forest
no-interview-ft,160,Water Transmission Company | شركة نقل المياه,Tamheer Internship Program (HRIS / Engineering & PM - Riyadh),39.5,50.10632706905942,text_only_random_forest
no-interview-ft,161,AFNOYS,"AI Automation Intern - KSA (Remote, 4 weeks)",44.5,53.024148624345784,text_only_random_forest
no-interview-ft,162,SAS,CareerStart@SAS 2026 - Presales Customer Intelligence Intern (Riyadh),49.5,53.404361532981966,text_only_random_forest
no-interview-ft,163,Devoteam,Trainee - Future Leaders Program (Co-op/Fresh Graduate),41.0,47.125139310881046,text_only_random_forest
no-interview-ft,164,ضالتي Dhallaty,Tech Intern: Fresh Grad or Student,49.5,52.757476489884404,text_only_random_forest
no-interview-ft,165,Innovative Solutions SA,Presales - Tamheer,41.0,46.01614372053049,text_only_random_forest
no-interview-ft,166,HUMAIN,Tamheer Program (Software Engineer / Cybersecurity / MIS),41.0,46.4472095993418,text_only_random_forest
no-interview-ft,167,TAM | تام,"Tamheer Opportunity, Advisory",41.0,32.5700224737806,text_only_random_forest
no-interview-ft,168,هيئة التأمين | Insurance Authority,Tamheer Opportunity - Specialist of Information Security,41.0,42.26224182912224,text_only_random_forest
no-interview-ft,169,Snbla | سنبله,Paid Internship Program (FinTech),49.5,54.30710953497266,text_only_random_forest
no-interview-ft,170,2P Perfect Presentation,Data Analyst (Tamheer),41.0,44.43932159975053,text_only_random_forest
no-interview-ft,171,Infosys,Summer Intern (Infosys InStep ’26 – Bangalore),42.5,44.49804749801816,text_only_random_forest
no-interview-ft,172,شركة الخدمات المدارة | Managed Services Company,Intern Cybersecurity Engineer,51.0,46.072338834267036,text_only_random_forest
no-interview-ft,173,Abunayyan Holding,Data Analyst (Tamheer),41.0,45.0802119356047,text_only_random_forest
qual-ielts-intern,1,Saudi Aramco,University Internship Program (UIP),44.0,43.44574712905923,text_only_random_forest
qual-ielts-intern,2,SABIC,COOP Training Program,47.0,42.65794568247797,text_only_random_forest
qual-ielts-intern,3,stc (Saudi Telecom Company),Cooperative Training Program (COOP),44.0,42.50740839597471,text_only_random_forest
qual-ielts-intern,4,Saudi National Bank (SNB),SNB Cooperative Training Program,49.0,42.74671504671067,text_only_random_forest
qual-ielts-intern,5,Al Rajhi Bank,Cooperative Training Program,49.0,42.345629877748294,text_only_random_forest
qual-ielts-intern,6,Capital Market Authority (CMA),COOP Program,44.0,41.687041971371436,text_only_random_forest
qual-ielts-intern,7,Digital Government Authority (DGA),Maidan Cooperative Training Program,44.0,42.33657527940685,text_only_random_forest
qual-ielts-intern,8,KPMG Saudi Arabia,COOP & Internship Programs,49.0,41.81947869715592,text_only_random_forest
qual-ielts-intern,9,PwC Middle East,"Deals, COOP and Summer Internship Programme (2026)",48.5,43.04461965769402,text_only_random_forest
qual-ielts-intern,10,Deloitte Middle East (KSA),Jusoor Al Sharqiyah Internship Program,58.5,48.65429599929004,text_only_random_forest
qual-ielts-intern,11,Bank Albilad,Cooperative & Summer Training Program,53.5,43.53073893461226,text_only_random_forest
qual-ielts-intern,12,Tamara,Tamara Builders Program,48.5,43.31695968640102,text_only_random_forest
qual-ielts-intern,13,Bupa Arabia,Cooperative Training Program,44.0,40.37472230656568,text_only_random_forest
qual-ielts-intern,14,Saudi Exports (Saudi Export Development Authority),COOP & Summer Training (FAQ-confirmed),49.0,40.88770182634843,text_only_random_forest
qual-ielts-intern,15,Local Content and Government Procurement Authority (LCGPA),COOP Training (role posting),44.0,41.73043752285267,text_only_random_forest
qual-ielts-intern,16,McKinsey & Company (Maqdira),Maqdira Fellowship Program,48.5,42.43282983231386,text_only_random_forest
qual-ielts-intern,17,Boston Consulting Group (BCG),Visiting Associate Internship (Riyadh),44.0,41.81509565592104,text_only_random_forest
qual-ielts-intern,18,Bain & Company,COOP Training Program (Riyadh),44.0,42.1076742147618,text_only_random_forest
qual-ielts-intern,19,Amazon Web Services (AWS),IT/Computer Hardware Internship (Intern-to-FTE Pathway),58.5,50.179104969359955,text_only_random_forest
qual-ielts-intern,20,Amazon Web Services (AWS) - Associate Solutions Architect Intern,Associate Solutions Architect Intern (2026),58.5,49.08124399988048,text_only_random_forest
qual-ielts-intern,21,Google (Saudi Arabia),Google Careers (Saudi location filter),47.0,45.52898069848738,text_only_random_forest
qual-ielts-intern,22,BlackRock,Client & Product Summer Internship Programme (EMEA) - includes Riyadh,65.17,57.11588147133217,text_only_random_forest
qual-ielts-intern,23,noon,Student Internship,54.0,47.479791756528726,text_only_random_forest
qual-ielts-intern,24,MOZN,Data Science Intern,51.17,56.34130361454415,text_only_random_forest
qual-ielts-intern,25,Elm,Elm Co-op Training Program (March 2026 Intake),44.0,41.671571329308975,text_only_random_forest
qual-ielts-intern,26,Yasref,Yasref Cooperative Training Program,51.5,43.56279238297103,text_only_random_forest
qual-ielts-intern,27,"Saudi Standards, Metrology and Quality Organization (SASO)",Cooperative Training (Collaborative Training),48.5,43.499205564725635,text_only_random_forest
qual-ielts-intern,28,"Zakat, Tax and Customs Authority (ZATCA)",Binaa-Alkafaat Program,49.0,42.10308036456794,text_only_random_forest
qual-ielts-intern,29,Human Resources Development Fund (HRDF) – Cooperative Training Product,Cooperative Training (HRDF product),10.5,14.509027777777778,text_only_random_forest
qual-ielts-intern,30,EXPRO,COOP Training (Future Makers Program),44.0,40.992150129480095,text_only_random_forest
qual-ielts-intern,31,Ministry of Industry and Mineral Resources (MIM) – Cooperative Training Initiative,Cooperative Training Initiative,10.5,14.488194444444444,text_only_random_forest
qual-ielts-intern,32,TBC (The Beauty Company),Cooperative Training Program,49.0,41.02014262622061,text_only_random_forest
qual-ielts-intern,33,National Center for Vegetation Cover Development & Combating Desertification (NCVC),COOP Training Program,44.0,40.47151437916875,text_only_random_forest
qual-ielts-intern,34,Saudi Power Procurement Company (SPPC),Future Power – COOP Training Program,44.0,40.850412703597925,text_only_random_forest
qual-ielts-intern,35,TBC (Tatweer Building Company),Cooperative Training Program,50.67,41.92829162094392,text_only_random_forest
qual-ielts-intern,36,PwC Middle East (Assurance COOP & Summer Internship Programme 2026),"Assurance, COOP and Summer Internship Programme 2026 – Middle East",55.17,43.87734960478933,text_only_random_forest
qual-ielts-intern,37,KAPSARC,Intern (Coop- Trainee),48.5,45.41589978474693,text_only_random_forest
qual-ielts-intern,38,BSF (Banque Saudi Fransi),COOP / Internship,54.0,44.09075824319879,text_only_random_forest
qual-ielts-intern,39,Saudi Food & Drug Authority (SFDA),COOP training (First semester 2025-2026 intake),49.0,48.19713704797602,text_only_random_forest
qual-ielts-intern,40,Saudi Power Procurement Company (SPPC) – Future Power (Business Admin COOP),Future Power – Business Administration COOP Training Program,44.0,40.915675554396735,text_only_random_forest
qual-ielts-intern,41,Bank Albilad,Cooperative and Summer Training Program,44.0,42.965417994899816,text_only_random_forest
qual-ielts-intern,42,The Saudi National Bank (SNB),SNB Rowad Program,44.0,41.98697758562655,text_only_random_forest
qual-ielts-intern,43,National Cybersecurity Authority (NCA) – Academy,Cybersecurity training programs (academy),49.0,47.828378531310435,text_only_random_forest
qual-ielts-intern,44,PIF | Graduate Development Program,Graduate Development Program (GDP),61.83,50.8016303627466,text_only_random_forest
qual-ielts-intern,45,NEOM | GrOW (Graduates Opportunities in Work),GrOW (Graduates Opportunities in Work),50.0,44.15564495673497,text_only_random_forest
qual-ielts-intern,46,ROSHN | COOP Trainee Program,COOP Trainee Program,44.0,41.69967272257635,text_only_random_forest
qual-ielts-intern,47,Microsoft | Ru'aa Program (Riyadh),Ru'aa Program Internship (Solution Engineering),58.5,46.205148184113725,text_only_random_forest
qual-ielts-intern,48,Oracle | Business Development Intern (KSA market),Business Development Intern (KSA market),55.5,44.61396098836806,text_only_random_forest
qual-ielts-intern,49,SAP | Student Internship (Riyadh),Student Internship - Riyadh,54.0,49.6454887624959,text_only_random_forest
qual-ielts-intern,50,SAB (Saudi Awwal Bank) | Cooperative Training Programme (COOP),SAB Cooperative Training Programme (COOP),44.0,40.73960711760765,text_only_random_forest
qual-ielts-intern,51,Ministry of Finance (Saudi Arabia) | Cooperative Training Program,Cooperative Training Program,40.5,42.473635073874746,text_only_random_forest
qual-ielts-intern,52,Ministry of Industry and Mineral Resources | Cooperative Training,Cooperative Training Initiative,45.5,43.21744466887806,text_only_random_forest
qual-ielts-intern,53,King Fahd Causeway Authority | Internship Program,Internship Program,60.0,45.35905972101393,text_only_random_forest
qual-ielts-intern,54,Tawuniya | Tamheer Program (Fresh Graduates),Tamheer Program,51.5,45.90045349847424,text_only_random_forest
qual-ielts-intern,55,SAMA | SAMA Professional Program (SPP),SAMA Professional Program (SPP),40.5,42.47543870566214,text_only_random_forest
qual-ielts-intern,56,HRDF | Cooperative Training Product,Cooperative Training Product,45.5,43.026230840834806,text_only_random_forest
qual-ielts-intern,57,IBM,"Automation, Data & AI – Intern",55.0,50.40519678007311,text_only_random_forest
qual-ielts-intern,58,Unifonic,Internship (Unifonic),58.5,49.348228491121986,text_only_random_forest
qual-ielts-intern,59,Misk Foundation,Misk Traineeship / Internship Program,47.0,45.01265267309207,text_only_random_forest
qual-ielts-intern,60,Cisco,Cisco NetVersity (Saudi Arabia),56.5,45.928097396521245,text_only_random_forest
qual-ielts-intern,61,KAUST,Visiting Student Research Program (VSRP) Internship,54.0,46.6702764039362,text_only_random_forest
qual-ielts-intern,62,General Authority for Statistics (GASTAT),Cooperative Training Program,55.17,50.11728599232461,text_only_random_forest
qual-ielts-intern,63,Saudi Center for Opinion Polling (SCOP),Cooperative Training Program,55.17,50.29703657688922,text_only_random_forest
qual-ielts-intern,64,Al Rajhi Takaful,Cooperative Training Program,44.0,44.10248476401099,text_only_random_forest
qual-ielts-intern,65,Expenditure & Projects Efficiency Authority (EXPRO),Future Makers (صنّاع المستقبل) – Cooperative Training,44.0,41.98872380249782,text_only_random_forest
qual-ielts-intern,66,Ministry of Finance (Saudi Arabia),Cooperative Training Program (Ministry of Finance),44.0,42.15933046264091,text_only_random_forest
qual-ielts-intern,67,General Entertainment Authority (GEA),GEA Cooperative Training Program,44.0,42.19050896922229,text_only_random_forest
qual-ielts-intern,68,Banque Saudi Fransi (BSF),COOP Training,44.0,43.314375938336084,text_only_random_forest
qual-ielts-intern,69,Arab National Bank (ANB),COOP Trainee,44.0,43.404673872986585,text_only_random_forest
qual-ielts-intern,70,Tamara,Builders Program,44.0,43.34553174574568,text_only_random_forest
qual-ielts-intern,71,OmniOps,Co‑op Training Program,48.5,46.015280909116726,text_only_random_forest
qual-ielts-intern,72,Tatweer Educational Technologies (TETCO),Cooperative Training Program,48.5,45.41810646261975,text_only_random_forest
qual-ielts-intern,73,The Saudi Investment Bank (SAIB),Cooperative Program,44.0,43.15317030125913,text_only_random_forest
qual-ielts-intern,74,Saudi Awwal Bank (SAB),COOP Program,44.0,43.570609263259385,text_only_random_forest
qual-ielts-intern,75,Riyad Bank,Internships and Coop Trainings (CSR 2019),44.0,42.79338319760582,text_only_random_forest
qual-ielts-intern,76,Tabby,Intern DevOps Engineer,58.5,54.499561107331935,text_only_random_forest
qual-ielts-intern,77,Tabby,Intern Backend (GO) Engineer,65.17,58.794380078521236,text_only_random_forest
qual-ielts-intern,78,Tabby,Intern Frontend Engineer,58.5,53.7265026864213,text_only_random_forest
qual-ielts-intern,79,Tabby,Intern Data Engineer,65.17,63.847516430175055,text_only_random_forest
qual-ielts-intern,80,Tabby,No-Code / AI Agents Engineering Intern,58.5,53.894180604321306,text_only_random_forest
qual-ielts-intern,81,Bank Albilad,Cooperative Training Program,49.0,42.85032848118453,text_only_random_forest
qual-ielts-intern,82,Saudi Ground Services (SGS),COOP Program,54.0,46.753803742373414,text_only_random_forest
qual-ielts-intern,83,CEER,Cooperative Training Program (COOP),44.0,42.87100908096168,text_only_random_forest
qual-ielts-intern,84,Al Rajhi Takaful,Coop Training Program,44.0,43.946621461059955,text_only_random_forest
qual-ielts-intern,85,TAWAL,COOP Training Program,48.5,44.55125653015854,text_only_random_forest
qual-ielts-intern,86,Wakeb_Data,COOP Training,55.17,44.0621615880378,text_only_random_forest
qual-ielts-intern,87,Banque Saudi Fransi (BSF),Coop Training Program,44.0,43.56016305700773,text_only_random_forest
qual-ielts-intern,88,Tech Economy,COOP Training Program,44.0,43.5404478642183,text_only_random_forest
qual-ielts-intern,89,SAMI Advanced Electronics (SAMI-AEC),Coop Trainee,44.0,44.14784934102947,text_only_random_forest
qual-ielts-intern,90,NHC,COOP Trainee,49.0,44.60640854556079,text_only_random_forest
qual-ielts-intern,91,REMAT ADVANCED,Cooperative Training Program,48.5,46.15974221330512,text_only_random_forest
qual-ielts-intern,92,SDM,AI COOP,48.5,48.20613452260519,text_only_random_forest
qual-ielts-intern,93,HUED,HUED COOP Program 2026,48.5,46.89690486096456,text_only_random_forest
qual-ielts-intern,94,Araamis • أرامس,Araamis COOP Program 2026,48.5,46.01125665390193,text_only_random_forest
qual-ielts-intern,95,ARDARA,COOP Training for Students,44.0,43.33673628266025,text_only_random_forest
qual-ielts-intern,96,flynas,COOP Trainee / Internship Program,48.5,42.9365004824414,text_only_random_forest
qual-ielts-intern,97,Saudi Motorsport Company (SMC),COOP Trainee (IT Asset Project Management),65.17,49.301246373874854,text_only_random_forest
qual-ielts-intern,98,Saudi Motorsport Company (SMC),COOP Trainee (Supply Chain Excellence Associate),65.17,51.38799748978126,text_only_random_forest
qual-ielts-intern,99,Mobily,Cooperative Training Program,44.0,43.04379186440384,text_only_random_forest
qual-ielts-intern,100,Saudi Awwal Bank (SAB),Student Opportunities: Cooperative / Practical Training,44.0,43.25858989965842,text_only_random_forest
qual-ielts-intern,101,Alvarez & Marsal,COOP Training Program,44.0,43.4474890500673,text_only_random_forest
qual-ielts-intern,102,Visa,COOP Trainee (Jan 2026),50.67,43.8023662686643,text_only_random_forest
qual-ielts-intern,103,Zain KSA,Evolve Program (Fresh Graduates),44.0,45.03466358994037,text_only_random_forest
qual-ielts-intern,104,Zain KSA,Zain Pioneers Program,48.5,46.10959219356186,text_only_random_forest
qual-ielts-intern,105,Savvy Games Group,Cooperative Training Program (Co-op),44.0,44.6375445371887,text_only_random_forest
qual-ielts-intern,106,Bank AlJazira,Tamheer Program,44.0,45.04445174659127,text_only_random_forest
qual-ielts-intern,107,sirar by stc,Cooperative Training Program,48.5,49.9727999149887,text_only_random_forest
qual-ielts-intern,108,Gathern,Co-op Program,48.5,47.267992359415096,text_only_random_forest
qual-ielts-intern,109,Elm Company (شركة علم),Coop Training - Computer Science (Jan/Mar/Jun/Aug 2025 Intake),48.5,45.394262529168834,text_only_random_forest
qual-ielts-intern,110,Elm Company (شركة علم),Co-Op Training - Information Technology (Jun & Aug 2025 Intake),48.5,44.45307211098491,text_only_random_forest
qual-ielts-intern,111,EJADA,COOP Administration & Support Engineer,44.0,44.71901137783754,text_only_random_forest
qual-ielts-intern,112,Emdad By Elm,Network Cooperative Training (Network Intern),58.5,47.55913903755821,text_only_random_forest
qual-ielts-intern,113,AILA,Co-op Training Programme,48.5,45.61667357534055,text_only_random_forest
qual-ielts-intern,114,Foodics,Foodics 360 Internship Program,58.5,53.37736217337592,text_only_random_forest
qual-ielts-intern,115,Salla,برنامج التدريب التعاوني (Coop Training) – Salla,48.5,44.69366583956178,text_only_random_forest
qual-ielts-intern,116,Lucidya,Technical Internship or Coop – Lucidya,58.5,49.09651525120973,text_only_random_forest
qual-ielts-intern,117,Diriyah Company,Diriyah Co-op Training Program,44.0,44.000993914475245,text_only_random_forest
qual-ielts-intern,118,Riyadh Air,Co-op – Riyadh Air,44.0,44.11586472942008,text_only_random_forest
qual-ielts-intern,119,Jahez Group,Jahez Internship Program (as described in Sustainability Report),54.0,51.831112910047416,text_only_random_forest
qual-ielts-intern,120,Lumi | لومي,COOP Intern 2025 – Lumi,44.0,43.21175064748281,text_only_random_forest
qual-ielts-intern,121,webook.com,COOP Trainee Opportunities – webook.com,44.0,42.93393530499848,text_only_random_forest
qual-ielts-intern,122,moneymoon,Tech & AI Co-op Program 2025,48.5,45.53190673722267,text_only_random_forest
qual-ielts-intern,123,EjadTech - إيجاد التقنية,"Summer Internship Program 2025 (Computer, Data, and AI Majors)",55.0,52.37262005238507,text_only_random_forest
qual-ielts-intern,124,InnovationTeam,Java Microservices Internship Programme (Saudi Nationals),61.67,58.23532792724753,text_only_random_forest
qual-ielts-intern,125,Tamkeen Technologies,On the Job Training (Internship Program) — Technology field,65.17,53.32486659889142,text_only_random_forest
qual-ielts-intern,126,Trendyol Group,Trendyol Tech Talent - Bootcamp & COOP Internship Program (Saudi Students Only),45.0,43.97869773381828,text_only_random_forest
qual-ielts-intern,127,Ninja نينجا,COOP Training Program,51.67,43.06246015421886,text_only_random_forest
qual-ielts-intern,128,SCAI | سكاي,CO-OP Training Opportunities (Intern),48.5,48.57926215207579,text_only_random_forest
qual-ielts-intern,129,WalaPlus,Coop & Tamheer Opportunities,48.5,43.66778286307578,text_only_random_forest
qual-ielts-intern,130,Aon,IT Co-op Trainee 2026,48.5,44.93372256956101,text_only_random_forest
qual-ielts-intern,131,Hewlett Packard Enterprise (HPE),College Intern (Coop),48.5,44.23657787402268,text_only_random_forest
qual-ielts-intern,132,Signify,KSA Coop Internship Program,48.5,45.26882511380275,text_only_random_forest
qual-ielts-intern,133,Help AG (e& enterprise),Cybersecurity Intern,54.0,47.75946931733328,text_only_random_forest
qual-ielts-intern,134,TrendAI (Trend Micro),CyberGATE Internship Program,58.5,50.2985670757848,text_only_random_forest
qual-ielts-intern,135,Golf Saudi,IT Co-op Trainee,48.5,44.70194256557442,text_only_random_forest
qual-ielts-intern,136,Siemens Healthineers,Healthineers Early Talent Program – IT (Riyadh),58.5,49.90447785946095,text_only_random_forest
qual-ielts-intern,137,1957 Ventures,Internship / Co-Op Program,41.17,44.58282393760343,text_only_random_forest
qual-ielts-intern,138,Nokia,Graduate Trainee (Saudi Arabia) – Fledgers Program,34.5,45.52602505348883,text_only_random_forest
qual-ielts-intern,139,Ericsson,Summer Interns (Ericsson Saudi),51.17,48.45090861795123,text_only_random_forest
qual-ielts-intern,140,Bosch Middle East,Software Development Intern (AI/Cloud),44.5,48.778688874013596,text_only_random_forest
qual-ielts-intern,141,Saudi Payments | المدفوعات السعودية,COOP Training – August 2024,48.5,44.45215928385747,text_only_random_forest
qual-ielts-intern,142,Saudi Tadawul Group | تداول,Cooperative Training Program (COOP),48.5,45.49864791226591,text_only_random_forest
qual-ielts-intern,143,Lean Technologies,Software Engineering Intern – KSA,65.17,55.711455318550136,text_only_random_forest
qual-ielts-intern,144,Mirai (Scopely) | مِراي,AI Engineering Intern (GenAI),44.5,51.29603366657206,text_only_random_forest
qual-ielts-intern,145,HungerStation | هنقرستيشن,"Co-OP Trainee, Data Analysis – Info Sec",55.17,57.04537886694341,text_only_random_forest
qual-ielts-intern,146,NCGR | المركز الوطني لنظم الموارد الحكومية,Coop Training Program,48.5,44.26449198892937,text_only_random_forest
qual-ielts-intern,147,nybl,nybl Graduate Programme – Saudi Nationals (AI Bootcamp),30.0,42.267079181122355,text_only_random_forest
qual-ielts-intern,148,Procter & Gamble (P&G),P&G LEADgen Internship Program 2026 (Riyadh),58.5,50.572639696713104,text_only_random_forest
qual-ielts-intern,149,New Murabba | المربع الجديد,New Murabba Co-op Training Program,48.5,44.41669083611391,text_only_random_forest
qual-ielts-intern,150,Boeing Saudi Arabia Limited,Intern - Info Technology & Data Analytics (Riyadh),58.5,52.75989427725667,text_only_random_forest
qual-ielts-intern,151,Motorola Solutions,Deployment Engineer Intern (KSA National - Tamheer Program),48.5,48.16375258273626,text_only_random_forest
qual-ielts-intern,152,Schneider Electric,Co-op Intern (Engineering) - Al Khobar (Jan–Aug 2026),48.5,45.25953196540603,text_only_random_forest
qual-ielts-intern,153,Lockheed Martin,Tamheer Space Internship (Riyadh),48.5,50.728817335041036,text_only_random_forest
qual-ielts-intern,154,Markaba | مركبة,Start-up Software Intern – TAMHEER (Saudi nationals only),45.0,40.50600175596003,text_only_random_forest
qual-ielts-intern,155,Laverne Group | مجموعة لافيرن,Data Analyst / Data Engineer Intern (IT Department),65.17,62.3566106494856,text_only_random_forest
qual-ielts-intern,156,Meel | ميل,"Software Developer Internship (Remote, min 2 months)",58.5,52.28340479229835,text_only_random_forest
qual-ielts-intern,157,Nahdi Medical Co.,IT Internship / COOP Program (6 months),53.5,49.172752126296594,text_only_random_forest
qual-ielts-intern,158,SMART Technology Solutions | سمارت لحلول التقنية,R&D Intern (Riyadh),58.5,54.44316938606058,text_only_random_forest
qual-ielts-intern,159,Knodemy Inc.,AI Developer & Tech Trainer Intern - Riyadh,58.5,56.73219961213453,text_only_random_forest
qual-ielts-intern,160,Water Transmission Company | شركة نقل المياه,Tamheer Internship Program (HRIS / Engineering & PM - Riyadh),55.17,49.532392342950246,text_only_random_forest
qual-ielts-intern,161,AFNOYS,"AI Automation Intern - KSA (Remote, 4 weeks)",58.5,53.1078587775278,text_only_random_forest
qual-ielts-intern,162,SAS,CareerStart@SAS 2026 - Presales Customer Intelligence Intern (Riyadh),57.0,53.15957592768395,text_only_random_forest
qual-ielts-intern,163,Devoteam,Trainee - Future Leaders Program (Co-op/Fresh Graduate),51.67,45.05311935711237,text_only_random_forest
qual-ielts-intern,164,ضالتي Dhallaty,Tech Intern: Fresh Grad or Student,57.0,52.489454868509405,text_only_random_forest
qual-ielts-intern,165,Innovative Solutions SA,Presales - Tamheer,40.5,44.002984135952644,text_only_random_forest
qual-ielts-intern,166,HUMAIN,Tamheer Program (Software Engineer / Cybersecurity / MIS),45.0,46.08643525354947,text_only_random_forest
qual-ielts-intern,167,TAM | تام,"Tamheer Opportunity, Advisory",40.5,32.36437644646195,text_only_random_forest
qual-ielts-intern,168,هيئة التأمين | Insurance Authority,Tamheer Opportunity - Specialist of Information Security,40.5,39.66683860303973,text_only_random_forest
qual-ielts-intern,169,Snbla | سنبله,Paid Internship Program (FinTech),57.0,51.98098105922256,text_only_random_forest
qual-ielts-intern,170,2P Perfect Presentation,Data Analyst (Tamheer),51.67,44.24109014001932,text_only_random_forest
qual-ielts-intern,171,Infosys,Summer Intern (Infosys InStep ’26 – Bangalore),57.0,45.61417338144101,text_only_random_forest
qual-ielts-intern,172,شركة الخدمات المدارة | Managed Services Company,Intern Cybersecurity Engineer,55.0,46.25826003241325,text_only_random_forest
qual-ielts-intern,173,Abunayyan Holding,Data Analyst (Tamheer),51.67,44.438509669925615,text_only_random_forest
cs-iau-backend,1,Saudi Aramco,University Internship Program (UIP),42.5,58.256471063723104,text_only_gradient_boosting
cs-iau-backend,2,SABIC,COOP Training Program,45.5,53.94074701253574,text_only_gradient_boosting
cs-iau-backend,3,stc (Saudi Telecom Company),Cooperative Training Program (COOP),52.5,54.56992213833221,text_only_gradient_boosting
cs-iau-backend,4,Saudi National Bank (SNB),SNB Cooperative Training Program,47.5,54.49171955331896,text_only_gradient_boosting
cs-iau-backend,5,Al Rajhi Bank,Cooperative Training Program,47.5,53.94074701253574,text_only_gradient_boosting
cs-iau-backend,6,Capital Market Authority (CMA),COOP Program,52.5,53.88218180515584,text_only_gradient_boosting
cs-iau-backend,7,Digital Government Authority (DGA),Maidan Cooperative Training Program,52.5,53.88218180515584,text_only_gradient_boosting
cs-iau-backend,8,KPMG Saudi Arabia,COOP & Internship Programs,47.5,54.021474069547985,text_only_gradient_boosting
cs-iau-backend,9,PwC Middle East,"Deals, COOP and Summer Internship Programme (2026)",57.0,57.08877123300477,text_only_gradient_boosting
cs-iau-backend,10,Deloitte Middle East (KSA),Jusoor Al Sharqiyah Internship Program,61.5,66.12890558469856,text_only_gradient_boosting
cs-iau-backend,11,Bank Albilad,Cooperative & Summer Training Program,56.5,54.38643006956566,text_only_gradient_boosting
cs-iau-backend,12,Tamara,Tamara Builders Program,61.5,54.195006582564304,text_only_gradient_boosting
cs-iau-backend,13,Bupa Arabia,Cooperative Training Program,52.5,53.88218180515584,text_only_gradient_boosting
cs-iau-backend,14,Saudi Exports (Saudi Export Development Authority),COOP & Summer Training (FAQ-confirmed),47.5,53.88218180515584,text_only_gradient_boosting
cs-iau-backend,15,Local Content and Government Procurement Authority (LCGPA),COOP Training (role posting),52.5,57.079511865129696,text_only_gradient_boosting
cs-iau-backend,16,McKinsey & Company (Maqdira),Maqdira Fellowship Program,57.0,54.021474069547985,text_only_gradient_boosting
cs-iau-backend,17,Boston Consulting Group (BCG),Visiting Associate Internship (Riyadh),52.5,54.195006582564304,text_only_gradient_boosting
cs-iau-backend,18,Bain & Company,COOP Training Program (Riyadh),52.5,54.001081753804826,text_only_gradient_boosting
cs-iau-backend,19,Amazon Web Services (AWS),IT/Computer Hardware Internship (Intern-to-FTE Pathway),71.5,67.95500022842025,text_only_gradient_boosting
cs-iau-backend,20,Amazon Web Services (AWS) - Associate Solutions Architect Intern,Associate Solutions Architect Intern (2026),71.5,68.83445824726356,text_only_gradient_boosting
cs-iau-backend,21,Google (Saudi Arabia),Google Careers (Saudi location filter),58.5,58.05240982387482,text_only_gradient_boosting
cs-iau-backend,22,BlackRock,Client & Product Summer Internship Programme (EMEA) - includes Riyadh,77.0,68.022278667112,text_only_gradient_boosting
cs-iau-backend,23,noon,Student Internship,62.5,63.470031951707206,text_only_gradient_boosting
cs-iau-backend,24,MOZN,Data Science Intern,87.0,76.92377278286983,text_only_gradient_boosting
cs-iau-backend,25,Elm,Elm Co-op Training Program (March 2026 Intake),52.5,54.001081753804826,text_only_gradient_boosting
cs-iau-backend,26,Yasref,Yasref Cooperative Training Program,54.5,54.38643006956566,text_only_gradient_boosting
cs-iau-backend,27,"Saudi Standards, Metrology and Quality Organization (SASO)",Cooperative Training (Collaborative Training),61.5,54.38643006956566,text_only_gradient_boosting
cs-iau-backend,28,"Zakat, Tax and Customs Authority (ZATCA)",Binaa-Alkafaat Program,47.5,51.210187272688906,text_only_gradient_boosting
cs-iau-backend,29,Human Resources Development Fund (HRDF) – Cooperative Training Product,Cooperative Training (HRDF product),10.5,40.95920377501649,text_only_gradient_boosting
cs-iau-backend,30,EXPRO,COOP Training (Future Makers Program),52.5,54.021474069547985,text_only_gradient_boosting
cs-iau-backend,31,Ministry of Industry and Mineral Resources (MIM) – Cooperative Training Initiative,Cooperative Training Initiative,10.5,31.977257630491874,text_only_gradient_boosting
cs-iau-backend,32,TBC (The Beauty Company),Cooperative Training Program,47.5,53.38499803279084,text_only_gradient_boosting
cs-iau-backend,33,National Center for Vegetation Cover Development & Combating Desertification (NCVC),COOP Training Program,52.5,54.29392896684181,text_only_gradient_boosting
cs-iau-backend,34,Saudi Power Procurement Company (SPPC),Future Power – COOP Training Program,52.5,54.56992213833221,text_only_gradient_boosting
cs-iau-backend,35,TBC (Tatweer Building Company),Cooperative Training Program,52.5,54.195006582564304,text_only_gradient_boosting
cs-iau-backend,36,PwC Middle East (Assurance COOP & Summer Internship Programme 2026),"Assurance, COOP and Summer Internship Programme 2026 – Middle East",57.0,56.88333189304747,text_only_gradient_boosting
cs-iau-backend,37,KAPSARC,Intern (Coop- Trainee),61.5,60.82005075024261,text_only_gradient_boosting
cs-iau-backend,38,BSF (Banque Saudi Fransi),COOP / Internship,42.5,54.84879390465054,text_only_gradient_boosting
cs-iau-backend,39,Saudi Food & Drug Authority (SFDA),COOP training (First semester 2025-2026 intake),47.5,54.13497433625779,text_only_gradient_boosting
cs-iau-backend,40,Saudi Power Procurement Company (SPPC) – Future Power (Business Admin COOP),Future Power – Business Administration COOP Training Program,52.5,57.079511865129696,text_only_gradient_boosting
cs-iau-backend,41,Bank Albilad,Cooperative and Summer Training Program,52.5,54.576339007356715,text_only_gradient_boosting
cs-iau-backend,42,The Saudi National Bank (SNB),SNB Rowad Program,52.5,51.07089500829676,text_only_gradient_boosting
cs-iau-backend,43,National Cybersecurity Authority (NCA) – Academy,Cybersecurity training programs (academy),57.5,57.21212207826935,text_only_gradient_boosting
cs-iau-backend,44,PIF | Graduate Development Program,Graduate Development Program (GDP),67.0,57.52884695427531,text_only_gradient_boosting
cs-iau-backend,45,NEOM | GrOW (Graduates Opportunities in Work),GrOW (Graduates Opportunities in Work),54.5,49.65645959336759,text_only_gradient_boosting
cs-iau-backend,46,ROSHN | COOP Trainee Program,COOP Trainee Program,52.5,54.56992213833221,text_only_gradient_boosting
cs-iau-backend,47,Microsoft | Ru'aa Program (Riyadh),Ru'aa Program Internship (Solution Engineering),71.5,68.53831511765908,text_only_gradient_boosting
cs-iau-backend,48,Oracle | Business Development Intern (KSA market),Business Development Intern (KSA market),55.5,60.38741438091863,text_only_gradient_boosting
cs-iau-backend,49,SAP | Student Internship (Riyadh),Student Internship - Riyadh,62.5,64.12702528534494,text_only_gradient_boosting
cs-iau-backend,50,SAB (Saudi Awwal Bank) | Cooperative Training Programme (COOP),SAB Cooperative Training Programme (COOP),52.5,54.195006582564304,text_only_gradient_boosting
cs-iau-backend,51,Ministry of Finance (Saudi Arabia) | Cooperative Training Program,Cooperative Training Program,50.5,46.25074759801192,text_only_gradient_boosting
cs-iau-backend,52,Ministry of Industry and Mineral Resources | Cooperative Training,Cooperative Training Initiative,45.5,45.92170177266433,text_only_gradient_boosting
cs-iau-backend,53,King Fahd Causeway Authority | Internship Program,Internship Program,64.5,60.5154914508597,text_only_gradient_boosting
cs-iau-backend,54,Tawuniya | Tamheer Program (Fresh Graduates),Tamheer Program,64.5,60.008771303908496,text_only_gradient_boosting
cs-iau-backend,55,SAMA | SAMA Professional Program (SPP),SAMA Professional Program (SPP),50.5,46.70847803960298,text_only_gradient_boosting
cs-iau-backend,56,HRDF | Cooperative Training Product,Cooperative Training Product,45.5,47.382566622765374,text_only_gradient_boosting
cs-iau-backend,57,IBM,"Automation, Data & AI – Intern",69.5,63.31195992947319,text_only_gradient_boosting
cs-iau-backend,58,Unifonic,Internship (Unifonic),67.0,63.814200507936505,text_only_gradient_boosting
cs-iau-backend,59,Misk Foundation,Misk Traineeship / Internship Program,55.5,57.33632566449973,text_only_gradient_boosting
cs-iau-backend,60,Cisco,Cisco NetVersity (Saudi Arabia),55.0,57.2426228991172,text_only_gradient_boosting
cs-iau-backend,61,KAUST,Visiting Student Research Program (VSRP) Internship,52.5,64.64995879588439,text_only_gradient_boosting
cs-iau-backend,62,General Authority for Statistics (GASTAT),Cooperative Training Program,67.0,58.66784378559225,text_only_gradient_boosting
cs-iau-backend,63,Saudi Center for Opinion Polling (SCOP),Cooperative Training Program,67.0,58.66784378559225,text_only_gradient_boosting
cs-iau-backend,64,Al Rajhi Takaful,Cooperative Training Program,52.5,56.66619316953554,text_only_gradient_boosting
cs-iau-backend,65,Expenditure & Projects Efficiency Authority (EXPRO),Future Makers (صنّاع المستقبل) – Cooperative Training,52.5,54.195006582564304,text_only_gradient_boosting
cs-iau-backend,66,Ministry of Finance (Saudi Arabia),Cooperative Training Program (Ministry of Finance),52.5,54.56992213833221,text_only_gradient_boosting
cs-iau-backend,67,General Entertainment Authority (GEA),GEA Cooperative Training Program,52.5,54.021474069547985,text_only_gradient_boosting
cs-iau-backend,68,Banque Saudi Fransi (BSF),COOP Training,52.5,55.87509567697645,text_only_gradient_boosting
cs-iau-backend,69,Arab National Bank (ANB),COOP Trainee,52.5,54.49561195034447,text_only_gradient_boosting
cs-iau-backend,70,Tamara,Builders Program,52.5,54.43704674296457,text_only_gradient_boosting
cs-iau-backend,71,OmniOps,Co‑op Training Program,61.5,62.77606658610914,text_only_gradient_boosting
cs-iau-backend,72,Tatweer Educational Technologies (TETCO),Cooperative Training Program,61.5,61.67036108955571,text_only_gradient_boosting
cs-iau-backend,73,The Saudi Investment Bank (SAIB),Cooperative Program,52.5,54.749871520373034,text_only_gradient_boosting
cs-iau-backend,74,Saudi Awwal Bank (SAB),COOP Program,52.5,54.576339007356715,text_only_gradient_boosting
cs-iau-backend,75,Riyad Bank,Internships and Coop Trainings (CSR 2019),52.5,54.43704674296457,text_only_gradient_boosting
cs-iau-backend,76,Tabby,Intern DevOps Engineer,67.0,66.53329748739418,text_only_gradient_boosting
cs-iau-backend,77,Tabby,Intern Backend (GO) Engineer,81.5,70.9360602011631,text_only_gradient_boosting
cs-iau-backend,78,Tabby,Intern Frontend Engineer,71.5,70.3552017988039,text_only_gradient_boosting
cs-iau-backend,79,Tabby,Intern Data Engineer,91.5,80.7209294609241,text_only_gradient_boosting
cs-iau-backend,80,Tabby,No-Code / AI Agents Engineering Intern,71.5,64.5019408411129,text_only_gradient_boosting
cs-iau-backend,81,Bank Albilad,Cooperative Training Program,47.5,54.84879390465054,text_only_gradient_boosting
cs-iau-backend,82,Saudi Ground Services (SGS),COOP Program,42.5,54.195006582564304,text_only_gradient_boosting
cs-iau-backend,83,CEER,Cooperative Training Program (COOP),52.5,54.29392896684181,text_only_gradient_boosting
cs-iau-backend,84,Al Rajhi Takaful,Coop Training Program,52.5,54.84879390465054,text_only_gradient_boosting
cs-iau-backend,85,TAWAL,COOP Training Program,61.5,60.82005075024261,text_only_gradient_boosting
cs-iau-backend,86,Wakeb_Data,COOP Training,61.5,55.30165381133298,text_only_gradient_boosting
cs-iau-backend,87,Banque Saudi Fransi (BSF),Coop Training Program,52.5,55.20795104595045,text_only_gradient_boosting
cs-iau-backend,88,Tech Economy,COOP Training Program,52.5,54.84879390465054,text_only_gradient_boosting
cs-iau-backend,89,SAMI Advanced Electronics (SAMI-AEC),Coop Trainee,52.5,54.84879390465054,text_only_gradient_boosting
cs-iau-backend,90,NHC,COOP Trainee,47.5,54.49561195034447,text_only_gradient_boosting
cs-iau-backend,91,REMAT ADVANCED,Cooperative Training Program,61.5,56.53270463253736,text_only_gradient_boosting
cs-iau-backend,92,SDM,AI COOP,67.0,60.08979817857508,text_only_gradient_boosting
cs-iau-backend,93,HUED,HUED COOP Program 2026,61.5,60.82005075024261,text_only_gradient_boosting
cs-iau-backend,94,Araamis • أرامس,Araamis COOP Program 2026,61.5,57.08877123300477,text_only_gradient_boosting
cs-iau-backend,95,ARDARA,COOP Training for Students,52.5,54.195006582564304,text_only_gradient_boosting
cs-iau-backend,96,flynas,COOP Trainee / Internship Program,57.0,54.021474069547985,text_only_gradient_boosting
cs-iau-backend,97,Saudi Motorsport Company (SMC),COOP Trainee (IT Asset Project Management),47.0,56.88333189304747,text_only_gradient_boosting
cs-iau-backend,98,Saudi Motorsport Company (SMC),COOP Trainee (Supply Chain Excellence Associate),47.0,60.58293953089964,text_only_gradient_boosting
cs-iau-backend,99,Mobily,Cooperative Training Program,52.5,54.749871520373034,text_only_gradient_boosting
cs-iau-backend,100,Saudi Awwal Bank (SAB),Student Opportunities: Cooperative / Practical Training,52.5,54.84879390465054,text_only_gradient_boosting
cs-iau-backend,101,Alvarez & Marsal,COOP Training Program,52.5,54.749871520373034,text_only_gradient_boosting
cs-iau-backend,102,Visa,COOP Trainee (Jan 2026),52.5,57.079511865129696,text_only_gradient_boosting
cs-iau-backend,103,Zain KSA,Evolve Program (Fresh Graduates),52.5,53.904734979706745,text_only_gradient_boosting
cs-iau-backend,104,Zain KSA,Zain Pioneers Program,61.5,54.74903488975045,text_only_gradient_boosting
cs-iau-backend,105,Savvy Games Group,Cooperative Training Program (Co-op),52.5,54.84879390465054,text_only_gradient_boosting
cs-iau-backend,106,Bank AlJazira,Tamheer Program,52.5,53.00935343303319,text_only_gradient_boosting
cs-iau-backend,107,sirar by stc,Cooperative Training Program,61.5,65.00591845609988,text_only_gradient_boosting
cs-iau-backend,108,Gathern,Co-op Program,61.5,64.36200697259136,text_only_gradient_boosting
cs-iau-backend,109,Elm Company (شركة علم),Coop Training - Computer Science (Jan/Mar/Jun/Aug 2025 Intake),57.0,57.08877123300477,text_only_gradient_boosting
cs-iau-backend,110,Elm Company (شركة علم),Co-Op Training - Information Technology (Jun & Aug 2025 Intake),57.0,57.079511865129696,text_only_gradient_boosting
cs-iau-backend,111,EJADA,COOP Administration & Support Engineer,52.5,59.002148347417446,text_only_gradient_boosting
cs-iau-backend,112,Emdad By Elm,Network Cooperative Training (Network Intern),51.5,58.856479828613914,text_only_gradient_boosting
cs-iau-backend,113,AILA,Co-op Training Programme,57.0,56.348455456163244,text_only_gradient_boosting
cs-iau-backend,114,Foodics,Foodics 360 Internship Program,67.0,66.79112552523175,text_only_gradient_boosting
cs-iau-backend,115,Salla,برنامج التدريب التعاوني (Coop Training) – Salla,47.0,57.08877123300477,text_only_gradient_boosting
cs-iau-backend,116,Lucidya,Technical Internship or Coop – Lucidya,47.0,62.28259418809349,text_only_gradient_boosting
cs-iau-backend,117,Diriyah Company,Diriyah Co-op Training Program,52.5,54.56992213833221,text_only_gradient_boosting
cs-iau-backend,118,Riyadh Air,Co-op – Riyadh Air,52.5,54.56992213833221,text_only_gradient_boosting
cs-iau-backend,119,Jahez Group,Jahez Internship Program (as described in Sustainability Report),62.5,64.87451537281378,text_only_gradient_boosting
cs-iau-backend,120,Lumi | لومي,COOP Intern 2025 – Lumi,52.5,54.021474069547985,text_only_gradient_boosting
cs-iau-backend,121,webook.com,COOP Trainee Opportunities – webook.com,52.5,54.195006582564304,text_only_gradient_boosting
cs-iau-backend,122,moneymoon,Tech & AI Co-op Program 2025,67.0,64.20410886099084,text_only_gradient_boosting
cs-iau-backend,123,EjadTech - إيجاد التقنية,"Summer Internship Program 2025 (Computer, Data, and AI Majors)",79.5,73.43060077881573,text_only_gradient_boosting
cs-iau-backend,124,InnovationTeam,Java Microservices Internship Programme (Saudi Nationals),79.5,72.15361250256524,text_only_gradient_boosting
cs-iau-backend,125,Tamkeen Technologies,On the Job Training (Internship Program) — Technology field,67.0,66.79112552523175,text_only_gradient_boosting
cs-iau-backend,126,Trendyol Group,Trendyol Tech Talent - Bootcamp & COOP Internship Program (Saudi Students Only),55.0,54.3419557484906,text_only_gradient_boosting
cs-iau-backend,127,Ninja نينجا,COOP Training Program,55.0,52.92112997335267,text_only_gradient_boosting
cs-iau-backend,128,SCAI | سكاي,CO-OP Training Opportunities (Intern),71.5,64.36200697259136,text_only_gradient_boosting
cs-iau-backend,129,WalaPlus,Coop & Tamheer Opportunities,61.5,56.53270463253736,text_only_gradient_boosting
cs-iau-backend,130,Aon,IT Co-op Trainee 2026,61.5,56.523445264662286,text_only_gradient_boosting
cs-iau-backend,131,Hewlett Packard Enterprise (HPE),College Intern (Coop),61.5,56.32726529258006,text_only_gradient_boosting
cs-iau-backend,132,Signify,KSA Coop Internship Program,61.5,56.53270463253736,text_only_gradient_boosting
cs-iau-backend,133,Help AG (e& enterprise),Cybersecurity Intern,62.5,64.28115705085801,text_only_gradient_boosting
cs-iau-backend,134,TrendAI (Trend Micro),CyberGATE Internship Program,67.0,64.28115705085801,text_only_gradient_boosting
cs-iau-backend,135,Golf Saudi,IT Co-op Trainee,61.5,56.32726529258006,text_only_gradient_boosting
cs-iau-backend,136,Siemens Healthineers,Healthineers Early Talent Program – IT (Riyadh),71.5,69.48285575798154,text_only_gradient_boosting
cs-iau-backend,137,1957 Ventures,Internship / Co-Op Program,61.5,56.88333189304747,text_only_gradient_boosting
cs-iau-backend,138,Nokia,Graduate Trainee (Saudi Arabia) – Fledgers Program,67.0,61.83311247553194,text_only_gradient_boosting
cs-iau-backend,139,Ericsson,Summer Interns (Ericsson Saudi),67.0,66.78186615735667,text_only_gradient_boosting
cs-iau-backend,140,Bosch Middle East,Software Development Intern (AI/Cloud),81.5,79.31056826058885,text_only_gradient_boosting
cs-iau-backend,141,Saudi Payments | المدفوعات السعودية,COOP Training – August 2024,57.0,56.319140714567894,text_only_gradient_boosting
cs-iau-backend,142,Saudi Tadawul Group | تداول,Cooperative Training Program (COOP),61.5,67.44145984020355,text_only_gradient_boosting
cs-iau-backend,143,Lean Technologies,Software Engineering Intern – KSA,91.5,76.75339138936414,text_only_gradient_boosting
cs-iau-backend,144,Mirai (Scopely) | مِراي,AI Engineering Intern (GenAI),81.5,72.64173631644242,text_only_gradient_boosting
cs-iau-backend,145,HungerStation | هنقرستيشن,"Co-OP Trainee, Data Analysis – Info Sec",77.0,68.6336124308705,text_only_gradient_boosting
cs-iau-backend,146,NCGR | المركز الوطني لنظم الموارد الحكومية,Coop Training Program,57.0,55.54013953556733,text_only_gradient_boosting
cs-iau-backend,147,nybl,nybl Graduate Programme – Saudi Nationals (AI Bootcamp),52.5,55.039362941143835,text_only_gradient_boosting
cs-iau-backend,148,Procter & Gamble (P&G),P&G LEADgen Internship Program 2026 (Riyadh),67.0,66.78186615735667,text_only_gradient_boosting
cs-iau-backend,149,New Murabba | المربع الجديد,New Murabba Co-op Training Program,61.5,57.079511865129696,text_only_gradient_boosting
cs-iau-backend,150,Boeing Saudi Arabia Limited,Intern - Info Technology & Data Analytics (Riyadh),67.0,70.9619448864378,text_only_gradient_boosting
cs-iau-backend,151,Motorola Solutions,Deployment Engineer Intern (KSA National - Tamheer Program),61.5,58.88634891308363,text_only_gradient_boosting
cs-iau-backend,152,Schneider Electric,Co-op Intern (Engineering) - Al Khobar (Jan–Aug 2026),51.5,56.523445264662286,text_only_gradient_boosting
cs-iau-backend,153,Lockheed Martin,Tamheer Space Internship (Riyadh),61.5,55.94611361854141,text_only_gradient_boosting
cs-iau-backend,154,Markaba | مركبة,Start-up Software Intern – TAMHEER (Saudi nationals only),59.5,53.59693401174472,text_only_gradient_boosting
cs-iau-backend,155,Laverne Group | مجموعة لافيرن,Data Analyst / Data Engineer Intern (IT Department),81.5,72.72030322142214,text_only_gradient_boosting
cs-iau-backend,156,Meel | ميل,"Software Developer Internship (Remote, min 2 months)",72.5,72.62864914832932,text_only_gradient_boosting
cs-iau-backend,157,Nahdi Medical Co.,IT Internship / COOP Program (6 months),52.0,57.079511865129696,text_only_gradient_boosting
cs-iau-backend,158,SMART Technology Solutions | سمارت لحلول التقنية,R&D Intern (Riyadh),71.5,64.87451537281378,text_only_gradient_boosting
cs-iau-backend,159,Knodemy Inc.,AI Developer & Tech Trainer Intern - Riyadh,81.5,66.78186615735667,text_only_gradient_boosting
cs-iau-backend,160,Water Transmission Company | شركة نقل المياه,Tamheer Internship Program (HRIS / Engineering & PM - Riyadh),61.5,61.79842700001682,text_only_gradient_boosting
cs-iau-backend,161,AFNOYS,"AI Automation Intern - KSA (Remote, 4 weeks)",62.0,65.45320059577764,text_only_gradient_boosting
cs-iau-backend,162,SAS,CareerStart@SAS 2026 - Presales Customer Intelligence Intern (Riyadh),68.5,66.64011815976863,text_only_gradient_boosting
cs-iau-backend,163,Devoteam,Trainee - Future Leaders Program (Co-op/Fresh Graduate),59.5,53.57737274632823,text_only_gradient_boosting
cs-iau-backend,164,ضالتي Dhallaty,Tech Intern: Fresh Grad or Student,68.5,66.83629813185085,text_only_gradient_boosting
cs-iau-backend,165,Innovative Solutions SA,Presales - Tamheer,50.5,53.119186070483785,text_only_gradient_boosting
cs-iau-backend,166,HUMAIN,Tamheer Program (Software Engineer / Cybersecurity / MIS),59.5,60.12219447786212,text_only_gradient_boosting
cs-iau-backend,167,TAM | تام,"Tamheer Opportunity, Advisory",36.5,43.85575884158114,text_only_gradient_boosting
cs-iau-backend,168,هيئة التأمين | Insurance Authority,Tamheer Opportunity - Specialist of Information Security,50.5,51.67893102345579,text_only_gradient_boosting
cs-iau-backend,169,Snbla | سنبله,Paid Internship Program (FinTech),68.5,66.29753119284578,text_only_gradient_boosting
cs-iau-backend,170,2P Perfect Presentation,Data Analyst (Tamheer),55.0,56.80912414793428,text_only_gradient_boosting
cs-iau-backend,171,Infosys,Summer Intern (Infosys InStep ’26 – Bangalore),55.5,64.87451537281378,text_only_gradient_boosting
cs-iau-backend,172,شركة الخدمات المدارة | Managed Services Company,Intern Cybersecurity Engineer,69.5,63.31195992947319,text_only_gradient_boosting
cs-iau-backend,173,Abunayyan Holding,Data Analyst (Tamheer),55.0,51.27088589013358,text_only_gradient_boosting
ds-scientist-jeddah,1,Saudi Aramco,University Internship Program (UIP),38.5,48.126722710005,text_only_gradient_boosting
ds-scientist-jeddah,2,SABIC,COOP Training Program,41.5,46.02966434642956,text_only_gradient_boosting
ds-scientist-jeddah,3,stc (Saudi Telecom Company),Cooperative Training Program (COOP),38.5,47.272468234349624,text_only_gradient_boosting
ds-scientist-jeddah,4,Saudi National Bank (SNB),SNB Cooperative Training Program,43.5,46.35415715866825,text_only_gradient_boosting
ds-scientist-jeddah,5,Al Rajhi Bank,Cooperative Training Program,43.5,46.02966434642956,text_only_gradient_boosting
ds-scientist-jeddah,6,Capital Market Authority (CMA),COOP Program,38.5,45.97109913904966,text_only_gradient_boosting
ds-scientist-jeddah,7,Digital Government Authority (DGA),Maidan Cooperative Training Program,38.5,45.93509751287497,text_only_gradient_boosting
ds-scientist-jeddah,8,KPMG Saudi Arabia,COOP & Internship Programs,43.5,46.38890939228921,text_only_gradient_boosting
ds-scientist-jeddah,9,PwC Middle East,"Deals, COOP and Summer Internship Programme (2026)",43.0,48.28545474681258,text_only_gradient_boosting
ds-scientist-jeddah,10,Deloitte Middle East (KSA),Jusoor Al Sharqiyah Internship Program,33.0,41.84040921959533,text_only_gradient_boosting
ds-scientist-jeddah,11,Bank Albilad,Cooperative & Summer Training Program,48.0,48.695256942978624,text_only_gradient_boosting
ds-scientist-jeddah,12,Tamara,Tamara Builders Program,43.0,46.04250752581164,text_only_gradient_boosting
ds-scientist-jeddah,13,Bupa Arabia,Cooperative Training Program,38.5,45.97109913904966,text_only_gradient_boosting
ds-scientist-jeddah,14,Saudi Exports (Saudi Export Development Authority),COOP & Summer Training (FAQ-confirmed),43.5,45.97109913904966,text_only_gradient_boosting
ds-scientist-jeddah,15,Local Content and Government Procurement Authority (LCGPA),COOP Training (role posting),38.5,48.27619537893751,text_only_gradient_boosting
ds-scientist-jeddah,16,McKinsey & Company (Maqdira),Maqdira Fellowship Program,43.0,46.30794017256467,text_only_gradient_boosting
ds-scientist-jeddah,17,Boston Consulting Group (BCG),Visiting Associate Internship (Riyadh),38.5,45.965409713680806,text_only_gradient_boosting
ds-scientist-jeddah,18,Bain & Company,COOP Training Program (Riyadh),38.5,46.039633680864874,text_only_gradient_boosting
ds-scientist-jeddah,19,Amazon Web Services (AWS),IT/Computer Hardware Internship (Intern-to-FTE Pathway),33.0,42.22172666840866,text_only_gradient_boosting
ds-scientist-jeddah,20,Amazon Web Services (AWS) - Associate Solutions Architect Intern,Associate Solutions Architect Intern (2026),33.0,42.29663774189661,text_only_gradient_boosting
ds-scientist-jeddah,21,Google (Saudi Arabia),Google Careers (Saudi location filter),34.5,42.21481751886686,text_only_gradient_boosting
ds-scientist-jeddah,22,BlackRock,Client & Product Summer Internship Programme (EMEA) - includes Riyadh,44.17,44.79162703642724,text_only_gradient_boosting
ds-scientist-jeddah,23,noon,Student Internship,28.5,39.282653426370345,text_only_gradient_boosting
ds-scientist-jeddah,24,MOZN,Data Science Intern,56.83,48.797727672337906,text_only_gradient_boosting
ds-scientist-jeddah,25,Elm,Elm Co-op Training Program (March 2026 Intake),38.5,46.30794017256467,text_only_gradient_boosting
ds-scientist-jeddah,26,Yasref,Yasref Cooperative Training Program,46.0,48.695256942978624,text_only_gradient_boosting
ds-scientist-jeddah,27,"Saudi Standards, Metrology and Quality Organization (SASO)",Cooperative Training (Collaborative Training),43.0,48.695256942978624,text_only_gradient_boosting
ds-scientist-jeddah,28,"Zakat, Tax and Customs Authority (ZATCA)",Binaa-Alkafaat Program,33.5,37.29550483112496,text_only_gradient_boosting
ds-scientist-jeddah,29,Human Resources Development Fund (HRDF) – Cooperative Training Product,Cooperative Training (HRDF product),20.5,34.17678389888836,text_only_gradient_boosting
ds-scientist-jeddah,30,EXPRO,COOP Training (Future Makers Program),38.5,46.38890939228921,text_only_gradient_boosting
ds-scientist-jeddah,31,Ministry of Industry and Mineral Resources (MIM) – Cooperative Training Initiative,Cooperative Training Initiative,20.5,21.030918842438542,text_only_gradient_boosting
ds-scientist-jeddah,32,TBC (The Beauty Company),Cooperative Training Program,43.5,45.62654996351503,text_only_gradient_boosting
ds-scientist-jeddah,33,National Center for Vegetation Cover Development & Combating Desertification (NCVC),COOP Training Program,38.5,46.241828649283754,text_only_gradient_boosting
ds-scientist-jeddah,34,Saudi Power Procurement Company (SPPC),Future Power – COOP Training Program,38.5,47.272468234349624,text_only_gradient_boosting
ds-scientist-jeddah,35,TBC (Tatweer Building Company),Cooperative Training Program,38.5,45.88012589998829,text_only_gradient_boosting
ds-scientist-jeddah,36,PwC Middle East (Assurance COOP & Summer Internship Programme 2026),"Assurance, COOP and Summer Internship Programme 2026 – Middle East",43.0,48.246637561604025,text_only_gradient_boosting
ds-scientist-jeddah,37,KAPSARC,Intern (Coop- Trainee),47.5,51.827984223190285,text_only_gradient_boosting
ds-scientist-jeddah,38,BSF (Banque Saudi Fransi),COOP / Internship,48.5,48.65876017453487,text_only_gradient_boosting
ds-scientist-jeddah,39,Saudi Food & Drug Authority (SFDA),COOP training (First semester 2025-2026 intake),43.5,48.334223656469284,text_only_gradient_boosting
ds-scientist-jeddah,40,Saudi Power Procurement Company (SPPC) – Future Power (Business Admin COOP),Future Power – Business Administration COOP Training Program,38.5,48.44281753368625,text_only_gradient_boosting
ds-scientist-jeddah,41,Bank Albilad,Cooperative and Summer Training Program,38.5,48.55952822988449,text_only_gradient_boosting
ds-scientist-jeddah,42,The Saudi National Bank (SNB),SNB Rowad Program,28.5,37.22697028930975,text_only_gradient_boosting
ds-scientist-jeddah,43,National Cybersecurity Authority (NCA) – Academy,Cybersecurity training programs (academy),33.5,42.220940797884836,text_only_gradient_boosting
ds-scientist-jeddah,44,PIF | Graduate Development Program,Graduate Development Program (GDP),44.17,43.98029601407081,text_only_gradient_boosting
ds-scientist-jeddah,45,NEOM | GrOW (Graduates Opportunities in Work),GrOW (Graduates Opportunities in Work),36.0,39.72173083050315,text_only_gradient_boosting
ds-scientist-jeddah,46,ROSHN | COOP Trainee Program,COOP Trainee Program,38.5,46.35415715866825,text_only_gradient_boosting
ds-scientist-jeddah,47,Microsoft | Ru'aa Program (Riyadh),Ru'aa Program Internship (Solution Engineering),33.0,43.67230300342208,text_only_gradient_boosting
ds-scientist-jeddah,48,Oracle | Business Development Intern (KSA market),Business Development Intern (KSA market),31.5,38.93224892432711,text_only_gradient_boosting
ds-scientist-jeddah,49,SAP | Student Internship (Riyadh),Student Internship - Riyadh,28.5,39.54221433794617,text_only_gradient_boosting
ds-scientist-jeddah,50,SAB (Saudi Awwal Bank) | Cooperative Training Programme (COOP),SAB Cooperative Training Programme (COOP),38.5,46.04250752581164,text_only_gradient_boosting
ds-scientist-jeddah,51,Ministry of Finance (Saudi Arabia) | Cooperative Training Program,Cooperative Training Program,36.5,41.29852209908443,text_only_gradient_boosting
ds-scientist-jeddah,52,Ministry of Industry and Mineral Resources | Cooperative Training,Cooperative Training Initiative,41.5,38.69375080384816,text_only_gradient_boosting
ds-scientist-jeddah,53,King Fahd Causeway Authority | Internship Program,Internship Program,36.0,39.89026473141885,text_only_gradient_boosting
ds-scientist-jeddah,54,Tawuniya | Tamheer Program (Fresh Graduates),Tamheer Program,36.0,43.26773660861445,text_only_gradient_boosting
ds-scientist-jeddah,55,SAMA | SAMA Professional Program (SPP),SAMA Professional Program (SPP),26.5,35.51388872653747,text_only_gradient_boosting
ds-scientist-jeddah,56,HRDF | Cooperative Training Product,Cooperative Training Product,41.5,42.48699148776153,text_only_gradient_boosting
ds-scientist-jeddah,57,IBM,"Automation, Data & AI – Intern",31.0,41.15618591876987,text_only_gradient_boosting
ds-scientist-jeddah,58,Unifonic,Internship (Unifonic),33.0,39.474121893575806,text_only_gradient_boosting
ds-scientist-jeddah,59,Misk Foundation,Misk Traineeship / Internship Program,31.5,41.819803473991946,text_only_gradient_boosting
ds-scientist-jeddah,60,Cisco,Cisco NetVersity (Saudi Arabia),41.0,42.25163188680677,text_only_gradient_boosting
ds-scientist-jeddah,61,KAUST,Visiting Student Research Program (VSRP) Internship,28.5,40.919468746404014,text_only_gradient_boosting
ds-scientist-jeddah,62,General Authority for Statistics (GASTAT),Cooperative Training Program,54.17,51.71639439240315,text_only_gradient_boosting
ds-scientist-jeddah,63,Saudi Center for Opinion Polling (SCOP),Cooperative Training Program,54.17,51.71639439240315,text_only_gradient_boosting
ds-scientist-jeddah,64,Al Rajhi Takaful,Cooperative Training Program,38.5,49.284594912602415,text_only_gradient_boosting
ds-scientist-jeddah,65,Expenditure & Projects Efficiency Authority (EXPRO),Future Makers (صنّاع المستقبل) – Cooperative Training,38.5,45.965409713680806,text_only_gradient_boosting
ds-scientist-jeddah,66,Ministry of Finance (Saudi Arabia),Cooperative Training Program (Ministry of Finance),38.5,47.272468234349624,text_only_gradient_boosting
ds-scientist-jeddah,67,General Entertainment Authority (GEA),GEA Cooperative Training Program,38.5,46.27149644894513,text_only_gradient_boosting
ds-scientist-jeddah,68,Banque Saudi Fransi (BSF),COOP Training,38.5,49.03574477717262,text_only_gradient_boosting
ds-scientist-jeddah,69,Arab National Bank (ANB),COOP Trainee,38.5,47.93548103415335,text_only_gradient_boosting
ds-scientist-jeddah,70,Tamara,Builders Program,38.5,47.84091420059875,text_only_gradient_boosting
ds-scientist-jeddah,71,OmniOps,Co‑op Training Program,53.5,53.31073449548926,text_only_gradient_boosting
ds-scientist-jeddah,72,Tatweer Educational Technologies (TETCO),Cooperative Training Program,43.0,52.27488845842065,text_only_gradient_boosting
ds-scientist-jeddah,73,The Saudi Investment Bank (SAIB),Cooperative Program,38.5,48.22713779264679,text_only_gradient_boosting
ds-scientist-jeddah,74,Saudi Awwal Bank (SAB),COOP Program,38.5,48.55952822988449,text_only_gradient_boosting
ds-scientist-jeddah,75,Riyad Bank,Internships and Coop Trainings (CSR 2019),38.5,47.87691582677345,text_only_gradient_boosting
ds-scientist-jeddah,76,Tabby,Intern DevOps Engineer,38.0,46.30956588115957,text_only_gradient_boosting
ds-scientist-jeddah,77,Tabby,Intern Backend (GO) Engineer,44.67,48.12855854318426,text_only_gradient_boosting
ds-scientist-jeddah,78,Tabby,Intern Frontend Engineer,33.0,45.03016256548011,text_only_gradient_boosting
ds-scientist-jeddah,79,Tabby,Intern Data Engineer,50.83,54.078138931998396,text_only_gradient_boosting
ds-scientist-jeddah,80,Tabby,No-Code / AI Agents Engineering Intern,33.0,40.7429026557866,text_only_gradient_boosting
ds-scientist-jeddah,81,Bank Albilad,Cooperative Training Program,43.5,48.588840541942254,text_only_gradient_boosting
ds-scientist-jeddah,82,Saudi Ground Services (SGS),COOP Program,48.5,45.88012589998829,text_only_gradient_boosting
ds-scientist-jeddah,83,CEER,Cooperative Training Program (COOP),38.5,46.241828649283754,text_only_gradient_boosting
ds-scientist-jeddah,84,Al Rajhi Takaful,Coop Training Program,38.5,48.588840541942254,text_only_gradient_boosting
ds-scientist-jeddah,85,TAWAL,COOP Training Program,43.0,51.8979038557829,text_only_gradient_boosting
ds-scientist-jeddah,86,Wakeb_Data,COOP Training,43.0,48.315672207732995,text_only_gradient_boosting
ds-scientist-jeddah,87,Banque Saudi Fransi (BSF),Coop Training Program,38.5,48.65876017453487,text_only_gradient_boosting
ds-scientist-jeddah,88,Tech Economy,COOP Training Program,38.5,48.588840541942254,text_only_gradient_boosting
ds-scientist-jeddah,89,SAMI Advanced Electronics (SAMI-AEC),Coop Trainee,38.5,48.588840541942254,text_only_gradient_boosting
ds-scientist-jeddah,90,NHC,COOP Trainee,43.5,47.93548103415335,text_only_gradient_boosting
ds-scientist-jeddah,91,REMAT ADVANCED,Cooperative Training Program,43.0,48.846496294427034,text_only_gradient_boosting
ds-scientist-jeddah,92,SDM,AI COOP,49.67,52.78530957441718,text_only_gradient_boosting
ds-scientist-jeddah,93,HUED,HUED COOP Program 2026,43.0,51.827984223190285,text_only_gradient_boosting
ds-scientist-jeddah,94,Araamis • أرامس,Araamis COOP Program 2026,47.5,48.28545474681258,text_only_gradient_boosting
ds-scientist-jeddah,95,ARDARA,COOP Training for Students,38.5,45.88012589998829,text_only_gradient_boosting
ds-scientist-jeddah,96,flynas,COOP Trainee / Internship Program,43.0,46.38890939228921,text_only_gradient_boosting
ds-scientist-jeddah,97,Saudi Motorsport Company (SMC),COOP Trainee (IT Asset Project Management),53.0,48.246637561604025,text_only_gradient_boosting
ds-scientist-jeddah,98,Saudi Motorsport Company (SMC),COOP Trainee (Supply Chain Excellence Associate),57.5,52.06852450379754,text_only_gradient_boosting
ds-scientist-jeddah,99,Mobily,Cooperative Training Program,38.5,48.22713779264679,text_only_gradient_boosting
ds-scientist-jeddah,100,Saudi Awwal Bank (SAB),Student Opportunities: Cooperative / Practical Training,38.5,48.588840541942254,text_only_gradient_boosting
ds-scientist-jeddah,101,Alvarez & Marsal,COOP Training Program,38.5,48.312421606339306,text_only_gradient_boosting
ds-scientist-jeddah,102,Visa,COOP Trainee (Jan 2026),38.5,48.27619537893751,text_only_gradient_boosting
ds-scientist-jeddah,103,Zain KSA,Evolve Program (Fresh Graduates),28.5,40.66595952197384,text_only_gradient_boosting
ds-scientist-jeddah,104,Zain KSA,Zain Pioneers Program,33.0,41.744173200853666,text_only_gradient_boosting
ds-scientist-jeddah,105,Savvy Games Group,Cooperative Training Program (Co-op),38.5,48.588840541942254,text_only_gradient_boosting
ds-scientist-jeddah,106,Bank AlJazira,Tamheer Program,28.5,40.02193981728851,text_only_gradient_boosting
ds-scientist-jeddah,107,sirar by stc,Cooperative Training Program,43.0,53.62906908185306,text_only_gradient_boosting
ds-scientist-jeddah,108,Gathern,Co-op Program,53.5,53.06710192876178,text_only_gradient_boosting
ds-scientist-jeddah,109,Elm Company (شركة علم),Coop Training - Computer Science (Jan/Mar/Jun/Aug 2025 Intake),43.0,48.28545474681258,text_only_gradient_boosting
ds-scientist-jeddah,110,Elm Company (شركة علم),Co-Op Training - Information Technology (Jun & Aug 2025 Intake),43.0,48.44281753368625,text_only_gradient_boosting
ds-scientist-jeddah,111,EJADA,COOP Administration & Support Engineer,38.5,50.40265839999687,text_only_gradient_boosting
ds-scientist-jeddah,112,Emdad By Elm,Network Cooperative Training (Network Intern),53.0,49.101060810435754,text_only_gradient_boosting
ds-scientist-jeddah,113,AILA,Co-op Training Programme,48.0,51.859834455793,text_only_gradient_boosting
ds-scientist-jeddah,114,Foodics,Foodics 360 Internship Program,33.0,42.05607449137153,text_only_gradient_boosting
ds-scientist-jeddah,115,Salla,برنامج التدريب التعاوني (Coop Training) – Salla,43.0,48.28545474681258,text_only_gradient_boosting
ds-scientist-jeddah,116,Lucidya,Technical Internship or Coop – Lucidya,53.0,52.651313614915075,text_only_gradient_boosting
ds-scientist-jeddah,117,Diriyah Company,Diriyah Co-op Training Program,38.5,47.272468234349624,text_only_gradient_boosting
ds-scientist-jeddah,118,Riyadh Air,Co-op – Riyadh Air,38.5,47.28934725471995,text_only_gradient_boosting
ds-scientist-jeddah,119,Jahez Group,Jahez Internship Program (as described in Sustainability Report),28.5,40.975470602402545,text_only_gradient_boosting
ds-scientist-jeddah,120,Lumi | لومي,COOP Intern 2025 – Lumi,38.5,46.27149644894513,text_only_gradient_boosting
ds-scientist-jeddah,121,webook.com,COOP Trainee Opportunities – webook.com,38.5,45.965409713680806,text_only_gradient_boosting
ds-scientist-jeddah,122,moneymoon,Tech & AI Co-op Program 2025,49.67,53.9184956545838,text_only_gradient_boosting
ds-scientist-jeddah,123,EjadTech - إيجاد التقنية,"Summer Internship Program 2025 (Computer, Data, and AI Majors)",48.17,47.41888975694883,text_only_gradient_boosting
ds-scientist-jeddah,124,InnovationTeam,Java Microservices Internship Programme (Saudi Nationals),37.67,47.09424505845728,text_only_gradient_boosting
ds-scientist-jeddah,125,Tamkeen Technologies,On the Job Training (Internship Program) — Technology field,33.0,42.05607449137153,text_only_gradient_boosting
ds-scientist-jeddah,126,Trendyol Group,Trendyol Tech Talent - Bootcamp & COOP Internship Program (Saudi Students Only),41.0,45.95450723268671,text_only_gradient_boosting
ds-scientist-jeddah,127,Ninja نينجا,COOP Training Program,41.0,44.89911700900081,text_only_gradient_boosting
ds-scientist-jeddah,128,SCAI | سكاي,CO-OP Training Opportunities (Intern),49.67,53.62906908185306,text_only_gradient_boosting
ds-scientist-jeddah,129,WalaPlus,Coop & Tamheer Opportunities,43.0,48.846496294427034,text_only_gradient_boosting
ds-scientist-jeddah,130,Aon,IT Co-op Trainee 2026,43.0,49.0038590813007,text_only_gradient_boosting
ds-scientist-jeddah,131,Hewlett Packard Enterprise (HPE),College Intern (Coop),43.0,48.807679109218476,text_only_gradient_boosting
ds-scientist-jeddah,132,Signify,KSA Coop Internship Program,43.0,48.846496294427034,text_only_gradient_boosting
ds-scientist-jeddah,133,Help AG (e& enterprise),Cybersecurity Intern,28.5,41.35096099483986,text_only_gradient_boosting
ds-scientist-jeddah,134,TrendAI (Trend Micro),CyberGATE Internship Program,33.0,41.35096099483986,text_only_gradient_boosting
ds-scientist-jeddah,135,Golf Saudi,IT Co-op Trainee,43.0,48.807679109218476,text_only_gradient_boosting
ds-scientist-jeddah,136,Siemens Healthineers,Healthineers Early Talent Program – IT (Riyadh),33.0,42.86975606176672,text_only_gradient_boosting
ds-scientist-jeddah,137,1957 Ventures,Internship / Co-Op Program,43.0,48.44281753368625,text_only_gradient_boosting
ds-scientist-jeddah,138,Nokia,Graduate Trainee (Saudi Arabia) – Fledgers Program,44.17,48.02447278882817,text_only_gradient_boosting
ds-scientist-jeddah,139,Ericsson,Summer Interns (Ericsson Saudi),33.0,42.13401888507575,text_only_gradient_boosting
ds-scientist-jeddah,140,Bosch Middle East,Software Development Intern (AI/Cloud),50.17,48.070429263462664,text_only_gradient_boosting
ds-scientist-jeddah,141,Saudi Payments | المدفوعات السعودية,COOP Training – August 2024,47.5,48.96850008892116,text_only_gradient_boosting
ds-scientist-jeddah,142,Saudi Tadawul Group | تداول,Cooperative Training Program (COOP),43.0,54.85577653573007,text_only_gradient_boosting
ds-scientist-jeddah,143,Lean Technologies,Software Engineering Intern – KSA,46.33,49.28681832408181,text_only_gradient_boosting
ds-scientist-jeddah,144,Mirai (Scopely) | مِراي,AI Engineering Intern (GenAI),39.67,46.34495836724702,text_only_gradient_boosting
ds-scientist-jeddah,145,HungerStation | هنقرستيشن,"Co-OP Trainee, Data Analysis – Info Sec",60.83,55.62162229677145,text_only_gradient_boosting
ds-scientist-jeddah,146,NCGR | المركز الوطني لنظم الموارد الحكومية,Coop Training Program,43.0,48.008968937968,text_only_gradient_boosting
ds-scientist-jeddah,147,nybl,nybl Graduate Programme – Saudi Nationals (AI Bootcamp),28.5,37.714839329357616,text_only_gradient_boosting
ds-scientist-jeddah,148,Procter & Gamble (P&G),P&G LEADgen Internship Program 2026 (Riyadh),33.0,42.2134372782452,text_only_gradient_boosting
ds-scientist-jeddah,149,New Murabba | المربع الجديد,New Murabba Co-op Training Program,43.0,48.27619537893751,text_only_gradient_boosting
ds-scientist-jeddah,150,Boeing Saudi Arabia Limited,Intern - Info Technology & Data Analytics (Riyadh),37.5,45.286392090905494,text_only_gradient_boosting
ds-scientist-jeddah,151,Motorola Solutions,Deployment Engineer Intern (KSA National - Tamheer Program),33.0,41.58759823886817,text_only_gradient_boosting
ds-scientist-jeddah,152,Schneider Electric,Co-op Intern (Engineering) - Al Khobar (Jan–Aug 2026),43.0,49.0038590813007,text_only_gradient_boosting
ds-scientist-jeddah,153,Lockheed Martin,Tamheer Space Internship (Riyadh),33.0,39.1932069887371,text_only_gradient_boosting
ds-scientist-jeddah,154,Markaba | مركبة,Start-up Software Intern – TAMHEER (Saudi nationals only),31.0,37.26868498054581,text_only_gradient_boosting
ds-scientist-jeddah,155,Laverne Group | مجموعة لافيرن,Data Analyst / Data Engineer Intern (IT Department),44.17,47.52602348855183,text_only_gradient_boosting
ds-scientist-jeddah,156,Meel | ميل,"Software Developer Internship (Remote, min 2 months)",38.0,48.12855854318426,text_only_gradient_boosting
ds-scientist-jeddah,157,Nahdi Medical Co.,IT Internship / COOP Program (6 months),48.0,48.27619537893751,text_only_gradient_boosting
ds-scientist-jeddah,158,SMART Technology Solutions | سمارت لحلول التقنية,R&D Intern (Riyadh),33.0,41.33920239393961,text_only_gradient_boosting
ds-scientist-jeddah,159,Knodemy Inc.,AI Developer & Tech Trainer Intern - Riyadh,39.67,42.2134372782452,text_only_gradient_boosting
ds-scientist-jeddah,160,Water Transmission Company | شركة نقل المياه,Tamheer Internship Program (HRIS / Engineering & PM - Riyadh),33.0,43.06910482628986,text_only_gradient_boosting
ds-scientist-jeddah,161,AFNOYS,"AI Automation Intern - KSA (Remote, 4 weeks)",38.0,45.85429673380793,text_only_gradient_boosting
ds-scientist-jeddah,162,SAS,CareerStart@SAS 2026 - Presales Customer Intelligence Intern (Riyadh),39.0,42.07168928065716,text_only_gradient_boosting
ds-scientist-jeddah,163,Devoteam,Trainee - Future Leaders Program (Co-op/Fresh Graduate),41.0,48.35531653735932,text_only_gradient_boosting
ds-scientist-jeddah,164,ضالتي Dhallaty,Tech Intern: Fresh Grad or Student,34.5,42.101247097990644,text_only_gradient_boosting
ds-scientist-jeddah,165,Innovative Solutions SA,Presales - Tamheer,26.5,38.095207804282374,text_only_gradient_boosting
ds-scientist-jeddah,166,HUMAIN,Tamheer Program (Software Engineer / Cybersecurity / MIS),31.0,41.7466922832516,text_only_gradient_boosting
ds-scientist-jeddah,167,TAM | تام,"Tamheer Opportunity, Advisory",26.5,27.15433159193411,text_only_gradient_boosting
ds-scientist-jeddah,168,هيئة التأمين | Insurance Authority,Tamheer Opportunity - Specialist of Information Security,26.5,37.05100780122833,text_only_gradient_boosting
ds-scientist-jeddah,169,Snbla | سنبله,Paid Internship Program (FinTech),34.5,43.34757393744467,text_only_gradient_boosting
ds-scientist-jeddah,170,2P Perfect Presentation,Data Analyst (Tamheer),35.5,39.34021120014593,text_only_gradient_boosting
ds-scientist-jeddah,171,Infosys,Summer Intern (Infosys InStep ’26 – Bangalore),31.5,41.40912202653222,text_only_gradient_boosting
ds-scientist-jeddah,172,شركة الخدمات المدارة | Managed Services Company,Intern Cybersecurity Engineer,31.0,41.15618591876987,text_only_gradient_boosting
ds-scientist-jeddah,173,Abunayyan Holding,Data Analyst (Tamheer),35.5,37.84933359371292,text_only_gradient_boosting
ds-remote-coop,1,Saudi Aramco,University Internship Program (UIP),40.0,49.2400623840125,text_only_gradient_boosting
ds-remote-coop,2,SABIC,COOP Training Program,38.0,46.44428424579522,text_only_gradient_boosting
ds-remote-coop,3,stc (Saudi Telecom Company),Cooperative Training Program (COOP),40.0,47.110614048975165,text_only_gradient_boosting
ds-remote-coop,4,Saudi National Bank (SNB),SNB Cooperative Training Program,40.0,47.14028184863654,text_only_gradient_boosting
ds-remote-coop,5,Al Rajhi Bank,Cooperative Training Program,40.0,46.44428424579522,text_only_gradient_boosting
ds-remote-coop,6,Capital Market Authority (CMA),COOP Program,40.0,46.29126902965952,text_only_gradient_boosting
ds-remote-coop,7,Digital Government Authority (DGA),Maidan Cooperative Training Program,40.0,46.29126902965952,text_only_gradient_boosting
ds-remote-coop,8,KPMG Saudi Arabia,COOP & Internship Programs,40.0,46.7326830925446,text_only_gradient_boosting
ds-remote-coop,9,PwC Middle East,"Deals, COOP and Summer Internship Programme (2026)",44.5,48.902554610170235,text_only_gradient_boosting
ds-remote-coop,10,Deloitte Middle East (KSA),Jusoor Al Sharqiyah Internship Program,34.5,41.19825260629722,text_only_gradient_boosting
ds-remote-coop,11,Bank Albilad,Cooperative & Summer Training Program,44.5,47.65727893192044,text_only_gradient_boosting
ds-remote-coop,12,Tamara,Tamara Builders Program,44.5,46.7326830925446,text_only_gradient_boosting
ds-remote-coop,13,Bupa Arabia,Cooperative Training Program,40.0,46.29126902965952,text_only_gradient_boosting
ds-remote-coop,14,Saudi Exports (Saudi Export Development Authority),COOP & Summer Training (FAQ-confirmed),40.0,46.29126902965952,text_only_gradient_boosting
ds-remote-coop,15,Local Content and Government Procurement Authority (LCGPA),COOP Training (role posting),40.0,49.27953921280798,text_only_gradient_boosting
ds-remote-coop,16,McKinsey & Company (Maqdira),Maqdira Fellowship Program,44.5,46.44428424579522,text_only_gradient_boosting
ds-remote-coop,17,Boston Consulting Group (BCG),Visiting Associate Internship (Riyadh),40.0,46.7912482999245,text_only_gradient_boosting
ds-remote-coop,18,Bain & Company,COOP Training Program (Riyadh),40.0,46.44428424579522,text_only_gradient_boosting
ds-remote-coop,19,Amazon Web Services (AWS),IT/Computer Hardware Internship (Intern-to-FTE Pathway),34.5,41.640417912992525,text_only_gradient_boosting
ds-remote-coop,20,Amazon Web Services (AWS) - Associate Solutions Architect Intern,Associate Solutions Architect Intern (2026),34.5,41.482867532954415,text_only_gradient_boosting
ds-remote-coop,21,Google (Saudi Arabia),Google Careers (Saudi location filter),38.0,42.92894170846,text_only_gradient_boosting
ds-remote-coop,22,BlackRock,Client & Product Summer Internship Programme (EMEA) - includes Riyadh,34.5,45.33307273843216,text_only_gradient_boosting
ds-remote-coop,23,noon,Student Internship,30.0,39.7151793503307,text_only_gradient_boosting
ds-remote-coop,24,MOZN,Data Science Intern,51.67,50.90386283677985,text_only_gradient_boosting
ds-remote-coop,25,Elm,Elm Co-op Training Program (March 2026 Intake),40.0,46.44428424579522,text_only_gradient_boosting
ds-remote-coop,26,Yasref,Yasref Cooperative Training Program,42.5,47.677671247663596,text_only_gradient_boosting
ds-remote-coop,27,"Saudi Standards, Metrology and Quality Organization (SASO)",Cooperative Training (Collaborative Training),44.5,47.65727893192044,text_only_gradient_boosting
ds-remote-coop,28,"Zakat, Tax and Customs Authority (ZATCA)",Binaa-Alkafaat Program,30.0,37.91036976045471,text_only_gradient_boosting
ds-remote-coop,29,Human Resources Development Fund (HRDF) – Cooperative Training Product,Cooperative Training (HRDF product),20.5,20.939643723210974,text_only_gradient_boosting
ds-remote-coop,30,EXPRO,COOP Training (Future Makers Program),40.0,46.7326830925446,text_only_gradient_boosting
ds-remote-coop,31,Ministry of Industry and Mineral Resources (MIM) – Cooperative Training Initiative,Cooperative Training Initiative,20.5,20.056062700692408,text_only_gradient_boosting
ds-remote-coop,32,TBC (The Beauty Company),Cooperative Training Program,40.0,45.66105545922172,text_only_gradient_boosting
ds-remote-coop,33,National Center for Vegetation Cover Development & Combating Desertification (NCVC),COOP Training Program,40.0,47.11988953289338,text_only_gradient_boosting
ds-remote-coop,34,Saudi Power Procurement Company (SPPC),Future Power – COOP Training Program,40.0,47.25769479198062,text_only_gradient_boosting
ds-remote-coop,35,TBC (Tatweer Building Company),Cooperative Training Program,40.0,46.7912482999245,text_only_gradient_boosting
ds-remote-coop,36,PwC Middle East (Assurance COOP & Summer Internship Programme 2026),"Assurance, COOP and Summer Internship Programme 2026 – Middle East",44.5,49.24932175188757,text_only_gradient_boosting
ds-remote-coop,37,KAPSARC,Intern (Coop- Trainee),44.5,52.696769622881696,text_only_gradient_boosting
ds-remote-coop,38,BSF (Banque Saudi Fransi),COOP / Internship,40.0,49.457625941633665,text_only_gradient_boosting
ds-remote-coop,39,Saudi Food & Drug Authority (SFDA),COOP training (First semester 2025-2026 intake),40.0,48.92834942346211,text_only_gradient_boosting
ds-remote-coop,40,Saudi Power Procurement Company (SPPC) – Future Power (Business Admin COOP),Future Power – Business Administration COOP Training Program,40.0,49.24932175188757,text_only_gradient_boosting
ds-remote-coop,41,Bank Albilad,Cooperative and Summer Training Program,40.0,48.63849978026838,text_only_gradient_boosting
ds-remote-coop,42,The Saudi National Bank (SNB),SNB Rowad Program,30.0,37.75735454431901,text_only_gradient_boosting
ds-remote-coop,43,National Cybersecurity Authority (NCA) – Academy,Cybersecurity training programs (academy),35.0,42.897527272503126,text_only_gradient_boosting
ds-remote-coop,44,PIF | Graduate Development Program,Graduate Development Program (GDP),34.5,44.521741716075724,text_only_gradient_boosting
ds-remote-coop,45,NEOM | GrOW (Graduates Opportunities in Work),GrOW (Graduates Opportunities in Work),36.0,38.776455949921036,text_only_gradient_boosting
ds-remote-coop,46,ROSHN | COOP Trainee Program,COOP Trainee Program,40.0,47.25769479198062,text_only_gradient_boosting
ds-remote-coop,47,Microsoft | Ru'aa Program (Riyadh),Ru'aa Program Internship (Solution Engineering),34.5,44.78086058484638,text_only_gradient_boosting
ds-remote-coop,48,Oracle | Business Development Intern (KSA market),Business Development Intern (KSA market),31.5,36.43982210196007,text_only_gradient_boosting
ds-remote-coop,49,SAP | Student Internship (Riyadh),Student Internship - Riyadh,30.0,40.48192183764484,text_only_gradient_boosting
ds-remote-coop,50,SAB (Saudi Awwal Bank) | Cooperative Training Programme (COOP),SAB Cooperative Training Programme (COOP),40.0,46.7326830925446,text_only_gradient_boosting
ds-remote-coop,51,Ministry of Finance (Saudi Arabia) | Cooperative Training Program,Cooperative Training Program,41.5,35.07494468817569,text_only_gradient_boosting
ds-remote-coop,52,Ministry of Industry and Mineral Resources | Cooperative Training,Cooperative Training Initiative,41.5,24.055139251703455,text_only_gradient_boosting
ds-remote-coop,53,King Fahd Causeway Authority | Internship Program,Internship Program,36.0,36.65938631216156,text_only_gradient_boosting
ds-remote-coop,54,Tawuniya | Tamheer Program (Fresh Graduates),Tamheer Program,37.5,42.04258547788662,text_only_gradient_boosting
ds-remote-coop,55,SAMA | SAMA Professional Program (SPP),SAMA Professional Program (SPP),31.5,32.3503148588493,text_only_gradient_boosting
ds-remote-coop,56,HRDF | Cooperative Training Product,Cooperative Training Product,41.5,38.32714715646937,text_only_gradient_boosting
ds-remote-coop,57,IBM,"Automation, Data & AI – Intern",36.0,41.741042136072224,text_only_gradient_boosting
ds-remote-coop,58,Unifonic,Internship (Unifonic),34.5,40.04050777475976,text_only_gradient_boosting
ds-remote-coop,59,Misk Foundation,Misk Traineeship / Internship Program,33.0,41.233182416928415,text_only_gradient_boosting
ds-remote-coop,60,Cisco,Cisco NetVersity (Saudi Arabia),37.5,42.92821836142506,text_only_gradient_boosting
ds-remote-coop,61,KAUST,Visiting Student Research Program (VSRP) Internship,30.0,40.48497439467327,text_only_gradient_boosting
ds-remote-coop,62,General Authority for Statistics (GASTAT),Cooperative Training Program,44.5,52.364755205788676,text_only_gradient_boosting
ds-remote-coop,63,Saudi Center for Opinion Polling (SCOP),Cooperative Training Program,44.5,52.364755205788676,text_only_gradient_boosting
ds-remote-coop,64,Al Rajhi Takaful,Cooperative Training Program,40.0,49.99601752542016,text_only_gradient_boosting
ds-remote-coop,65,Expenditure & Projects Efficiency Authority (EXPRO),Future Makers (صنّاع المستقبل) – Cooperative Training,40.0,46.7912482999245,text_only_gradient_boosting
ds-remote-coop,66,Ministry of Finance (Saudi Arabia),Cooperative Training Program (Ministry of Finance),40.0,47.25769479198062,text_only_gradient_boosting
ds-remote-coop,67,General Entertainment Authority (GEA),GEA Cooperative Training Program,40.0,46.7326830925446,text_only_gradient_boosting
ds-remote-coop,68,Banque Saudi Fransi (BSF),COOP Training,40.0,49.457625941633665,text_only_gradient_boosting
ds-remote-coop,69,Arab National Bank (ANB),COOP Trainee,40.0,48.479530933534605,text_only_gradient_boosting
ds-remote-coop,70,Tamara,Builders Program,40.0,48.326515717398905,text_only_gradient_boosting
ds-remote-coop,71,OmniOps,Co‑op Training Program,55.0,54.17217964151223,text_only_gradient_boosting
ds-remote-coop,72,Tatweer Educational Technologies (TETCO),Cooperative Training Program,44.5,52.696769622881696,text_only_gradient_boosting
ds-remote-coop,73,The Saudi Investment Bank (SAIB),Cooperative Program,40.0,48.69706498764828,text_only_gradient_boosting
ds-remote-coop,74,Saudi Awwal Bank (SAB),COOP Program,40.0,48.63849978026838,text_only_gradient_boosting
ds-remote-coop,75,Riyad Bank,Internships and Coop Trainings (CSR 2019),40.0,48.326515717398905,text_only_gradient_boosting
ds-remote-coop,76,Tabby,Intern DevOps Engineer,39.5,45.92875605549621,text_only_gradient_boosting
ds-remote-coop,77,Tabby,Intern Backend (GO) Engineer,39.5,48.453494148129785,text_only_gradient_boosting
ds-remote-coop,78,Tabby,Intern Frontend Engineer,34.5,45.61347742201,text_only_gradient_boosting
ds-remote-coop,79,Tabby,Intern Data Engineer,41.17,56.45522217800518,text_only_gradient_boosting
ds-remote-coop,80,Tabby,No-Code / AI Agents Engineering Intern,34.5,40.62121410203699,text_only_gradient_boosting
ds-remote-coop,81,Bank Albilad,Cooperative Training Program,40.0,49.428313629575904,text_only_gradient_boosting
ds-remote-coop,82,Saudi Ground Services (SGS),COOP Program,40.0,46.7912482999245,text_only_gradient_boosting
ds-remote-coop,83,CEER,Cooperative Training Program (COOP),40.0,46.851583041193585,text_only_gradient_boosting
ds-remote-coop,84,Al Rajhi Takaful,Coop Training Program,40.0,49.428313629575904,text_only_gradient_boosting
ds-remote-coop,85,TAWAL,COOP Training Program,44.5,52.696769622881696,text_only_gradient_boosting
ds-remote-coop,86,Wakeb_Data,COOP Training,44.5,48.23633523942461,text_only_gradient_boosting
ds-remote-coop,87,Banque Saudi Fransi (BSF),Coop Training Program,40.0,49.457625941633665,text_only_gradient_boosting
ds-remote-coop,88,Tech Economy,COOP Training Program,40.0,49.428313629575904,text_only_gradient_boosting
ds-remote-coop,89,SAMI Advanced Electronics (SAMI-AEC),Coop Trainee,40.0,49.457625941633665,text_only_gradient_boosting
ds-remote-coop,90,NHC,COOP Trainee,40.0,48.479530933534605,text_only_gradient_boosting
ds-remote-coop,91,REMAT ADVANCED,Cooperative Training Program,44.5,47.982725230466336,text_only_gradient_boosting
ds-remote-coop,92,SDM,AI COOP,51.17,53.37767603850564,text_only_gradient_boosting
ds-remote-coop,93,HUED,HUED COOP Program 2026,44.5,52.51821419110078,text_only_gradient_boosting
ds-remote-coop,94,Araamis • أرامس,Araamis COOP Program 2026,44.5,48.902554610170235,text_only_gradient_boosting
ds-remote-coop,95,ARDARA,COOP Training for Students,40.0,46.7912482999245,text_only_gradient_boosting
ds-remote-coop,96,flynas,COOP Trainee / Internship Program,44.5,46.7326830925446,text_only_gradient_boosting
ds-remote-coop,97,Saudi Motorsport Company (SMC),COOP Trainee (IT Asset Project Management),44.5,49.2400623840125,text_only_gradient_boosting
ds-remote-coop,98,Saudi Motorsport Company (SMC),COOP Trainee (Supply Chain Excellence Associate),44.5,52.50595294590257,text_only_gradient_boosting
ds-remote-coop,99,Mobily,Cooperative Training Program,40.0,48.69706498764828,text_only_gradient_boosting
ds-remote-coop,100,Saudi Awwal Bank (SAB),Student Opportunities: Cooperative / Practical Training,40.0,49.02570622061717,text_only_gradient_boosting
ds-remote-coop,101,Alvarez & Marsal,COOP Training Program,40.0,48.69706498764828,text_only_gradient_boosting
ds-remote-coop,102,Visa,COOP Trainee (Jan 2026),40.0,49.27953921280798,text_only_gradient_boosting
ds-remote-coop,103,Zain KSA,Evolve Program (Fresh Graduates),30.0,41.242929027811314,text_only_gradient_boosting
ds-remote-coop,104,Zain KSA,Zain Pioneers Program,34.5,40.493103995072694,text_only_gradient_boosting
ds-remote-coop,105,Savvy Games Group,Cooperative Training Program (Co-op),40.0,49.457625941633665,text_only_gradient_boosting
ds-remote-coop,106,Bank AlJazira,Tamheer Program,30.0,39.03672427895628,text_only_gradient_boosting
ds-remote-coop,107,sirar by stc,Cooperative Training Program,44.5,54.33123232679573,text_only_gradient_boosting
ds-remote-coop,108,Gathern,Co-op Program,55.0,53.14367385811206,text_only_gradient_boosting
ds-remote-coop,109,Elm Company (شركة علم),Coop Training - Computer Science (Jan/Mar/Jun/Aug 2025 Intake),44.5,49.27953921280798,text_only_gradient_boosting
ds-remote-coop,110,Elm Company (شركة علم),Co-Op Training - Information Technology (Jun & Aug 2025 Intake),44.5,49.24932175188757,text_only_gradient_boosting
ds-remote-coop,111,EJADA,COOP Administration & Support Engineer,40.0,50.75665066822156,text_only_gradient_boosting
ds-remote-coop,112,Emdad By Elm,Network Cooperative Training (Network Intern),44.5,47.64989173976211,text_only_gradient_boosting
ds-remote-coop,113,AILA,Co-op Training Programme,49.5,51.34114731279866,text_only_gradient_boosting
ds-remote-coop,114,Foodics,Foodics 360 Internship Program,34.5,41.916984025260994,text_only_gradient_boosting
ds-remote-coop,115,Salla,برنامج التدريب التعاوني (Coop Training) – Salla,44.5,48.902554610170235,text_only_gradient_boosting
ds-remote-coop,116,Lucidya,Technical Internship or Coop – Lucidya,44.5,53.669571683539,text_only_gradient_boosting
ds-remote-coop,117,Diriyah Company,Diriyah Co-op Training Program,40.0,46.748911299679705,text_only_gradient_boosting
ds-remote-coop,118,Riyadh Air,Co-op – Riyadh Air,40.0,47.25769479198062,text_only_gradient_boosting
ds-remote-coop,119,Jahez Group,Jahez Internship Program (as described in Sustainability Report),30.0,40.38884954533902,text_only_gradient_boosting
ds-remote-coop,120,Lumi | لومي,COOP Intern 2025 – Lumi,40.0,46.63575271300068,text_only_gradient_boosting
ds-remote-coop,121,webook.com,COOP Trainee Opportunities – webook.com,40.0,46.7912482999245,text_only_gradient_boosting
ds-remote-coop,122,moneymoon,Tech & AI Co-op Program 2025,51.17,54.830602933104366,text_only_gradient_boosting
ds-remote-coop,123,EjadTech - إيجاد التقنية,"Summer Internship Program 2025 (Computer, Data, and AI Majors)",53.17,49.43451031117852,text_only_gradient_boosting
ds-remote-coop,124,InnovationTeam,Java Microservices Internship Programme (Saudi Nationals),36.0,48.107020806445384,text_only_gradient_boosting
ds-remote-coop,125,Tamkeen Technologies,On the Job Training (Internship Program) — Technology field,34.5,42.58320339600662,text_only_gradient_boosting
ds-remote-coop,126,Trendyol Group,Trendyol Tech Talent - Bootcamp & COOP Internship Program (Saudi Students Only),46.0,46.7768710308111,text_only_gradient_boosting
ds-remote-coop,127,Ninja نينجا,COOP Training Program,46.0,45.921917221005195,text_only_gradient_boosting
ds-remote-coop,128,SCAI | سكاي,CO-OP Training Opportunities (Intern),51.17,54.33123232679573,text_only_gradient_boosting
ds-remote-coop,129,WalaPlus,Coop & Tamheer Opportunities,44.5,47.982725230466336,text_only_gradient_boosting
ds-remote-coop,130,Aon,IT Co-op Trainee 2026,44.5,48.06404494932213,text_only_gradient_boosting
ds-remote-coop,131,Hewlett Packard Enterprise (HPE),College Intern (Coop),44.5,48.05478558144706,text_only_gradient_boosting
ds-remote-coop,132,Signify,KSA Coop Internship Program,44.5,47.982725230466336,text_only_gradient_boosting
ds-remote-coop,133,Help AG (e& enterprise),Cybersecurity Intern,30.0,42.25908216238417,text_only_gradient_boosting
ds-remote-coop,134,TrendAI (Trend Micro),CyberGATE Internship Program,34.5,42.25908216238417,text_only_gradient_boosting
ds-remote-coop,135,Golf Saudi,IT Co-op Trainee,44.5,48.05478558144706,text_only_gradient_boosting
ds-remote-coop,136,Siemens Healthineers,Healthineers Early Talent Program – IT (Riyadh),34.5,42.01528461946764,text_only_gradient_boosting
ds-remote-coop,137,1957 Ventures,Internship / Co-Op Program,44.5,49.24932175188757,text_only_gradient_boosting
ds-remote-coop,138,Nokia,Graduate Trainee (Saudi Arabia) – Fledgers Program,41.17,47.34659148397002,text_only_gradient_boosting
ds-remote-coop,139,Ericsson,Summer Interns (Ericsson Saudi),34.5,43.230155860845926,text_only_gradient_boosting
ds-remote-coop,140,Bosch Middle East,Software Development Intern (AI/Cloud),51.67,48.730986621742794,text_only_gradient_boosting
ds-remote-coop,141,Saudi Payments | المدفوعات السعودية,COOP Training – August 2024,44.5,49.98675815754508,text_only_gradient_boosting
ds-remote-coop,142,Saudi Tadawul Group | تداول,Cooperative Training Program (COOP),44.5,55.055844209852744,text_only_gradient_boosting
ds-remote-coop,143,Lean Technologies,Software Engineering Intern – KSA,41.17,50.194939491626116,text_only_gradient_boosting
ds-remote-coop,144,Mirai (Scopely) | مِراي,AI Engineering Intern (GenAI),41.17,46.755240405769094,text_only_gradient_boosting
ds-remote-coop,145,HungerStation | هنقرستيشن,"Co-OP Trainee, Data Analysis – Info Sec",51.17,57.06019961314744,text_only_gradient_boosting
ds-remote-coop,146,NCGR | المركز الوطني لنظم الموارد الحكومية,Coop Training Program,44.5,49.67066333386383,text_only_gradient_boosting
ds-remote-coop,147,nybl,nybl Graduate Programme – Saudi Nationals (AI Bootcamp),30.0,38.60404571527144,text_only_gradient_boosting
ds-remote-coop,148,Procter & Gamble (P&G),P&G LEADgen Internship Program 2026 (Riyadh),34.5,43.230155860845926,text_only_gradient_boosting
ds-remote-coop,149,New Murabba | المربع الجديد,New Murabba Co-op Training Program,44.5,49.27953921280798,text_only_gradient_boosting
ds-remote-coop,150,Boeing Saudi Arabia Limited,Intern - Info Technology & Data Analytics (Riyadh),34.5,46.35632008028568,text_only_gradient_boosting
ds-remote-coop,151,Motorola Solutions,Deployment Engineer Intern (KSA National - Tamheer Program),34.5,41.04491907549615,text_only_gradient_boosting
ds-remote-coop,152,Schneider Electric,Co-op Intern (Engineering) - Al Khobar (Jan–Aug 2026),44.5,48.06404494932213,text_only_gradient_boosting
ds-remote-coop,153,Lockheed Martin,Tamheer Space Internship (Riyadh),34.5,41.292681335277905,text_only_gradient_boosting
ds-remote-coop,154,Markaba | مركبة,Start-up Software Intern – TAMHEER (Saudi nationals only),36.0,36.924100740405834,text_only_gradient_boosting
ds-remote-coop,155,Laverne Group | مجموعة لافيرن,Data Analyst / Data Engineer Intern (IT Department),34.5,48.322788791049064,text_only_gradient_boosting
ds-remote-coop,156,Meel | ميل,"Software Developer Internship (Remote, min 2 months)",39.5,49.20058370648212,text_only_gradient_boosting
ds-remote-coop,157,Nahdi Medical Co.,IT Internship / COOP Program (6 months),44.5,49.27953921280798,text_only_gradient_boosting
ds-remote-coop,158,SMART Technology Solutions | سمارت لحلول التقنية,R&D Intern (Riyadh),34.5,40.38884954533902,text_only_gradient_boosting
ds-remote-coop,159,Knodemy Inc.,AI Developer & Tech Trainer Intern - Riyadh,41.17,43.230155860845926,text_only_gradient_boosting
ds-remote-coop,160,Water Transmission Company | شركة نقل المياه,Tamheer Internship Program (HRIS / Engineering & PM - Riyadh),34.5,42.977710645127935,text_only_gradient_boosting
ds-remote-coop,161,AFNOYS,"AI Automation Intern - KSA (Remote, 4 weeks)",39.5,45.24563863209102,text_only_gradient_boosting
ds-remote-coop,162,SAS,CareerStart@SAS 2026 - Presales Customer Intelligence Intern (Riyadh),38.0,43.30470385706095,text_only_gradient_boosting
ds-remote-coop,163,Devoteam,Trainee - Future Leaders Program (Co-op/Fresh Graduate),46.0,48.93570291166011,text_only_gradient_boosting
ds-remote-coop,164,ضالتي Dhallaty,Tech Intern: Fresh Grad or Student,38.0,43.344180685856436,text_only_gradient_boosting
ds-remote-coop,165,Innovative Solutions SA,Presales - Tamheer,31.5,38.5210881420196,text_only_gradient_boosting
ds-remote-coop,166,HUMAIN,Tamheer Program (Software Engineer / Cybersecurity / MIS),36.0,41.462587131328746,text_only_gradient_boosting
ds-remote-coop,167,TAM | تام,"Tamheer Opportunity, Advisory",31.5,18.83094636484705,text_only_gradient_boosting
ds-remote-coop,168,هيئة التأمين | Insurance Authority,Tamheer Opportunity - Specialist of Information Security,31.5,37.98850435836855,text_only_gradient_boosting
ds-remote-coop,169,Snbla | سنبله,Paid Internship Program (FinTech),38.0,44.06614461602244,text_only_gradient_boosting
ds-remote-coop,170,2P Perfect Presentation,Data Analyst (Tamheer),36.0,40.26340658823134,text_only_gradient_boosting
ds-remote-coop,171,Infosys,Summer Intern (Infosys InStep ’26 – Bangalore),28.0,40.50117805472352,text_only_gradient_boosting
ds-remote-coop,172,شركة الخدمات المدارة | Managed Services Company,Intern Cybersecurity Engineer,36.0,41.033725677947636,text_only_gradient_boosting
ds-remote-coop,173,Abunayyan Holding,Data Analyst (Tamheer),36.0,38.55529545792712,text_only_gradient_boosting
ds-gpa-ielts,1,Saudi Aramco,University Internship Program (UIP),33.33,42.23684154766748,text_only_gradient_boosting
ds-gpa-ielts,2,SABIC,COOP Training Program,36.33,38.45661873933762,text_only_gradient_boosting
ds-gpa-ielts,3,stc (Saudi Telecom Company),Cooperative Training Program (COOP),40.0,40.46287225569374,text_only_gradient_boosting
ds-gpa-ielts,4,Saudi National Bank (SNB),SNB Cooperative Training Program,38.33,38.97605907668803,text_only_gradient_boosting
ds-gpa-ielts,5,Al Rajhi Bank,Cooperative Training Program,35.0,38.45661873933762,text_only_gradient_boosting
ds-gpa-ielts,6,Capital Market Authority (CMA),COOP Program,40.0,38.20938056265224,text_only_gradient_boosting
ds-gpa-ielts,7,Digital Government Authority (DGA),Maidan Cooperative Training Program,40.0,38.05636534651654,text_only_gradient_boosting
ds-gpa-ielts,8,KPMG Saudi Arabia,COOP & Internship Programs,35.0,38.61211432626144,text_only_gradient_boosting
ds-gpa-ielts,9,PwC Middle East,"Deals, COOP and Summer Internship Programme (2026)",44.5,41.86132430028548,text_only_gradient_boosting
ds-gpa-ielts,10,Deloitte Middle East (KSA),Jusoor Al Sharqiyah Internship Program,44.5,50.89669579351968,text_only_gradient_boosting
ds-gpa-ielts,11,Bank Albilad,Cooperative & Summer Training Program,39.5,39.9319789926205,text_only_gradient_boosting
ds-gpa-ielts,12,Tamara,Tamara Builders Program,44.5,38.64311508304813,text_only_gradient_boosting
ds-gpa-ielts,13,Bupa Arabia,Cooperative Training Program,40.0,38.20938056265224,text_only_gradient_boosting
ds-gpa-ielts,14,Saudi Exports (Saudi Export Development Authority),COOP & Summer Training (FAQ-confirmed),35.0,38.20938056265224,text_only_gradient_boosting
ds-gpa-ielts,15,Local Content and Government Procurement Authority (LCGPA),COOP Training (role posting),40.0,42.246100915542556,text_only_gradient_boosting
ds-gpa-ielts,16,McKinsey & Company (Maqdira),Maqdira Fellowship Program,44.5,38.55354911888154,text_only_gradient_boosting
ds-gpa-ielts,17,Boston Consulting Group (BCG),Visiting Associate Internship (Riyadh),40.0,38.64311508304813,text_only_gradient_boosting
ds-gpa-ielts,18,Bain & Company,COOP Training Program (Riyadh),40.0,38.55354911888154,text_only_gradient_boosting
ds-gpa-ielts,19,Amazon Web Services (AWS),IT/Computer Hardware Internship (Intern-to-FTE Pathway),54.5,51.45735151783547,text_only_gradient_boosting
ds-gpa-ielts,20,Amazon Web Services (AWS) - Associate Solutions Architect Intern,Associate Solutions Architect Intern (2026),54.5,51.10178136946162,text_only_gradient_boosting
ds-gpa-ielts,21,Google (Saudi Arabia),Google Careers (Saudi location filter),43.0,41.79711287043817,text_only_gradient_boosting
ds-gpa-ielts,22,BlackRock,Client & Product Summer Internship Programme (EMEA) - includes Riyadh,62.33,57.64817965546458,text_only_gradient_boosting
ds-gpa-ielts,23,noon,Student Internship,50.0,48.636508925028465,text_only_gradient_boosting
ds-gpa-ielts,24,MOZN,Data Science Intern,65.67,67.25539049321497,text_only_gradient_boosting
ds-gpa-ielts,25,Elm,Elm Co-op Training Program (March 2026 Intake),40.0,38.55354911888154,text_only_gradient_boosting
ds-gpa-ielts,26,Yasref,Yasref Cooperative Training Program,37.5,40.2649229862604,text_only_gradient_boosting
ds-gpa-ielts,27,"Saudi Standards, Metrology and Quality Organization (SASO)",Cooperative Training (Collaborative Training),44.5,39.9319789926205,text_only_gradient_boosting
ds-gpa-ielts,28,"Zakat, Tax and Customs Authority (ZATCA)",Binaa-Alkafaat Program,35.0,36.5231815412527,text_only_gradient_boosting
ds-gpa-ielts,29,Human Resources Development Fund (HRDF) – Cooperative Training Product,Cooperative Training (HRDF product),10.5,18.992720570240216,text_only_gradient_boosting
ds-gpa-ielts,30,EXPRO,COOP Training (Future Makers Program),40.0,38.62272276730497,text_only_gradient_boosting
ds-gpa-ielts,31,Ministry of Industry and Mineral Resources (MIM) – Cooperative Training Initiative,Cooperative Training Initiative,10.5,17.868411541970314,text_only_gradient_boosting
ds-gpa-ielts,32,TBC (The Beauty Company),Cooperative Training Program,35.0,34.852358816760784,text_only_gradient_boosting
ds-gpa-ielts,33,National Center for Vegetation Cover Development & Combating Desertification (NCVC),COOP Training Program,40.0,38.64311508304813,text_only_gradient_boosting
ds-gpa-ielts,34,Saudi Power Procurement Company (SPPC),Future Power – COOP Training Program,40.0,40.26508166921659,text_only_gradient_boosting
ds-gpa-ielts,35,TBC (Tatweer Building Company),Cooperative Training Program,40.0,38.64311508304813,text_only_gradient_boosting
ds-gpa-ielts,36,PwC Middle East (Assurance COOP & Summer Internship Programme 2026),"Assurance, COOP and Summer Internship Programme 2026 – Middle East",44.5,42.23684154766748,text_only_gradient_boosting
ds-gpa-ielts,37,KAPSARC,Intern (Coop- Trainee),52.33,44.76293387549413,text_only_gradient_boosting
ds-gpa-ielts,38,BSF (Banque Saudi Fransi),COOP / Internship,33.33,42.27972006555092,text_only_gradient_boosting
ds-gpa-ielts,39,Saudi Food & Drug Authority (SFDA),COOP training (First semester 2025-2026 intake),35.0,40.36822917661785,text_only_gradient_boosting
ds-gpa-ielts,40,Saudi Power Procurement Company (SPPC) – Future Power (Business Admin COOP),Future Power – Business Administration COOP Training Program,43.33,42.23684154766748,text_only_gradient_boosting
ds-gpa-ielts,41,Bank Albilad,Cooperative and Summer Training Program,43.33,40.6373611636393,text_only_gradient_boosting
ds-gpa-ielts,42,The Saudi National Bank (SNB),SNB Rowad Program,40.0,36.0259977688877,text_only_gradient_boosting
ds-gpa-ielts,43,National Cybersecurity Authority (NCA) – Academy,Cybersecurity training programs (academy),45.0,44.74678335812294,text_only_gradient_boosting
ds-gpa-ielts,44,PIF | Graduate Development Program,Graduate Development Program (GDP),55.67,48.291832924993365,text_only_gradient_boosting
ds-gpa-ielts,45,NEOM | GrOW (Graduates Opportunities in Work),GrOW (Graduates Opportunities in Work),39.33,39.96141361375199,text_only_gradient_boosting
ds-gpa-ielts,46,ROSHN | COOP Trainee Program,COOP Trainee Program,43.33,38.97605907668803,text_only_gradient_boosting
ds-gpa-ielts,47,Microsoft | Ru'aa Program (Riyadh),Ru'aa Program Internship (Solution Engineering),54.5,53.41538251561578,text_only_gradient_boosting
ds-gpa-ielts,48,Oracle | Business Development Intern (KSA market),Business Development Intern (KSA market),41.5,44.44998186073806,text_only_gradient_boosting
ds-gpa-ielts,49,SAP | Student Internship (Riyadh),Student Internship - Riyadh,50.0,49.202866345816894,text_only_gradient_boosting
ds-gpa-ielts,50,SAB (Saudi Awwal Bank) | Cooperative Training Programme (COOP),SAB Cooperative Training Programme (COOP),40.0,38.64311508304813,text_only_gradient_boosting
ds-gpa-ielts,51,Ministry of Finance (Saudi Arabia) | Cooperative Training Program,Cooperative Training Program,39.83,32.82425280645302,text_only_gradient_boosting
ds-gpa-ielts,52,Ministry of Industry and Mineral Resources | Cooperative Training,Cooperative Training Initiative,31.5,30.413370831603782,text_only_gradient_boosting
ds-gpa-ielts,53,King Fahd Causeway Authority | Internship Program,Internship Program,49.33,46.596384954314004,text_only_gradient_boosting
ds-gpa-ielts,54,Tawuniya | Tamheer Program (Fresh Graduates),Tamheer Program,50.83,45.02689623773973,text_only_gradient_boosting
ds-gpa-ielts,55,SAMA | SAMA Professional Program (SPP),SAMA Professional Program (SPP),36.5,34.64035552918649,text_only_gradient_boosting
ds-gpa-ielts,56,HRDF | Cooperative Training Product,Cooperative Training Product,31.5,34.66190580126502,text_only_gradient_boosting
ds-gpa-ielts,57,IBM,"Automation, Data & AI – Intern",51.0,50.026948925434006,text_only_gradient_boosting
ds-gpa-ielts,58,Unifonic,Internship (Unifonic),54.5,48.636508925028465,text_only_gradient_boosting
ds-gpa-ielts,59,Misk Foundation,Misk Traineeship / Internship Program,46.33,43.268057926889696,text_only_gradient_boosting
ds-gpa-ielts,60,Cisco,Cisco NetVersity (Saudi Arabia),45.83,44.74678335812294,text_only_gradient_boosting
ds-gpa-ielts,61,KAUST,Visiting Student Research Program (VSRP) Internship,43.33,49.0105240771549,text_only_gradient_boosting
ds-gpa-ielts,62,General Authority for Statistics (GASTAT),Cooperative Training Program,52.33,47.447289995182004,text_only_gradient_boosting
ds-gpa-ielts,63,Saudi Center for Opinion Polling (SCOP),Cooperative Training Program,52.33,48.736312587710565,text_only_gradient_boosting
ds-gpa-ielts,64,Al Rajhi Takaful,Cooperative Training Program,43.33,42.843570162710655,text_only_gradient_boosting
ds-gpa-ielts,65,Expenditure & Projects Efficiency Authority (EXPRO),Future Makers (صنّاع المستقبل) – Cooperative Training,40.0,38.64311508304813,text_only_gradient_boosting
ds-gpa-ielts,66,Ministry of Finance (Saudi Arabia),Cooperative Training Program (Ministry of Finance),43.33,40.26508166921659,text_only_gradient_boosting
ds-gpa-ielts,67,General Entertainment Authority (GEA),GEA Cooperative Training Program,40.0,38.61211432626144,text_only_gradient_boosting
ds-gpa-ielts,68,Banque Saudi Fransi (BSF),COOP Training,43.33,42.27972006555092,text_only_gradient_boosting
ds-gpa-ielts,69,Arab National Bank (ANB),COOP Trainee,40.0,40.47125713567195,text_only_gradient_boosting
ds-gpa-ielts,70,Tamara,Builders Program,40.0,40.20043374286647,text_only_gradient_boosting
ds-gpa-ielts,71,OmniOps,Co‑op Training Program,49.0,50.84539975423546,text_only_gradient_boosting
ds-gpa-ielts,72,Tatweer Educational Technologies (TETCO),Cooperative Training Program,47.83,44.76293387549413,text_only_gradient_boosting
ds-gpa-ielts,73,The Saudi Investment Bank (SAIB),Cooperative Program,40.0,40.65775347938246,text_only_gradient_boosting
ds-gpa-ielts,74,Saudi Awwal Bank (SAB),COOP Program,40.0,40.6373611636393,text_only_gradient_boosting
ds-gpa-ielts,75,Riyad Bank,Internships and Coop Trainings (CSR 2019),40.0,40.35344895900217,text_only_gradient_boosting
ds-gpa-ielts,76,Tabby,Intern DevOps Engineer,49.5,51.99800780302963,text_only_gradient_boosting
ds-gpa-ielts,77,Tabby,Intern Backend (GO) Engineer,52.83,52.95721278942417,text_only_gradient_boosting
ds-gpa-ielts,78,Tabby,Intern Frontend Engineer,54.5,53.48017579040925,text_only_gradient_boosting
ds-gpa-ielts,79,Tabby,Intern Data Engineer,65.67,64.90195933814881,text_only_gradient_boosting
ds-gpa-ielts,80,Tabby,No-Code / AI Agents Engineering Intern,54.5,49.116739412726915,text_only_gradient_boosting
ds-gpa-ielts,81,Bank Albilad,Cooperative Training Program,38.33,42.27972006555092,text_only_gradient_boosting
ds-gpa-ielts,82,Saudi Ground Services (SGS),COOP Program,33.33,38.64311508304813,text_only_gradient_boosting
ds-gpa-ielts,83,CEER,Cooperative Training Program (COOP),43.33,38.64311508304813,text_only_gradient_boosting
ds-gpa-ielts,84,Al Rajhi Takaful,Coop Training Program,43.33,42.07669795106453,text_only_gradient_boosting
ds-gpa-ielts,85,TAWAL,COOP Training Program,47.83,44.76293387549413,text_only_gradient_boosting
ds-gpa-ielts,86,Wakeb_Data,COOP Training,47.83,40.879197219330926,text_only_gradient_boosting
ds-gpa-ielts,87,Banque Saudi Fransi (BSF),Coop Training Program,43.33,42.27972006555092,text_only_gradient_boosting
ds-gpa-ielts,88,Tech Economy,COOP Training Program,40.0,42.27972006555092,text_only_gradient_boosting
ds-gpa-ielts,89,SAMI Advanced Electronics (SAMI-AEC),Coop Trainee,43.33,42.27972006555092,text_only_gradient_boosting
ds-gpa-ielts,90,NHC,COOP Trainee,38.33,40.47125713567195,text_only_gradient_boosting
ds-gpa-ielts,91,REMAT ADVANCED,Cooperative Training Program,47.83,41.78367154524604,text_only_gradient_boosting
ds-gpa-ielts,92,SDM,AI COOP,47.83,46.294501055580874,text_only_gradient_boosting
ds-gpa-ielts,93,HUED,HUED COOP Program 2026,47.83,44.76293387549413,text_only_gradient_boosting
ds-gpa-ielts,94,Araamis • أرامس,Araamis COOP Program 2026,52.33,41.86132430028548,text_only_gradient_boosting
ds-gpa-ielts,95,ARDARA,COOP Training for Students,43.33,38.64311508304813,text_only_gradient_boosting
ds-gpa-ielts,96,flynas,COOP Trainee / Internship Program,44.5,38.61211432626144,text_only_gradient_boosting
ds-gpa-ielts,97,Saudi Motorsport Company (SMC),COOP Trainee (IT Asset Project Management),34.5,42.23684154766748,text_only_gradient_boosting
ds-gpa-ielts,98,Saudi Motorsport Company (SMC),COOP Trainee (Supply Chain Excellence Associate),39.0,49.26689498794108,text_only_gradient_boosting
ds-gpa-ielts,99,Mobily,Cooperative Training Program,40.0,40.65775347938246,text_only_gradient_boosting
ds-gpa-ielts,100,Saudi Awwal Bank (SAB),Student Opportunities: Cooperative / Practical Training,40.0,40.65775347938246,text_only_gradient_boosting
ds-gpa-ielts,101,Alvarez & Marsal,COOP Training Program,43.33,40.65775347938246,text_only_gradient_boosting
ds-gpa-ielts,102,Visa,COOP Trainee (Jan 2026),40.0,42.246100915542556,text_only_gradient_boosting
ds-gpa-ielts,103,Zain KSA,Evolve Program (Fresh Graduates),40.0,40.8275577673088,text_only_gradient_boosting
ds-gpa-ielts,104,Zain KSA,Zain Pioneers Program,44.5,42.498504368198496,text_only_gradient_boosting
ds-gpa-ielts,105,Savvy Games Group,Cooperative Training Program (Co-op),40.0,42.27972006555092,text_only_gradient_boosting
ds-gpa-ielts,106,Bank AlJazira,Tamheer Program,40.0,39.26511580690307,text_only_gradient_boosting
ds-gpa-ielts,107,sirar by stc,Cooperative Training Program,44.5,46.25917721784548,text_only_gradient_boosting
ds-gpa-ielts,108,Gathern,Co-op Program,49.0,45.50331373789322,text_only_gradient_boosting
ds-gpa-ielts,109,Elm Company (شركة علم),Coop Training - Computer Science (Jan/Mar/Jun/Aug 2025 Intake),47.83,41.97951308696635,text_only_gradient_boosting
ds-gpa-ielts,110,Elm Company (شركة علم),Co-Op Training - Information Technology (Jun & Aug 2025 Intake),47.83,42.246100915542556,text_only_gradient_boosting
ds-gpa-ielts,111,EJADA,COOP Administration & Support Engineer,40.0,43.97085067672008,text_only_gradient_boosting
ds-gpa-ielts,112,Emdad By Elm,Network Cooperative Training (Network Intern),34.5,42.021854913766205,text_only_gradient_boosting
ds-gpa-ielts,113,AILA,Co-op Training Programme,39.5,40.88680001635194,text_only_gradient_boosting
ds-gpa-ielts,114,Foodics,Foodics 360 Internship Program,54.5,51.16192466083384,text_only_gradient_boosting
ds-gpa-ielts,115,Salla,برنامج التدريب التعاوني (Coop Training) – Salla,34.5,41.86132430028548,text_only_gradient_boosting
ds-gpa-ielts,116,Lucidya,Technical Internship or Coop – Lucidya,34.5,46.65505220859615,text_only_gradient_boosting
ds-gpa-ielts,117,Diriyah Company,Diriyah Co-op Training Program,43.33,40.46287225569374,text_only_gradient_boosting
ds-gpa-ielts,118,Riyadh Air,Co-op – Riyadh Air,43.33,38.97605907668803,text_only_gradient_boosting
ds-gpa-ielts,119,Jahez Group,Jahez Internship Program (as described in Sustainability Report),50.0,50.02799369770845,text_only_gradient_boosting
ds-gpa-ielts,120,Lumi | لومي,COOP Intern 2025 – Lumi,43.33,38.55354911888154,text_only_gradient_boosting
ds-gpa-ielts,121,webook.com,COOP Trainee Opportunities – webook.com,40.0,38.64311508304813,text_only_gradient_boosting
ds-gpa-ielts,122,moneymoon,Tech & AI Co-op Program 2025,47.83,48.05876603194187,text_only_gradient_boosting
ds-gpa-ielts,123,EjadTech - إيجاد التقنية,"Summer Internship Program 2025 (Computer, Data, and AI Majors)",58.83,55.9464039939075,text_only_gradient_boosting
ds-gpa-ielts,124,InnovationTeam,Java Microservices Internship Programme (Saudi Nationals),54.33,54.700361685068,text_only_gradient_boosting
ds-gpa-ielts,125,Tamkeen Technologies,On the Job Training (Internship Program) — Technology field,54.5,51.16192466083384,text_only_gradient_boosting
ds-gpa-ielts,126,Trendyol Group,Trendyol Tech Talent - Bootcamp & COOP Internship Program (Saudi Students Only),41.0,40.741417949322724,text_only_gradient_boosting
ds-gpa-ielts,127,Ninja نينجا,COOP Training Program,41.0,38.827861630869556,text_only_gradient_boosting
ds-gpa-ielts,128,SCAI | سكاي,CO-OP Training Opportunities (Intern),51.17,46.25917721784548,text_only_gradient_boosting
ds-gpa-ielts,129,WalaPlus,Coop & Tamheer Opportunities,44.5,41.78367154524604,text_only_gradient_boosting
ds-gpa-ielts,130,Aon,IT Co-op Trainee 2026,44.5,42.04100000594717,text_only_gradient_boosting
ds-gpa-ielts,131,Hewlett Packard Enterprise (HPE),College Intern (Coop),44.5,42.04100000594717,text_only_gradient_boosting
ds-gpa-ielts,132,Signify,KSA Coop Internship Program,44.5,41.66548275856517,text_only_gradient_boosting
ds-gpa-ielts,133,Help AG (e& enterprise),Cybersecurity Intern,50.0,51.04826259700531,text_only_gradient_boosting
ds-gpa-ielts,134,TrendAI (Trend Micro),CyberGATE Internship Program,54.5,51.04826259700531,text_only_gradient_boosting
ds-gpa-ielts,135,Golf Saudi,IT Co-op Trainee,44.5,42.04100000594717,text_only_gradient_boosting
ds-gpa-ielts,136,Siemens Healthineers,Healthineers Early Talent Program – IT (Riyadh),54.5,51.54356828358623,text_only_gradient_boosting
ds-gpa-ielts,137,1957 Ventures,Internship / Co-Op Program,47.83,42.23684154766748,text_only_gradient_boosting
ds-gpa-ielts,138,Nokia,Graduate Trainee (Saudi Arabia) – Fledgers Program,52.33,54.02726690294546,text_only_gradient_boosting
ds-gpa-ielts,139,Ericsson,Summer Interns (Ericsson Saudi),54.5,51.546701276090914,text_only_gradient_boosting
ds-gpa-ielts,140,Bosch Middle East,Software Development Intern (AI/Cloud),62.33,66.23822729791449,text_only_gradient_boosting
ds-gpa-ielts,141,Saudi Payments | المدفوعات السعودية,COOP Training – August 2024,52.33,42.83431079483558,text_only_gradient_boosting
ds-gpa-ielts,142,Saudi Tadawul Group | تداول,Cooperative Training Program (COOP),47.83,48.083102896194085,text_only_gradient_boosting
ds-gpa-ielts,143,Lean Technologies,Software Engineering Intern – KSA,61.17,57.890050124834,text_only_gradient_boosting
ds-gpa-ielts,144,Mirai (Scopely) | مِراي,AI Engineering Intern (GenAI),57.83,55.290340658958144,text_only_gradient_boosting
ds-gpa-ielts,145,HungerStation | هنقرستيشن,"Co-OP Trainee, Data Analysis – Info Sec",55.67,58.462935429961725,text_only_gradient_boosting
ds-gpa-ielts,146,NCGR | المركز الوطني لنظم الموارد الحكومية,Coop Training Program,47.83,42.22689285795908,text_only_gradient_boosting
ds-gpa-ielts,147,nybl,nybl Graduate Programme – Saudi Nationals (AI Bootcamp),40.0,39.320755195714455,text_only_gradient_boosting
ds-gpa-ielts,148,Procter & Gamble (P&G),P&G LEADgen Internship Program 2026 (Riyadh),54.5,51.53744190821584,text_only_gradient_boosting
ds-gpa-ielts,149,New Murabba | المربع الجديد,New Murabba Co-op Training Program,47.83,42.246100915542556,text_only_gradient_boosting
ds-gpa-ielts,150,Boeing Saudi Arabia Limited,Intern - Info Technology & Data Analytics (Riyadh),59.0,58.252363352852676,text_only_gradient_boosting
ds-gpa-ielts,151,Motorola Solutions,Deployment Engineer Intern (KSA National - Tamheer Program),44.5,44.83943314467343,text_only_gradient_boosting
ds-gpa-ielts,152,Schneider Electric,Co-op Intern (Engineering) - Al Khobar (Jan–Aug 2026),34.5,42.04100000594717,text_only_gradient_boosting
ds-gpa-ielts,153,Lockheed Martin,Tamheer Space Internship (Riyadh),44.5,40.821459127549865,text_only_gradient_boosting
ds-gpa-ielts,154,Markaba | مركبة,Start-up Software Intern – TAMHEER (Saudi nationals only),41.0,39.33256309553484,text_only_gradient_boosting
ds-gpa-ielts,155,Laverne Group | مجموعة لافيرن,Data Analyst / Data Engineer Intern (IT Department),68.33,63.14249290933017,text_only_gradient_boosting
ds-gpa-ielts,156,Meel | ميل,"Software Developer Internship (Remote, min 2 months)",44.5,53.771193948980844,text_only_gradient_boosting
ds-gpa-ielts,157,Nahdi Medical Co.,IT Internship / COOP Program (6 months),39.5,42.246100915542556,text_only_gradient_boosting
ds-gpa-ielts,158,SMART Technology Solutions | سمارت لحلول التقنية,R&D Intern (Riyadh),54.5,50.106196282721704,text_only_gradient_boosting
ds-gpa-ielts,159,Knodemy Inc.,AI Developer & Tech Trainer Intern - Riyadh,57.83,51.546701276090914,text_only_gradient_boosting
ds-gpa-ielts,160,Water Transmission Company | شركة نقل المياه,Tamheer Internship Program (HRIS / Engineering & PM - Riyadh),44.5,45.8144732138495,text_only_gradient_boosting
ds-gpa-ielts,161,AFNOYS,"AI Automation Intern - KSA (Remote, 4 weeks)",44.5,49.50865660142591,text_only_gradient_boosting
ds-gpa-ielts,162,SAS,CareerStart@SAS 2026 - Presales Customer Intelligence Intern (Riyadh),57.5,50.93990222692005,text_only_gradient_boosting
ds-gpa-ielts,163,Devoteam,Trainee - Future Leaders Program (Co-op/Fresh Graduate),44.33,41.6751519006459,text_only_gradient_boosting
ds-gpa-ielts,164,ضالتي Dhallaty,Tech Intern: Fresh Grad or Student,53.0,50.94916159479512,text_only_gradient_boosting
ds-gpa-ielts,165,Innovative Solutions SA,Presales - Tamheer,36.5,41.393194883394706,text_only_gradient_boosting
ds-gpa-ielts,166,HUMAIN,Tamheer Program (Software Engineer / Cybersecurity / MIS),41.0,43.72443222962161,text_only_gradient_boosting
ds-gpa-ielts,167,TAM | تام,"Tamheer Opportunity, Advisory",36.5,23.745652053836313,text_only_gradient_boosting
ds-gpa-ielts,168,هيئة التأمين | Insurance Authority,Tamheer Opportunity - Specialist of Information Security,36.5,40.33728361370756,text_only_gradient_boosting
ds-gpa-ielts,169,Snbla | سنبله,Paid Internship Program (FinTech),53.0,51.36202345499579,text_only_gradient_boosting
ds-gpa-ielts,170,2P Perfect Presentation,Data Analyst (Tamheer),51.5,45.756896667122426,text_only_gradient_boosting
ds-gpa-ielts,171,Infosys,Summer Intern (Infosys InStep ’26 – Bangalore),43.0,50.106196282721704,text_only_gradient_boosting
ds-gpa-ielts,172,شركة الخدمات المدارة | Managed Services Company,Intern Cybersecurity Engineer,51.0,49.71797280549237,text_only_gradient_boosting
ds-gpa-ielts,173,Abunayyan Holding,Data Analyst (Tamheer),51.5,45.06198948831732,text_only_gradient_boosting
de-cloud-dammam,1,Saudi Aramco,University Internship Program (UIP),40.5,40.7307727859472,text_only_gradient_boosting
de-cloud-dammam,2,SABIC,COOP Training Program,36.5,38.032638736517974,text_only_gradient_boosting
de-cloud-dammam,3,stc (Saudi Telecom Company),Cooperative Training Program (COOP),33.5,40.26592111776756,text_only_gradient_boosting
de-cloud-dammam,4,Saudi National Bank (SNB),SNB Cooperative Training Program,38.5,39.14019992731811,text_only_gradient_boosting
de-cloud-dammam,5,Al Rajhi Bank,Cooperative Training Program,38.5,38.032638736517974,text_only_gradient_boosting
de-cloud-dammam,6,Capital Market Authority (CMA),COOP Program,33.5,37.935708356974054,text_only_gradient_boosting
de-cloud-dammam,7,Digital Government Authority (DGA),Maidan Cooperative Training Program,33.5,37.688470180288675,text_only_gradient_boosting
de-cloud-dammam,8,KPMG Saudi Arabia,COOP & Internship Programs,38.5,38.15946120124557,text_only_gradient_boosting
de-cloud-dammam,9,PwC Middle East,"Deals, COOP and Summer Internship Programme (2026)",38.0,41.32943360897328,text_only_gradient_boosting
de-cloud-dammam,10,Deloitte Middle East (KSA),Jusoor Al Sharqiyah Internship Program,49.5,46.549682262417626,text_only_gradient_boosting
de-cloud-dammam,11,Bank Albilad,Cooperative & Summer Training Program,47.5,43.96316412995247,text_only_gradient_boosting
de-cloud-dammam,12,Tamara,Tamara Builders Program,42.5,38.17985351698873,text_only_gradient_boosting
de-cloud-dammam,13,Bupa Arabia,Cooperative Training Program,33.5,37.935708356974054,text_only_gradient_boosting
de-cloud-dammam,14,Saudi Exports (Saudi Export Development Authority),COOP & Summer Training (FAQ-confirmed),38.5,37.688470180288675,text_only_gradient_boosting
de-cloud-dammam,15,Local Content and Government Procurement Authority (LCGPA),COOP Training (role posting),33.5,41.32943360897328,text_only_gradient_boosting
de-cloud-dammam,16,McKinsey & Company (Maqdira),Maqdira Fellowship Program,38.0,38.032638736517974,text_only_gradient_boosting
de-cloud-dammam,17,Boston Consulting Group (BCG),Visiting Associate Internship (Riyadh),33.5,38.67334472272695,text_only_gradient_boosting
de-cloud-dammam,18,Bain & Company,COOP Training Program (Riyadh),33.5,38.032638736517974,text_only_gradient_boosting
de-cloud-dammam,19,Amazon Web Services (AWS),IT/Computer Hardware Internship (Intern-to-FTE Pathway),42.5,47.41085442540434,text_only_gradient_boosting
de-cloud-dammam,20,Amazon Web Services (AWS) - Associate Solutions Architect Intern,Associate Solutions Architect Intern (2026),49.17,46.99518063090214,text_only_gradient_boosting
de-cloud-dammam,21,Google (Saudi Arabia),Google Careers (Saudi location filter),39.0,38.530953640479844,text_only_gradient_boosting
de-cloud-dammam,22,BlackRock,Client & Product Summer Internship Programme (EMEA) - includes Riyadh,44.67,47.548071401427094,text_only_gradient_boosting
de-cloud-dammam,23,noon,Student Internship,33.5,41.45547204787544,text_only_gradient_boosting
de-cloud-dammam,24,MOZN,Data Science Intern,51.33,51.85248203366709,text_only_gradient_boosting
de-cloud-dammam,25,Elm,Elm Co-op Training Program (March 2026 Intake),33.5,38.032638736517974,text_only_gradient_boosting
de-cloud-dammam,26,Yasref,Yasref Cooperative Training Program,45.5,44.153600398940675,text_only_gradient_boosting
de-cloud-dammam,27,"Saudi Standards, Metrology and Quality Organization (SASO)",Cooperative Training (Collaborative Training),42.5,43.96316412995247,text_only_gradient_boosting
de-cloud-dammam,28,"Zakat, Tax and Customs Authority (ZATCA)",Binaa-Alkafaat Program,33.5,31.986629808625516,text_only_gradient_boosting
de-cloud-dammam,29,Human Resources Development Fund (HRDF) – Cooperative Training Product,Cooperative Training (HRDF product),15.5,19.795057366401917,text_only_gradient_boosting
de-cloud-dammam,30,EXPRO,COOP Training (Future Makers Program),33.5,38.17985351698873,text_only_gradient_boosting
de-cloud-dammam,31,Ministry of Industry and Mineral Resources (MIM) – Cooperative Training Initiative,Cooperative Training Initiative,15.5,13.041971010083655,text_only_gradient_boosting
de-cloud-dammam,32,TBC (The Beauty Company),Cooperative Training Program,38.5,37.263879077126404,text_only_gradient_boosting
de-cloud-dammam,33,National Center for Vegetation Cover Development & Combating Desertification (NCVC),COOP Training Program,33.5,38.67334472272695,text_only_gradient_boosting
de-cloud-dammam,34,Saudi Power Procurement Company (SPPC),Future Power – COOP Training Program,33.5,39.252528436702605,text_only_gradient_boosting
de-cloud-dammam,35,TBC (Tatweer Building Company),Cooperative Training Program,33.5,38.67334472272695,text_only_gradient_boosting
de-cloud-dammam,36,PwC Middle East (Assurance COOP & Summer Internship Programme 2026),"Assurance, COOP and Summer Internship Programme 2026 – Middle East",38.0,41.59130500353079,text_only_gradient_boosting
de-cloud-dammam,37,KAPSARC,Intern (Coop- Trainee),42.5,45.12297577156066,text_only_gradient_boosting
de-cloud-dammam,38,BSF (Banque Saudi Fransi),COOP / Internship,33.5,38.158112182360234,text_only_gradient_boosting
de-cloud-dammam,39,Saudi Food & Drug Authority (SFDA),COOP training (First semester 2025-2026 intake),38.5,37.053996792227586,text_only_gradient_boosting
de-cloud-dammam,40,Saudi Power Procurement Company (SPPC) – Future Power (Business Admin COOP),Future Power – Business Administration COOP Training Program,33.5,41.59130500353079,text_only_gradient_boosting
de-cloud-dammam,41,Bank Albilad,Cooperative and Summer Training Program,33.5,36.93296362215934,text_only_gradient_boosting
de-cloud-dammam,42,The Saudi National Bank (SNB),SNB Rowad Program,28.5,31.642461252396217,text_only_gradient_boosting
de-cloud-dammam,43,National Cybersecurity Authority (NCA) – Academy,Cybersecurity training programs (academy),38.5,35.28139479714991,text_only_gradient_boosting
de-cloud-dammam,44,PIF | Graduate Development Program,Graduate Development Program (GDP),39.67,39.673884016069664,text_only_gradient_boosting
de-cloud-dammam,45,NEOM | GrOW (Graduates Opportunities in Work),GrOW (Graduates Opportunities in Work),40.5,38.72900330047681,text_only_gradient_boosting
de-cloud-dammam,46,ROSHN | COOP Trainee Program,COOP Trainee Program,33.5,39.14019992731811,text_only_gradient_boosting
de-cloud-dammam,47,Microsoft | Ru'aa Program (Riyadh),Ru'aa Program Internship (Solution Engineering),42.5,46.485018537423095,text_only_gradient_boosting
de-cloud-dammam,48,Oracle | Business Development Intern (KSA market),Business Development Intern (KSA market),36.5,40.73955128902067,text_only_gradient_boosting
de-cloud-dammam,49,SAP | Student Internship (Riyadh),Student Internship - Riyadh,33.5,41.98846924700454,text_only_gradient_boosting
de-cloud-dammam,50,SAB (Saudi Awwal Bank) | Cooperative Training Programme (COOP),SAB Cooperative Training Programme (COOP),33.5,38.17985351698873,text_only_gradient_boosting
de-cloud-dammam,51,Ministry of Finance (Saudi Arabia) | Cooperative Training Program,Cooperative Training Program,31.5,32.39257422033536,text_only_gradient_boosting
de-cloud-dammam,52,Ministry of Industry and Mineral Resources | Cooperative Training,Cooperative Training Initiative,36.5,29.1550367965939,text_only_gradient_boosting
de-cloud-dammam,53,King Fahd Causeway Authority | Internship Program,Internship Program,45.5,45.21237928669193,text_only_gradient_boosting
de-cloud-dammam,54,Tawuniya | Tamheer Program (Fresh Graduates),Tamheer Program,40.5,42.24578911181278,text_only_gradient_boosting
de-cloud-dammam,55,SAMA | SAMA Professional Program (SPP),SAMA Professional Program (SPP),26.5,31.91307778753973,text_only_gradient_boosting
de-cloud-dammam,56,HRDF | Cooperative Training Product,Cooperative Training Product,36.5,35.09242712095521,text_only_gradient_boosting
de-cloud-dammam,57,IBM,"Automation, Data & AI – Intern",40.5,45.397528206042075,text_only_gradient_boosting
de-cloud-dammam,58,Unifonic,Internship (Unifonic),38.0,41.55473472660865,text_only_gradient_boosting
de-cloud-dammam,59,Misk Foundation,Misk Traineeship / Internship Program,31.5,37.70229702305312,text_only_gradient_boosting
de-cloud-dammam,60,Cisco,Cisco NetVersity (Saudi Arabia),41.0,35.54549251705211,text_only_gradient_boosting
de-cloud-dammam,61,KAUST,Visiting Student Research Program (VSRP) Internship,33.5,40.56490098501757,text_only_gradient_boosting
de-cloud-dammam,62,General Authority for Statistics (GASTAT),Cooperative Training Program,44.67,44.804698355270524,text_only_gradient_boosting
de-cloud-dammam,63,Saudi Center for Opinion Polling (SCOP),Cooperative Training Program,44.67,44.804698355270524,text_only_gradient_boosting
de-cloud-dammam,64,Al Rajhi Takaful,Cooperative Training Program,33.5,39.889192642630306,text_only_gradient_boosting
de-cloud-dammam,65,Expenditure & Projects Efficiency Authority (EXPRO),Future Makers (صنّاع المستقبل) – Cooperative Training,33.5,38.67334472272695,text_only_gradient_boosting
de-cloud-dammam,66,Ministry of Finance (Saudi Arabia),Cooperative Training Program (Ministry of Finance),33.5,39.252528436702605,text_only_gradient_boosting
de-cloud-dammam,67,General Entertainment Authority (GEA),GEA Cooperative Training Program,33.5,38.15946120124557,text_only_gradient_boosting
de-cloud-dammam,68,Banque Saudi Fransi (BSF),COOP Training,33.5,39.11303017329471,text_only_gradient_boosting
de-cloud-dammam,69,Arab National Bank (ANB),COOP Trainee,33.5,36.78574884168859,text_only_gradient_boosting
de-cloud-dammam,70,Tamara,Builders Program,33.5,36.57101028547489,text_only_gradient_boosting
de-cloud-dammam,71,OmniOps,Co‑op Training Program,42.5,46.717340332828265,text_only_gradient_boosting
de-cloud-dammam,72,Tatweer Educational Technologies (TETCO),Cooperative Training Program,42.5,45.44863837882532,text_only_gradient_boosting
de-cloud-dammam,73,The Saudi Investment Bank (SAIB),Cooperative Program,33.5,37.69125697776908,text_only_gradient_boosting
de-cloud-dammam,74,Saudi Awwal Bank (SAB),COOP Program,33.5,36.93296362215934,text_only_gradient_boosting
de-cloud-dammam,75,Riyad Bank,Internships and Coop Trainings (CSR 2019),33.5,36.68881846214467,text_only_gradient_boosting
de-cloud-dammam,76,Tabby,Intern DevOps Engineer,47.5,49.61051680374683,text_only_gradient_boosting
de-cloud-dammam,77,Tabby,Intern Backend (GO) Engineer,54.17,52.19748681328722,text_only_gradient_boosting
de-cloud-dammam,78,Tabby,Intern Frontend Engineer,42.5,48.23749522775047,text_only_gradient_boosting
de-cloud-dammam,79,Tabby,Intern Data Engineer,61.83,58.76610030189769,text_only_gradient_boosting
de-cloud-dammam,80,Tabby,No-Code / AI Agents Engineering Intern,42.5,42.3825583186336,text_only_gradient_boosting
de-cloud-dammam,81,Bank Albilad,Cooperative Training Program,38.5,38.158112182360234,text_only_gradient_boosting
de-cloud-dammam,82,Saudi Ground Services (SGS),COOP Program,33.5,38.67334472272695,text_only_gradient_boosting
de-cloud-dammam,83,CEER,Cooperative Training Program (COOP),33.5,38.67334472272695,text_only_gradient_boosting
de-cloud-dammam,84,Al Rajhi Takaful,Coop Training Program,33.5,38.158112182360234,text_only_gradient_boosting
de-cloud-dammam,85,TAWAL,COOP Training Program,42.5,45.12297577156066,text_only_gradient_boosting
de-cloud-dammam,86,Wakeb_Data,COOP Training,42.5,40.632139612895095,text_only_gradient_boosting
de-cloud-dammam,87,Banque Saudi Fransi (BSF),Coop Training Program,33.5,38.158112182360234,text_only_gradient_boosting
de-cloud-dammam,88,Tech Economy,COOP Training Program,33.5,38.158112182360234,text_only_gradient_boosting
de-cloud-dammam,89,SAMI Advanced Electronics (SAMI-AEC),Coop Trainee,33.5,38.158112182360234,text_only_gradient_boosting
de-cloud-dammam,90,NHC,COOP Trainee,38.5,36.78574884168859,text_only_gradient_boosting
de-cloud-dammam,91,REMAT ADVANCED,Cooperative Training Program,42.5,44.729242384857315,text_only_gradient_boosting
de-cloud-dammam,92,SDM,AI COOP,44.67,45.265162195263805,text_only_gradient_boosting
de-cloud-dammam,93,HUED,HUED COOP Program 2026,42.5,45.12297577156066,text_only_gradient_boosting
de-cloud-dammam,94,Araamis • أرامس,Araamis COOP Program 2026,42.5,41.32943360897328,text_only_gradient_boosting
de-cloud-dammam,95,ARDARA,COOP Training for Students,33.5,38.55593177938289,text_only_gradient_boosting
de-cloud-dammam,96,flynas,COOP Trainee / Internship Program,38.0,38.15946120124557,text_only_gradient_boosting
de-cloud-dammam,97,Saudi Motorsport Company (SMC),COOP Trainee (IT Asset Project Management),38.0,41.59130500353079,text_only_gradient_boosting
de-cloud-dammam,98,Saudi Motorsport Company (SMC),COOP Trainee (Supply Chain Excellence Associate),38.0,45.409320773214034,text_only_gradient_boosting
de-cloud-dammam,99,Mobily,Cooperative Training Program,33.5,37.3090418845535,text_only_gradient_boosting
de-cloud-dammam,100,Saudi Awwal Bank (SAB),Student Opportunities: Cooperative / Practical Training,33.5,37.69125697776908,text_only_gradient_boosting
de-cloud-dammam,101,Alvarez & Marsal,COOP Training Program,33.5,37.69125697776908,text_only_gradient_boosting
de-cloud-dammam,102,Visa,COOP Trainee (Jan 2026),33.5,41.32943360897328,text_only_gradient_boosting
de-cloud-dammam,103,Zain KSA,Evolve Program (Fresh Graduates),28.5,33.357093528460986,text_only_gradient_boosting
de-cloud-dammam,104,Zain KSA,Zain Pioneers Program,37.5,39.94129792050811,text_only_gradient_boosting
de-cloud-dammam,105,Savvy Games Group,Cooperative Training Program (Co-op),33.5,38.158112182360234,text_only_gradient_boosting
de-cloud-dammam,106,Bank AlJazira,Tamheer Program,28.5,34.93265462281181,text_only_gradient_boosting
de-cloud-dammam,107,sirar by stc,Cooperative Training Program,42.5,46.84166537922629,text_only_gradient_boosting
de-cloud-dammam,108,Gathern,Co-op Program,42.5,45.81467113684145,text_only_gradient_boosting
de-cloud-dammam,109,Elm Company (شركة علم),Coop Training - Computer Science (Jan/Mar/Jun/Aug 2025 Intake),38.0,41.32943360897328,text_only_gradient_boosting
de-cloud-dammam,110,Elm Company (شركة علم),Co-Op Training - Information Technology (Jun & Aug 2025 Intake),38.0,41.59130500353079,text_only_gradient_boosting
de-cloud-dammam,111,EJADA,COOP Administration & Support Engineer,33.5,45.131523685822636,text_only_gradient_boosting
de-cloud-dammam,112,Emdad By Elm,Network Cooperative Training (Network Intern),42.5,44.14174320233227,text_only_gradient_boosting
de-cloud-dammam,113,AILA,Co-op Training Programme,43.0,44.69949792485404,text_only_gradient_boosting
de-cloud-dammam,114,Foodics,Foodics 360 Internship Program,38.0,44.542987235463805,text_only_gradient_boosting
de-cloud-dammam,115,Salla,برنامج التدريب التعاوني (Coop Training) – Salla,38.0,41.32943360897328,text_only_gradient_boosting
de-cloud-dammam,116,Lucidya,Technical Internship or Coop – Lucidya,38.0,45.69975336599208,text_only_gradient_boosting
de-cloud-dammam,117,Diriyah Company,Diriyah Co-op Training Program,33.5,39.252528436702605,text_only_gradient_boosting
de-cloud-dammam,118,Riyadh Air,Co-op – Riyadh Air,33.5,39.14019992731811,text_only_gradient_boosting
de-cloud-dammam,119,Jahez Group,Jahez Internship Program (as described in Sustainability Report),33.5,43.508279509083046,text_only_gradient_boosting
de-cloud-dammam,120,Lumi | لومي,COOP Intern 2025 – Lumi,33.5,38.091203943897874,text_only_gradient_boosting
de-cloud-dammam,121,webook.com,COOP Trainee Opportunities – webook.com,33.5,38.67334472272695,text_only_gradient_boosting
de-cloud-dammam,122,moneymoon,Tech & AI Co-op Program 2025,49.17,48.63103540896798,text_only_gradient_boosting
de-cloud-dammam,123,EjadTech - إيجاد التقنية,"Summer Internship Program 2025 (Computer, Data, and AI Majors)",47.17,55.54198979563648,text_only_gradient_boosting
de-cloud-dammam,124,InnovationTeam,Java Microservices Internship Programme (Saudi Nationals),47.17,55.217345097144936,text_only_gradient_boosting
de-cloud-dammam,125,Tamkeen Technologies,On the Job Training (Internship Program) — Technology field,38.0,44.64539329744635,text_only_gradient_boosting
de-cloud-dammam,126,Trendyol Group,Trendyol Tech Talent - Bootcamp & COOP Internship Program (Saudi Students Only),36.0,42.214888819181006,text_only_gradient_boosting
de-cloud-dammam,127,Ninja نينجا,COOP Training Program,36.0,38.73584126240227,text_only_gradient_boosting
de-cloud-dammam,128,SCAI | سكاي,CO-OP Training Opportunities (Intern),49.17,46.84166537922629,text_only_gradient_boosting
de-cloud-dammam,129,WalaPlus,Coop & Tamheer Opportunities,42.5,44.729242384857315,text_only_gradient_boosting
de-cloud-dammam,130,Aon,IT Co-op Trainee 2026,42.5,44.991113779414825,text_only_gradient_boosting
de-cloud-dammam,131,Hewlett Packard Enterprise (HPE),College Intern (Coop),42.5,44.991113779414825,text_only_gradient_boosting
de-cloud-dammam,132,Signify,KSA Coop Internship Program,42.5,44.729242384857315,text_only_gradient_boosting
de-cloud-dammam,133,Help AG (e& enterprise),Cybersecurity Intern,33.5,46.17851432605806,text_only_gradient_boosting
de-cloud-dammam,134,TrendAI (Trend Micro),CyberGATE Internship Program,42.5,46.17851432605806,text_only_gradient_boosting
de-cloud-dammam,135,Golf Saudi,IT Co-op Trainee,42.5,44.991113779414825,text_only_gradient_boosting
de-cloud-dammam,136,Siemens Healthineers,Healthineers Early Talent Program – IT (Riyadh),42.5,48.8725024475666,text_only_gradient_boosting
de-cloud-dammam,137,1957 Ventures,Internship / Co-Op Program,42.5,41.59130500353079,text_only_gradient_boosting
de-cloud-dammam,138,Nokia,Graduate Trainee (Saudi Arabia) – Fledgers Program,44.17,44.73133917074793,text_only_gradient_boosting
de-cloud-dammam,139,Ericsson,Summer Interns (Ericsson Saudi),38.0,44.90726469200386,text_only_gradient_boosting
de-cloud-dammam,140,Bosch Middle East,Software Development Intern (AI/Cloud),49.17,53.960717442673875,text_only_gradient_boosting
de-cloud-dammam,141,Saudi Payments | المدفوعات السعودية,COOP Training – August 2024,38.0,39.889192642630306,text_only_gradient_boosting
de-cloud-dammam,142,Saudi Tadawul Group | تداول,Cooperative Training Program (COOP),42.5,51.12824392383857,text_only_gradient_boosting
de-cloud-dammam,143,Lean Technologies,Software Engineering Intern – KSA,55.83,57.061432787698806,text_only_gradient_boosting
de-cloud-dammam,144,Mirai (Scopely) | مِراي,AI Engineering Intern (GenAI),49.17,51.501540865268765,text_only_gradient_boosting
de-cloud-dammam,145,HungerStation | هنقرستيشن,"Co-OP Trainee, Data Analysis – Info Sec",51.33,51.65363326825002,text_only_gradient_boosting
de-cloud-dammam,146,NCGR | المركز الوطني لنظم الموارد الحكومية,Coop Training Program,38.0,39.16753964102516,text_only_gradient_boosting
de-cloud-dammam,147,nybl,nybl Graduate Programme – Saudi Nationals (AI Bootcamp),28.5,32.990203076368125,text_only_gradient_boosting
de-cloud-dammam,148,Procter & Gamble (P&G),P&G LEADgen Internship Program 2026 (Riyadh),38.0,44.90726469200386,text_only_gradient_boosting
de-cloud-dammam,149,New Murabba | المربع الجديد,New Murabba Co-op Training Program,42.5,41.32943360897328,text_only_gradient_boosting
de-cloud-dammam,150,Boeing Saudi Arabia Limited,Intern - Info Technology & Data Analytics (Riyadh),38.0,47.365762898944595,text_only_gradient_boosting
de-cloud-dammam,151,Motorola Solutions,Deployment Engineer Intern (KSA National - Tamheer Program),42.5,41.46831380987013,text_only_gradient_boosting
de-cloud-dammam,152,Schneider Electric,Co-op Intern (Engineering) - Al Khobar (Jan–Aug 2026),49.5,44.991113779414825,text_only_gradient_boosting
de-cloud-dammam,153,Lockheed Martin,Tamheer Space Internship (Riyadh),42.5,36.13012198143503,text_only_gradient_boosting
de-cloud-dammam,154,Markaba | مركبة,Start-up Software Intern – TAMHEER (Saudi nationals only),40.5,35.55618298860118,text_only_gradient_boosting
de-cloud-dammam,155,Laverne Group | مجموعة لافيرن,Data Analyst / Data Engineer Intern (IT Department),55.17,53.035058126134324,text_only_gradient_boosting
de-cloud-dammam,156,Meel | ميل,"Software Developer Internship (Remote, min 2 months)",47.5,51.73050145853687,text_only_gradient_boosting
de-cloud-dammam,157,Nahdi Medical Co.,IT Internship / COOP Program (6 months),43.0,41.32943360897328,text_only_gradient_boosting
de-cloud-dammam,158,SMART Technology Solutions | سمارت لحلول التقنية,R&D Intern (Riyadh),42.5,43.508279509083046,text_only_gradient_boosting
de-cloud-dammam,159,Knodemy Inc.,AI Developer & Tech Trainer Intern - Riyadh,49.17,44.90726469200386,text_only_gradient_boosting
de-cloud-dammam,160,Water Transmission Company | شركة نقل المياه,Tamheer Internship Program (HRIS / Engineering & PM - Riyadh),42.5,41.12133159064764,text_only_gradient_boosting
de-cloud-dammam,161,AFNOYS,"AI Automation Intern - KSA (Remote, 4 weeks)",43.0,48.16569884962551,text_only_gradient_boosting
de-cloud-dammam,162,SAS,CareerStart@SAS 2026 - Presales Customer Intelligence Intern (Riyadh),39.5,44.877889302407944,text_only_gradient_boosting
de-cloud-dammam,163,Devoteam,Trainee - Future Leaders Program (Co-op/Fresh Graduate),40.5,40.85976938361794,text_only_gradient_boosting
de-cloud-dammam,164,ضالتي Dhallaty,Tech Intern: Fresh Grad or Student,39.5,44.616017907850434,text_only_gradient_boosting
de-cloud-dammam,165,Innovative Solutions SA,Presales - Tamheer,31.5,34.32840013127987,text_only_gradient_boosting
de-cloud-dammam,166,HUMAIN,Tamheer Program (Software Engineer / Cybersecurity / MIS),40.5,40.08823732098803,text_only_gradient_boosting
de-cloud-dammam,167,TAM | تام,"Tamheer Opportunity, Advisory",10.5,25.444654462543312,text_only_gradient_boosting
de-cloud-dammam,168,هيئة التأمين | Insurance Authority,Tamheer Opportunity - Specialist of Information Security,31.5,31.951079084925837,text_only_gradient_boosting
de-cloud-dammam,169,Snbla | سنبله,Paid Internship Program (FinTech),39.5,46.73330317778807,text_only_gradient_boosting
de-cloud-dammam,170,2P Perfect Presentation,Data Analyst (Tamheer),36.0,38.07150845862164,text_only_gradient_boosting
de-cloud-dammam,171,Infosys,Summer Intern (Infosys InStep ’26 – Bangalore),36.5,43.508279509083046,text_only_gradient_boosting
de-cloud-dammam,172,شركة الخدمات المدارة | Managed Services Company,Intern Cybersecurity Engineer,40.5,45.397528206042075,text_only_gradient_boosting
de-cloud-dammam,173,Abunayyan Holding,Data Analyst (Tamheer),36.0,36.580630852188634,text_only_gradient_boosting
ce-network-dhahran,1,Saudi Aramco,University Internship Program (UIP),50.0,48.61121631208879,text_only_gradient_boosting
ce-network-dhahran,2,SABIC,COOP Training Program,43.0,46.217580464014496,text_only_gradient_boosting
ce-network-dhahran,3,stc (Saudi Telecom Company),Cooperative Training Program (COOP),40.0,48.41374470030451,text_only_gradient_boosting
ce-network-dhahran,4,Saudi National Bank (SNB),SNB Cooperative Training Program,45.0,47.288023509855066,text_only_gradient_boosting
ce-network-dhahran,5,Al Rajhi Bank,Cooperative Training Program,45.0,46.217580464014496,text_only_gradient_boosting
ce-network-dhahran,6,Capital Market Authority (CMA),COOP Program,40.0,46.217580464014496,text_only_gradient_boosting
ce-network-dhahran,7,Digital Government Authority (DGA),Maidan Cooperative Training Program,40.0,45.946255885273004,text_only_gradient_boosting
ce-network-dhahran,8,KPMG Saudi Arabia,COOP & Internship Programs,45.0,46.220189617848476,text_only_gradient_boosting
ce-network-dhahran,9,PwC Middle East,"Deals, COOP and Summer Internship Programme (2026)",44.5,48.816655652046094,text_only_gradient_boosting
ce-network-dhahran,10,Deloitte Middle East (KSA),Jusoor Al Sharqiyah Internship Program,52.0,45.888615590779686,text_only_gradient_boosting
ce-network-dhahran,11,Bank Albilad,Cooperative & Summer Training Program,60.0,50.685085158665395,text_only_gradient_boosting
ce-network-dhahran,12,Tamara,Tamara Builders Program,49.0,46.220189617848476,text_only_gradient_boosting
ce-network-dhahran,13,Bupa Arabia,Cooperative Training Program,40.0,46.217580464014496,text_only_gradient_boosting
ce-network-dhahran,14,Saudi Exports (Saudi Export Development Authority),COOP & Summer Training (FAQ-confirmed),45.0,46.120650084470576,text_only_gradient_boosting
ce-network-dhahran,15,Local Content and Government Procurement Authority (LCGPA),COOP Training (role posting),40.0,48.816655652046094,text_only_gradient_boosting
ce-network-dhahran,16,McKinsey & Company (Maqdira),Maqdira Fellowship Program,44.5,46.276145671394396,text_only_gradient_boosting
ce-network-dhahran,17,Boston Consulting Group (BCG),Visiting Associate Internship (Riyadh),40.0,46.337602561192554,text_only_gradient_boosting
ce-network-dhahran,18,Bain & Company,COOP Training Program (Riyadh),40.0,46.217580464014496,text_only_gradient_boosting
ce-network-dhahran,19,Amazon Web Services (AWS),IT/Computer Hardware Internship (Intern-to-FTE Pathway),55.0,45.60706753500996,text_only_gradient_boosting
ce-network-dhahran,20,Amazon Web Services (AWS) - Associate Solutions Architect Intern,Associate Solutions Architect Intern (2026),45.0,45.04089862035246,text_only_gradient_boosting
ce-network-dhahran,21,Google (Saudi Arabia),Google Careers (Saudi location filter),33.0,40.910180338990095,text_only_gradient_boosting
ce-network-dhahran,22,BlackRock,Client & Product Summer Internship Programme (EMEA) - includes Riyadh,34.5,45.284908796397254,text_only_gradient_boosting
ce-network-dhahran,23,noon,Student Internship,30.0,40.39446511709182,text_only_gradient_boosting
ce-network-dhahran,24,MOZN,Data Science Intern,34.5,48.94378357030642,text_only_gradient_boosting
ce-network-dhahran,25,Elm,Elm Co-op Training Program (March 2026 Intake),40.0,46.276145671394396,text_only_gradient_boosting
ce-network-dhahran,26,Yasref,Yasref Cooperative Training Program,58.0,51.51783597130179,text_only_gradient_boosting
ce-network-dhahran,27,"Saudi Standards, Metrology and Quality Organization (SASO)",Cooperative Training (Collaborative Training),55.0,50.685085158665395,text_only_gradient_boosting
ce-network-dhahran,28,"Zakat, Tax and Customs Authority (ZATCA)",Binaa-Alkafaat Program,35.0,37.2012578718478,text_only_gradient_boosting
ce-network-dhahran,29,Human Resources Development Fund (HRDF) – Cooperative Training Product,Cooperative Training (HRDF product),20.5,27.050557788955082,text_only_gradient_boosting
ce-network-dhahran,30,EXPRO,COOP Training (Future Makers Program),40.0,46.220189617848476,text_only_gradient_boosting
ce-network-dhahran,31,Ministry of Industry and Mineral Resources (MIM) – Cooperative Training Initiative,Cooperative Training Initiative,20.5,16.985731294983772,text_only_gradient_boosting
ce-network-dhahran,32,TBC (The Beauty Company),Cooperative Training Program,45.0,45.51702060989517,text_only_gradient_boosting
ce-network-dhahran,33,National Center for Vegetation Cover Development & Combating Desertification (NCVC),COOP Training Program,40.0,46.45527269721867,text_only_gradient_boosting
ce-network-dhahran,34,Saudi Power Procurement Company (SPPC),Future Power – COOP Training Program,40.0,47.40035201923956,text_only_gradient_boosting
ce-network-dhahran,35,TBC (Tatweer Building Company),Cooperative Training Program,40.0,46.337602561192554,text_only_gradient_boosting
ce-network-dhahran,36,PwC Middle East (Assurance COOP & Summer Internship Programme 2026),"Assurance, COOP and Summer Internship Programme 2026 – Middle East",44.5,48.80739628417102,text_only_gradient_boosting
ce-network-dhahran,37,KAPSARC,Intern (Coop- Trainee),49.0,52.33791657735949,text_only_gradient_boosting
ce-network-dhahran,38,BSF (Banque Saudi Fransi),COOP / Internship,40.0,50.12770874021309,text_only_gradient_boosting
ce-network-dhahran,39,Saudi Food & Drug Authority (SFDA),COOP training (First semester 2025-2026 intake),45.0,50.29655425783503,text_only_gradient_boosting
ce-network-dhahran,40,Saudi Power Procurement Company (SPPC) – Future Power (Business Admin COOP),Future Power – Business Administration COOP Training Program,40.0,48.80739628417102,text_only_gradient_boosting
ce-network-dhahran,41,Bank Albilad,Cooperative and Summer Training Program,40.0,48.795072698335,text_only_gradient_boosting
ce-network-dhahran,42,The Saudi National Bank (SNB),SNB Rowad Program,30.0,36.87136808572641,text_only_gradient_boosting
ce-network-dhahran,43,National Cybersecurity Authority (NCA) – Academy,Cybersecurity training programs (academy),35.0,42.96279169003459,text_only_gradient_boosting
ce-network-dhahran,44,PIF | Graduate Development Program,Graduate Development Program (GDP),34.5,42.70978507929571,text_only_gradient_boosting
ce-network-dhahran,45,NEOM | GrOW (Graduates Opportunities in Work),GrOW (Graduates Opportunities in Work),46.5,37.92262586626136,text_only_gradient_boosting
ce-network-dhahran,46,ROSHN | COOP Trainee Program,COOP Trainee Program,40.0,47.288023509855066,text_only_gradient_boosting
ce-network-dhahran,47,Microsoft | Ru'aa Program (Riyadh),Ru'aa Program Internship (Solution Engineering),39.0,44.405233967433105,text_only_gradient_boosting
ce-network-dhahran,48,Oracle | Business Development Intern (KSA market),Business Development Intern (KSA market),31.5,37.41896037276363,text_only_gradient_boosting
ce-network-dhahran,49,SAP | Student Internship (Riyadh),Student Internship - Riyadh,30.0,40.553107574103194,text_only_gradient_boosting
ce-network-dhahran,50,SAB (Saudi Awwal Bank) | Cooperative Training Programme (COOP),SAB Cooperative Training Programme (COOP),40.0,46.220189617848476,text_only_gradient_boosting
ce-network-dhahran,51,Ministry of Finance (Saudi Arabia) | Cooperative Training Program,Cooperative Training Program,36.5,37.21761627745401,text_only_gradient_boosting
ce-network-dhahran,52,Ministry of Industry and Mineral Resources | Cooperative Training,Cooperative Training Initiative,41.5,36.10359905417113,text_only_gradient_boosting
ce-network-dhahran,53,King Fahd Causeway Authority | Internship Program,Internship Program,46.5,40.41062758724497,text_only_gradient_boosting
ce-network-dhahran,54,Tawuniya | Tamheer Program (Fresh Graduates),Tamheer Program,48.0,44.53144042031961,text_only_gradient_boosting
ce-network-dhahran,55,SAMA | SAMA Professional Program (SPP),SAMA Professional Program (SPP),26.5,33.417430843009775,text_only_gradient_boosting
ce-network-dhahran,56,HRDF | Cooperative Training Product,Cooperative Training Product,41.5,39.91746917807386,text_only_gradient_boosting
ce-network-dhahran,57,IBM,"Automation, Data & AI – Intern",35.5,40.86824995772557,text_only_gradient_boosting
ce-network-dhahran,58,Unifonic,Internship (Unifonic),34.5,40.54748033322752,text_only_gradient_boosting
ce-network-dhahran,59,Misk Foundation,Misk Traineeship / Internship Program,33.0,42.48227336900781,text_only_gradient_boosting
ce-network-dhahran,60,Cisco,Cisco NetVersity (Saudi Arabia),42.5,44.2541333101158,text_only_gradient_boosting
ce-network-dhahran,61,KAUST,Visiting Student Research Program (VSRP) Internship,30.0,41.36528938421008,text_only_gradient_boosting
ce-network-dhahran,62,General Authority for Statistics (GASTAT),Cooperative Training Program,44.5,51.73543464171188,text_only_gradient_boosting
ce-network-dhahran,63,Saudi Center for Opinion Polling (SCOP),Cooperative Training Program,44.5,51.73543464171188,text_only_gradient_boosting
ce-network-dhahran,64,Al Rajhi Takaful,Cooperative Training Program,40.0,49.92506058592659,text_only_gradient_boosting
ce-network-dhahran,65,Expenditure & Projects Efficiency Authority (EXPRO),Future Makers (صنّاع المستقبل) – Cooperative Training,40.0,46.337602561192554,text_only_gradient_boosting
ce-network-dhahran,66,Ministry of Finance (Saudi Arabia),Cooperative Training Program (Ministry of Finance),40.0,47.40035201923956,text_only_gradient_boosting
ce-network-dhahran,67,General Entertainment Authority (GEA),GEA Cooperative Training Program,40.0,46.220189617848476,text_only_gradient_boosting
ce-network-dhahran,68,Banque Saudi Fransi (BSF),COOP Training,40.0,49.69531208789109,text_only_gradient_boosting
ce-network-dhahran,69,Arab National Bank (ANB),COOP Trainee,40.0,48.55744343000505,text_only_gradient_boosting
ce-network-dhahran,70,Tamara,Builders Program,40.0,48.41554885127916,text_only_gradient_boosting
ce-network-dhahran,71,OmniOps,Co‑op Training Program,49.0,52.90592298425355,text_only_gradient_boosting
ce-network-dhahran,72,Tatweer Educational Technologies (TETCO),Cooperative Training Program,55.0,51.905519925037495,text_only_gradient_boosting
ce-network-dhahran,73,The Saudi Investment Bank (SAIB),Cooperative Program,40.0,49.177287791550576,text_only_gradient_boosting
ce-network-dhahran,74,Saudi Awwal Bank (SAB),COOP Program,40.0,48.795072698335,text_only_gradient_boosting
ce-network-dhahran,75,Riyad Bank,Internships and Coop Trainings (CSR 2019),40.0,48.46051305046113,text_only_gradient_boosting
ce-network-dhahran,76,Tabby,Intern DevOps Engineer,34.5,45.83159852601444,text_only_gradient_boosting
ce-network-dhahran,77,Tabby,Intern Backend (GO) Engineer,39.0,46.872915639483246,text_only_gradient_boosting
ce-network-dhahran,78,Tabby,Intern Frontend Engineer,39.0,45.61192314083807,text_only_gradient_boosting
ce-network-dhahran,79,Tabby,Intern Data Engineer,39.0,51.38069742166321,text_only_gradient_boosting
ce-network-dhahran,80,Tabby,No-Code / AI Agents Engineering Intern,39.0,41.05952515511675,text_only_gradient_boosting
ce-network-dhahran,81,Bank Albilad,Cooperative Training Program,45.0,50.12770874021309,text_only_gradient_boosting
ce-network-dhahran,82,Saudi Ground Services (SGS),COOP Program,40.0,46.337602561192554,text_only_gradient_boosting
ce-network-dhahran,83,CEER,Cooperative Training Program (COOP),40.0,46.337602561192554,text_only_gradient_boosting
ce-network-dhahran,84,Al Rajhi Takaful,Coop Training Program,40.0,50.12770874021309,text_only_gradient_boosting
ce-network-dhahran,85,TAWAL,COOP Training Program,49.0,52.33791657735949,text_only_gradient_boosting
ce-network-dhahran,86,Wakeb_Data,COOP Training,49.0,48.57764778613552,text_only_gradient_boosting
ce-network-dhahran,87,Banque Saudi Fransi (BSF),Coop Training Program,40.0,50.12770874021309,text_only_gradient_boosting
ce-network-dhahran,88,Tech Economy,COOP Training Program,40.0,50.12770874021309,text_only_gradient_boosting
ce-network-dhahran,89,SAMI Advanced Electronics (SAMI-AEC),Coop Trainee,40.0,50.12770874021309,text_only_gradient_boosting
ce-network-dhahran,90,NHC,COOP Trainee,45.0,48.55744343000505,text_only_gradient_boosting
ce-network-dhahran,91,REMAT ADVANCED,Cooperative Training Program,55.0,50.90036749110157,text_only_gradient_boosting
ce-network-dhahran,92,SDM,AI COOP,44.5,53.38334232988899,text_only_gradient_boosting
ce-network-dhahran,93,HUED,HUED COOP Program 2026,49.0,52.33791657735949,text_only_gradient_boosting
ce-network-dhahran,94,Araamis • أرامس,Araamis COOP Program 2026,49.0,48.816655652046094,text_only_gradient_boosting
ce-network-dhahran,95,ARDARA,COOP Training for Students,40.0,46.337602561192554,text_only_gradient_boosting
ce-network-dhahran,96,flynas,COOP Trainee / Internship Program,44.5,46.220189617848476,text_only_gradient_boosting
ce-network-dhahran,97,Saudi Motorsport Company (SMC),COOP Trainee (IT Asset Project Management),44.5,48.80739628417102,text_only_gradient_boosting
ce-network-dhahran,98,Saudi Motorsport Company (SMC),COOP Trainee (Supply Chain Excellence Associate),44.5,51.31086703763615,text_only_gradient_boosting
ce-network-dhahran,99,Mobily,Cooperative Training Program,40.0,49.177287791550576,text_only_gradient_boosting
ce-network-dhahran,100,Saudi Awwal Bank (SAB),Student Opportunities: Cooperative / Practical Training,40.0,49.29495792757669,text_only_gradient_boosting
ce-network-dhahran,101,Alvarez & Marsal,COOP Training Program,40.0,49.177287791550576,text_only_gradient_boosting
ce-network-dhahran,102,Visa,COOP Trainee (Jan 2026),40.0,48.816655652046094,text_only_gradient_boosting
ce-network-dhahran,103,Zain KSA,Evolve Program (Fresh Graduates),30.0,40.6832353668068,text_only_gradient_boosting
ce-network-dhahran,104,Zain KSA,Zain Pioneers Program,45.0,43.19079899446251,text_only_gradient_boosting
ce-network-dhahran,105,Savvy Games Group,Cooperative Training Program (Co-op),40.0,50.12770874021309,text_only_gradient_boosting
ce-network-dhahran,106,Bank AlJazira,Tamheer Program,30.0,39.55747379440363,text_only_gradient_boosting
ce-network-dhahran,107,sirar by stc,Cooperative Training Program,49.0,53.36230372055215,text_only_gradient_boosting
ce-network-dhahran,108,Gathern,Co-op Program,49.0,52.21109524225735,text_only_gradient_boosting
ce-network-dhahran,109,Elm Company (شركة علم),Coop Training - Computer Science (Jan/Mar/Jun/Aug 2025 Intake),44.5,48.816655652046094,text_only_gradient_boosting
ce-network-dhahran,110,Elm Company (شركة علم),Co-Op Training - Information Technology (Jun & Aug 2025 Intake),44.5,48.80739628417102,text_only_gradient_boosting
ce-network-dhahran,111,EJADA,COOP Administration & Support Engineer,40.0,50.784719589097556,text_only_gradient_boosting
ce-network-dhahran,112,Emdad By Elm,Network Cooperative Training (Network Intern),55.0,50.54519310041239,text_only_gradient_boosting
ce-network-dhahran,113,AILA,Co-op Training Programme,44.5,50.3227394730416,text_only_gradient_boosting
ce-network-dhahran,114,Foodics,Foodics 360 Internship Program,34.5,43.44981930270403,text_only_gradient_boosting
ce-network-dhahran,115,Salla,برنامج التدريب التعاوني (Coop Training) – Salla,44.5,48.816655652046094,text_only_gradient_boosting
ce-network-dhahran,116,Lucidya,Technical Internship or Coop – Lucidya,44.5,52.592563506515795,text_only_gradient_boosting
ce-network-dhahran,117,Diriyah Company,Diriyah Co-op Training Program,40.0,48.41374470030451,text_only_gradient_boosting
ce-network-dhahran,118,Riyadh Air,Co-op – Riyadh Air,40.0,47.40035201923956,text_only_gradient_boosting
ce-network-dhahran,119,Jahez Group,Jahez Internship Program (as described in Sustainability Report),30.0,42.475331125654236,text_only_gradient_boosting
ce-network-dhahran,120,Lumi | لومي,COOP Intern 2025 – Lumi,40.0,46.276145671394396,text_only_gradient_boosting
ce-network-dhahran,121,webook.com,COOP Trainee Opportunities – webook.com,40.0,46.337602561192554,text_only_gradient_boosting
ce-network-dhahran,122,moneymoon,Tech & AI Co-op Program 2025,44.5,54.20495743798586,text_only_gradient_boosting
ce-network-dhahran,123,EjadTech - إيجاد التقنية,"Summer Internship Program 2025 (Computer, Data, and AI Majors)",35.5,45.213588570862846,text_only_gradient_boosting
ce-network-dhahran,124,InnovationTeam,Java Microservices Internship Programme (Saudi Nationals),35.5,46.19375998641977,text_only_gradient_boosting
ce-network-dhahran,125,Tamkeen Technologies,On the Job Training (Internship Program) — Technology field,34.5,43.41960184178362,text_only_gradient_boosting
ce-network-dhahran,126,Trendyol Group,Trendyol Tech Talent - Bootcamp & COOP Internship Program (Saudi Students Only),41.0,43.975538621062896,text_only_gradient_boosting
ce-network-dhahran,127,Ninja نينجا,COOP Training Program,41.0,43.04530562040911,text_only_gradient_boosting
ce-network-dhahran,128,SCAI | سكاي,CO-OP Training Opportunities (Intern),49.0,53.36230372055215,text_only_gradient_boosting
ce-network-dhahran,129,WalaPlus,Coop & Tamheer Opportunities,55.0,50.90036749110157,text_only_gradient_boosting
ce-network-dhahran,130,Aon,IT Co-op Trainee 2026,55.0,50.891108123226495,text_only_gradient_boosting
ce-network-dhahran,131,Hewlett Packard Enterprise (HPE),College Intern (Coop),55.0,50.891108123226495,text_only_gradient_boosting
ce-network-dhahran,132,Signify,KSA Coop Internship Program,55.0,50.90036749110157,text_only_gradient_boosting
ce-network-dhahran,133,Help AG (e& enterprise),Cybersecurity Intern,30.0,42.95936034904235,text_only_gradient_boosting
ce-network-dhahran,134,TrendAI (Trend Micro),CyberGATE Internship Program,34.5,42.95936034904235,text_only_gradient_boosting
ce-network-dhahran,135,Golf Saudi,IT Co-op Trainee,55.0,50.891108123226495,text_only_gradient_boosting
ce-network-dhahran,136,Siemens Healthineers,Healthineers Early Talent Program – IT (Riyadh),45.0,45.61401694022257,text_only_gradient_boosting
ce-network-dhahran,137,1957 Ventures,Internship / Co-Op Program,49.0,48.80739628417102,text_only_gradient_boosting
ce-network-dhahran,138,Nokia,Graduate Trainee (Saudi Arabia) – Fledgers Program,34.5,44.06446251005898,text_only_gradient_boosting
ce-network-dhahran,139,Ericsson,Summer Interns (Ericsson Saudi),34.5,43.41034247390854,text_only_gradient_boosting
ce-network-dhahran,140,Bosch Middle East,Software Development Intern (AI/Cloud),39.0,48.432830359522576,text_only_gradient_boosting
ce-network-dhahran,141,Saudi Payments | المدفوعات السعودية,COOP Training – August 2024,44.5,49.72888061384436,text_only_gradient_boosting
ce-network-dhahran,142,Saudi Tadawul Group | تداول,Cooperative Training Program (COOP),55.0,54.47339886758432,text_only_gradient_boosting
ce-network-dhahran,143,Lean Technologies,Software Engineering Intern – KSA,49.0,49.806491663758116,text_only_gradient_boosting
ce-network-dhahran,144,Mirai (Scopely) | مِراي,AI Engineering Intern (GenAI),39.0,46.95273210822593,text_only_gradient_boosting
ce-network-dhahran,145,HungerStation | هنقرستيشن,"Co-OP Trainee, Data Analysis – Info Sec",44.5,55.36837509565491,text_only_gradient_boosting
ce-network-dhahran,146,NCGR | المركز الوطني لنظم الموارد الحكومية,Coop Training Program,44.5,48.91655297129281,text_only_gradient_boosting
ce-network-dhahran,147,nybl,nybl Graduate Programme – Saudi Nationals (AI Bootcamp),30.0,36.32684328939373,text_only_gradient_boosting
ce-network-dhahran,148,Procter & Gamble (P&G),P&G LEADgen Internship Program 2026 (Riyadh),34.5,43.41034247390854,text_only_gradient_boosting
ce-network-dhahran,149,New Murabba | المربع الجديد,New Murabba Co-op Training Program,49.0,48.816655652046094,text_only_gradient_boosting
ce-network-dhahran,150,Boeing Saudi Arabia Limited,Intern - Info Technology & Data Analytics (Riyadh),34.5,45.20552098462709,text_only_gradient_boosting
ce-network-dhahran,151,Motorola Solutions,Deployment Engineer Intern (KSA National - Tamheer Program),55.0,44.84069477136301,text_only_gradient_boosting
ce-network-dhahran,152,Schneider Electric,Co-op Intern (Engineering) - Al Khobar (Jan–Aug 2026),62.0,50.891108123226495,text_only_gradient_boosting
ce-network-dhahran,153,Lockheed Martin,Tamheer Space Internship (Riyadh),39.0,40.11267109128484,text_only_gradient_boosting
ce-network-dhahran,154,Markaba | مركبة,Start-up Software Intern – TAMHEER (Saudi nationals only),35.5,35.90763396455279,text_only_gradient_boosting
ce-network-dhahran,155,Laverne Group | مجموعة لافيرن,Data Analyst / Data Engineer Intern (IT Department),39.0,47.55480472336766,text_only_gradient_boosting
ce-network-dhahran,156,Meel | ميل,"Software Developer Internship (Remote, min 2 months)",39.0,46.90926562987212,text_only_gradient_boosting
ce-network-dhahran,157,Nahdi Medical Co.,IT Internship / COOP Program (6 months),49.5,48.816655652046094,text_only_gradient_boosting
ce-network-dhahran,158,SMART Technology Solutions | سمارت لحلول التقنية,R&D Intern (Riyadh),39.0,42.475331125654236,text_only_gradient_boosting
ce-network-dhahran,159,Knodemy Inc.,AI Developer & Tech Trainer Intern - Riyadh,39.0,43.41034247390854,text_only_gradient_boosting
ce-network-dhahran,160,Water Transmission Company | شركة نقل المياه,Tamheer Internship Program (HRIS / Engineering & PM - Riyadh),39.0,43.8057494005168,text_only_gradient_boosting
ce-network-dhahran,161,AFNOYS,"AI Automation Intern - KSA (Remote, 4 weeks)",34.5,44.81384777557997,text_only_gradient_boosting
ce-network-dhahran,162,SAS,CareerStart@SAS 2026 - Presales Customer Intelligence Intern (Riyadh),33.0,42.69571170348434,text_only_gradient_boosting
ce-network-dhahran,163,Devoteam,Trainee - Future Leaders Program (Co-op/Fresh Graduate),45.5,46.451901795685224,text_only_gradient_boosting
ce-network-dhahran,164,ضالتي Dhallaty,Tech Intern: Fresh Grad or Student,33.0,42.70497107135942,text_only_gradient_boosting
ce-network-dhahran,165,Innovative Solutions SA,Presales - Tamheer,26.5,36.893971728818066,text_only_gradient_boosting
ce-network-dhahran,166,HUMAIN,Tamheer Program (Software Engineer / Cybersecurity / MIS),35.5,38.01254147567392,text_only_gradient_boosting
ce-network-dhahran,167,TAM | تام,"Tamheer Opportunity, Advisory",5.5,26.279514793982884,text_only_gradient_boosting
ce-network-dhahran,168,هيئة التأمين | Insurance Authority,Tamheer Opportunity - Specialist of Information Security,26.5,35.90532458030319,text_only_gradient_boosting
ce-network-dhahran,169,Snbla | سنبله,Paid Internship Program (FinTech),33.0,43.784885191929945,text_only_gradient_boosting
ce-network-dhahran,170,2P Perfect Presentation,Data Analyst (Tamheer),31.0,36.27465906782968,text_only_gradient_boosting
ce-network-dhahran,171,Infosys,Summer Intern (Infosys InStep ’26 – Bangalore),33.0,42.475331125654236,text_only_gradient_boosting
ce-network-dhahran,172,شركة الخدمات المدارة | Managed Services Company,Intern Cybersecurity Engineer,35.5,40.86824995772557,text_only_gradient_boosting
ce-network-dhahran,173,Abunayyan Holding,Data Analyst (Tamheer),31.0,34.975994049621754,text_only_gradient_boosting
eastern-province-cys,1,Saudi Aramco,University Internship Program (UIP),64.0,53.28942730570796,text_only_gradient_boosting
eastern-province-cys,2,SABIC,COOP Training Program,57.0,49.7908035064453,text_only_gradient_boosting
eastern-province-cys,3,stc (Saudi Telecom Company),Cooperative Training Program (COOP),54.0,51.328362277940755,text_only_gradient_boosting
eastern-province-cys,4,Saudi National Bank (SNB),SNB Cooperative Training Program,59.0,50.65998376211062,text_only_gradient_boosting
eastern-province-cys,5,Al Rajhi Bank,Cooperative Training Program,59.0,49.7908035064453,text_only_gradient_boosting
eastern-province-cys,6,Capital Market Authority (CMA),COOP Program,54.0,49.7908035064453,text_only_gradient_boosting
eastern-province-cys,7,Digital Government Authority (DGA),Maidan Cooperative Training Program,54.0,49.6377882903096,text_only_gradient_boosting
eastern-province-cys,8,KPMG Saudi Arabia,COOP & Internship Programs,45.0,50.1349720626746,text_only_gradient_boosting
eastern-province-cys,9,PwC Middle East,"Deals, COOP and Summer Internship Programme (2026)",44.5,53.271466637483684,text_only_gradient_boosting
eastern-province-cys,10,Deloitte Middle East (KSA),Jusoor Al Sharqiyah Internship Program,44.5,46.247901485946116,text_only_gradient_boosting
eastern-province-cys,11,Bank Albilad,Cooperative & Summer Training Program,49.5,56.068757299847185,text_only_gradient_boosting
eastern-province-cys,12,Tamara,Tamara Builders Program,58.5,50.1935372700545,text_only_gradient_boosting
eastern-province-cys,13,Bupa Arabia,Cooperative Training Program,40.0,49.7908035064453,text_only_gradient_boosting
eastern-province-cys,14,Saudi Exports (Saudi Export Development Authority),COOP & Summer Training (FAQ-confirmed),45.0,49.6377882903096,text_only_gradient_boosting
eastern-province-cys,15,Local Content and Government Procurement Authority (LCGPA),COOP Training (role posting),40.0,53.328904134503446,text_only_gradient_boosting
eastern-province-cys,16,McKinsey & Company (Maqdira),Maqdira Fellowship Program,44.5,50.03804168313068,text_only_gradient_boosting
eastern-province-cys,17,Boston Consulting Group (BCG),Visiting Associate Internship (Riyadh),49.0,50.52217850302338,text_only_gradient_boosting
eastern-province-cys,18,Bain & Company,COOP Training Program (Riyadh),40.0,50.03804168313068,text_only_gradient_boosting
eastern-province-cys,19,Amazon Web Services (AWS),IT/Computer Hardware Internship (Intern-to-FTE Pathway),54.5,47.22682270329755,text_only_gradient_boosting
eastern-province-cys,20,Amazon Web Services (AWS) - Associate Solutions Architect Intern,Associate Solutions Architect Intern (2026),39.0,48.22870066878472,text_only_gradient_boosting
eastern-province-cys,21,Google (Saudi Arabia),Google Careers (Saudi location filter),47.0,45.545624636333116,text_only_gradient_boosting
eastern-province-cys,22,BlackRock,Client & Product Summer Internship Programme (EMEA) - includes Riyadh,34.5,45.16877022287511,text_only_gradient_boosting
eastern-province-cys,23,noon,Student Internship,30.0,40.4573231885135,text_only_gradient_boosting
eastern-province-cys,24,MOZN,Data Science Intern,34.5,47.79499137151945,text_only_gradient_boosting
eastern-province-cys,25,Elm,Elm Co-op Training Program (March 2026 Intake),40.0,50.03804168313068,text_only_gradient_boosting
eastern-province-cys,26,Yasref,Yasref Cooperative Training Program,61.5,56.45097239306276,text_only_gradient_boosting
eastern-province-cys,27,"Saudi Standards, Metrology and Quality Organization (SASO)",Cooperative Training (Collaborative Training),44.5,56.068757299847185,text_only_gradient_boosting
eastern-province-cys,28,"Zakat, Tax and Customs Authority (ZATCA)",Binaa-Alkafaat Program,35.0,39.780100659897585,text_only_gradient_boosting
eastern-province-cys,29,Human Resources Development Fund (HRDF) – Cooperative Training Product,Cooperative Training (HRDF product),20.5,21.538936735475303,text_only_gradient_boosting
eastern-province-cys,30,EXPRO,COOP Training (Future Makers Program),40.0,50.1935372700545,text_only_gradient_boosting
eastern-province-cys,31,Ministry of Industry and Mineral Resources (MIM) – Cooperative Training Initiative,Cooperative Training Initiative,20.5,20.093597880348582,text_only_gradient_boosting
eastern-province-cys,32,TBC (The Beauty Company),Cooperative Training Program,45.0,47.5331142965748,text_only_gradient_boosting
eastern-province-cys,33,National Center for Vegetation Cover Development & Combating Desertification (NCVC),COOP Training Program,40.0,50.54257081876654,text_only_gradient_boosting
eastern-province-cys,34,Saudi Power Procurement Company (SPPC),Future Power – COOP Training Program,40.0,50.777653898136734,text_only_gradient_boosting
eastern-province-cys,35,TBC (Tatweer Building Company),Cooperative Training Program,40.0,50.25387201132359,text_only_gradient_boosting
eastern-province-cys,36,PwC Middle East (Assurance COOP & Summer Internship Programme 2026),"Assurance, COOP and Summer Internship Programme 2026 – Middle East",44.5,53.28942730570796,text_only_gradient_boosting
eastern-province-cys,37,KAPSARC,Intern (Coop- Trainee),44.5,59.004913147820695,text_only_gradient_boosting
eastern-province-cys,38,BSF (Banque Saudi Fransi),COOP / Internship,63.0,61.98515081853366,text_only_gradient_boosting
eastern-province-cys,39,Saudi Food & Drug Authority (SFDA),COOP training (First semester 2025-2026 intake),68.0,62.951552427612086,text_only_gradient_boosting
eastern-province-cys,40,Saudi Power Procurement Company (SPPC) – Future Power (Business Admin COOP),Future Power – Business Administration COOP Training Program,40.0,53.298686673583035,text_only_gradient_boosting
eastern-province-cys,41,Bank Albilad,Cooperative and Summer Training Program,63.0,60.585523660775905,text_only_gradient_boosting
eastern-province-cys,42,The Saudi National Bank (SNB),SNB Rowad Program,44.0,39.37984726707651,text_only_gradient_boosting
eastern-province-cys,43,National Cybersecurity Authority (NCA) – Academy,Cybersecurity training programs (academy),58.0,53.953127965813216,text_only_gradient_boosting
eastern-province-cys,44,PIF | Graduate Development Program,Graduate Development Program (GDP),34.5,44.75933237810365,text_only_gradient_boosting
eastern-province-cys,45,NEOM | GrOW (Graduates Opportunities in Work),GrOW (Graduates Opportunities in Work),36.0,44.954001055463394,text_only_gradient_boosting
eastern-province-cys,46,ROSHN | COOP Trainee Program,COOP Trainee Program,40.0,50.65998376211062,text_only_gradient_boosting
eastern-province-cys,47,Microsoft | Ru'aa Program (Riyadh),Ru'aa Program Internship (Solution Engineering),34.5,46.28586164045813,text_only_gradient_boosting
eastern-province-cys,48,Oracle | Business Development Intern (KSA market),Business Development Intern (KSA market),31.5,35.75685933402454,text_only_gradient_boosting
eastern-province-cys,49,SAP | Student Internship (Riyadh),Student Internship - Riyadh,30.0,41.015721398564196,text_only_gradient_boosting
eastern-province-cys,50,SAB (Saudi Awwal Bank) | Cooperative Training Programme (COOP),SAB Cooperative Training Programme (COOP),40.0,50.1935372700545,text_only_gradient_boosting
eastern-province-cys,51,Ministry of Finance (Saudi Arabia) | Cooperative Training Program,Cooperative Training Program,50.5,41.06179409692063,text_only_gradient_boosting
eastern-province-cys,52,Ministry of Industry and Mineral Resources | Cooperative Training,Cooperative Training Initiative,55.5,28.754845168996475,text_only_gradient_boosting
eastern-province-cys,53,King Fahd Causeway Authority | Internship Program,Internship Program,40.5,39.47643648534367,text_only_gradient_boosting
eastern-province-cys,54,Tawuniya | Tamheer Program (Fresh Graduates),Tamheer Program,56.0,49.448791984638966,text_only_gradient_boosting
eastern-province-cys,55,SAMA | SAMA Professional Program (SPP),SAMA Professional Program (SPP),40.5,33.39301813955669,text_only_gradient_boosting
eastern-province-cys,56,HRDF | Cooperative Training Product,Cooperative Training Product,55.5,41.835927767001344,text_only_gradient_boosting
eastern-province-cys,57,IBM,"Automation, Data & AI – Intern",49.5,49.53911153083774,text_only_gradient_boosting
eastern-province-cys,58,Unifonic,Internship (Unifonic),48.5,40.4599724188193,text_only_gradient_boosting
eastern-province-cys,59,Misk Foundation,Misk Traineeship / Internship Program,47.0,44.45179446985786,text_only_gradient_boosting
eastern-province-cys,60,Cisco,Cisco NetVersity (Saudi Arabia),61.0,54.20607347625968,text_only_gradient_boosting
eastern-province-cys,61,KAUST,Visiting Student Research Program (VSRP) Internship,44.0,41.8139475620605,text_only_gradient_boosting
eastern-province-cys,62,General Authority for Statistics (GASTAT),Cooperative Training Program,58.5,56.334594054224304,text_only_gradient_boosting
eastern-province-cys,63,Saudi Center for Opinion Polling (SCOP),Cooperative Training Program,58.5,56.45226419025042,text_only_gradient_boosting
eastern-province-cys,64,Al Rajhi Takaful,Cooperative Training Program,63.0,62.08229048722563,text_only_gradient_boosting
eastern-province-cys,65,Expenditure & Projects Efficiency Authority (EXPRO),Future Makers (صنّاع المستقبل) – Cooperative Training,54.0,50.52217850302338,text_only_gradient_boosting
eastern-province-cys,66,Ministry of Finance (Saudi Arabia),Cooperative Training Program (Ministry of Finance),54.0,50.777653898136734,text_only_gradient_boosting
eastern-province-cys,67,General Entertainment Authority (GEA),GEA Cooperative Training Program,54.0,50.1349720626746,text_only_gradient_boosting
eastern-province-cys,68,Banque Saudi Fransi (BSF),COOP Training,63.0,61.98515081853366,text_only_gradient_boosting
eastern-province-cys,69,Arab National Bank (ANB),COOP Trainee,63.0,60.31221989718231,text_only_gradient_boosting
eastern-province-cys,70,Tamara,Builders Program,63.0,60.15920468104661,text_only_gradient_boosting
eastern-province-cys,71,OmniOps,Co‑op Training Program,63.0,59.38287509596676,text_only_gradient_boosting
eastern-province-cys,72,Tatweer Educational Technologies (TETCO),Cooperative Training Program,63.0,59.156076946168554,text_only_gradient_boosting
eastern-province-cys,73,The Saudi Investment Bank (SAIB),Cooperative Program,63.0,60.64585840204499,text_only_gradient_boosting
eastern-province-cys,74,Saudi Awwal Bank (SAB),COOP Program,63.0,60.585523660775905,text_only_gradient_boosting
eastern-province-cys,75,Riyad Bank,Internships and Coop Trainings (CSR 2019),63.0,60.15920468104661,text_only_gradient_boosting
eastern-province-cys,76,Tabby,Intern DevOps Engineer,48.5,47.71121716854813,text_only_gradient_boosting
eastern-province-cys,77,Tabby,Intern Backend (GO) Engineer,48.5,48.83163778381474,text_only_gradient_boosting
eastern-province-cys,78,Tabby,Intern Frontend Engineer,48.5,47.14910671412593,text_only_gradient_boosting
eastern-province-cys,79,Tabby,Intern Data Engineer,48.5,50.713450158924154,text_only_gradient_boosting
eastern-province-cys,80,Tabby,No-Code / AI Agents Engineering Intern,48.5,41.09644845557644,text_only_gradient_boosting
eastern-province-cys,81,Bank Albilad,Cooperative Training Program,68.0,61.43444243872964,text_only_gradient_boosting
eastern-province-cys,82,Saudi Ground Services (SGS),COOP Program,54.0,50.25387201132359,text_only_gradient_boosting
eastern-province-cys,83,CEER,Cooperative Training Program (COOP),54.0,50.54257081876654,text_only_gradient_boosting
eastern-province-cys,84,Al Rajhi Takaful,Coop Training Program,63.0,61.43444243872964,text_only_gradient_boosting
eastern-province-cys,85,TAWAL,COOP Training Program,58.5,59.156076946168554,text_only_gradient_boosting
eastern-province-cys,86,Wakeb_Data,COOP Training,58.5,52.60524726673806,text_only_gradient_boosting
eastern-province-cys,87,Banque Saudi Fransi (BSF),Coop Training Program,63.0,61.98515081853366,text_only_gradient_boosting
eastern-province-cys,88,Tech Economy,COOP Training Program,63.0,61.43444243872964,text_only_gradient_boosting
eastern-province-cys,89,SAMI Advanced Electronics (SAMI-AEC),Coop Trainee,63.0,61.98515081853366,text_only_gradient_boosting
eastern-province-cys,90,NHC,COOP Trainee,68.0,60.31221989718231,text_only_gradient_boosting
eastern-province-cys,91,REMAT ADVANCED,Cooperative Training Program,58.5,57.988727430265705,text_only_gradient_boosting
eastern-province-cys,92,SDM,AI COOP,58.5,60.05033890035019,text_only_gradient_boosting
eastern-province-cys,93,HUED,HUED COOP Program 2026,58.5,58.45420476801667,text_only_gradient_boosting
eastern-province-cys,94,Araamis • أرامس,Araamis COOP Program 2026,58.5,53.271466637483684,text_only_gradient_boosting
eastern-province-cys,95,ARDARA,COOP Training for Students,54.0,50.25387201132359,text_only_gradient_boosting
eastern-province-cys,96,flynas,COOP Trainee / Internship Program,58.5,50.1349720626746,text_only_gradient_boosting
eastern-province-cys,97,Saudi Motorsport Company (SMC),COOP Trainee (IT Asset Project Management),58.5,53.28942730570796,text_only_gradient_boosting
eastern-province-cys,98,Saudi Motorsport Company (SMC),COOP Trainee (Supply Chain Excellence Associate),63.0,58.154821058710965,text_only_gradient_boosting
eastern-province-cys,99,Mobily,Cooperative Training Program,63.0,60.585523660775905,text_only_gradient_boosting
eastern-province-cys,100,Saudi Awwal Bank (SAB),Student Opportunities: Cooperative / Practical Training,63.0,60.93455720948795,text_only_gradient_boosting
eastern-province-cys,101,Alvarez & Marsal,COOP Training Program,63.0,60.91416489374479,text_only_gradient_boosting
eastern-province-cys,102,Visa,COOP Trainee (Jan 2026),54.0,53.328904134503446,text_only_gradient_boosting
eastern-province-cys,103,Zain KSA,Evolve Program (Fresh Graduates),53.0,50.61850299907824,text_only_gradient_boosting
eastern-province-cys,104,Zain KSA,Zain Pioneers Program,48.5,48.54021736708253,text_only_gradient_boosting
eastern-province-cys,105,Savvy Games Group,Cooperative Training Program (Co-op),63.0,61.98515081853366,text_only_gradient_boosting
eastern-province-cys,106,Bank AlJazira,Tamheer Program,44.0,42.22395438610116,text_only_gradient_boosting
eastern-province-cys,107,sirar by stc,Cooperative Training Program,63.0,61.251322713554195,text_only_gradient_boosting
eastern-province-cys,108,Gathern,Co-op Program,58.5,59.28343407578093,text_only_gradient_boosting
eastern-province-cys,109,Elm Company (شركة علم),Coop Training - Computer Science (Jan/Mar/Jun/Aug 2025 Intake),58.5,53.328904134503446,text_only_gradient_boosting
eastern-province-cys,110,Elm Company (شركة علم),Co-Op Training - Information Technology (Jun & Aug 2025 Intake),58.5,53.298686673583035,text_only_gradient_boosting
eastern-province-cys,111,EJADA,COOP Administration & Support Engineer,63.0,59.126116150300156,text_only_gradient_boosting
eastern-province-cys,112,Emdad By Elm,Network Cooperative Training (Network Intern),58.5,58.55785128277248,text_only_gradient_boosting
eastern-province-cys,113,AILA,Co-op Training Programme,58.5,53.980027473712106,text_only_gradient_boosting
eastern-province-cys,114,Foodics,Foodics 360 Internship Program,48.5,43.55401274338859,text_only_gradient_boosting
eastern-province-cys,115,Salla,برنامج التدريب التعاوني (Coop Training) – Salla,58.5,53.328904134503446,text_only_gradient_boosting
eastern-province-cys,116,Lucidya,Technical Internship or Coop – Lucidya,63.0,59.897432302510474,text_only_gradient_boosting
eastern-province-cys,117,Diriyah Company,Diriyah Co-op Training Program,54.0,51.333985775170184,text_only_gradient_boosting
eastern-province-cys,118,Riyadh Air,Co-op – Riyadh Air,54.0,50.65998376211062,text_only_gradient_boosting
eastern-province-cys,119,Jahez Group,Jahez Internship Program (as described in Sustainability Report),44.0,41.320823603757624,text_only_gradient_boosting
eastern-province-cys,120,Lumi | لومي,COOP Intern 2025 – Lumi,54.0,50.1349720626746,text_only_gradient_boosting
eastern-province-cys,121,webook.com,COOP Trainee Opportunities – webook.com,54.0,50.52217850302338,text_only_gradient_boosting
eastern-province-cys,122,moneymoon,Tech & AI Co-op Program 2025,63.0,61.55187261294361,text_only_gradient_boosting
eastern-province-cys,123,EjadTech - إيجاد التقنية,"Summer Internship Program 2025 (Computer, Data, and AI Majors)",31.0,46.741917882632556,text_only_gradient_boosting
eastern-province-cys,124,InnovationTeam,Java Microservices Internship Programme (Saudi Nationals),35.5,44.99011242834991,text_only_gradient_boosting
eastern-province-cys,125,Tamkeen Technologies,On the Job Training (Internship Program) — Technology field,48.5,43.911635563530325,text_only_gradient_boosting
eastern-province-cys,126,Trendyol Group,Trendyol Tech Talent - Bootcamp & COOP Internship Program (Saudi Students Only),41.0,48.142244025738364,text_only_gradient_boosting
eastern-province-cys,127,Ninja نينجا,COOP Training Program,41.0,48.526923674725865,text_only_gradient_boosting
eastern-province-cys,128,SCAI | سكاي,CO-OP Training Opportunities (Intern),58.5,61.251322713554195,text_only_gradient_boosting
eastern-province-cys,129,WalaPlus,Coop & Tamheer Opportunities,44.5,57.988727430265705,text_only_gradient_boosting
eastern-province-cys,130,Aon,IT Co-op Trainee 2026,44.5,57.95850996934529,text_only_gradient_boosting
eastern-province-cys,131,Hewlett Packard Enterprise (HPE),College Intern (Coop),44.5,57.94925060147022,text_only_gradient_boosting
eastern-province-cys,132,Signify,KSA Coop Internship Program,44.5,57.988727430265705,text_only_gradient_boosting
eastern-province-cys,133,Help AG (e& enterprise),Cybersecurity Intern,53.0,52.799951345014954,text_only_gradient_boosting
eastern-province-cys,134,TrendAI (Trend Micro),CyberGATE Internship Program,53.0,52.799951345014954,text_only_gradient_boosting
eastern-province-cys,135,Golf Saudi,IT Co-op Trainee,44.5,57.94925060147022,text_only_gradient_boosting
eastern-province-cys,136,Siemens Healthineers,Healthineers Early Talent Program – IT (Riyadh),34.5,48.22870066878472,text_only_gradient_boosting
eastern-province-cys,137,1957 Ventures,Internship / Co-Op Program,44.5,53.28942730570796,text_only_gradient_boosting
eastern-province-cys,138,Nokia,Graduate Trainee (Saudi Arabia) – Fledgers Program,34.5,46.88294260385519,text_only_gradient_boosting
eastern-province-cys,139,Ericsson,Summer Interns (Ericsson Saudi),34.5,43.88141810260991,text_only_gradient_boosting
eastern-province-cys,140,Bosch Middle East,Software Development Intern (AI/Cloud),39.0,48.43984056305198,text_only_gradient_boosting
eastern-province-cys,141,Saudi Payments | المدفوعات السعودية,COOP Training – August 2024,63.0,62.07303111935055,text_only_gradient_boosting
eastern-province-cys,142,Saudi Tadawul Group | تداول,Cooperative Training Program (COOP),63.0,61.0800450236566,text_only_gradient_boosting
eastern-province-cys,143,Lean Technologies,Software Engineering Intern – KSA,34.5,48.57636351656245,text_only_gradient_boosting
eastern-province-cys,144,Mirai (Scopely) | مِراي,AI Engineering Intern (GenAI),34.5,47.364351888426235,text_only_gradient_boosting
eastern-province-cys,145,HungerStation | هنقرستيشن,"Co-OP Trainee, Data Analysis – Info Sec",63.0,61.43237197629215,text_only_gradient_boosting
eastern-province-cys,146,NCGR | المركز الوطني لنظم الموارد الحكومية,Coop Training Program,63.0,62.61412365660976,text_only_gradient_boosting
eastern-province-cys,147,nybl,nybl Graduate Programme – Saudi Nationals (AI Bootcamp),30.0,37.255215104265986,text_only_gradient_boosting
eastern-province-cys,148,Procter & Gamble (P&G),P&G LEADgen Internship Program 2026 (Riyadh),34.5,43.87215873473484,text_only_gradient_boosting
eastern-province-cys,149,New Murabba | المربع الجديد,New Murabba Co-op Training Program,58.5,53.298686673583035,text_only_gradient_boosting
eastern-province-cys,150,Boeing Saudi Arabia Limited,Intern - Info Technology & Data Analytics (Riyadh),53.0,47.282328629734344,text_only_gradient_boosting
eastern-province-cys,151,Motorola Solutions,Deployment Engineer Intern (KSA National - Tamheer Program),68.5,50.14304058097847,text_only_gradient_boosting
eastern-province-cys,152,Schneider Electric,Co-op Intern (Engineering) - Al Khobar (Jan–Aug 2026),68.5,57.95850996934529,text_only_gradient_boosting
eastern-province-cys,153,Lockheed Martin,Tamheer Space Internship (Riyadh),48.5,43.871391514716244,text_only_gradient_boosting
eastern-province-cys,154,Markaba | مركبة,Start-up Software Intern – TAMHEER (Saudi nationals only),45.0,40.29653034221383,text_only_gradient_boosting
eastern-province-cys,155,Laverne Group | مجموعة لافيرن,Data Analyst / Data Engineer Intern (IT Department),53.0,47.966424503567964,text_only_gradient_boosting
eastern-province-cys,156,Meel | ميل,"Software Developer Internship (Remote, min 2 months)",48.5,49.25918023654909,text_only_gradient_boosting
eastern-province-cys,157,Nahdi Medical Co.,IT Internship / COOP Program (6 months),63.5,53.328904134503446,text_only_gradient_boosting
eastern-province-cys,158,SMART Technology Solutions | سمارت لحلول التقنية,R&D Intern (Riyadh),48.5,41.72323689323015,text_only_gradient_boosting
eastern-province-cys,159,Knodemy Inc.,AI Developer & Tech Trainer Intern - Riyadh,48.5,43.88141810260991,text_only_gradient_boosting
eastern-province-cys,160,Water Transmission Company | شركة نقل المياه,Tamheer Internship Program (HRIS / Engineering & PM - Riyadh),48.5,45.32437119488463,text_only_gradient_boosting
eastern-province-cys,161,AFNOYS,"AI Automation Intern - KSA (Remote, 4 weeks)",48.5,44.72014634237082,text_only_gradient_boosting
eastern-province-cys,162,SAS,CareerStart@SAS 2026 - Presales Customer Intelligence Intern (Riyadh),33.0,43.358497508250174,text_only_gradient_boosting
eastern-province-cys,163,Devoteam,Trainee - Future Leaders Program (Co-op/Fresh Graduate),59.5,59.785426189481264,text_only_gradient_boosting
eastern-province-cys,164,ضالتي Dhallaty,Tech Intern: Fresh Grad or Student,47.0,43.39797433704566,text_only_gradient_boosting
eastern-province-cys,165,Innovative Solutions SA,Presales - Tamheer,49.5,48.682142815181834,text_only_gradient_boosting
eastern-province-cys,166,HUMAIN,Tamheer Program (Software Engineer / Cybersecurity / MIS),49.5,44.16106366010384,text_only_gradient_boosting
eastern-province-cys,167,TAM | تام,"Tamheer Opportunity, Advisory",5.5,19.69310219024344,text_only_gradient_boosting
eastern-province-cys,168,هيئة التأمين | Insurance Authority,Tamheer Opportunity - Specialist of Information Security,49.5,50.01875819945577,text_only_gradient_boosting
eastern-province-cys,169,Snbla | سنبله,Paid Internship Program (FinTech),33.0,42.35229561967536,text_only_gradient_boosting
eastern-province-cys,170,2P Perfect Presentation,Data Analyst (Tamheer),31.0,42.489748703568885,text_only_gradient_boosting
eastern-province-cys,171,Infosys,Summer Intern (Infosys InStep ’26 – Bangalore),33.0,41.87440069157801,text_only_gradient_boosting
eastern-province-cys,172,شركة الخدمات المدارة | Managed Services Company,Intern Cybersecurity Engineer,49.5,48.5789794669444,text_only_gradient_boosting
eastern-province-cys,173,Abunayyan Holding,Data Analyst (Tamheer),31.0,39.24564663192506,text_only_gradient_boosting
remote-only-de,1,Saudi Aramco,University Internship Program (UIP),34.5,41.74184974252153,text_only_gradient_boosting
remote-only-de,2,SABIC,COOP Training Program,37.5,38.38061843029201,text_only_gradient_boosting
remote-only-de,3,stc (Saudi Telecom Company),Cooperative Training Program (COOP),34.5,39.634803654016295,text_only_gradient_boosting
remote-only-de,4,Saudi National Bank (SNB),SNB Cooperative Training Program,44.5,39.17435488174273,text_only_gradient_boosting
remote-only-de,5,Al Rajhi Bank,Cooperative Training Program,44.5,38.38061843029201,text_only_gradient_boosting
remote-only-de,6,Capital Market Authority (CMA),COOP Program,34.5,38.38061843029201,text_only_gradient_boosting
remote-only-de,7,Digital Government Authority (DGA),Maidan Cooperative Training Program,34.5,38.44494581230949,text_only_gradient_boosting
remote-only-de,8,KPMG Saudi Arabia,COOP & Internship Programs,44.5,38.54248780268809,text_only_gradient_boosting
remote-only-de,9,PwC Middle East,"Deals, COOP and Summer Internship Programme (2026)",34.5,41.37757228598148,text_only_gradient_boosting
remote-only-de,10,Deloitte Middle East (KSA),Jusoor Al Sharqiyah Internship Program,34.5,47.7828317969489,text_only_gradient_boosting
remote-only-de,11,Bank Albilad,Cooperative & Summer Training Program,44.5,44.14883206061915,text_only_gradient_boosting
remote-only-de,12,Tamara,Tamara Builders Program,34.5,38.60282254395718,text_only_gradient_boosting
remote-only-de,13,Bupa Arabia,Cooperative Training Program,34.5,38.38061843029201,text_only_gradient_boosting
remote-only-de,14,Saudi Exports (Saudi Export Development Authority),COOP & Summer Training (FAQ-confirmed),44.5,38.1053621999901,text_only_gradient_boosting
remote-only-de,15,Local Content and Government Procurement Authority (LCGPA),COOP Training (role posting),34.5,41.47997834796402,text_only_gradient_boosting
remote-only-de,16,McKinsey & Company (Maqdira),Maqdira Fellowship Program,34.5,38.483922595308194,text_only_gradient_boosting
remote-only-de,17,Boston Consulting Group (BCG),Visiting Associate Internship (Riyadh),34.5,38.680863676004506,text_only_gradient_boosting
remote-only-de,18,Bain & Company,COOP Training Program (Riyadh),34.5,38.57415222277858,text_only_gradient_boosting
remote-only-de,19,Amazon Web Services (AWS),IT/Computer Hardware Internship (Intern-to-FTE Pathway),34.5,49.11433986967432,text_only_gradient_boosting
remote-only-de,20,Amazon Web Services (AWS) - Associate Solutions Architect Intern,Associate Solutions Architect Intern (2026),34.5,49.49987243316494,text_only_gradient_boosting
remote-only-de,21,Google (Saudi Arabia),Google Careers (Saudi location filter),33.0,37.75430926473841,text_only_gradient_boosting
remote-only-de,22,BlackRock,Client & Product Summer Internship Programme (EMEA) - includes Riyadh,44.5,47.77895893115265,text_only_gradient_boosting
remote-only-de,23,noon,Student Internship,34.5,42.54387894647278,text_only_gradient_boosting
remote-only-de,24,MOZN,Data Science Intern,54.5,52.84103511581595,text_only_gradient_boosting
remote-only-de,25,Elm,Elm Co-op Training Program (March 2026 Intake),34.5,38.483922595308194,text_only_gradient_boosting
remote-only-de,26,Yasref,Yasref Cooperative Training Program,37.5,44.90712541622889,text_only_gradient_boosting
remote-only-de,27,"Saudi Standards, Metrology and Quality Organization (SASO)",Cooperative Training (Collaborative Training),34.5,44.52491032301331,text_only_gradient_boosting
remote-only-de,28,"Zakat, Tax and Customs Authority (ZATCA)",Binaa-Alkafaat Program,39.5,32.403007697216104,text_only_gradient_boosting
remote-only-de,29,Human Resources Development Fund (HRDF) – Cooperative Training Product,Cooperative Training (HRDF product),25.0,18.086715498503082,text_only_gradient_boosting
remote-only-de,30,EXPRO,COOP Training (Future Makers Program),34.5,38.54248780268809,text_only_gradient_boosting
remote-only-de,31,Ministry of Industry and Mineral Resources (MIM) – Cooperative Training Initiative,Cooperative Training Initiative,25.0,15.209815880569792,text_only_gradient_boosting
remote-only-de,32,TBC (The Beauty Company),Cooperative Training Program,44.5,37.93537688469497,text_only_gradient_boosting
remote-only-de,33,National Center for Vegetation Cover Development & Combating Desertification (NCVC),COOP Training Program,34.5,39.056941938398666,text_only_gradient_boosting
remote-only-de,34,Saudi Power Procurement Company (SPPC),Future Power – COOP Training Program,34.5,39.36479115073094,text_only_gradient_boosting
remote-only-de,35,TBC (Tatweer Building Company),Cooperative Training Program,34.5,38.66047136026135,text_only_gradient_boosting
remote-only-de,36,PwC Middle East (Assurance COOP & Summer Internship Programme 2026),"Assurance, COOP and Summer Internship Programme 2026 – Middle East",34.5,41.74184974252153,text_only_gradient_boosting
remote-only-de,37,KAPSARC,Intern (Coop- Trainee),34.5,44.80391190659814,text_only_gradient_boosting
remote-only-de,38,BSF (Banque Saudi Fransi),COOP / Internship,34.5,37.692959281024,text_only_gradient_boosting
remote-only-de,39,Saudi Food & Drug Authority (SFDA),COOP training (First semester 2025-2026 intake),44.5,36.06899854242426,text_only_gradient_boosting
remote-only-de,40,Saudi Power Procurement Company (SPPC) – Future Power (Business Admin COOP),Future Power – Business Administration COOP Training Program,34.5,41.74184974252153,text_only_gradient_boosting
remote-only-de,41,Bank Albilad,Cooperative and Summer Training Program,34.5,36.3294348475067,text_only_gradient_boosting
remote-only-de,42,The Saudi National Bank (SNB),SNB Rowad Program,29.5,32.3640309142174,text_only_gradient_boosting
remote-only-de,43,National Cybersecurity Authority (NCA) – Academy,Cybersecurity training programs (academy),39.5,34.75972223540214,text_only_gradient_boosting
remote-only-de,44,PIF | Graduate Development Program,Graduate Development Program (GDP),39.5,39.61558329754037,text_only_gradient_boosting
remote-only-de,45,NEOM | GrOW (Graduates Opportunities in Work),GrOW (Graduates Opportunities in Work),41.0,40.95851507329478,text_only_gradient_boosting
remote-only-de,46,ROSHN | COOP Trainee Program,COOP Trainee Program,34.5,39.29202501776884,text_only_gradient_boosting
remote-only-de,47,Microsoft | Ru'aa Program (Riyadh),Ru'aa Program Internship (Solution Engineering),34.5,47.425833136686045,text_only_gradient_boosting
remote-only-de,48,Oracle | Business Development Intern (KSA market),Business Development Intern (KSA market),46.0,40.870573076487894,text_only_gradient_boosting
remote-only-de,49,SAP | Student Internship (Riyadh),Student Internship - Riyadh,34.5,42.70175567812047,text_only_gradient_boosting
remote-only-de,50,SAB (Saudi Awwal Bank) | Cooperative Training Programme (COOP),SAB Cooperative Training Programme (COOP),34.5,38.60282254395718,text_only_gradient_boosting
remote-only-de,51,Ministry of Finance (Saudi Arabia) | Cooperative Training Program,Cooperative Training Program,36.0,33.14933661238838,text_only_gradient_boosting
remote-only-de,52,Ministry of Industry and Mineral Resources | Cooperative Training,Cooperative Training Initiative,46.0,25.25657833328557,text_only_gradient_boosting
remote-only-de,53,King Fahd Causeway Authority | Internship Program,Internship Program,41.0,45.327807552850096,text_only_gradient_boosting
remote-only-de,54,Tawuniya | Tamheer Program (Fresh Graduates),Tamheer Program,32.5,42.68429769554584,text_only_gradient_boosting
remote-only-de,55,SAMA | SAMA Professional Program (SPP),SAMA Professional Program (SPP),31.0,30.142681892880514,text_only_gradient_boosting
remote-only-de,56,HRDF | Cooperative Training Product,Cooperative Training Product,46.0,33.35693719649561,text_only_gradient_boosting
remote-only-de,57,IBM,"Automation, Data & AI – Intern",36.0,44.73738811661599,text_only_gradient_boosting
remote-only-de,58,Unifonic,Internship (Unifonic),34.5,42.54387894647278,text_only_gradient_boosting
remote-only-de,59,Misk Foundation,Misk Traineeship / Internship Program,32.5,37.014659898890315,text_only_gradient_boosting
remote-only-de,60,Cisco,Cisco NetVersity (Saudi Arabia),42.5,35.02381995530434,text_only_gradient_boosting
remote-only-de,61,KAUST,Visiting Student Research Program (VSRP) Internship,34.5,40.74246160367396,text_only_gradient_boosting
remote-only-de,62,General Authority for Statistics (GASTAT),Cooperative Training Program,44.5,44.73015116419067,text_only_gradient_boosting
remote-only-de,63,Saudi Center for Opinion Polling (SCOP),Cooperative Training Program,44.5,44.73015116419067,text_only_gradient_boosting
remote-only-de,64,Al Rajhi Takaful,Cooperative Training Program,34.5,38.74219562735244,text_only_gradient_boosting
remote-only-de,65,Expenditure & Projects Efficiency Authority (EXPRO),Future Makers (صنّاع المستقبل) – Cooperative Training,34.5,38.680863676004506,text_only_gradient_boosting
remote-only-de,66,Ministry of Finance (Saudi Arabia),Cooperative Training Program (Ministry of Finance),34.5,39.36479115073094,text_only_gradient_boosting
remote-only-de,67,General Entertainment Authority (GEA),GEA Cooperative Training Program,34.5,38.483922595308194,text_only_gradient_boosting
remote-only-de,68,Banque Saudi Fransi (BSF),COOP Training,34.5,37.692959281024,text_only_gradient_boosting
remote-only-de,69,Arab National Bank (ANB),COOP Trainee,34.5,36.29699547512622,text_only_gradient_boosting
remote-only-de,70,Tamara,Builders Program,34.5,36.3613228571437,text_only_gradient_boosting
remote-only-de,71,OmniOps,Co‑op Training Program,34.5,46.60976311709788,text_only_gradient_boosting
remote-only-de,72,Tatweer Educational Technologies (TETCO),Cooperative Training Program,34.5,44.80391190659814,text_only_gradient_boosting
remote-only-de,73,The Saudi Investment Bank (SAIB),Cooperative Program,34.5,36.44741840507995,text_only_gradient_boosting
remote-only-de,74,Saudi Awwal Bank (SAB),COOP Program,34.5,36.3294348475067,text_only_gradient_boosting
remote-only-de,75,Riyad Bank,Internships and Coop Trainings (CSR 2019),34.5,36.29699547512622,text_only_gradient_boosting
remote-only-de,76,Tabby,Intern DevOps Engineer,44.5,49.32272697509219,text_only_gradient_boosting
remote-only-de,77,Tabby,Intern Backend (GO) Engineer,54.5,51.68489564447473,text_only_gradient_boosting
remote-only-de,78,Tabby,Intern Frontend Engineer,34.5,47.864552652990085,text_only_gradient_boosting
remote-only-de,79,Tabby,Intern Data Engineer,54.5,64.9430960140384,text_only_gradient_boosting
remote-only-de,80,Tabby,No-Code / AI Agents Engineering Intern,34.5,42.83981812988974,text_only_gradient_boosting
remote-only-de,81,Bank Albilad,Cooperative Training Program,44.5,37.416540345421055,text_only_gradient_boosting
remote-only-de,82,Saudi Ground Services (SGS),COOP Program,34.5,38.66047136026135,text_only_gradient_boosting
remote-only-de,83,CEER,Cooperative Training Program (COOP),34.5,38.680863676004506,text_only_gradient_boosting
remote-only-de,84,Al Rajhi Takaful,Coop Training Program,34.5,37.34377421245896,text_only_gradient_boosting
remote-only-de,85,TAWAL,COOP Training Program,34.5,44.80391190659814,text_only_gradient_boosting
remote-only-de,86,Wakeb_Data,COOP Training,34.5,40.64819633508125,text_only_gradient_boosting
remote-only-de,87,Banque Saudi Fransi (BSF),Coop Training Program,34.5,37.692959281024,text_only_gradient_boosting
remote-only-de,88,Tech Economy,COOP Training Program,34.5,37.34377421245896,text_only_gradient_boosting
remote-only-de,89,SAMI Advanced Electronics (SAMI-AEC),Coop Trainee,34.5,37.692959281024,text_only_gradient_boosting
remote-only-de,90,NHC,COOP Trainee,44.5,36.31713916324728,text_only_gradient_boosting
remote-only-de,91,REMAT ADVANCED,Cooperative Training Program,34.5,46.173757041792854,text_only_gradient_boosting
remote-only-de,92,SDM,AI COOP,44.5,46.117997717200055,text_only_gradient_boosting
remote-only-de,93,HUED,HUED COOP Program 2026,34.5,44.52749297099519,text_only_gradient_boosting
remote-only-de,94,Araamis • أرامس,Araamis COOP Program 2026,34.5,41.37757228598148,text_only_gradient_boosting
remote-only-de,95,ARDARA,COOP Training for Students,34.5,38.66047136026135,text_only_gradient_boosting
remote-only-de,96,flynas,COOP Trainee / Internship Program,34.5,38.54248780268809,text_only_gradient_boosting
remote-only-de,97,Saudi Motorsport Company (SMC),COOP Trainee (IT Asset Project Management),34.5,41.74184974252153,text_only_gradient_boosting
remote-only-de,98,Saudi Motorsport Company (SMC),COOP Trainee (Supply Chain Excellence Associate),34.5,45.53926914018261,text_only_gradient_boosting
remote-only-de,99,Mobily,Cooperative Training Program,34.5,36.389769588775785,text_only_gradient_boosting
remote-only-de,100,Saudi Awwal Bank (SAB),Student Opportunities: Cooperative / Practical Training,34.5,36.46781072082311,text_only_gradient_boosting
remote-only-de,101,Alvarez & Marsal,COOP Training Program,34.5,36.46781072082311,text_only_gradient_boosting
remote-only-de,102,Visa,COOP Trainee (Jan 2026),34.5,41.47997834796402,text_only_gradient_boosting
remote-only-de,103,Zain KSA,Evolve Program (Fresh Graduates),29.5,32.441331895084154,text_only_gradient_boosting
remote-only-de,104,Zain KSA,Zain Pioneers Program,29.5,41.63378528087361,text_only_gradient_boosting
remote-only-de,105,Savvy Games Group,Cooperative Training Program (Co-op),34.5,37.692959281024,text_only_gradient_boosting
remote-only-de,106,Bank AlJazira,Tamheer Program,29.5,34.735739709579825,text_only_gradient_boosting
remote-only-de,107,sirar by stc,Cooperative Training Program,34.5,47.41721432136523,text_only_gradient_boosting
remote-only-de,108,Gathern,Co-op Program,34.5,45.29046032056604,text_only_gradient_boosting
remote-only-de,109,Elm Company (شركة علم),Coop Training - Computer Science (Jan/Mar/Jun/Aug 2025 Intake),34.5,41.37757228598148,text_only_gradient_boosting
remote-only-de,110,Elm Company (شركة علم),Co-Op Training - Information Technology (Jun & Aug 2025 Intake),34.5,41.47997834796402,text_only_gradient_boosting
remote-only-de,111,EJADA,COOP Administration & Support Engineer,34.5,45.291689513711624,text_only_gradient_boosting
remote-only-de,112,Emdad By Elm,Network Cooperative Training (Network Intern),34.5,46.29601752049563,text_only_gradient_boosting
remote-only-de,113,AILA,Co-op Training Programme,44.5,43.75316085466427,text_only_gradient_boosting
remote-only-de,114,Foodics,Foodics 360 Internship Program,34.5,44.72806344882591,text_only_gradient_boosting
remote-only-de,115,Salla,برنامج التدريب التعاوني (Coop Training) – Salla,34.5,41.37757228598148,text_only_gradient_boosting
remote-only-de,116,Lucidya,Technical Internship or Coop – Lucidya,34.5,46.40789937741172,text_only_gradient_boosting
remote-only-de,117,Diriyah Company,Diriyah Co-op Training Program,34.5,39.641210086333885,text_only_gradient_boosting
remote-only-de,118,Riyadh Air,Co-op – Riyadh Air,34.5,39.29202501776884,text_only_gradient_boosting
remote-only-de,119,Jahez Group,Jahez Internship Program (as described in Sustainability Report),34.5,43.1098306331751,text_only_gradient_boosting
remote-only-de,120,Lumi | لومي,COOP Intern 2025 – Lumi,34.5,38.483922595308194,text_only_gradient_boosting
remote-only-de,121,webook.com,COOP Trainee Opportunities – webook.com,34.5,38.680863676004506,text_only_gradient_boosting
remote-only-de,122,moneymoon,Tech & AI Co-op Program 2025,44.5,48.240434312055655,text_only_gradient_boosting
remote-only-de,123,EjadTech - إيجاد التقنية,"Summer Internship Program 2025 (Computer, Data, and AI Majors)",46.0,59.85089923737467,text_only_gradient_boosting
remote-only-de,124,InnovationTeam,Java Microservices Internship Programme (Saudi Nationals),46.0,58.52340973264153,text_only_gradient_boosting
remote-only-de,125,Tamkeen Technologies,On the Job Training (Internship Program) — Technology field,34.5,44.92620056229786,text_only_gradient_boosting
remote-only-de,126,Trendyol Group,Trendyol Tech Talent - Bootcamp & COOP Internship Program (Saudi Students Only),36.0,43.063511794510504,text_only_gradient_boosting
remote-only-de,127,Ninja نينجا,COOP Training Program,36.0,39.46847376023956,text_only_gradient_boosting
remote-only-de,128,SCAI | سكاي,CO-OP Training Opportunities (Intern),44.5,47.41721432136523,text_only_gradient_boosting
remote-only-de,129,WalaPlus,Coop & Tamheer Opportunities,34.5,46.173757041792854,text_only_gradient_boosting
remote-only-de,130,Aon,IT Co-op Trainee 2026,34.5,46.14353958087244,text_only_gradient_boosting
remote-only-de,131,Hewlett Packard Enterprise (HPE),College Intern (Coop),34.5,46.40541097542995,text_only_gradient_boosting
remote-only-de,132,Signify,KSA Coop Internship Program,34.5,46.173757041792854,text_only_gradient_boosting
remote-only-de,133,Help AG (e& enterprise),Cybersecurity Intern,34.5,42.23311734460053,text_only_gradient_boosting
remote-only-de,134,TrendAI (Trend Micro),CyberGATE Internship Program,34.5,42.23311734460053,text_only_gradient_boosting
remote-only-de,135,Golf Saudi,IT Co-op Trainee,34.5,46.40541097542995,text_only_gradient_boosting
remote-only-de,136,Siemens Healthineers,Healthineers Early Talent Program – IT (Riyadh),34.5,51.78863083619778,text_only_gradient_boosting
remote-only-de,137,1957 Ventures,Internship / Co-Op Program,34.5,41.74184974252153,text_only_gradient_boosting
remote-only-de,138,Nokia,Graduate Trainee (Saudi Arabia) – Fledgers Program,39.5,45.03828268646789,text_only_gradient_boosting
remote-only-de,139,Ericsson,Summer Interns (Ericsson Saudi),34.5,45.0286066242804,text_only_gradient_boosting
remote-only-de,140,Bosch Middle East,Software Development Intern (AI/Cloud),44.5,54.43932487497797,text_only_gradient_boosting
remote-only-de,141,Saudi Payments | المدفوعات السعودية,COOP Training – August 2024,34.5,39.27935023077746,text_only_gradient_boosting
remote-only-de,142,Saudi Tadawul Group | تداول,Cooperative Training Program (COOP),34.5,49.948337627693974,text_only_gradient_boosting
remote-only-de,143,Lean Technologies,Software Engineering Intern – KSA,54.5,60.066349319199425,text_only_gradient_boosting
remote-only-de,144,Mirai (Scopely) | مِراي,AI Engineering Intern (GenAI),44.5,51.10834404848297,text_only_gradient_boosting
remote-only-de,145,HungerStation | هنقرستيشن,"Co-OP Trainee, Data Analysis – Info Sec",54.5,52.25915821035303,text_only_gradient_boosting
remote-only-de,146,NCGR | المركز الوطني لنظم الموارد الحكومية,Coop Training Program,34.5,38.55769722917231,text_only_gradient_boosting
remote-only-de,147,nybl,nybl Graduate Programme – Saudi Nationals (AI Bootcamp),29.5,33.98460971992653,text_only_gradient_boosting
remote-only-de,148,Procter & Gamble (P&G),P&G LEADgen Internship Program 2026 (Riyadh),34.5,45.29047801883791,text_only_gradient_boosting
remote-only-de,149,New Murabba | المربع الجديد,New Murabba Co-op Training Program,34.5,41.47997834796402,text_only_gradient_boosting
remote-only-de,150,Boeing Saudi Arabia Limited,Intern - Info Technology & Data Analytics (Riyadh),34.5,48.588912071340076,text_only_gradient_boosting
remote-only-de,151,Motorola Solutions,Deployment Engineer Intern (KSA National - Tamheer Program),34.5,42.32363261065787,text_only_gradient_boosting
remote-only-de,152,Schneider Electric,Co-op Intern (Engineering) - Al Khobar (Jan–Aug 2026),34.5,46.40541097542995,text_only_gradient_boosting
remote-only-de,153,Lockheed Martin,Tamheer Space Internship (Riyadh),34.5,36.26329395256979,text_only_gradient_boosting
remote-only-de,154,Markaba | مركبة,Start-up Software Intern – TAMHEER (Saudi nationals only),36.0,35.49708777220629,text_only_gradient_boosting
remote-only-de,155,Laverne Group | مجموعة لافيرن,Data Analyst / Data Engineer Intern (IT Department),44.5,53.51366555843842,text_only_gradient_boosting
remote-only-de,156,Meel | ميل,"Software Developer Internship (Remote, min 2 months)",49.5,51.88303275794668,text_only_gradient_boosting
remote-only-de,157,Nahdi Medical Co.,IT Internship / COOP Program (6 months),44.5,41.47997834796402,text_only_gradient_boosting
remote-only-de,158,SMART Technology Solutions | سمارت لحلول التقنية,R&D Intern (Riyadh),34.5,43.1098306331751,text_only_gradient_boosting
remote-only-de,159,Knodemy Inc.,AI Developer & Tech Trainer Intern - Riyadh,44.5,45.0286066242804,text_only_gradient_boosting
remote-only-de,160,Water Transmission Company | شركة نقل المياه,Tamheer Internship Program (HRIS / Engineering & PM - Riyadh),34.5,40.09581496462989,text_only_gradient_boosting
remote-only-de,161,AFNOYS,"AI Automation Intern - KSA (Remote, 4 weeks)",49.5,47.45203036727905,text_only_gradient_boosting
remote-only-de,162,SAS,CareerStart@SAS 2026 - Presales Customer Intelligence Intern (Riyadh),38.0,45.344909993332095,text_only_gradient_boosting
remote-only-de,163,Devoteam,Trainee - Future Leaders Program (Co-op/Fresh Graduate),36.0,39.79657973243017,text_only_gradient_boosting
remote-only-de,164,ضالتي Dhallaty,Tech Intern: Fresh Grad or Student,38.0,45.083038598774586,text_only_gradient_boosting
remote-only-de,165,Innovative Solutions SA,Presales - Tamheer,36.0,33.23689386815982,text_only_gradient_boosting
remote-only-de,166,HUMAIN,Tamheer Program (Software Engineer / Cybersecurity / MIS),36.0,38.85610615457054,text_only_gradient_boosting
remote-only-de,167,TAM | تام,"Tamheer Opportunity, Advisory",15.0,20.908932531805736,text_only_gradient_boosting
remote-only-de,168,هيئة التأمين | Insurance Authority,Tamheer Opportunity - Specialist of Information Security,36.0,31.192809919298682,text_only_gradient_boosting
remote-only-de,169,Snbla | سنبله,Paid Internship Program (FinTech),38.0,47.74954384142602,text_only_gradient_boosting
remote-only-de,170,2P Perfect Presentation,Data Analyst (Tamheer),36.0,37.08389872921297,text_only_gradient_boosting
remote-only-de,171,Infosys,Summer Intern (Infosys InStep ’26 – Bangalore),37.5,44.12322331424005,text_only_gradient_boosting
remote-only-de,172,شركة الخدمات المدارة | Managed Services Company,Intern Cybersecurity Engineer,36.0,44.73738811661599,text_only_gradient_boosting
remote-only-de,173,Abunayyan Holding,Data Analyst (Tamheer),36.0,36.14734837953174,text_only_gradient_boosting
no-interview-ft,1,Saudi Aramco,University Internship Program (UIP),29.5,41.50213390556766,text_only_gradient_boosting
no-interview-ft,2,SABIC,COOP Training Program,32.5,39.14897889038271,text_only_gradient_boosting
no-interview-ft,3,stc (Saudi Telecom Company),Cooperative Training Program (COOP),39.5,39.92185311467248,text_only_gradient_boosting
no-interview-ft,4,Saudi National Bank (SNB),SNB Cooperative Training Program,34.5,39.30885735918312,text_only_gradient_boosting
no-interview-ft,5,Al Rajhi Bank,Cooperative Training Program,34.5,39.14897889038271,text_only_gradient_boosting
no-interview-ft,6,Capital Market Authority (CMA),COOP Program,39.5,39.14897889038271,text_only_gradient_boosting
no-interview-ft,7,Digital Government Authority (DGA),Maidan Cooperative Training Program,39.5,39.52687970758107,text_only_gradient_boosting
no-interview-ft,8,KPMG Saudi Arabia,COOP & Internship Programs,34.5,38.916507991125684,text_only_gradient_boosting
no-interview-ft,9,PwC Middle East,"Deals, COOP and Summer Internship Programme (2026)",39.5,41.42421388278092,text_only_gradient_boosting
no-interview-ft,10,Deloitte Middle East (KSA),Jusoor Al Sharqiyah Internship Program,39.5,47.54976066521889,text_only_gradient_boosting
no-interview-ft,11,Bank Albilad,Cooperative & Summer Training Program,34.5,37.68064007479811,text_only_gradient_boosting
no-interview-ft,12,Tamara,Tamara Builders Program,39.5,38.916507991125684,text_only_gradient_boosting
no-interview-ft,13,Bupa Arabia,Cooperative Training Program,39.5,39.14897889038271,text_only_gradient_boosting
no-interview-ft,14,Saudi Exports (Saudi Export Development Authority),COOP & Summer Training (FAQ-confirmed),34.5,39.14897889038271,text_only_gradient_boosting
no-interview-ft,15,Local Content and Government Procurement Authority (LCGPA),COOP Training (role posting),39.5,41.69979265855133,text_only_gradient_boosting
no-interview-ft,16,McKinsey & Company (Maqdira),Maqdira Fellowship Program,39.5,38.8132038261095,text_only_gradient_boosting
no-interview-ft,17,Boston Consulting Group (BCG),Visiting Associate Internship (Riyadh),39.5,39.169565094790975,text_only_gradient_boosting
no-interview-ft,18,Bain & Company,COOP Training Program (Riyadh),39.5,38.8132038261095,text_only_gradient_boosting
no-interview-ft,19,Amazon Web Services (AWS),IT/Computer Hardware Internship (Intern-to-FTE Pathway),49.5,47.22071238850648,text_only_gradient_boosting
no-interview-ft,20,Amazon Web Services (AWS) - Associate Solutions Architect Intern,Associate Solutions Architect Intern (2026),49.5,47.014099041036566,text_only_gradient_boosting
no-interview-ft,21,Google (Saudi Arabia),Google Careers (Saudi location filter),39.5,41.44420751243144,text_only_gradient_boosting
no-interview-ft,22,BlackRock,Client & Product Summer Internship Programme (EMEA) - includes Riyadh,69.5,55.008481146478125,text_only_gradient_boosting
no-interview-ft,23,noon,Student Internship,49.5,46.039321356852525,text_only_gradient_boosting
no-interview-ft,24,MOZN,Data Science Intern,69.5,59.073670289800056,text_only_gradient_boosting
no-interview-ft,25,Elm,Elm Co-op Training Program (March 2026 Intake),39.5,38.8132038261095,text_only_gradient_boosting
no-interview-ft,26,Yasref,Yasref Cooperative Training Program,32.5,37.76136713181036,text_only_gradient_boosting
no-interview-ft,27,"Saudi Standards, Metrology and Quality Organization (SASO)",Cooperative Training (Collaborative Training),39.5,37.68064007479811,text_only_gradient_boosting
no-interview-ft,28,"Zakat, Tax and Customs Authority (ZATCA)",Binaa-Alkafaat Program,34.5,36.436758372754106,text_only_gradient_boosting
no-interview-ft,29,Human Resources Development Fund (HRDF) – Cooperative Training Product,Cooperative Training (HRDF product),15.0,19.420218567743657,text_only_gradient_boosting
no-interview-ft,30,EXPRO,COOP Training (Future Makers Program),39.5,38.916507991125684,text_only_gradient_boosting
no-interview-ft,31,Ministry of Industry and Mineral Resources (MIM) – Cooperative Training Initiative,Cooperative Training Initiative,15.0,17.130212943075108,text_only_gradient_boosting
no-interview-ft,32,TBC (The Beauty Company),Cooperative Training Program,34.5,33.530116435912475,text_only_gradient_boosting
no-interview-ft,33,National Center for Vegetation Cover Development & Combating Desertification (NCVC),COOP Training Program,39.5,39.228130302170875,text_only_gradient_boosting
no-interview-ft,34,Saudi Power Procurement Company (SPPC),Future Power – COOP Training Program,39.5,39.30885735918312,text_only_gradient_boosting
no-interview-ft,35,TBC (Tatweer Building Company),Cooperative Training Program,39.5,39.169565094790975,text_only_gradient_boosting
no-interview-ft,36,PwC Middle East (Assurance COOP & Summer Internship Programme 2026),"Assurance, COOP and Summer Internship Programme 2026 – Middle East",39.5,41.17423192585771,text_only_gradient_boosting
no-interview-ft,37,KAPSARC,Intern (Coop- Trainee),39.5,43.433950779866194,text_only_gradient_boosting
no-interview-ft,38,BSF (Banque Saudi Fransi),COOP / Internship,29.5,39.884889349526986,text_only_gradient_boosting
no-interview-ft,39,Saudi Food & Drug Authority (SFDA),COOP training (First semester 2025-2026 intake),34.5,40.71334247697121,text_only_gradient_boosting
no-interview-ft,40,Saudi Power Procurement Company (SPPC) – Future Power (Business Admin COOP),Future Power – Business Administration COOP Training Program,39.5,41.47596612385172,text_only_gradient_boosting
no-interview-ft,41,Bank Albilad,Cooperative and Summer Training Program,39.5,38.328643284435685,text_only_gradient_boosting
no-interview-ft,42,The Saudi National Bank (SNB),SNB Rowad Program,39.5,37.15043425422567,text_only_gradient_boosting
no-interview-ft,43,National Cybersecurity Authority (NCA) – Academy,Cybersecurity training programs (academy),44.5,41.63214696823795,text_only_gradient_boosting
no-interview-ft,44,PIF | Graduate Development Program,Graduate Development Program (GDP),59.5,45.31773402697794,text_only_gradient_boosting
no-interview-ft,45,NEOM | GrOW (Graduates Opportunities in Work),GrOW (Graduates Opportunities in Work),36.0,39.11721314879004,text_only_gradient_boosting
no-interview-ft,46,ROSHN | COOP Trainee Program,COOP Trainee Program,39.5,39.30885735918312,text_only_gradient_boosting
no-interview-ft,47,Microsoft | Ru'aa Program (Riyadh),Ru'aa Program Internship (Solution Engineering),49.5,50.894362963335006,text_only_gradient_boosting
no-interview-ft,48,Oracle | Business Development Intern (KSA market),Business Development Intern (KSA market),46.0,45.04275875902459,text_only_gradient_boosting
no-interview-ft,49,SAP | Student Internship (Riyadh),Student Internship - Riyadh,49.5,48.32231897312987,text_only_gradient_boosting
no-interview-ft,50,SAB (Saudi Awwal Bank) | Cooperative Training Programme (COOP),SAB Cooperative Training Programme (COOP),39.5,38.916507991125684,text_only_gradient_boosting
no-interview-ft,51,Ministry of Finance (Saudi Arabia) | Cooperative Training Program,Cooperative Training Program,41.0,29.770128802146978,text_only_gradient_boosting
no-interview-ft,52,Ministry of Industry and Mineral Resources | Cooperative Training,Cooperative Training Initiative,36.0,28.52751393405656,text_only_gradient_boosting
no-interview-ft,53,King Fahd Causeway Authority | Internship Program,Internship Program,46.0,42.65940533414748,text_only_gradient_boosting
no-interview-ft,54,Tawuniya | Tamheer Program (Fresh Graduates),Tamheer Program,42.5,42.35573491979312,text_only_gradient_boosting
no-interview-ft,55,SAMA | SAMA Professional Program (SPP),SAMA Professional Program (SPP),41.0,35.484912236380424,text_only_gradient_boosting
no-interview-ft,56,HRDF | Cooperative Training Product,Cooperative Training Product,36.0,35.9993331413959,text_only_gradient_boosting
no-interview-ft,57,IBM,"Automation, Data & AI – Intern",51.0,47.1650463744389,text_only_gradient_boosting
no-interview-ft,58,Unifonic,Internship (Unifonic),49.5,48.93269068958525,text_only_gradient_boosting
no-interview-ft,59,Misk Foundation,Misk Traineeship / Internship Program,42.5,42.503569599441086,text_only_gradient_boosting
no-interview-ft,60,Cisco,Cisco NetVersity (Saudi Arabia),37.5,41.662647789085796,text_only_gradient_boosting
no-interview-ft,61,KAUST,Visiting Student Research Program (VSRP) Internship,39.5,47.19670459677603,text_only_gradient_boosting
no-interview-ft,62,General Authority for Statistics (GASTAT),Cooperative Training Program,59.5,45.9178021601107,text_only_gradient_boosting
no-interview-ft,63,Saudi Center for Opinion Polling (SCOP),Cooperative Training Program,59.5,45.9178021601107,text_only_gradient_boosting
no-interview-ft,64,Al Rajhi Takaful,Cooperative Training Program,39.5,40.37814153330468,text_only_gradient_boosting
no-interview-ft,65,Expenditure & Projects Efficiency Authority (EXPRO),Future Makers (صنّاع المستقبل) – Cooperative Training,39.5,39.169565094790975,text_only_gradient_boosting
no-interview-ft,66,Ministry of Finance (Saudi Arabia),Cooperative Training Program (Ministry of Finance),39.5,39.30885735918312,text_only_gradient_boosting
no-interview-ft,67,General Entertainment Authority (GEA),GEA Cooperative Training Program,39.5,39.00673761859607,text_only_gradient_boosting
no-interview-ft,68,Banque Saudi Fransi (BSF),COOP Training,39.5,40.087911464013374,text_only_gradient_boosting
no-interview-ft,69,Arab National Bank (ANB),COOP Trainee,39.5,38.69054418370831,text_only_gradient_boosting
no-interview-ft,70,Tamara,Builders Program,39.5,36.707957550336744,text_only_gradient_boosting
no-interview-ft,71,OmniOps,Co‑op Training Program,39.5,45.922215479184224,text_only_gradient_boosting
no-interview-ft,72,Tatweer Educational Technologies (TETCO),Cooperative Training Program,39.5,44.44093093956238,text_only_gradient_boosting
no-interview-ft,73,The Saudi Investment Bank (SAIB),Cooperative Program,39.5,38.328643284435685,text_only_gradient_boosting
no-interview-ft,74,Saudi Awwal Bank (SAB),COOP Program,39.5,38.328643284435685,text_only_gradient_boosting
no-interview-ft,75,Riyad Bank,Internships and Coop Trainings (CSR 2019),39.5,38.69054418370831,text_only_gradient_boosting
no-interview-ft,76,Tabby,Intern DevOps Engineer,49.5,51.43434555332138,text_only_gradient_boosting
no-interview-ft,77,Tabby,Intern Backend (GO) Engineer,69.5,53.59787698447403,text_only_gradient_boosting
no-interview-ft,78,Tabby,Intern Frontend Engineer,49.5,51.92347301617076,text_only_gradient_boosting
no-interview-ft,79,Tabby,Intern Data Engineer,69.5,68.4554231622651,text_only_gradient_boosting
no-interview-ft,80,Tabby,No-Code / AI Agents Engineering Intern,49.5,48.714668341187306,text_only_gradient_boosting
no-interview-ft,81,Bank Albilad,Cooperative Training Program,34.5,38.46793554882783,text_only_gradient_boosting
no-interview-ft,82,Saudi Ground Services (SGS),COOP Program,29.5,39.169565094790975,text_only_gradient_boosting
no-interview-ft,83,CEER,Cooperative Training Program (COOP),39.5,39.228130302170875,text_only_gradient_boosting
no-interview-ft,84,Al Rajhi Takaful,Coop Training Program,39.5,38.46793554882783,text_only_gradient_boosting
no-interview-ft,85,TAWAL,COOP Training Program,39.5,44.44093093956238,text_only_gradient_boosting
no-interview-ft,86,Wakeb_Data,COOP Training,39.5,41.00788891914373,text_only_gradient_boosting
no-interview-ft,87,Banque Saudi Fransi (BSF),Coop Training Program,39.5,40.087911464013374,text_only_gradient_boosting
no-interview-ft,88,Tech Economy,COOP Training Program,39.5,38.46793554882783,text_only_gradient_boosting
no-interview-ft,89,SAMI Advanced Electronics (SAMI-AEC),Coop Trainee,39.5,39.08093130431719,text_only_gradient_boosting
no-interview-ft,90,NHC,COOP Trainee,34.5,38.69054418370831,text_only_gradient_boosting
no-interview-ft,91,REMAT ADVANCED,Cooperative Training Program,39.5,39.3813430469959,text_only_gradient_boosting
no-interview-ft,92,SDM,AI COOP,39.5,44.91716232483101,text_only_gradient_boosting
no-interview-ft,93,HUED,HUED COOP Program 2026,39.5,42.65207786276178,text_only_gradient_boosting
no-interview-ft,94,Araamis • أرامس,Araamis COOP Program 2026,39.5,41.42421388278092,text_only_gradient_boosting
no-interview-ft,95,ARDARA,COOP Training for Students,39.5,39.169565094790975,text_only_gradient_boosting
no-interview-ft,96,flynas,COOP Trainee / Internship Program,39.5,39.00673761859607,text_only_gradient_boosting
no-interview-ft,97,Saudi Motorsport Company (SMC),COOP Trainee (IT Asset Project Management),29.5,41.17423192585771,text_only_gradient_boosting
no-interview-ft,98,Saudi Motorsport Company (SMC),COOP Trainee (Supply Chain Excellence Associate),29.5,46.92817137836997,text_only_gradient_boosting
no-interview-ft,99,Mobily,Cooperative Training Program,39.5,38.328643284435685,text_only_gradient_boosting
no-interview-ft,100,Saudi Awwal Bank (SAB),Student Opportunities: Cooperative / Practical Training,39.5,38.387208491815585,text_only_gradient_boosting
no-interview-ft,101,Alvarez & Marsal,COOP Training Program,39.5,38.328643284435685,text_only_gradient_boosting
no-interview-ft,102,Visa,COOP Trainee (Jan 2026),39.5,41.69979265855133,text_only_gradient_boosting
no-interview-ft,103,Zain KSA,Evolve Program (Fresh Graduates),39.5,38.06280532206821,text_only_gradient_boosting
no-interview-ft,104,Zain KSA,Zain Pioneers Program,39.5,38.46393540017383,text_only_gradient_boosting
no-interview-ft,105,Savvy Games Group,Cooperative Training Program (Co-op),39.5,39.08093130431719,text_only_gradient_boosting
no-interview-ft,106,Bank AlJazira,Tamheer Program,39.5,39.04772963098932,text_only_gradient_boosting
no-interview-ft,107,sirar by stc,Cooperative Training Program,39.5,45.4482988743744,text_only_gradient_boosting
no-interview-ft,108,Gathern,Co-op Program,39.5,44.44093093956238,text_only_gradient_boosting
no-interview-ft,109,Elm Company (شركة علم),Coop Training - Computer Science (Jan/Mar/Jun/Aug 2025 Intake),39.5,41.69979265855133,text_only_gradient_boosting
no-interview-ft,110,Elm Company (شركة علم),Co-Op Training - Information Technology (Jun & Aug 2025 Intake),39.5,41.61254064505448,text_only_gradient_boosting
no-interview-ft,111,EJADA,COOP Administration & Support Engineer,39.5,42.60586147459866,text_only_gradient_boosting
no-interview-ft,112,Emdad By Elm,Network Cooperative Training (Network Intern),29.5,38.79246099489021,text_only_gradient_boosting
no-interview-ft,113,AILA,Co-op Training Programme,39.5,42.67717892048441,text_only_gradient_boosting
no-interview-ft,114,Foodics,Foodics 360 Internship Program,49.5,49.47688034966396,text_only_gradient_boosting
no-interview-ft,115,Salla,برنامج التدريب التعاوني (Coop Training) – Salla,29.5,41.65678182939686,text_only_gradient_boosting
no-interview-ft,116,Lucidya,Technical Internship or Coop – Lucidya,29.5,45.636267232533065,text_only_gradient_boosting
no-interview-ft,117,Diriyah Company,Diriyah Co-op Training Program,39.5,39.74832060165616,text_only_gradient_boosting
no-interview-ft,118,Riyadh Air,Co-op – Riyadh Air,39.5,39.30885735918312,text_only_gradient_boosting
no-interview-ft,119,Jahez Group,Jahez Internship Program (as described in Sustainability Report),49.5,48.888200854203625,text_only_gradient_boosting
no-interview-ft,120,Lumi | لومي,COOP Intern 2025 – Lumi,39.5,38.8132038261095,text_only_gradient_boosting
no-interview-ft,121,webook.com,COOP Trainee Opportunities – webook.com,39.5,39.169565094790975,text_only_gradient_boosting
no-interview-ft,122,moneymoon,Tech & AI Co-op Program 2025,39.5,46.25762891742169,text_only_gradient_boosting
no-interview-ft,123,EjadTech - إيجاد التقنية,"Summer Internship Program 2025 (Computer, Data, and AI Majors)",51.0,56.63609171101468,text_only_gradient_boosting
no-interview-ft,124,InnovationTeam,Java Microservices Internship Programme (Saudi Nationals),71.0,58.36182735589219,text_only_gradient_boosting
no-interview-ft,125,Tamkeen Technologies,On the Job Training (Internship Program) — Technology field,49.5,49.75245912543437,text_only_gradient_boosting
no-interview-ft,126,Trendyol Group,Trendyol Tech Talent - Bootcamp & COOP Internship Program (Saudi Students Only),41.0,43.282741164869215,text_only_gradient_boosting
no-interview-ft,127,Ninja نينجا,COOP Training Program,41.0,40.14730986459932,text_only_gradient_boosting
no-interview-ft,128,SCAI | سكاي,CO-OP Training Opportunities (Intern),39.5,44.3900289164544,text_only_gradient_boosting
no-interview-ft,129,WalaPlus,Coop & Tamheer Opportunities,39.5,39.3813430469959,text_only_gradient_boosting
no-interview-ft,130,Aon,IT Co-op Trainee 2026,39.5,38.65079149341596,text_only_gradient_boosting
no-interview-ft,131,Hewlett Packard Enterprise (HPE),College Intern (Coop),39.5,38.65079149341596,text_only_gradient_boosting
no-interview-ft,132,Signify,KSA Coop Internship Program,39.5,39.3813430469959,text_only_gradient_boosting
no-interview-ft,133,Help AG (e& enterprise),Cybersecurity Intern,49.5,47.028586524805625,text_only_gradient_boosting
no-interview-ft,134,TrendAI (Trend Micro),CyberGATE Internship Program,49.5,47.028586524805625,text_only_gradient_boosting
no-interview-ft,135,Golf Saudi,IT Co-op Trainee,39.5,38.65079149341596,text_only_gradient_boosting
no-interview-ft,136,Siemens Healthineers,Healthineers Early Talent Program – IT (Riyadh),49.5,46.41152108104368,text_only_gradient_boosting
no-interview-ft,137,1957 Ventures,Internship / Co-Op Program,39.5,41.17423192585771,text_only_gradient_boosting
no-interview-ft,138,Nokia,Graduate Trainee (Saudi Arabia) – Fledgers Program,39.5,48.95345354626448,text_only_gradient_boosting
no-interview-ft,139,Ericsson,Summer Interns (Ericsson Saudi),49.5,49.7388084090951,text_only_gradient_boosting
no-interview-ft,140,Bosch Middle East,Software Development Intern (AI/Cloud),49.5,58.55231958548373,text_only_gradient_boosting
no-interview-ft,141,Saudi Payments | المدفوعات السعودية,COOP Training – August 2024,39.5,40.70604351301464,text_only_gradient_boosting
no-interview-ft,142,Saudi Tadawul Group | تداول,Cooperative Training Program (COOP),39.5,48.059229889244776,text_only_gradient_boosting
no-interview-ft,143,Lean Technologies,Software Engineering Intern – KSA,69.5,59.54129154535217,text_only_gradient_boosting
no-interview-ft,144,Mirai (Scopely) | مِراي,AI Engineering Intern (GenAI),49.5,51.894879686016075,text_only_gradient_boosting
no-interview-ft,145,HungerStation | هنقرستيشن,"Co-OP Trainee, Data Analysis – Info Sec",59.5,57.378390410811576,text_only_gradient_boosting
no-interview-ft,146,NCGR | المركز الوطني لنظم الموارد الحكومية,Coop Training Program,39.5,40.49943016554473,text_only_gradient_boosting
no-interview-ft,147,nybl,nybl Graduate Programme – Saudi Nationals (AI Bootcamp),39.5,38.95432608025721,text_only_gradient_boosting
no-interview-ft,148,Procter & Gamble (P&G),P&G LEADgen Internship Program 2026 (Riyadh),49.5,49.30049968989833,text_only_gradient_boosting
no-interview-ft,149,New Murabba | المربع الجديد,New Murabba Co-op Training Program,39.5,41.61254064505448,text_only_gradient_boosting
no-interview-ft,150,Boeing Saudi Arabia Limited,Intern - Info Technology & Data Analytics (Riyadh),49.5,54.16503063404406,text_only_gradient_boosting
no-interview-ft,151,Motorola Solutions,Deployment Engineer Intern (KSA National - Tamheer Program),39.5,44.36180238919027,text_only_gradient_boosting
no-interview-ft,152,Schneider Electric,Co-op Intern (Engineering) - Al Khobar (Jan–Aug 2026),29.5,38.65079149341596,text_only_gradient_boosting
no-interview-ft,153,Lockheed Martin,Tamheer Space Internship (Riyadh),39.5,41.76293591890816,text_only_gradient_boosting
no-interview-ft,154,Markaba | مركبة,Start-up Software Intern – TAMHEER (Saudi nationals only),41.0,39.5356363581416,text_only_gradient_boosting
no-interview-ft,155,Laverne Group | مجموعة لافيرن,Data Analyst / Data Engineer Intern (IT Department),69.5,55.66100637665713,text_only_gradient_boosting
no-interview-ft,156,Meel | ميل,"Software Developer Internship (Remote, min 2 months)",44.5,52.500078792864244,text_only_gradient_boosting
no-interview-ft,157,Nahdi Medical Co.,IT Internship / COOP Program (6 months),34.5,41.69979265855133,text_only_gradient_boosting
no-interview-ft,158,SMART Technology Solutions | سمارت لحلول التقنية,R&D Intern (Riyadh),49.5,48.888200854203625,text_only_gradient_boosting
no-interview-ft,159,Knodemy Inc.,AI Developer & Tech Trainer Intern - Riyadh,49.5,49.60223388789234,text_only_gradient_boosting
no-interview-ft,160,Water Transmission Company | شركة نقل المياه,Tamheer Internship Program (HRIS / Engineering & PM - Riyadh),39.5,43.75581064019959,text_only_gradient_boosting
no-interview-ft,161,AFNOYS,"AI Automation Intern - KSA (Remote, 4 weeks)",44.5,49.89008634078173,text_only_gradient_boosting
no-interview-ft,162,SAS,CareerStart@SAS 2026 - Presales Customer Intelligence Intern (Riyadh),49.5,50.03853583464104,text_only_gradient_boosting
no-interview-ft,163,Devoteam,Trainee - Future Leaders Program (Co-op/Fresh Graduate),41.0,41.21800977943606,text_only_gradient_boosting
no-interview-ft,164,ضالتي Dhallaty,Tech Intern: Fresh Grad or Student,49.5,50.49049527017708,text_only_gradient_boosting
no-interview-ft,165,Innovative Solutions SA,Presales - Tamheer,41.0,38.75164701514443,text_only_gradient_boosting
no-interview-ft,166,HUMAIN,Tamheer Program (Software Engineer / Cybersecurity / MIS),41.0,42.79655446434902,text_only_gradient_boosting
no-interview-ft,167,TAM | تام,"Tamheer Opportunity, Advisory",41.0,20.598964083355142,text_only_gradient_boosting
no-interview-ft,168,هيئة التأمين | Insurance Authority,Tamheer Opportunity - Specialist of Information Security,41.0,39.14782877018172,text_only_gradient_boosting
no-interview-ft,169,Snbla | سنبله,Paid Internship Program (FinTech),49.5,55.87695104899573,text_only_gradient_boosting
no-interview-ft,170,2P Perfect Presentation,Data Analyst (Tamheer),41.0,43.94035267704147,text_only_gradient_boosting
no-interview-ft,171,Infosys,Summer Intern (Infosys InStep ’26 – Bangalore),42.5,48.9814997412517,text_only_gradient_boosting
no-interview-ft,172,شركة الخدمات المدارة | Managed Services Company,Intern Cybersecurity Engineer,51.0,47.1650463744389,text_only_gradient_boosting
no-interview-ft,173,Abunayyan Holding,Data Analyst (Tamheer),41.0,42.20615140436766,text_only_gradient_boosting
qual-ielts-intern,1,Saudi Aramco,University Internship Program (UIP),44.0,46.055596842112294,text_only_gradient_boosting
qual-ielts-intern,2,SABIC,COOP Training Program,47.0,41.28527691709012,text_only_gradient_boosting
qual-ielts-intern,3,stc (Saudi Telecom Company),Cooperative Training Program (COOP),44.0,44.42936242345376,text_only_gradient_boosting
qual-ielts-intern,4,Saudi National Bank (SNB),SNB Cooperative Training Program,49.0,42.135266396683086,text_only_gradient_boosting
qual-ielts-intern,5,Al Rajhi Bank,Cooperative Training Program,49.0,41.28527691709012,text_only_gradient_boosting
qual-ielts-intern,6,Capital Market Authority (CMA),COOP Program,44.0,41.28527691709012,text_only_gradient_boosting
qual-ielts-intern,7,Digital Government Authority (DGA),Maidan Cooperative Training Program,44.0,41.13226170095442,text_only_gradient_boosting
qual-ielts-intern,8,KPMG Saudi Arabia,COOP & Internship Programs,49.0,41.772003843619835,text_only_gradient_boosting
qual-ielts-intern,9,PwC Middle East,"Deals, COOP and Summer Internship Programme (2026)",48.5,46.015655277738325,text_only_gradient_boosting
qual-ielts-intern,10,Deloitte Middle East (KSA),Jusoor Al Sharqiyah Internship Program,58.5,54.75494276870974,text_only_gradient_boosting
qual-ielts-intern,11,Bank Albilad,Cooperative & Summer Training Program,53.5,43.94142361073553,text_only_gradient_boosting
qual-ielts-intern,12,Tamara,Tamara Builders Program,48.5,41.73224687782959,text_only_gradient_boosting
qual-ielts-intern,13,Bupa Arabia,Cooperative Training Program,44.0,41.28527691709012,text_only_gradient_boosting
qual-ielts-intern,14,Saudi Exports (Saudi Export Development Authority),COOP & Summer Training (FAQ-confirmed),49.0,41.13226170095442,text_only_gradient_boosting
qual-ielts-intern,15,Local Content and Government Procurement Authority (LCGPA),COOP Training (role posting),44.0,45.985437816817914,text_only_gradient_boosting
qual-ielts-intern,16,McKinsey & Company (Maqdira),Maqdira Fellowship Program,48.5,41.713438636239935,text_only_gradient_boosting
qual-ielts-intern,17,Boston Consulting Group (BCG),Visiting Associate Internship (Riyadh),44.0,41.69580315421005,text_only_gradient_boosting
qual-ielts-intern,18,Bain & Company,COOP Training Program (Riyadh),44.0,41.5859203203373,text_only_gradient_boosting
qual-ielts-intern,19,Amazon Web Services (AWS),IT/Computer Hardware Internship (Intern-to-FTE Pathway),58.5,55.19792614147539,text_only_gradient_boosting
qual-ielts-intern,20,Amazon Web Services (AWS) - Associate Solutions Architect Intern,Associate Solutions Architect Intern (2026),58.5,54.628736666725686,text_only_gradient_boosting
qual-ielts-intern,21,Google (Saudi Arabia),Google Careers (Saudi location filter),47.0,43.61497916765244,text_only_gradient_boosting
qual-ielts-intern,22,BlackRock,Client & Product Summer Internship Programme (EMEA) - includes Riyadh,65.17,63.16985630737616,text_only_gradient_boosting
qual-ielts-intern,23,noon,Student Internship,54.0,50.691665415924255,text_only_gradient_boosting
qual-ielts-intern,24,MOZN,Data Science Intern,51.17,61.659422416109834,text_only_gradient_boosting
qual-ielts-intern,25,Elm,Elm Co-op Training Program (March 2026 Intake),44.0,41.713438636239935,text_only_gradient_boosting
qual-ielts-intern,26,Yasref,Yasref Cooperative Training Program,51.5,43.94142361073553,text_only_gradient_boosting
qual-ielts-intern,27,"Saudi Standards, Metrology and Quality Organization (SASO)",Cooperative Training (Collaborative Training),48.5,43.94142361073553,text_only_gradient_boosting
qual-ielts-intern,28,"Zakat, Tax and Customs Authority (ZATCA)",Binaa-Alkafaat Program,49.0,39.33454419405556,text_only_gradient_boosting
qual-ielts-intern,29,Human Resources Development Fund (HRDF) – Cooperative Training Product,Cooperative Training (HRDF product),10.5,22.118718713065338,text_only_gradient_boosting
qual-ielts-intern,30,EXPRO,COOP Training (Future Makers Program),44.0,41.772003843619835,text_only_gradient_boosting
qual-ielts-intern,31,Ministry of Industry and Mineral Resources (MIM) – Cooperative Training Initiative,Cooperative Training Initiative,10.5,20.56351005930064,text_only_gradient_boosting
qual-ielts-intern,32,TBC (The Beauty Company),Cooperative Training Program,49.0,41.26696360305465,text_only_gradient_boosting
qual-ielts-intern,33,National Center for Vegetation Cover Development & Combating Desertification (NCVC),COOP Training Program,44.0,41.69580315421005,text_only_gradient_boosting
qual-ielts-intern,34,Saudi Power Procurement Company (SPPC),Future Power – COOP Training Program,44.0,42.2529365327092,text_only_gradient_boosting
qual-ielts-intern,35,TBC (Tatweer Building Company),Cooperative Training Program,50.67,41.73224687782959,text_only_gradient_boosting
qual-ielts-intern,36,PwC Middle East (Assurance COOP & Summer Internship Programme 2026),"Assurance, COOP and Summer Internship Programme 2026 – Middle East",55.17,45.97617844894284,text_only_gradient_boosting
qual-ielts-intern,37,KAPSARC,Intern (Coop- Trainee),48.5,48.44180177104755,text_only_gradient_boosting
qual-ielts-intern,38,BSF (Banque Saudi Fransi),COOP / Internship,54.0,47.09675547968245,text_only_gradient_boosting
qual-ielts-intern,39,Saudi Food & Drug Authority (SFDA),COOP training (First semester 2025-2026 intake),49.0,47.47798679278555,text_only_gradient_boosting
qual-ielts-intern,40,Saudi Power Procurement Company (SPPC) – Future Power (Business Admin COOP),Future Power – Business Administration COOP Training Program,44.0,45.97617844894284,text_only_gradient_boosting
qual-ielts-intern,41,Bank Albilad,Cooperative and Summer Training Program,44.0,44.91426726254899,text_only_gradient_boosting
qual-ielts-intern,42,The Saudi National Bank (SNB),SNB Rowad Program,44.0,38.75336725877005,text_only_gradient_boosting
qual-ielts-intern,43,National Cybersecurity Authority (NCA) – Academy,Cybersecurity training programs (academy),49.0,48.88560270464942,text_only_gradient_boosting
qual-ielts-intern,44,PIF | Graduate Development Program,Graduate Development Program (GDP),61.83,51.08331374494924,text_only_gradient_boosting
qual-ielts-intern,45,NEOM | GrOW (Graduates Opportunities in Work),GrOW (Graduates Opportunities in Work),50.0,42.99265435682562,text_only_gradient_boosting
qual-ielts-intern,46,ROSHN | COOP Trainee Program,COOP Trainee Program,44.0,42.135266396683086,text_only_gradient_boosting
qual-ielts-intern,47,Microsoft | Ru'aa Program (Riyadh),Ru'aa Program Internship (Solution Engineering),58.5,54.838135036868756,text_only_gradient_boosting
qual-ielts-intern,48,Oracle | Business Development Intern (KSA market),Business Development Intern (KSA market),55.5,48.320819240946356,text_only_gradient_boosting
qual-ielts-intern,49,SAP | Student Internship (Riyadh),Student Internship - Riyadh,54.0,51.295471424608444,text_only_gradient_boosting
qual-ielts-intern,50,SAB (Saudi Awwal Bank) | Cooperative Training Programme (COOP),SAB Cooperative Training Programme (COOP),44.0,41.73224687782959,text_only_gradient_boosting
qual-ielts-intern,51,Ministry of Finance (Saudi Arabia) | Cooperative Training Program,Cooperative Training Program,40.5,36.284027918882266,text_only_gradient_boosting
qual-ielts-intern,52,Ministry of Industry and Mineral Resources | Cooperative Training,Cooperative Training Initiative,45.5,29.29238252549587,text_only_gradient_boosting
qual-ielts-intern,53,King Fahd Causeway Authority | Internship Program,Internship Program,60.0,49.00951349089712,text_only_gradient_boosting
qual-ielts-intern,54,Tawuniya | Tamheer Program (Fresh Graduates),Tamheer Program,51.5,49.24015149166478,text_only_gradient_boosting
qual-ielts-intern,55,SAMA | SAMA Professional Program (SPP),SAMA Professional Program (SPP),40.5,36.9391320726554,text_only_gradient_boosting
qual-ielts-intern,56,HRDF | Cooperative Training Product,Cooperative Training Product,45.5,37.766483970945735,text_only_gradient_boosting
qual-ielts-intern,57,IBM,"Automation, Data & AI – Intern",55.0,54.007727174055034,text_only_gradient_boosting
qual-ielts-intern,58,Unifonic,Internship (Unifonic),58.5,50.65572928194303,text_only_gradient_boosting
qual-ielts-intern,59,Misk Foundation,Misk Traineeship / Internship Program,47.0,46.482307368322935,text_only_gradient_boosting
qual-ielts-intern,60,Cisco,Cisco NetVersity (Saudi Arabia),56.5,49.149700424551625,text_only_gradient_boosting
qual-ielts-intern,61,KAUST,Visiting Student Research Program (VSRP) Internship,54.0,49.773525227345694,text_only_gradient_boosting
qual-ielts-intern,62,General Authority for Statistics (GASTAT),Cooperative Training Program,55.17,54.283313828471236,text_only_gradient_boosting
qual-ielts-intern,63,Saudi Center for Opinion Polling (SCOP),Cooperative Training Program,55.17,54.40098396449735,text_only_gradient_boosting
qual-ielts-intern,64,Al Rajhi Takaful,Cooperative Training Program,44.0,47.661425952857684,text_only_gradient_boosting
qual-ielts-intern,65,Expenditure & Projects Efficiency Authority (EXPRO),Future Makers (صنّاع المستقبل) – Cooperative Training,44.0,41.69580315421005,text_only_gradient_boosting
qual-ielts-intern,66,Ministry of Finance (Saudi Arabia),Cooperative Training Program (Ministry of Finance),44.0,42.2529365327092,text_only_gradient_boosting
qual-ielts-intern,67,General Entertainment Authority (GEA),GEA Cooperative Training Program,44.0,41.713438636239935,text_only_gradient_boosting
qual-ielts-intern,68,Banque Saudi Fransi (BSF),COOP Training,44.0,47.09675547968245,text_only_gradient_boosting
qual-ielts-intern,69,Arab National Bank (ANB),COOP Trainee,44.0,44.55697033603488,text_only_gradient_boosting
qual-ielts-intern,70,Tamara,Builders Program,44.0,44.40395511989918,text_only_gradient_boosting
qual-ielts-intern,71,OmniOps,Co‑op Training Program,48.5,47.43010350310837,text_only_gradient_boosting
qual-ielts-intern,72,Tatweer Educational Technologies (TETCO),Cooperative Training Program,48.5,48.71055780527111,text_only_gradient_boosting
qual-ielts-intern,73,The Saudi Investment Bank (SAIB),Cooperative Program,44.0,44.87451029675874,text_only_gradient_boosting
qual-ielts-intern,74,Saudi Awwal Bank (SAB),COOP Program,44.0,44.91426726254899,text_only_gradient_boosting
qual-ielts-intern,75,Riyad Bank,Internships and Coop Trainings (CSR 2019),44.0,44.55697033603488,text_only_gradient_boosting
qual-ielts-intern,76,Tabby,Intern DevOps Engineer,58.5,59.4570941026361,text_only_gradient_boosting
qual-ielts-intern,77,Tabby,Intern Backend (GO) Engineer,65.17,61.91600459363107,text_only_gradient_boosting
qual-ielts-intern,78,Tabby,Intern Frontend Engineer,58.5,55.61297255544999,text_only_gradient_boosting
qual-ielts-intern,79,Tabby,Intern Data Engineer,65.17,69.06753165124864,text_only_gradient_boosting
qual-ielts-intern,80,Tabby,No-Code / AI Agents Engineering Intern,58.5,51.33694087122477,text_only_gradient_boosting
qual-ielts-intern,81,Bank Albilad,Cooperative Training Program,49.0,45.395199951638354,text_only_gradient_boosting
qual-ielts-intern,82,Saudi Ground Services (SGS),COOP Program,54.0,41.73224687782959,text_only_gradient_boosting
qual-ielts-intern,83,CEER,Cooperative Training Program (COOP),44.0,41.69580315421005,text_only_gradient_boosting
qual-ielts-intern,84,Al Rajhi Takaful,Coop Training Program,44.0,45.395199951638354,text_only_gradient_boosting
qual-ielts-intern,85,TAWAL,COOP Training Program,48.5,48.71055780527111,text_only_gradient_boosting
qual-ielts-intern,86,Wakeb_Data,COOP Training,55.17,45.05703555210562,text_only_gradient_boosting
qual-ielts-intern,87,Banque Saudi Fransi (BSF),Coop Training Program,44.0,47.09675547968245,text_only_gradient_boosting
qual-ielts-intern,88,Tech Economy,COOP Training Program,44.0,45.395199951638354,text_only_gradient_boosting
qual-ielts-intern,89,SAMI Advanced Electronics (SAMI-AEC),Coop Trainee,44.0,47.09675547968245,text_only_gradient_boosting
qual-ielts-intern,90,NHC,COOP Trainee,49.0,44.55697033603488,text_only_gradient_boosting
qual-ielts-intern,91,REMAT ADVANCED,Cooperative Training Program,48.5,46.798309062736436,text_only_gradient_boosting
qual-ielts-intern,92,SDM,AI COOP,48.5,50.384064820241505,text_only_gradient_boosting
qual-ielts-intern,93,HUED,HUED COOP Program 2026,48.5,46.740246243003455,text_only_gradient_boosting
qual-ielts-intern,94,Araamis • أرامس,Araamis COOP Program 2026,48.5,46.015655277738325,text_only_gradient_boosting
qual-ielts-intern,95,ARDARA,COOP Training for Students,44.0,41.73224687782959,text_only_gradient_boosting
qual-ielts-intern,96,flynas,COOP Trainee / Internship Program,48.5,41.713438636239935,text_only_gradient_boosting
qual-ielts-intern,97,Saudi Motorsport Company (SMC),COOP Trainee (IT Asset Project Management),65.17,45.97617844894284,text_only_gradient_boosting
qual-ielts-intern,98,Saudi Motorsport Company (SMC),COOP Trainee (Supply Chain Excellence Associate),65.17,54.19827887628415,text_only_gradient_boosting
qual-ielts-intern,99,Mobily,Cooperative Training Program,44.0,44.87451029675874,text_only_gradient_boosting
qual-ielts-intern,100,Saudi Awwal Bank (SAB),Student Opportunities: Cooperative / Practical Training,44.0,44.8380665731392,text_only_gradient_boosting
qual-ielts-intern,101,Alvarez & Marsal,COOP Training Program,44.0,44.87451029675874,text_only_gradient_boosting
qual-ielts-intern,102,Visa,COOP Trainee (Jan 2026),50.67,45.985437816817914,text_only_gradient_boosting
qual-ielts-intern,103,Zain KSA,Evolve Program (Fresh Graduates),44.0,43.8786004630958,text_only_gradient_boosting
qual-ielts-intern,104,Zain KSA,Zain Pioneers Program,48.5,44.91798529000305,text_only_gradient_boosting
qual-ielts-intern,105,Savvy Games Group,Cooperative Training Program (Co-op),44.0,47.09675547968245,text_only_gradient_boosting
qual-ielts-intern,106,Bank AlJazira,Tamheer Program,44.0,43.09442727512223,text_only_gradient_boosting
qual-ielts-intern,107,sirar by stc,Cooperative Training Program,48.5,50.23753504367361,text_only_gradient_boosting
qual-ielts-intern,108,Gathern,Co-op Program,48.5,49.30544573936675,text_only_gradient_boosting
qual-ielts-intern,109,Elm Company (شركة علم),Coop Training - Computer Science (Jan/Mar/Jun/Aug 2025 Intake),48.5,46.015655277738325,text_only_gradient_boosting
qual-ielts-intern,110,Elm Company (شركة علم),Co-Op Training - Information Technology (Jun & Aug 2025 Intake),48.5,45.985437816817914,text_only_gradient_boosting
qual-ielts-intern,111,EJADA,COOP Administration & Support Engineer,44.0,48.22594169597428,text_only_gradient_boosting
qual-ielts-intern,112,Emdad By Elm,Network Cooperative Training (Network Intern),58.5,46.62082713680688,text_only_gradient_boosting
qual-ielts-intern,113,AILA,Co-op Training Programme,48.5,48.5971096282093,text_only_gradient_boosting
qual-ielts-intern,114,Foodics,Foodics 360 Internship Program,58.5,53.916753016774805,text_only_gradient_boosting
qual-ielts-intern,115,Salla,برنامج التدريب التعاوني (Coop Training) – Salla,48.5,46.015655277738325,text_only_gradient_boosting
qual-ielts-intern,116,Lucidya,Technical Internship or Coop – Lucidya,58.5,50.89569965593021,text_only_gradient_boosting
qual-ielts-intern,117,Diriyah Company,Diriyah Co-op Training Program,44.0,43.954492060753296,text_only_gradient_boosting
qual-ielts-intern,118,Riyadh Air,Co-op – Riyadh Air,44.0,42.2529365327092,text_only_gradient_boosting
qual-ielts-intern,119,Jahez Group,Jahez Internship Program (as described in Sustainability Report),54.0,52.599685489321224,text_only_gradient_boosting
qual-ielts-intern,120,Lumi | لومي,COOP Intern 2025 – Lumi,44.0,41.713438636239935,text_only_gradient_boosting
qual-ielts-intern,121,webook.com,COOP Trainee Opportunities – webook.com,44.0,41.69580315421005,text_only_gradient_boosting
qual-ielts-intern,122,moneymoon,Tech & AI Co-op Program 2025,48.5,51.88285082849305,text_only_gradient_boosting
qual-ielts-intern,123,EjadTech - إيجاد التقنية,"Summer Internship Program 2025 (Computer, Data, and AI Majors)",55.0,55.5301533238042,text_only_gradient_boosting
qual-ielts-intern,124,InnovationTeam,Java Microservices Internship Programme (Saudi Nationals),61.67,57.14576889931942,text_only_gradient_boosting
qual-ielts-intern,125,Tamkeen Technologies,On the Job Training (Internship Program) — Technology field,65.17,54.25957964076337,text_only_gradient_boosting
qual-ielts-intern,126,Trendyol Group,Trendyol Tech Talent - Bootcamp & COOP Internship Program (Saudi Students Only),45.0,44.47662075665125,text_only_gradient_boosting
qual-ielts-intern,127,Ninja نينجا,COOP Training Program,51.67,43.39548948893879,text_only_gradient_boosting
qual-ielts-intern,128,SCAI | سكاي,CO-OP Training Opportunities (Intern),48.5,50.23753504367361,text_only_gradient_boosting
qual-ielts-intern,129,WalaPlus,Coop & Tamheer Opportunities,48.5,46.798309062736436,text_only_gradient_boosting
qual-ielts-intern,130,Aon,IT Co-op Trainee 2026,48.5,46.768091601816025,text_only_gradient_boosting
qual-ielts-intern,131,Hewlett Packard Enterprise (HPE),College Intern (Coop),48.5,46.838250627110405,text_only_gradient_boosting
qual-ielts-intern,132,Signify,KSA Coop Internship Program,48.5,46.798309062736436,text_only_gradient_boosting
qual-ielts-intern,133,Help AG (e& enterprise),Cybersecurity Intern,54.0,54.8854064455634,text_only_gradient_boosting
qual-ielts-intern,134,TrendAI (Trend Micro),CyberGATE Internship Program,58.5,54.8854064455634,text_only_gradient_boosting
qual-ielts-intern,135,Golf Saudi,IT Co-op Trainee,48.5,46.75883223394095,text_only_gradient_boosting
qual-ielts-intern,136,Siemens Healthineers,Healthineers Early Talent Program – IT (Riyadh),58.5,55.085864509103594,text_only_gradient_boosting
qual-ielts-intern,137,1957 Ventures,Internship / Co-Op Program,41.17,45.97617844894284,text_only_gradient_boosting
qual-ielts-intern,138,Nokia,Graduate Trainee (Saudi Arabia) – Fledgers Program,34.5,52.15966731574618,text_only_gradient_boosting
qual-ielts-intern,139,Ericsson,Summer Interns (Ericsson Saudi),51.17,54.22936217984296,text_only_gradient_boosting
qual-ielts-intern,140,Bosch Middle East,Software Development Intern (AI/Cloud),44.5,58.04991356230189,text_only_gradient_boosting
qual-ielts-intern,141,Saudi Payments | المدفوعات السعودية,COOP Training – August 2024,48.5,47.731584978152064,text_only_gradient_boosting
qual-ielts-intern,142,Saudi Tadawul Group | تداول,Cooperative Training Program (COOP),48.5,51.149617278112046,text_only_gradient_boosting
qual-ielts-intern,143,Lean Technologies,Software Engineering Intern – KSA,65.17,59.824609318380766,text_only_gradient_boosting
qual-ielts-intern,144,Mirai (Scopely) | مِراي,AI Engineering Intern (GenAI),44.5,55.01120623898966,text_only_gradient_boosting
qual-ielts-intern,145,HungerStation | هنقرستيشن,"Co-OP Trainee, Data Analysis – Info Sec",55.17,56.86340517491523,text_only_gradient_boosting
qual-ielts-intern,146,NCGR | المركز الوطني لنظم الموارد الحكومية,Coop Training Program,48.5,46.91054771489971,text_only_gradient_boosting
qual-ielts-intern,147,nybl,nybl Graduate Programme – Saudi Nationals (AI Bootcamp),30.0,38.65158297721895,text_only_gradient_boosting
qual-ielts-intern,148,Procter & Gamble (P&G),P&G LEADgen Internship Program 2026 (Riyadh),58.5,54.220102811967884,text_only_gradient_boosting
qual-ielts-intern,149,New Murabba | المربع الجديد,New Murabba Co-op Training Program,48.5,45.985437816817914,text_only_gradient_boosting
qual-ielts-intern,150,Boeing Saudi Arabia Limited,Intern - Info Technology & Data Analytics (Riyadh),58.5,60.90435674969257,text_only_gradient_boosting
qual-ielts-intern,151,Motorola Solutions,Deployment Engineer Intern (KSA National - Tamheer Program),48.5,48.22852855989169,text_only_gradient_boosting
qual-ielts-intern,152,Schneider Electric,Co-op Intern (Engineering) - Al Khobar (Jan–Aug 2026),48.5,46.75883223394095,text_only_gradient_boosting
qual-ielts-intern,153,Lockheed Martin,Tamheer Space Internship (Riyadh),48.5,44.37923058156534,text_only_gradient_boosting
qual-ielts-intern,154,Markaba | مركبة,Start-up Software Intern – TAMHEER (Saudi nationals only),45.0,43.47332303960851,text_only_gradient_boosting
qual-ielts-intern,155,Laverne Group | مجموعة لافيرن,Data Analyst / Data Engineer Intern (IT Department),65.17,62.79964350790217,text_only_gradient_boosting
qual-ielts-intern,156,Meel | ميل,"Software Developer Internship (Remote, min 2 months)",58.5,61.9024122959254,text_only_gradient_boosting
qual-ielts-intern,157,Nahdi Medical Co.,IT Internship / COOP Program (6 months),53.5,45.985437816817914,text_only_gradient_boosting
qual-ielts-intern,158,SMART Technology Solutions | سمارت لحلول التقنية,R&D Intern (Riyadh),58.5,52.599685489321224,text_only_gradient_boosting
qual-ielts-intern,159,Knodemy Inc.,AI Developer & Tech Trainer Intern - Riyadh,58.5,54.22936217984296,text_only_gradient_boosting
qual-ielts-intern,160,Water Transmission Company | شركة نقل المياه,Tamheer Internship Program (HRIS / Engineering & PM - Riyadh),55.17,48.561306492150244,text_only_gradient_boosting
qual-ielts-intern,161,AFNOYS,"AI Automation Intern - KSA (Remote, 4 weeks)",58.5,56.85227447731958,text_only_gradient_boosting
qual-ielts-intern,162,SAS,CareerStart@SAS 2026 - Presales Customer Intelligence Intern (Riyadh),57.0,53.62256313067209,text_only_gradient_boosting
qual-ielts-intern,163,Devoteam,Trainee - Future Leaders Program (Co-op/Fresh Graduate),51.67,46.36137149123479,text_only_gradient_boosting
qual-ielts-intern,164,ضالتي Dhallaty,Tech Intern: Fresh Grad or Student,57.0,53.631822498547166,text_only_gradient_boosting
qual-ielts-intern,165,Innovative Solutions SA,Presales - Tamheer,40.5,44.16527378466803,text_only_gradient_boosting
qual-ielts-intern,166,HUMAIN,Tamheer Program (Software Engineer / Cybersecurity / MIS),45.0,45.10980425042653,text_only_gradient_boosting
qual-ielts-intern,167,TAM | تام,"Tamheer Opportunity, Advisory",40.5,23.09979369893877,text_only_gradient_boosting
qual-ielts-intern,168,هيئة التأمين | Insurance Authority,Tamheer Opportunity - Specialist of Information Security,40.5,43.18532657091526,text_only_gradient_boosting
qual-ielts-intern,169,Snbla | سنبله,Paid Internship Program (FinTech),57.0,54.695389009383646,text_only_gradient_boosting
qual-ielts-intern,170,2P Perfect Presentation,Data Analyst (Tamheer),51.67,49.375636055342675,text_only_gradient_boosting
qual-ielts-intern,171,Infosys,Summer Intern (Infosys InStep ’26 – Bangalore),57.0,53.22735861797308,text_only_gradient_boosting
qual-ielts-intern,172,شركة الخدمات المدارة | Managed Services Company,Intern Cybersecurity Engineer,55.0,53.64477811001101,text_only_gradient_boosting
qual-ielts-intern,173,Abunayyan Holding,Data Analyst (Tamheer),51.67,47.85750953143455,text_only_gradient_boosting
