profile_id,opportunity_id,company_name,program_name,actual_score,predicted_score,model_name
cs-iau-backend,1,Saudi Aramco,University Internship Program (UIP),42.5,42.51381038083427,ridge
cs-iau-backend,2,SABIC,COOP Training Program,45.5,45.51226519276512,ridge
cs-iau-backend,3,stc (Saudi Telecom Company),Cooperative Training Program (COOP),52.5,52.50592962506842,ridge
cs-iau-backend,4,Saudi National Bank (SNB),SNB Cooperative Training Program,47.5,47.50783447053786,ridge
cs-iau-backend,5,Al Rajhi Bank,Cooperative Training Program,47.5,47.5099144304988,ridge
cs-iau-backend,6,Capital Market Authority (CMA),COOP Program,52.5,52.504212744548134,ridge
cs-iau-backend,7,Digital Government Authority (DGA),Maidan Cooperative Training Program,52.5,52.50415400270516,ridge
cs-iau-backend,8,KPMG Saudi Arabia,COOP & Internship Programs,47.5,47.500945887042086,ridge
cs-iau-backend,9,PwC Middle East,"Deals, COOP and Summer Internship Programme (2026)",57.0,56.994796539274795,ridge
cs-iau-backend,10,Deloitte Middle East (KSA),Jusoor Al Sharqiyah Internship Program,61.5,61.512471483572455,ridge
cs-iau-backend,11,Bank Albilad,Cooperative & Summer Training Program,56.5,56.505336469757275,ridge
cs-iau-backend,12,Tamara,Tamara Builders Program,61.5,61.5077562531327,ridge
cs-iau-backend,13,Bupa Arabia,Cooperative Training Program,52.5,52.49401335200491,ridge
cs-iau-backend,14,Saudi Exports (Saudi Export Development Authority),COOP & Summer Training (FAQ-confirmed),47.5,47.49206715481566,ridge
cs-iau-backend,15,Local Content and Government Procurement Authority (LCGPA),COOP Training (role posting),52.5,52.48436901533179,ridge
cs-iau-backend,16,McKinsey & Company (Maqdira),Maqdira Fellowship Program,57.0,57.003557946836594,ridge
cs-iau-backend,17,Boston Consulting Group (BCG),Visiting Associate Internship (Riyadh),52.5,52.49278079229748,ridge
cs-iau-backend,18,Bain & Company,COOP Training Program (Riyadh),52.5,52.491611930596235,ridge
cs-iau-backend,19,Amazon Web Services (AWS),IT/Computer Hardware Internship (Intern-to-FTE Pathway),71.5,71.4858257036976,ridge
cs-iau-backend,20,Amazon Web Services (AWS) - Associate Solutions Architect Intern,Associate Solutions Architect Intern (2026),71.5,71.48018187757702,ridge
cs-iau-backend,21,Google (Saudi Arabia),Google Careers (Saudi location filter),58.5,58.49217355970121,ridge
cs-iau-backend,22,BlackRock,Client & Product Summer Internship Programme (EMEA) - includes Riyadh,77.0,76.98807111466537,ridge
cs-iau-backend,23,noon,Student Internship,62.5,62.48869648318596,ridge
cs-iau-backend,24,MOZN,Data Science Intern,87.0,86.9882249495706,ridge
cs-iau-backend,25,Elm,Elm Co-op Training Program (March 2026 Intake),52.5,52.49073021113513,ridge
cs-iau-backend,26,Yasref,Yasref Cooperative Training Program,54.5,54.50961021296588,ridge
cs-iau-backend,27,"Saudi Standards, Metrology and Quality Organization (SASO)",Cooperative Training (Collaborative Training),61.5,61.49274895097314,ridge
cs-iau-backend,28,"Zakat, Tax and Customs Authority (ZATCA)",Binaa-Alkafaat Program,47.5,47.49367933937671,ridge
cs-iau-backend,29,Human Resources Development Fund (HRDF) – Cooperative Training Product,Cooperative Training (HRDF product),10.5,10.487885463313873,ridge
cs-iau-backend,30,EXPRO,COOP Training (Future Makers Program),52.5,52.48600517164419,ridge
cs-iau-backend,31,Ministry of Industry and Mineral Resources (MIM) – Cooperative Training Initiative,Cooperative Training Initiative,10.5,10.501443231057756,ridge
cs-iau-backend,32,TBC (The Beauty Company),Cooperative Training Program,47.5,47.499052954230734,ridge
cs-iau-backend,33,National Center for Vegetation Cover Development & Combating Desertification (NCVC),COOP Training Program,52.5,52.484229188582006,ridge
cs-iau-backend,34,Saudi Power Procurement Company (SPPC),Future Power – COOP Training Program,52.5,52.48086950223577,ridge
cs-iau-backend,35,TBC (Tatweer Building Company),Cooperative Training Program,52.5,52.49835619725727,ridge
cs-iau-backend,36,PwC Middle East (Assurance COOP & Summer Internship Programme 2026),"Assurance, COOP and Summer Internship Programme 2026 – Middle East",57.0,56.986406127451474,ridge
cs-iau-backend,37,KAPSARC,Intern (Coop- Trainee),61.5,61.48427337338196,ridge
cs-iau-backend,38,BSF (Banque Saudi Fransi),COOP / Internship,42.5,42.50243547129248,ridge
cs-iau-backend,39,Saudi Food & Drug Authority (SFDA),COOP training (First semester 2025-2026 intake),47.5,47.51033653368091,ridge
cs-iau-backend,40,Saudi Power Procurement Company (SPPC) – Future Power (Business Admin COOP),Future Power – Business Administration COOP Training Program,52.5,52.47783785363478,ridge
cs-iau-backend,41,Bank Albilad,Cooperative and Summer Training Program,52.5,52.498019007004416,ridge
cs-iau-backend,42,The Saudi National Bank (SNB),SNB Rowad Program,52.5,52.4909845581067,ridge
cs-iau-backend,43,National Cybersecurity Authority (NCA) – Academy,Cybersecurity training programs (academy),57.5,57.49639907714912,ridge
cs-iau-backend,44,PIF | Graduate Development Program,Graduate Development Program (GDP),67.0,66.97884908201888,ridge
cs-iau-backend,45,NEOM | GrOW (Graduates Opportunities in Work),GrOW (Graduates Opportunities in Work),54.5,54.49653944737153,ridge
cs-iau-backend,46,ROSHN | COOP Trainee Program,COOP Trainee Program,52.5,52.48473831128048,ridge
cs-iau-backend,47,Microsoft | Ru'aa Program (Riyadh),Ru'aa Program Internship (Solution Engineering),71.5,71.49294538284093,ridge
cs-iau-backend,48,Oracle | Business Development Intern (KSA market),Business Development Intern (KSA market),55.5,55.48098186776725,ridge
cs-iau-backend,49,SAP | Student Internship (Riyadh),Student Internship - Riyadh,62.5,62.49289010745012,ridge
cs-iau-backend,50,SAB (Saudi Awwal Bank) | Cooperative Training Programme (COOP),SAB Cooperative Training Programme (COOP),52.5,52.48393854649249,ridge
cs-iau-backend,51,Ministry of Finance (Saudi Arabia) | Cooperative Training Program,Cooperative Training Program,50.5,50.5067321551352,ridge
cs-iau-backend,52,Ministry of Industry and Mineral Resources | Cooperative Training,Cooperative Training Initiative,45.5,45.48236102328408,ridge
cs-iau-backend,53,King Fahd Causeway Authority | Internship Program,Internship Program,64.5,64.50093116115923,ridge
cs-iau-backend,54,Tawuniya | Tamheer Program (Fresh Graduates),Tamheer Program,64.5,64.48730021093192,ridge
cs-iau-backend,55,SAMA | SAMA Professional Program (SPP),SAMA Professional Program (SPP),50.5,50.478598107156024,ridge
cs-iau-backend,56,HRDF | Cooperative Training Product,Cooperative Training Product,45.5,45.48869732420554,ridge
cs-iau-backend,57,IBM,"Automation, Data & AI – Intern",69.5,69.49830748076116,ridge
cs-iau-backend,58,Unifonic,Internship (Unifonic),67.0,67.00626948157813,ridge
cs-iau-backend,59,Misk Foundation,Misk Traineeship / Internship Program,55.5,55.496120465847525,ridge
cs-iau-backend,60,Cisco,Cisco NetVersity (Saudi Arabia),55.0,55.01118903338075,ridge
cs-iau-backend,61,KAUST,Visiting Student Research Program (VSRP) Internship,52.5,52.505755436629315,ridge
cs-iau-backend,62,General Authority for Statistics (GASTAT),Cooperative Training Program,67.0,67.00988127670382,ridge
cs-iau-backend,63,Saudi Center for Opinion Polling (SCOP),Cooperative Training Program,67.0,67.01009296547296,ridge
cs-iau-backend,64,Al Rajhi Takaful,Cooperative Training Program,52.5,52.4961482035783,ridge
cs-iau-backend,65,Expenditure & Projects Efficiency Authority (EXPRO),Future Makers (صنّاع المستقبل) – Cooperative Training,52.5,52.50464341144464,ridge
cs-iau-backend,66,Ministry of Finance (Saudi Arabia),Cooperative Training Program (Ministry of Finance),52.5,52.50573768477138,ridge
cs-iau-backend,67,General Entertainment Authority (GEA),GEA Cooperative Training Program,52.5,52.50553532120966,ridge
cs-iau-backend,68,Banque Saudi Fransi (BSF),COOP Training,52.5,52.48915433911129,ridge
cs-iau-backend,69,Arab National Bank (ANB),COOP Trainee,52.5,52.49646338495095,ridge
cs-iau-backend,70,Tamara,Builders Program,52.5,52.50767235864145,ridge
cs-iau-backend,71,OmniOps,Co‑op Training Program,61.5,61.49713571776064,ridge
cs-iau-backend,72,Tatweer Educational Technologies (TETCO),Cooperative Training Program,61.5,61.49780493688003,ridge
cs-iau-backend,73,The Saudi Investment Bank (SAIB),Cooperative Program,52.5,52.499045733910684,ridge
cs-iau-backend,74,Saudi Awwal Bank (SAB),COOP Program,52.5,52.50006444378354,ridge
cs-iau-backend,75,Riyad Bank,Internships and Coop Trainings (CSR 2019),52.5,52.4997619694436,ridge
cs-iau-backend,76,Tabby,Intern DevOps Engineer,67.0,66.99809497150174,ridge
cs-iau-backend,77,Tabby,Intern Backend (GO) Engineer,81.5,81.49434914533762,ridge
cs-iau-backend,78,Tabby,Intern Frontend Engineer,71.5,71.50233100388395,ridge
cs-iau-backend,79,Tabby,Intern Data Engineer,91.5,91.50860133067783,ridge
cs-iau-backend,80,Tabby,No-Code / AI Agents Engineering Intern,71.5,71.5030527138862,ridge
cs-iau-backend,81,Bank Albilad,Cooperative Training Program,47.5,47.51510483275201,ridge
cs-iau-backend,82,Saudi Ground Services (SGS),COOP Program,42.5,42.513043834789826,ridge
cs-iau-backend,83,CEER,Cooperative Training Program (COOP),52.5,52.497714900607356,ridge
cs-iau-backend,84,Al Rajhi Takaful,Coop Training Program,52.5,52.503487070389745,ridge
cs-iau-backend,85,TAWAL,COOP Training Program,61.5,61.49765183750998,ridge
cs-iau-backend,86,Wakeb_Data,COOP Training,61.5,61.501790083882625,ridge
cs-iau-backend,87,Banque Saudi Fransi (BSF),Coop Training Program,52.5,52.49205218603525,ridge
cs-iau-backend,88,Tech Economy,COOP Training Program,52.5,52.50158291857964,ridge
cs-iau-backend,89,SAMI Advanced Electronics (SAMI-AEC),Coop Trainee,52.5,52.49289496387786,ridge
cs-iau-backend,90,NHC,COOP Trainee,47.5,47.50750667732714,ridge
cs-iau-backend,91,REMAT ADVANCED,Cooperative Training Program,61.5,61.49324854967917,ridge
cs-iau-backend,92,SDM,AI COOP,67.0,67.01054478671955,ridge
cs-iau-backend,93,HUED,HUED COOP Program 2026,61.5,61.492155800429586,ridge
cs-iau-backend,94,Araamis • أرامس,Araamis COOP Program 2026,61.5,61.49526740706382,ridge
cs-iau-backend,95,ARDARA,COOP Training for Students,52.5,52.499437086637116,ridge
cs-iau-backend,96,flynas,COOP Trainee / Internship Program,57.0,57.00116759996992,ridge
cs-iau-backend,97,Saudi Motorsport Company (SMC),COOP Trainee (IT Asset Project Management),47.0,47.00353986648164,ridge
cs-iau-backend,98,Saudi Motorsport Company (SMC),COOP Trainee (Supply Chain Excellence Associate),47.0,47.01358982870422,ridge
cs-iau-backend,99,Mobily,Cooperative Training Program,52.5,52.50335704490345,ridge
cs-iau-backend,100,Saudi Awwal Bank (SAB),Student Opportunities: Cooperative / Practical Training,52.5,52.502337559802704,ridge
cs-iau-backend,101,Alvarez & Marsal,COOP Training Program,52.5,52.50117982434799,ridge
cs-iau-backend,102,Visa,COOP Trainee (Jan 2026),52.5,52.49215139448579,ridge
cs-iau-backend,103,Zain KSA,Evolve Program (Fresh Graduates),52.5,52.4939933588063,ridge
cs-iau-backend,104,Zain KSA,Zain Pioneers Program,61.5,61.49479761099231,ridge
cs-iau-backend,105,Savvy Games Group,Cooperative Training Program (Co-op),52.5,52.49552960081908,ridge
cs-iau-backend,106,Bank AlJazira,Tamheer Program,52.5,52.49314250475399,ridge
cs-iau-backend,107,sirar by stc,Cooperative Training Program,61.5,61.4863223402542,ridge
cs-iau-backend,108,Gathern,Co-op Program,61.5,61.48541928557,ridge
cs-iau-backend,109,Elm Company (شركة علم),Coop Training - Computer Science (Jan/Mar/Jun/Aug 2025 Intake),57.0,57.00225377046318,ridge
cs-iau-backend,110,Elm Company (شركة علم),Co-Op Training - Information Technology (Jun & Aug 2025 Intake),57.0,56.997506522396954,ridge
cs-iau-backend,111,EJADA,COOP Administration & Support Engineer,52.5,52.49400526046941,ridge
cs-iau-backend,112,Emdad By Elm,Network Cooperative Training (Network Intern),51.5,51.515469309755865,ridge
cs-iau-backend,113,AILA,Co-op Training Programme,57.0,57.00388697270085,ridge
cs-iau-backend,114,Foodics,Foodics 360 Internship Program,67.0,67.00476193114963,ridge
cs-iau-backend,115,Salla,برنامج التدريب التعاوني (Coop Training) – Salla,47.0,47.008978451133245,ridge
cs-iau-backend,116,Lucidya,Technical Internship or Coop – Lucidya,47.0,47.012553142788335,ridge
cs-iau-backend,117,Diriyah Company,Diriyah Co-op Training Program,52.5,52.502042947550734,ridge
cs-iau-backend,118,Riyadh Air,Co-op – Riyadh Air,52.5,52.4969163460419,ridge
cs-iau-backend,119,Jahez Group,Jahez Internship Program (as described in Sustainability Report),62.5,62.49932641170893,ridge
cs-iau-backend,120,Lumi | لومي,COOP Intern 2025 – Lumi,52.5,52.501998296325056,ridge
cs-iau-backend,121,webook.com,COOP Trainee Opportunities – webook.com,52.5,52.49672202322185,ridge
cs-iau-backend,122,moneymoon,Tech & AI Co-op Program 2025,67.0,67.00067618673043,ridge
cs-iau-backend,123,EjadTech - إيجاد التقنية,"Summer Internship Program 2025 (Computer, Data, and AI Majors)",79.5,79.4834301374951,ridge
cs-iau-backend,124,InnovationTeam,Java Microservices Internship Programme (Saudi Nationals),79.5,79.47393505751101,ridge
cs-iau-backend,125,Tamkeen Technologies,On the Job Training (Internship Program) — Technology field,67.0,67.0059343558266,ridge
cs-iau-backend,126,Trendyol Group,Trendyol Tech Talent - Bootcamp & COOP Internship Program (Saudi Students Only),55.0,54.98989106557272,ridge
cs-iau-backend,127,Ninja نينجا,COOP Training Program,55.0,54.978566879379166,ridge
cs-iau-backend,128,SCAI | سكاي,CO-OP Training Opportunities (Intern),71.5,71.493817095472,ridge
cs-iau-backend,129,WalaPlus,Coop & Tamheer Opportunities,61.5,61.483718307408125,ridge
cs-iau-backend,130,Aon,IT Co-op Trainee 2026,61.5,61.474511884792605,ridge
cs-iau-backend,131,Hewlett Packard Enterprise (HPE),College Intern (Coop),61.5,61.48160400967747,ridge
cs-iau-backend,132,Signify,KSA Coop Internship Program,61.5,61.47963572037344,ridge
cs-iau-backend,133,Help AG (e& enterprise),Cybersecurity Intern,62.5,62.47465634344291,ridge
cs-iau-backend,134,TrendAI (Trend Micro),CyberGATE Internship Program,67.0,66.98546810541741,ridge
cs-iau-backend,135,Golf Saudi,IT Co-op Trainee,61.5,61.47628686726242,ridge
cs-iau-backend,136,Siemens Healthineers,Healthineers Early Talent Program – IT (Riyadh),71.5,71.47578481943688,ridge
cs-iau-backend,137,1957 Ventures,Internship / Co-Op Program,61.5,61.48382498317922,ridge
cs-iau-backend,138,Nokia,Graduate Trainee (Saudi Arabia) – Fledgers Program,67.0,66.9840309390959,ridge
cs-iau-backend,139,Ericsson,Summer Interns (Ericsson Saudi),67.0,66.96807196775295,ridge
cs-iau-backend,140,Bosch Middle East,Software Development Intern (AI/Cloud),81.5,81.48321198310276,ridge
cs-iau-backend,141,Saudi Payments | المدفوعات السعودية,COOP Training – August 2024,57.0,56.986751884959034,ridge
cs-iau-backend,142,Saudi Tadawul Group | تداول,Cooperative Training Program (COOP),61.5,61.49160186558204,ridge
cs-iau-backend,143,Lean Technologies,Software Engineering Intern – KSA,91.5,91.46645409194134,ridge
cs-iau-backend,144,Mirai (Scopely) | مِراي,AI Engineering Intern (GenAI),81.5,81.49474093046035,ridge
cs-iau-backend,145,HungerStation | هنقرستيشن,"Co-OP Trainee, Data Analysis – Info Sec",77.0,76.9905735424682,ridge
cs-iau-backend,146,NCGR | المركز الوطني لنظم الموارد الحكومية,Coop Training Program,57.0,56.98976561890153,ridge
cs-iau-backend,147,nybl,nybl Graduate Programme – Saudi Nationals (AI Bootcamp),52.5,52.47242204569738,ridge
cs-iau-backend,148,Procter & Gamble (P&G),P&G LEADgen Internship Program 2026 (Riyadh),67.0,66.98422024286361,ridge
cs-iau-backend,149,New Murabba | المربع الجديد,New Murabba Co-op Training Program,61.5,61.49347916771952,ridge
cs-iau-backend,150,Boeing Saudi Arabia Limited,Intern - Info Technology & Data Analytics (Riyadh),67.0,66.99605108238275,ridge
cs-iau-backend,151,Motorola Solutions,Deployment Engineer Intern (KSA National - Tamheer Program),61.5,61.4962105159879,ridge
cs-iau-backend,152,Schneider Electric,Co-op Intern (Engineering) - Al Khobar (Jan–Aug 2026),51.5,51.515117298388375,ridge
cs-iau-backend,153,Lockheed Martin,Tamheer Space Internship (Riyadh),61.5,61.49687317964681,ridge
cs-iau-backend,154,Markaba | مركبة,Start-up Software Intern – TAMHEER (Saudi nationals only),59.5,59.490128789467605,ridge
cs-iau-backend,155,Laverne Group | مجموعة لافيرن,Data Analyst / Data Engineer Intern (IT Department),81.5,81.50177698624626,ridge
cs-iau-backend,156,Meel | ميل,"Software Developer Internship (Remote, min 2 months)",72.5,72.49751975516108,ridge
cs-iau-backend,157,Nahdi Medical Co.,IT Internship / COOP Program (6 months),52.0,52.01092208108801,ridge
cs-iau-backend,158,SMART Technology Solutions | سمارت لحلول التقنية,R&D Intern (Riyadh),71.5,71.50095861627891,ridge
cs-iau-backend,159,Knodemy Inc.,AI Developer & Tech Trainer Intern - Riyadh,81.5,81.50456169701572,ridge
cs-iau-backend,160,Water Transmission Company | شركة نقل المياه,Tamheer Internship Program (HRIS / Engineering & PM - Riyadh),61.5,61.496435596177704,ridge
cs-iau-backend,161,AFNOYS,"AI Automation Intern - KSA (Remote, 4 weeks)",62.0,62.00075505863863,ridge
cs-iau-backend,162,SAS,CareerStart@SAS 2026 - Presales Customer Intelligence Intern (Riyadh),68.5,68.48521852514858,ridge
cs-iau-backend,163,Devoteam,Trainee - Future Leaders Program (Co-op/Fresh Graduate),59.5,59.500046991659936,ridge
cs-iau-backend,164,ضالتي Dhallaty,Tech Intern: Fresh Grad or Student,68.5,68.48502199913779,ridge
cs-iau-backend,165,Innovative Solutions SA,Presales - Tamheer,50.5,50.47849815882668,ridge
cs-iau-backend,166,HUMAIN,Tamheer Program (Software Engineer / Cybersecurity / MIS),59.5,59.4730612546173,ridge
cs-iau-backend,167,TAM | تام,"Tamheer Opportunity, Advisory",36.5,36.44600474853711,ridge
cs-iau-backend,168,هيئة التأمين | Insurance Authority,Tamheer Opportunity - Specialist of Information Security,50.5,50.47019198353178,ridge
cs-iau-backend,169,Snbla | سنبله,Paid Internship Program (FinTech),68.5,68.48897180495364,ridge
cs-iau-backend,170,2P Perfect Presentation,Data Analyst (Tamheer),55.0,54.96643625997088,ridge
cs-iau-backend,171,Infosys,Summer Intern (Infosys InStep ’26 – Bangalore),55.5,55.489508037851806,ridge
cs-iau-backend,172,شركة الخدمات المدارة | Managed Services Company,Intern Cybersecurity Engineer,69.5,69.49215279283861,ridge
cs-iau-backend,173,Abunayyan Holding,Data Analyst (Tamheer),55.0,54.969855373572415,ridge
ds-scientist-jeddah,1,Saudi Aramco,University Internship Program (UIP),38.5,38.50736972457976,ridge
ds-scientist-jeddah,2,SABIC,COOP Training Program,41.5,41.4945507459819,ridge
ds-scientist-jeddah,3,stc (Saudi Telecom Company),Cooperative Training Program (COOP),38.5,38.52592711159329,ridge
ds-scientist-jeddah,4,Saudi National Bank (SNB),SNB Cooperative Training Program,43.5,43.49684769512443,ridge
ds-scientist-jeddah,5,Al Rajhi Bank,Cooperative Training Program,43.5,43.494366487193105,ridge
ds-scientist-jeddah,6,Capital Market Authority (CMA),COOP Program,38.5,38.51908471870824,ridge
ds-scientist-jeddah,7,Digital Government Authority (DGA),Maidan Cooperative Training Program,38.5,38.515843809776925,ridge
ds-scientist-jeddah,8,KPMG Saudi Arabia,COOP & Internship Programs,43.5,43.484354588185724,ridge
ds-scientist-jeddah,9,PwC Middle East,"Deals, COOP and Summer Internship Programme (2026)",43.0,43.01842863091997,ridge
ds-scientist-jeddah,10,Deloitte Middle East (KSA),Jusoor Al Sharqiyah Internship Program,33.0,33.008169276482626,ridge
ds-scientist-jeddah,11,Bank Albilad,Cooperative & Summer Training Program,48.0,47.99373061531095,ridge
ds-scientist-jeddah,12,Tamara,Tamara Builders Program,43.0,43.025996675257986,ridge
ds-scientist-jeddah,13,Bupa Arabia,Cooperative Training Program,38.5,38.50500931542156,ridge
ds-scientist-jeddah,14,Saudi Exports (Saudi Export Development Authority),COOP & Summer Training (FAQ-confirmed),43.5,43.47689709251038,ridge
ds-scientist-jeddah,15,Local Content and Government Procurement Authority (LCGPA),COOP Training (role posting),38.5,38.498040936420296,ridge
ds-scientist-jeddah,16,McKinsey & Company (Maqdira),Maqdira Fellowship Program,43.0,43.021391598776106,ridge
ds-scientist-jeddah,17,Boston Consulting Group (BCG),Visiting Associate Internship (Riyadh),38.5,38.51096924950724,ridge
ds-scientist-jeddah,18,Bain & Company,COOP Training Program (Riyadh),38.5,38.50476302842108,ridge
ds-scientist-jeddah,19,Amazon Web Services (AWS),IT/Computer Hardware Internship (Intern-to-FTE Pathway),33.0,33.01995883118722,ridge
ds-scientist-jeddah,20,Amazon Web Services (AWS) - Associate Solutions Architect Intern,Associate Solutions Architect Intern (2026),33.0,33.02009113277935,ridge
ds-scientist-jeddah,21,Google (Saudi Arabia),Google Careers (Saudi location filter),34.5,34.51250102500414,ridge
ds-scientist-jeddah,22,BlackRock,Client & Product Summer Internship Programme (EMEA) - includes Riyadh,44.17,44.179221174353465,ridge
ds-scientist-jeddah,23,noon,Student Internship,28.5,28.500388793501134,ridge
ds-scientist-jeddah,24,MOZN,Data Science Intern,56.83,56.844268259314525,ridge
ds-scientist-jeddah,25,Elm,Elm Co-op Training Program (March 2026 Intake),38.5,38.50290487788412,ridge
ds-scientist-jeddah,26,Yasref,Yasref Cooperative Training Program,46.0,46.00239263939349,ridge
ds-scientist-jeddah,27,"Saudi Standards, Metrology and Quality Organization (SASO)",Cooperative Training (Collaborative Training),43.0,43.007287432480965,ridge
ds-scientist-jeddah,28,"Zakat, Tax and Customs Authority (ZATCA)",Binaa-Alkafaat Program,33.5,33.48278469242003,ridge
ds-scientist-jeddah,29,Human Resources Development Fund (HRDF) – Cooperative Training Product,Cooperative Training (HRDF product),20.5,20.44777213869377,ridge
ds-scientist-jeddah,30,EXPRO,COOP Training (Future Makers Program),38.5,38.5000808362518,ridge
ds-scientist-jeddah,31,Ministry of Industry and Mineral Resources (MIM) – Cooperative Training Initiative,Cooperative Training Initiative,20.5,20.461273286551517,ridge
ds-scientist-jeddah,32,TBC (The Beauty Company),Cooperative Training Program,43.5,43.475872058208935,ridge
ds-scientist-jeddah,33,National Center for Vegetation Cover Development & Combating Desertification (NCVC),COOP Training Program,38.5,38.50312962425079,ridge
ds-scientist-jeddah,34,Saudi Power Procurement Company (SPPC),Future Power – COOP Training Program,38.5,38.50013443717506,ridge
ds-scientist-jeddah,35,TBC (Tatweer Building Company),Cooperative Training Program,38.5,38.51857632381754,ridge
ds-scientist-jeddah,36,PwC Middle East (Assurance COOP & Summer Internship Programme 2026),"Assurance, COOP and Summer Internship Programme 2026 – Middle East",43.0,43.019230569344856,ridge
ds-scientist-jeddah,37,KAPSARC,Intern (Coop- Trainee),47.5,47.50712554549373,ridge
ds-scientist-jeddah,38,BSF (Banque Saudi Fransi),COOP / Internship,48.5,48.462725305114674,ridge
ds-scientist-jeddah,39,Saudi Food & Drug Authority (SFDA),COOP training (First semester 2025-2026 intake),43.5,43.50562886469698,ridge
ds-scientist-jeddah,40,Saudi Power Procurement Company (SPPC) – Future Power (Business Admin COOP),Future Power – Business Administration COOP Training Program,38.5,38.50631546024688,ridge
ds-scientist-jeddah,41,Bank Albilad,Cooperative and Summer Training Program,38.5,38.51308361890791,ridge
ds-scientist-jeddah,42,The Saudi National Bank (SNB),SNB Rowad Program,28.5,28.510619712064415,ridge
ds-scientist-jeddah,43,National Cybersecurity Authority (NCA) – Academy,Cybersecurity training programs (academy),33.5,33.523501287371204,ridge
ds-scientist-jeddah,44,PIF | Graduate Development Program,Graduate Development Program (GDP),44.17,44.17728017021924,ridge
ds-scientist-jeddah,45,NEOM | GrOW (Graduates Opportunities in Work),GrOW (Graduates Opportunities in Work),36.0,35.99862375641939,ridge
ds-scientist-jeddah,46,ROSHN | COOP Trainee Program,COOP Trainee Program,38.5,38.50815983187236,ridge
ds-scientist-jeddah,47,Microsoft | Ru'aa Program (Riyadh),Ru'aa Program Internship (Solution Engineering),33.0,33.0354961979008,ridge
ds-scientist-jeddah,48,Oracle | Business Development Intern (KSA market),Business Development Intern (KSA market),31.5,31.487571374136802,ridge
ds-scientist-jeddah,49,SAP | Student Internship (Riyadh),Student Internship - Riyadh,28.5,28.518042484419457,ridge
ds-scientist-jeddah,50,SAB (Saudi Awwal Bank) | Cooperative Training Programme (COOP),SAB Cooperative Training Programme (COOP),38.5,38.50989362892109,ridge
ds-scientist-jeddah,51,Ministry of Finance (Saudi Arabia) | Cooperative Training Program,Cooperative Training Program,36.5,36.52794583217901,ridge
ds-scientist-jeddah,52,Ministry of Industry and Mineral Resources | Cooperative Training,Cooperative Training Initiative,41.5,41.473791938271745,ridge
ds-scientist-jeddah,53,King Fahd Causeway Authority | Internship Program,Internship Program,36.0,35.99792299966829,ridge
ds-scientist-jeddah,54,Tawuniya | Tamheer Program (Fresh Graduates),Tamheer Program,36.0,36.01962802496206,ridge
ds-scientist-jeddah,55,SAMA | SAMA Professional Program (SPP),SAMA Professional Program (SPP),26.5,26.514375035177146,ridge
ds-scientist-jeddah,56,HRDF | Cooperative Training Product,Cooperative Training Product,41.5,41.4825129248375,ridge
ds-scientist-jeddah,57,IBM,"Automation, Data & AI – Intern",31.0,31.03523869094221,ridge
ds-scientist-jeddah,58,Unifonic,Internship (Unifonic),33.0,33.028080130397726,ridge
ds-scientist-jeddah,59,Misk Foundation,Misk Traineeship / Internship Program,31.5,31.521387917511905,ridge
ds-scientist-jeddah,60,Cisco,Cisco NetVersity (Saudi Arabia),41.0,41.00712546231668,ridge
ds-scientist-jeddah,61,KAUST,Visiting Student Research Program (VSRP) Internship,28.5,28.501470344599934,ridge
ds-scientist-jeddah,62,General Authority for Statistics (GASTAT),Cooperative Training Program,54.17,54.19714281223298,ridge
ds-scientist-jeddah,63,Saudi Center for Opinion Polling (SCOP),Cooperative Training Program,54.17,54.197792049660386,ridge
ds-scientist-jeddah,64,Al Rajhi Takaful,Cooperative Training Program,38.5,38.52093460193878,ridge
ds-scientist-jeddah,65,Expenditure & Projects Efficiency Authority (EXPRO),Future Makers (صنّاع المستقبل) – Cooperative Training,38.5,38.5293100898015,ridge
ds-scientist-jeddah,66,Ministry of Finance (Saudi Arabia),Cooperative Training Program (Ministry of Finance),38.5,38.53112048773512,ridge
ds-scientist-jeddah,67,General Entertainment Authority (GEA),GEA Cooperative Training Program,38.5,38.526071873706755,ridge
ds-scientist-jeddah,68,Banque Saudi Fransi (BSF),COOP Training,38.5,38.513011152423005,ridge
ds-scientist-jeddah,69,Arab National Bank (ANB),COOP Trainee,38.5,38.511502922848024,ridge
ds-scientist-jeddah,70,Tamara,Builders Program,38.5,38.519857610096054,ridge
ds-scientist-jeddah,71,OmniOps,Co‑op Training Program,53.5,53.51479895876958,ridge
ds-scientist-jeddah,72,Tatweer Educational Technologies (TETCO),Cooperative Training Program,43.0,43.019084783780215,ridge
ds-scientist-jeddah,73,The Saudi Investment Bank (SAIB),Cooperative Program,38.5,38.520090025284205,ridge
ds-scientist-jeddah,74,Saudi Awwal Bank (SAB),COOP Program,38.5,38.51722769473267,ridge
ds-scientist-jeddah,75,Riyad Bank,Internships and Coop Trainings (CSR 2019),38.5,38.5133073889518,ridge
ds-scientist-jeddah,76,Tabby,Intern DevOps Engineer,38.0,38.01362052108677,ridge
ds-scientist-jeddah,77,Tabby,Intern Backend (GO) Engineer,44.67,44.6790098287031,ridge
ds-scientist-jeddah,78,Tabby,Intern Frontend Engineer,33.0,33.028424406195654,ridge
ds-scientist-jeddah,79,Tabby,Intern Data Engineer,50.83,50.87273816672493,ridge
ds-scientist-jeddah,80,Tabby,No-Code / AI Agents Engineering Intern,33.0,33.0318996701282,ridge
ds-scientist-jeddah,81,Bank Albilad,Cooperative Training Program,43.5,43.50184689478267,ridge
ds-scientist-jeddah,82,Saudi Ground Services (SGS),COOP Program,48.5,48.468921058018374,ridge
ds-scientist-jeddah,83,CEER,Cooperative Training Program (COOP),38.5,38.51408319125346,ridge
ds-scientist-jeddah,84,Al Rajhi Takaful,Coop Training Program,38.5,38.521096092095746,ridge
ds-scientist-jeddah,85,TAWAL,COOP Training Program,43.0,43.01891767134714,ridge
ds-scientist-jeddah,86,Wakeb_Data,COOP Training,43.0,43.023056938225196,ridge
ds-scientist-jeddah,87,Banque Saudi Fransi (BSF),Coop Training Program,38.5,38.51240475194908,ridge
ds-scientist-jeddah,88,Tech Economy,COOP Training Program,38.5,38.51835773355792,ridge
ds-scientist-jeddah,89,SAMI Advanced Electronics (SAMI-AEC),Coop Trainee,38.5,38.51738364088615,ridge
ds-scientist-jeddah,90,NHC,COOP Trainee,43.5,43.49174627719515,ridge
ds-scientist-jeddah,91,REMAT ADVANCED,Cooperative Training Program,43.0,43.01687539359979,ridge
ds-scientist-jeddah,92,SDM,AI COOP,49.67,49.70529576997308,ridge
ds-scientist-jeddah,93,HUED,HUED COOP Program 2026,43.0,43.01619493585754,ridge
ds-scientist-jeddah,94,Araamis • أرامس,Araamis COOP Program 2026,47.5,47.51873159974989,ridge
ds-scientist-jeddah,95,ARDARA,COOP Training for Students,38.5,38.51679100686964,ridge
ds-scientist-jeddah,96,flynas,COOP Trainee / Internship Program,43.0,43.017937380122056,ridge
ds-scientist-jeddah,97,Saudi Motorsport Company (SMC),COOP Trainee (IT Asset Project Management),53.0,52.972491476154325,ridge
ds-scientist-jeddah,98,Saudi Motorsport Company (SMC),COOP Trainee (Supply Chain Excellence Associate),57.5,57.4766077225301,ridge
ds-scientist-jeddah,99,Mobily,Cooperative Training Program,38.5,38.51185551636377,ridge
ds-scientist-jeddah,100,Saudi Awwal Bank (SAB),Student Opportunities: Cooperative / Practical Training,38.5,38.52019862415615,ridge
ds-scientist-jeddah,101,Alvarez & Marsal,COOP Training Program,38.5,38.513949330053606,ridge
ds-scientist-jeddah,102,Visa,COOP Trainee (Jan 2026),38.5,38.51940673708525,ridge
ds-scientist-jeddah,103,Zain KSA,Evolve Program (Fresh Graduates),28.5,28.517802456933165,ridge
ds-scientist-jeddah,104,Zain KSA,Zain Pioneers Program,33.0,33.01966039987869,ridge
ds-scientist-jeddah,105,Savvy Games Group,Cooperative Training Program (Co-op),38.5,38.51546545927394,ridge
ds-scientist-jeddah,106,Bank AlJazira,Tamheer Program,28.5,28.514779927083243,ridge
ds-scientist-jeddah,107,sirar by stc,Cooperative Training Program,43.0,43.01442929197562,ridge
ds-scientist-jeddah,108,Gathern,Co-op Program,53.5,53.51041319928093,ridge
ds-scientist-jeddah,109,Elm Company (شركة علم),Coop Training - Computer Science (Jan/Mar/Jun/Aug 2025 Intake),43.0,43.02774452446057,ridge
ds-scientist-jeddah,110,Elm Company (شركة علم),Co-Op Training - Information Technology (Jun & Aug 2025 Intake),43.0,43.02414639293306,ridge
ds-scientist-jeddah,111,EJADA,COOP Administration & Support Engineer,38.5,38.52027555568124,ridge
ds-scientist-jeddah,112,Emdad By Elm,Network Cooperative Training (Network Intern),53.0,52.98908510904175,ridge
ds-scientist-jeddah,113,AILA,Co-op Training Programme,48.0,48.01294574588902,ridge
ds-scientist-jeddah,114,Foodics,Foodics 360 Internship Program,33.0,33.03467211547466,ridge
ds-scientist-jeddah,115,Salla,برنامج التدريب التعاوني (Coop Training) – Salla,43.0,42.99717326084324,ridge
ds-scientist-jeddah,116,Lucidya,Technical Internship or Coop – Lucidya,53.0,52.9787951291935,ridge
ds-scientist-jeddah,117,Diriyah Company,Diriyah Co-op Training Program,38.5,38.516848703708234,ridge
ds-scientist-jeddah,118,Riyadh Air,Co-op – Riyadh Air,38.5,38.51726337233323,ridge
ds-scientist-jeddah,119,Jahez Group,Jahez Internship Program (as described in Sustainability Report),28.5,28.527366901511943,ridge
ds-scientist-jeddah,120,Lumi | لومي,COOP Intern 2025 – Lumi,38.5,38.518860539727825,ridge
ds-scientist-jeddah,121,webook.com,COOP Trainee Opportunities – webook.com,38.5,38.51772130405088,ridge
ds-scientist-jeddah,122,moneymoon,Tech & AI Co-op Program 2025,49.67,49.70252152137915,ridge
ds-scientist-jeddah,123,EjadTech - إيجاد التقنية,"Summer Internship Program 2025 (Computer, Data, and AI Majors)",48.17,48.18813011806895,ridge
ds-scientist-jeddah,124,InnovationTeam,Java Microservices Internship Programme (Saudi Nationals),37.67,37.6917254614972,ridge
ds-scientist-jeddah,125,Tamkeen Technologies,On the Job Training (Internship Program) — Technology field,33.0,33.03810114319038,ridge
ds-scientist-jeddah,126,Trendyol Group,Trendyol Tech Talent - Bootcamp & COOP Internship Program (Saudi Students Only),41.0,41.024931786843624,ridge
ds-scientist-jeddah,127,Ninja نينجا,COOP Training Program,41.0,41.00430395141086,ridge
ds-scientist-jeddah,128,SCAI | سكاي,CO-OP Training Opportunities (Intern),49.67,49.6919246476642,ridge
ds-scientist-jeddah,129,WalaPlus,Coop & Tamheer Opportunities,43.0,43.01186064291405,ridge
ds-scientist-jeddah,130,Aon,IT Co-op Trainee 2026,43.0,43.006466692874255,ridge
ds-scientist-jeddah,131,Hewlett Packard Enterprise (HPE),College Intern (Coop),43.0,43.00958444162461,ridge
ds-scientist-jeddah,132,Signify,KSA Coop Internship Program,43.0,43.0071397998469,ridge
ds-scientist-jeddah,133,Help AG (e& enterprise),Cybersecurity Intern,28.5,28.51071374551888,ridge
ds-scientist-jeddah,134,TrendAI (Trend Micro),CyberGATE Internship Program,33.0,33.02296681237988,ridge
ds-scientist-jeddah,135,Golf Saudi,IT Co-op Trainee,43.0,43.0093759504898,ridge
ds-scientist-jeddah,136,Siemens Healthineers,Healthineers Early Talent Program – IT (Riyadh),33.0,33.01399389197481,ridge
ds-scientist-jeddah,137,1957 Ventures,Internship / Co-Op Program,43.0,43.01453819037218,ridge
ds-scientist-jeddah,138,Nokia,Graduate Trainee (Saudi Arabia) – Fledgers Program,44.17,44.187673761390684,ridge
ds-scientist-jeddah,139,Ericsson,Summer Interns (Ericsson Saudi),33.0,33.00464990860024,ridge
ds-scientist-jeddah,140,Bosch Middle East,Software Development Intern (AI/Cloud),50.17,50.188578566328346,ridge
ds-scientist-jeddah,141,Saudi Payments | المدفوعات السعودية,COOP Training – August 2024,47.5,47.51061713639569,ridge
ds-scientist-jeddah,142,Saudi Tadawul Group | تداول,Cooperative Training Program (COOP),43.0,43.018071634146054,ridge
ds-scientist-jeddah,143,Lean Technologies,Software Engineering Intern – KSA,46.33,46.344392865990336,ridge
ds-scientist-jeddah,144,Mirai (Scopely) | مِراي,AI Engineering Intern (GenAI),39.67,39.70353439180348,ridge
ds-scientist-jeddah,145,HungerStation | هنقرستيشن,"Co-OP Trainee, Data Analysis – Info Sec",60.83,60.860309597363894,ridge
ds-scientist-jeddah,146,NCGR | المركز الوطني لنظم الموارد الحكومية,Coop Training Program,43.0,43.01722967275728,ridge
ds-scientist-jeddah,147,nybl,nybl Graduate Programme – Saudi Nationals (AI Bootcamp),28.5,28.507099819448488,ridge
ds-scientist-jeddah,148,Procter & Gamble (P&G),P&G LEADgen Internship Program 2026 (Riyadh),33.0,33.01300304732581,ridge
ds-scientist-jeddah,149,New Murabba | المربع الجديد,New Murabba Co-op Training Program,43.0,43.0236504707443,ridge
ds-scientist-jeddah,150,Boeing Saudi Arabia Limited,Intern - Info Technology & Data Analytics (Riyadh),37.5,37.52846167079268,ridge
ds-scientist-jeddah,151,Motorola Solutions,Deployment Engineer Intern (KSA National - Tamheer Program),33.0,33.024565080305976,ridge
ds-scientist-jeddah,152,Schneider Electric,Co-op Intern (Engineering) - Al Khobar (Jan–Aug 2026),43.0,43.01241313622114,ridge
ds-scientist-jeddah,153,Lockheed Martin,Tamheer Space Internship (Riyadh),33.0,33.01497811467972,ridge
ds-scientist-jeddah,154,Markaba | مركبة,Start-up Software Intern – TAMHEER (Saudi nationals only),31.0,31.01743664667458,ridge
ds-scientist-jeddah,155,Laverne Group | مجموعة لافيرن,Data Analyst / Data Engineer Intern (IT Department),44.17,44.20605427723504,ridge
ds-scientist-jeddah,156,Meel | ميل,"Software Developer Internship (Remote, min 2 months)",38.0,38.00253164875068,ridge
ds-scientist-jeddah,157,Nahdi Medical Co.,IT Internship / COOP Program (6 months),48.0,48.00349561969646,ridge
ds-scientist-jeddah,158,SMART Technology Solutions | سمارت لحلول التقنية,R&D Intern (Riyadh),33.0,33.02692314662251,ridge
ds-scientist-jeddah,159,Knodemy Inc.,AI Developer & Tech Trainer Intern - Riyadh,39.67,39.70775074037529,ridge
ds-scientist-jeddah,160,Water Transmission Company | شركة نقل المياه,Tamheer Internship Program (HRIS / Engineering & PM - Riyadh),33.0,33.030046091960116,ridge
ds-scientist-jeddah,161,AFNOYS,"AI Automation Intern - KSA (Remote, 4 weeks)",38.0,38.00463990590626,ridge
ds-scientist-jeddah,162,SAS,CareerStart@SAS 2026 - Presales Customer Intelligence Intern (Riyadh),39.0,39.020979661629895,ridge
ds-scientist-jeddah,163,Devoteam,Trainee - Future Leaders Program (Co-op/Fresh Graduate),41.0,41.02718570907881,ridge
ds-scientist-jeddah,164,ضالتي Dhallaty,Tech Intern: Fresh Grad or Student,34.5,34.517214805571584,ridge
ds-scientist-jeddah,165,Innovative Solutions SA,Presales - Tamheer,26.5,26.506922547765924,ridge
ds-scientist-jeddah,166,HUMAIN,Tamheer Program (Software Engineer / Cybersecurity / MIS),31.0,31.00337825629086,ridge
ds-scientist-jeddah,167,TAM | تام,"Tamheer Opportunity, Advisory",26.5,26.44096104398939,ridge
ds-scientist-jeddah,168,هيئة التأمين | Insurance Authority,Tamheer Opportunity - Specialist of Information Security,26.5,26.501957994745133,ridge
ds-scientist-jeddah,169,Snbla | سنبله,Paid Internship Program (FinTech),34.5,34.52180339324174,ridge
ds-scientist-jeddah,170,2P Perfect Presentation,Data Analyst (Tamheer),35.5,35.494120951048835,ridge
ds-scientist-jeddah,171,Infosys,Summer Intern (Infosys InStep ’26 – Bangalore),31.5,31.493184653232493,ridge
ds-scientist-jeddah,172,شركة الخدمات المدارة | Managed Services Company,Intern Cybersecurity Engineer,31.0,31.01958699886545,ridge
ds-scientist-jeddah,173,Abunayyan Holding,Data Analyst (Tamheer),35.5,35.49654080083941,ridge
ds-remote-coop,1,Saudi Aramco,University Internship Program (UIP),40.0,40.00911171303768,ridge
ds-remote-coop,2,SABIC,COOP Training Program,38.0,38.01202581405188,ridge
ds-remote-coop,3,stc (Saudi Telecom Company),Cooperative Training Program (COOP),40.0,40.02926995526486,ridge
ds-remote-coop,4,Saudi National Bank (SNB),SNB Cooperative Training Program,40.0,40.01483508922409,ridge
ds-remote-coop,5,Al Rajhi Bank,Cooperative Training Program,40.0,40.01238849043051,ridge
ds-remote-coop,6,Capital Market Authority (CMA),COOP Program,40.0,40.02236963971923,ridge
ds-remote-coop,7,Digital Government Authority (DGA),Maidan Cooperative Training Program,40.0,40.019041289485656,ridge
ds-remote-coop,8,KPMG Saudi Arabia,COOP & Internship Programs,40.0,40.00141181674773,ridge
ds-remote-coop,9,PwC Middle East,"Deals, COOP and Summer Internship Programme (2026)",44.5,44.521077561544836,ridge
ds-remote-coop,10,Deloitte Middle East (KSA),Jusoor Al Sharqiyah Internship Program,34.5,34.51011499302412,ridge
ds-remote-coop,11,Bank Albilad,Cooperative & Summer Training Program,44.5,44.51176764475167,ridge
ds-remote-coop,12,Tamara,Tamara Builders Program,44.5,44.52989600399981,ridge
ds-remote-coop,13,Bupa Arabia,Cooperative Training Program,40.0,40.00698921509834,ridge
ds-remote-coop,14,Saudi Exports (Saudi Export Development Authority),COOP & Summer Training (FAQ-confirmed),40.0,39.993228119264785,ridge
ds-remote-coop,15,Local Content and Government Procurement Authority (LCGPA),COOP Training (role posting),40.0,39.99923343225811,ridge
ds-remote-coop,16,McKinsey & Company (Maqdira),Maqdira Fellowship Program,44.5,44.52478455524267,ridge
ds-remote-coop,17,Boston Consulting Group (BCG),Visiting Associate Internship (Riyadh),40.0,40.01333704057033,ridge
ds-remote-coop,18,Bain & Company,COOP Training Program (Riyadh),40.0,40.0066944408119,ridge
ds-remote-coop,19,Amazon Web Services (AWS),IT/Computer Hardware Internship (Intern-to-FTE Pathway),34.5,34.52223696628727,ridge
ds-remote-coop,20,Amazon Web Services (AWS) - Associate Solutions Architect Intern,Associate Solutions Architect Intern (2026),34.5,34.5218578689331,ridge
ds-remote-coop,21,Google (Saudi Arabia),Google Careers (Saudi location filter),38.0,38.007384419307975,ridge
ds-remote-coop,22,BlackRock,Client & Product Summer Internship Programme (EMEA) - includes Riyadh,34.5,34.52241428796423,ridge
ds-remote-coop,23,noon,Student Internship,30.0,30.0010387258204,ridge
ds-remote-coop,24,MOZN,Data Science Intern,51.67,51.685616958530794,ridge
ds-remote-coop,25,Elm,Elm Co-op Training Program (March 2026 Intake),40.0,40.00463168927962,ridge
ds-remote-coop,26,Yasref,Yasref Cooperative Training Program,42.5,42.52029732452887,ridge
ds-remote-coop,27,"Saudi Standards, Metrology and Quality Organization (SASO)",Cooperative Training (Collaborative Training),44.5,44.50971242854439,ridge
ds-remote-coop,28,"Zakat, Tax and Customs Authority (ZATCA)",Binaa-Alkafaat Program,30.0,29.999345740153906,ridge
ds-remote-coop,29,Human Resources Development Fund (HRDF) – Cooperative Training Product,Cooperative Training (HRDF product),20.5,20.443056808673838,ridge
ds-remote-coop,30,EXPRO,COOP Training (Future Makers Program),40.0,40.00150044855846,ridge
ds-remote-coop,31,Ministry of Industry and Mineral Resources (MIM) – Cooperative Training Initiative,Cooperative Training Initiative,20.5,20.45789279285131,ridge
ds-remote-coop,32,TBC (The Beauty Company),Cooperative Training Program,40.0,39.99159511096892,ridge
ds-remote-coop,33,National Center for Vegetation Cover Development & Combating Desertification (NCVC),COOP Training Program,40.0,40.00471398291468,ridge
ds-remote-coop,34,Saudi Power Procurement Company (SPPC),Future Power – COOP Training Program,40.0,40.00155112604706,ridge
ds-remote-coop,35,TBC (Tatweer Building Company),Cooperative Training Program,40.0,40.02127494415659,ridge
ds-remote-coop,36,PwC Middle East (Assurance COOP & Summer Internship Programme 2026),"Assurance, COOP and Summer Internship Programme 2026 – Middle East",44.5,44.52098829595326,ridge
ds-remote-coop,37,KAPSARC,Intern (Coop- Trainee),44.5,44.51100859735554,ridge
ds-remote-coop,38,BSF (Banque Saudi Fransi),COOP / Internship,40.0,39.994566875923034,ridge
ds-remote-coop,39,Saudi Food & Drug Authority (SFDA),COOP training (First semester 2025-2026 intake),40.0,40.023637115842575,ridge
ds-remote-coop,40,Saudi Power Procurement Company (SPPC) – Future Power (Business Admin COOP),Future Power – Business Administration COOP Training Program,40.0,40.007797398588195,ridge
ds-remote-coop,41,Bank Albilad,Cooperative and Summer Training Program,40.0,40.01572766520691,ridge
ds-remote-coop,42,The Saudi National Bank (SNB),SNB Rowad Program,30.0,30.012698803692302,ridge
ds-remote-coop,43,National Cybersecurity Authority (NCA) – Academy,Cybersecurity training programs (academy),35.0,35.0261543984913,ridge
ds-remote-coop,44,PIF | Graduate Development Program,Graduate Development Program (GDP),34.5,34.519477827661404,ridge
ds-remote-coop,45,NEOM | GrOW (Graduates Opportunities in Work),GrOW (Graduates Opportunities in Work),36.0,36.00170139589402,ridge
ds-remote-coop,46,ROSHN | COOP Trainee Program,COOP Trainee Program,40.0,40.01002626084564,ridge
ds-remote-coop,47,Microsoft | Ru'aa Program (Riyadh),Ru'aa Program Internship (Solution Engineering),34.5,34.53740026180667,ridge
ds-remote-coop,48,Oracle | Business Development Intern (KSA market),Business Development Intern (KSA market),31.5,31.489944086091676,ridge
ds-remote-coop,49,SAP | Student Internship (Riyadh),Student Internship - Riyadh,30.0,30.020642239196945,ridge
ds-remote-coop,50,SAB (Saudi Awwal Bank) | Cooperative Training Programme (COOP),SAB Cooperative Training Programme (COOP),40.0,40.01177392931567,ridge
ds-remote-coop,51,Ministry of Finance (Saudi Arabia) | Cooperative Training Program,Cooperative Training Program,41.5,41.516769178570826,ridge
ds-remote-coop,52,Ministry of Industry and Mineral Resources | Cooperative Training,Cooperative Training Initiative,41.5,41.475402939281786,ridge
ds-remote-coop,53,King Fahd Causeway Authority | Internship Program,Internship Program,36.0,36.00128775947127,ridge
ds-remote-coop,54,Tawuniya | Tamheer Program (Fresh Graduates),Tamheer Program,37.5,37.52181556661388,ridge
ds-remote-coop,55,SAMA | SAMA Professional Program (SPP),SAMA Professional Program (SPP),31.5,31.50138872028684,ridge
ds-remote-coop,56,HRDF | Cooperative Training Product,Cooperative Training Product,41.5,41.48482316303034,ridge
ds-remote-coop,57,IBM,"Automation, Data & AI – Intern",36.0,36.023511224422606,ridge
ds-remote-coop,58,Unifonic,Internship (Unifonic),34.5,34.53206002313618,ridge
ds-remote-coop,59,Misk Foundation,Misk Traineeship / Internship Program,33.0,33.024049079544405,ridge
ds-remote-coop,60,Cisco,Cisco NetVersity (Saudi Arabia),37.5,37.52543554737417,ridge
ds-remote-coop,61,KAUST,Visiting Student Research Program (VSRP) Internship,30.0,30.003859962124594,ridge
ds-remote-coop,62,General Authority for Statistics (GASTAT),Cooperative Training Program,44.5,44.541644792841886,ridge
ds-remote-coop,63,Saudi Center for Opinion Polling (SCOP),Cooperative Training Program,44.5,44.54225324389781,ridge
ds-remote-coop,64,Al Rajhi Takaful,Cooperative Training Program,40.0,40.02346434539078,ridge
ds-remote-coop,65,Expenditure & Projects Efficiency Authority (EXPRO),Future Makers (صنّاع المستقبل) – Cooperative Training,40.0,40.032321984565485,ridge
ds-remote-coop,66,Ministry of Finance (Saudi Arabia),Cooperative Training Program (Ministry of Finance),40.0,40.0341479367906,ridge
ds-remote-coop,67,General Entertainment Authority (GEA),GEA Cooperative Training Program,40.0,40.02937204974095,ridge
ds-remote-coop,68,Banque Saudi Fransi (BSF),COOP Training,40.0,40.01511530672195,ridge
ds-remote-coop,69,Arab National Bank (ANB),COOP Trainee,40.0,40.014056841692835,ridge
ds-remote-coop,70,Tamara,Builders Program,40.0,40.02352298511566,ridge
ds-remote-coop,71,OmniOps,Co‑op Training Program,55.0,55.01702522594447,ridge
ds-remote-coop,72,Tatweer Educational Technologies (TETCO),Cooperative Training Program,44.5,44.522156333665876,ridge
ds-remote-coop,73,The Saudi Investment Bank (SAIB),Cooperative Program,40.0,40.02283405277959,ridge
ds-remote-coop,74,Saudi Awwal Bank (SAB),COOP Program,40.0,40.02018013057267,ridge
ds-remote-coop,75,Riyad Bank,Internships and Coop Trainings (CSR 2019),40.0,40.016120853499366,ridge
ds-remote-coop,76,Tabby,Intern DevOps Engineer,39.5,39.51222645895574,ridge
ds-remote-coop,77,Tabby,Intern Backend (GO) Engineer,39.5,39.51655696130368,ridge
ds-remote-coop,78,Tabby,Intern Frontend Engineer,34.5,34.532113848167654,ridge
ds-remote-coop,79,Tabby,Intern Data Engineer,41.17,41.21882703574367,ridge
ds-remote-coop,80,Tabby,No-Code / AI Agents Engineering Intern,34.5,34.53550480623536,ridge
ds-remote-coop,81,Bank Albilad,Cooperative Training Program,40.0,40.020341286763156,ridge
ds-remote-coop,82,Saudi Ground Services (SGS),COOP Program,40.0,40.00124407368439,ridge
ds-remote-coop,83,CEER,Cooperative Training Program (COOP),40.0,40.0168057746458,ridge
ds-remote-coop,84,Al Rajhi Takaful,Coop Training Program,40.0,40.02432587508195,ridge
ds-remote-coop,85,TAWAL,COOP Training Program,44.5,44.52183398620746,ridge
ds-remote-coop,86,Wakeb_Data,COOP Training,44.5,44.52641436232455,ridge
ds-remote-coop,87,Banque Saudi Fransi (BSF),Coop Training Program,40.0,40.01474203898839,ridge
ds-remote-coop,88,Tech Economy,COOP Training Program,40.0,40.0213477917718,ridge
ds-remote-coop,89,SAMI Advanced Electronics (SAMI-AEC),Coop Trainee,40.0,40.019712964898574,ridge
ds-remote-coop,90,NHC,COOP Trainee,40.0,40.00953106664623,ridge
ds-remote-coop,91,REMAT ADVANCED,Cooperative Training Program,44.5,44.51958169284043,ridge
ds-remote-coop,92,SDM,AI COOP,51.17,51.20867721781341,ridge
ds-remote-coop,93,HUED,HUED COOP Program 2026,44.5,44.51880977061798,ridge
ds-remote-coop,94,Araamis • أرامس,Araamis COOP Program 2026,44.5,44.52340059041709,ridge
ds-remote-coop,95,ARDARA,COOP Training for Students,40.0,40.0196410180081,ridge
ds-remote-coop,96,flynas,COOP Trainee / Internship Program,44.5,44.52102170678817,ridge
ds-remote-coop,97,Saudi Motorsport Company (SMC),COOP Trainee (IT Asset Project Management),44.5,44.50486390531863,ridge
ds-remote-coop,98,Saudi Motorsport Company (SMC),COOP Trainee (Supply Chain Excellence Associate),44.5,44.51141842100706,ridge
ds-remote-coop,99,Mobily,Cooperative Training Program,40.0,40.01474571088799,ridge
ds-remote-coop,100,Saudi Awwal Bank (SAB),Student Opportunities: Cooperative / Practical Training,40.0,40.023348642052625,ridge
ds-remote-coop,101,Alvarez & Marsal,COOP Training Program,40.0,40.01687255355729,ridge
ds-remote-coop,102,Visa,COOP Trainee (Jan 2026),40.0,40.02160022123793,ridge
ds-remote-coop,103,Zain KSA,Evolve Program (Fresh Graduates),30.0,30.020260243690515,ridge
ds-remote-coop,104,Zain KSA,Zain Pioneers Program,34.5,34.52246020925719,ridge
ds-remote-coop,105,Savvy Games Group,Cooperative Training Program (Co-op),40.0,40.01805658331479,ridge
ds-remote-coop,106,Bank AlJazira,Tamheer Program,30.0,30.017144850992825,ridge
ds-remote-coop,107,sirar by stc,Cooperative Training Program,44.5,44.51646388812189,ridge
ds-remote-coop,108,Gathern,Co-op Program,55.0,55.01166493982295,ridge
ds-remote-coop,109,Elm Company (شركة علم),Coop Training - Computer Science (Jan/Mar/Jun/Aug 2025 Intake),44.5,44.5306305571098,ridge
ds-remote-coop,110,Elm Company (شركة علم),Co-Op Training - Information Technology (Jun & Aug 2025 Intake),44.5,44.52674515709062,ridge
ds-remote-coop,111,EJADA,COOP Administration & Support Engineer,40.0,40.022670365099785,ridge
ds-remote-coop,112,Emdad By Elm,Network Cooperative Training (Network Intern),44.5,44.521925725938,ridge
ds-remote-coop,113,AILA,Co-op Training Programme,49.5,49.51170587071236,ridge
ds-remote-coop,114,Foodics,Foodics 360 Internship Program,34.5,34.53803057377898,ridge
ds-remote-coop,115,Salla,برنامج التدريب التعاوني (Coop Training) – Salla,44.5,44.49849942133747,ridge
ds-remote-coop,116,Lucidya,Technical Internship or Coop – Lucidya,44.5,44.51195473869259,ridge
ds-remote-coop,117,Diriyah Company,Diriyah Co-op Training Program,40.0,40.019934855914215,ridge
ds-remote-coop,118,Riyadh Air,Co-op – Riyadh Air,40.0,40.01996887675604,ridge
ds-remote-coop,119,Jahez Group,Jahez Internship Program (as described in Sustainability Report),30.0,30.030410854060463,ridge
ds-remote-coop,120,Lumi | لومي,COOP Intern 2025 – Lumi,40.0,40.02196131083035,ridge
ds-remote-coop,121,webook.com,COOP Trainee Opportunities – webook.com,40.0,40.02034854832098,ridge
ds-remote-coop,122,moneymoon,Tech & AI Co-op Program 2025,51.17,51.205004658201766,ridge
ds-remote-coop,123,EjadTech - إيجاد التقنية,"Summer Internship Program 2025 (Computer, Data, and AI Majors)",53.17,53.175788558705015,ridge
ds-remote-coop,124,InnovationTeam,Java Microservices Internship Programme (Saudi Nationals),36.0,36.01700721615866,ridge
ds-remote-coop,125,Tamkeen Technologies,On the Job Training (Internship Program) — Technology field,34.5,34.54137284194658,ridge
ds-remote-coop,126,Trendyol Group,Trendyol Tech Talent - Bootcamp & COOP Internship Program (Saudi Students Only),46.0,46.01231967171853,ridge
ds-remote-coop,127,Ninja نينجا,COOP Training Program,46.0,45.991825607040624,ridge
ds-remote-coop,128,SCAI | سكاي,CO-OP Training Opportunities (Intern),51.17,51.19478944587958,ridge
ds-remote-coop,129,WalaPlus,Coop & Tamheer Opportunities,44.5,44.51383574314975,ridge
ds-remote-coop,130,Aon,IT Co-op Trainee 2026,44.5,44.50794965293986,ridge
ds-remote-coop,131,Hewlett Packard Enterprise (HPE),College Intern (Coop),44.5,44.51171464674441,ridge
ds-remote-coop,132,Signify,KSA Coop Internship Program,44.5,44.50870707360703,ridge
ds-remote-coop,133,Help AG (e& enterprise),Cybersecurity Intern,30.0,30.012359985990106,ridge
ds-remote-coop,134,TrendAI (Trend Micro),CyberGATE Internship Program,34.5,34.52487247527958,ridge
ds-remote-coop,135,Golf Saudi,IT Co-op Trainee,44.5,44.51089391374858,ridge
ds-remote-coop,136,Siemens Healthineers,Healthineers Early Talent Program – IT (Riyadh),34.5,34.51552906617704,ridge
ds-remote-coop,137,1957 Ventures,Internship / Co-Op Program,44.5,44.51644270601501,ridge
ds-remote-coop,138,Nokia,Graduate Trainee (Saudi Arabia) – Fledgers Program,41.17,41.19141221007726,ridge
ds-remote-coop,139,Ericsson,Summer Interns (Ericsson Saudi),34.5,34.505922984446656,ridge
ds-remote-coop,140,Bosch Middle East,Software Development Intern (AI/Cloud),51.67,51.69053593328602,ridge
ds-remote-coop,141,Saudi Payments | المدفوعات السعودية,COOP Training – August 2024,44.5,44.51464536805512,ridge
ds-remote-coop,142,Saudi Tadawul Group | تداول,Cooperative Training Program (COOP),44.5,44.520515034769616,ridge
ds-remote-coop,143,Lean Technologies,Software Engineering Intern – KSA,41.17,41.18453711880809,ridge
ds-remote-coop,144,Mirai (Scopely) | مِراي,AI Engineering Intern (GenAI),41.17,41.2059189408507,ridge
ds-remote-coop,145,HungerStation | هنقرستيشن,"Co-OP Trainee, Data Analysis – Info Sec",51.17,51.2028337886092,ridge
ds-remote-coop,146,NCGR | المركز الوطني لنظم الموارد الحكومية,Coop Training Program,44.5,44.51932164548735,ridge
ds-remote-coop,147,nybl,nybl Graduate Programme – Saudi Nationals (AI Bootcamp),30.0,30.008766336908515,ridge
ds-remote-coop,148,Procter & Gamble (P&G),P&G LEADgen Internship Program 2026 (Riyadh),34.5,34.51525153077432,ridge
ds-remote-coop,149,New Murabba | المربع الجديد,New Murabba Co-op Training Program,44.5,44.52602784827013,ridge
ds-remote-coop,150,Boeing Saudi Arabia Limited,Intern - Info Technology & Data Analytics (Riyadh),34.5,34.5327945698027,ridge
ds-remote-coop,151,Motorola Solutions,Deployment Engineer Intern (KSA National - Tamheer Program),34.5,34.52734656785483,ridge
ds-remote-coop,152,Schneider Electric,Co-op Intern (Engineering) - Al Khobar (Jan–Aug 2026),44.5,44.51441512507084,ridge
ds-remote-coop,153,Lockheed Martin,Tamheer Space Internship (Riyadh),34.5,34.51786844974376,ridge
ds-remote-coop,154,Markaba | مركبة,Start-up Software Intern – TAMHEER (Saudi nationals only),36.0,36.00536433269044,ridge
ds-remote-coop,155,Laverne Group | مجموعة لافيرن,Data Analyst / Data Engineer Intern (IT Department),34.5,34.54946773936326,ridge
ds-remote-coop,156,Meel | ميل,"Software Developer Internship (Remote, min 2 months)",39.5,39.50091039100727,ridge
ds-remote-coop,157,Nahdi Medical Co.,IT Internship / COOP Program (6 months),44.5,44.52170633679823,ridge
ds-remote-coop,158,SMART Technology Solutions | سمارت لحلول التقنية,R&D Intern (Riyadh),34.5,34.53058984927314,ridge
ds-remote-coop,159,Knodemy Inc.,AI Developer & Tech Trainer Intern - Riyadh,41.17,41.211640967695594,ridge
ds-remote-coop,160,Water Transmission Company | شركة نقل المياه,Tamheer Internship Program (HRIS / Engineering & PM - Riyadh),34.5,34.53254175339087,ridge
ds-remote-coop,161,AFNOYS,"AI Automation Intern - KSA (Remote, 4 weeks)",39.5,39.50267736395988,ridge
ds-remote-coop,162,SAS,CareerStart@SAS 2026 - Presales Customer Intelligence Intern (Riyadh),38.0,38.016986806649705,ridge
ds-remote-coop,163,Devoteam,Trainee - Future Leaders Program (Co-op/Fresh Graduate),46.0,46.01573173402241,ridge
ds-remote-coop,164,ضالتي Dhallaty,Tech Intern: Fresh Grad or Student,38.0,38.01167059381183,ridge
ds-remote-coop,165,Innovative Solutions SA,Presales - Tamheer,31.5,31.49395232269438,ridge
ds-remote-coop,166,HUMAIN,Tamheer Program (Software Engineer / Cybersecurity / MIS),36.0,35.99022314459236,ridge
ds-remote-coop,167,TAM | تام,"Tamheer Opportunity, Advisory",31.5,31.42225432189581,ridge
ds-remote-coop,168,هيئة التأمين | Insurance Authority,Tamheer Opportunity - Specialist of Information Security,31.5,31.488680497020916,ridge
ds-remote-coop,169,Snbla | سنبله,Paid Internship Program (FinTech),38.0,38.01645917041695,ridge
ds-remote-coop,170,2P Perfect Presentation,Data Analyst (Tamheer),36.0,35.98217250447712,ridge
ds-remote-coop,171,Infosys,Summer Intern (Infosys InStep ’26 – Bangalore),28.0,28.009889035717517,ridge
ds-remote-coop,172,شركة الخدمات المدارة | Managed Services Company,Intern Cybersecurity Engineer,36.0,36.007827695829405,ridge
ds-remote-coop,173,Abunayyan Holding,Data Analyst (Tamheer),36.0,35.98436970958238,ridge
ds-gpa-ielts,1,Saudi Aramco,University Internship Program (UIP),33.33,33.34717436416696,ridge
ds-gpa-ielts,2,SABIC,COOP Training Program,36.33,36.336902117781,ridge
ds-gpa-ielts,3,stc (Saudi Telecom Company),Cooperative Training Program (COOP),40.0,40.00503164468013,ridge
ds-gpa-ielts,4,Saudi National Bank (SNB),SNB Cooperative Training Program,38.33,38.338052898651725,ridge
ds-gpa-ielts,5,Al Rajhi Bank,Cooperative Training Program,35.0,35.00630791990076,ridge
ds-gpa-ielts,6,Capital Market Authority (CMA),COOP Program,40.0,39.99952838678758,ridge
ds-gpa-ielts,7,Digital Government Authority (DGA),Maidan Cooperative Training Program,40.0,39.99712281221439,ridge
ds-gpa-ielts,8,KPMG Saudi Arabia,COOP & Internship Programs,35.0,34.995317926782015,ridge
ds-gpa-ielts,9,PwC Middle East,"Deals, COOP and Summer Internship Programme (2026)",44.5,44.49618543759534,ridge
ds-gpa-ielts,10,Deloitte Middle East (KSA),Jusoor Al Sharqiyah Internship Program,44.5,44.51245295602711,ridge
ds-gpa-ielts,11,Bank Albilad,Cooperative & Summer Training Program,39.5,39.50472901184352,ridge
ds-gpa-ielts,12,Tamara,Tamara Builders Program,44.5,44.50630056805973,ridge
ds-gpa-ielts,13,Bupa Arabia,Cooperative Training Program,40.0,39.98595881698138,ridge
ds-gpa-ielts,14,Saudi Exports (Saudi Export Development Authority),COOP & Summer Training (FAQ-confirmed),35.0,34.98774456770788,ridge
ds-gpa-ielts,15,Local Content and Government Procurement Authority (LCGPA),COOP Training (role posting),40.0,39.97785555289855,ridge
ds-gpa-ielts,16,McKinsey & Company (Maqdira),Maqdira Fellowship Program,44.5,44.500988542600496,ridge
ds-gpa-ielts,17,Boston Consulting Group (BCG),Visiting Associate Internship (Riyadh),40.0,39.9902984940587,ridge
ds-gpa-ielts,18,Bain & Company,COOP Training Program (Riyadh),40.0,39.98517015327114,ridge
ds-gpa-ielts,19,Amazon Web Services (AWS),IT/Computer Hardware Internship (Intern-to-FTE Pathway),54.5,54.49105837222613,ridge
ds-gpa-ielts,20,Amazon Web Services (AWS) - Associate Solutions Architect Intern,Associate Solutions Architect Intern (2026),54.5,54.489360273222715,ridge
ds-gpa-ielts,21,Google (Saudi Arabia),Google Careers (Saudi location filter),43.0,43.00115863951726,ridge
ds-gpa-ielts,22,BlackRock,Client & Product Summer Internship Programme (EMEA) - includes Riyadh,62.33,62.32201088699273,ridge
ds-gpa-ielts,23,noon,Student Internship,50.0,49.977074063770104,ridge
ds-gpa-ielts,24,MOZN,Data Science Intern,65.67,65.65879161316273,ridge
ds-gpa-ielts,25,Elm,Elm Co-op Training Program (March 2026 Intake),40.0,39.98336270257543,ridge
ds-gpa-ielts,26,Yasref,Yasref Cooperative Training Program,37.5,37.511732678753106,ridge
ds-gpa-ielts,27,"Saudi Standards, Metrology and Quality Organization (SASO)",Cooperative Training (Collaborative Training),44.5,44.4886336195367,ridge
ds-gpa-ielts,28,"Zakat, Tax and Customs Authority (ZATCA)",Binaa-Alkafaat Program,35.0,34.98996873940047,ridge
ds-gpa-ielts,29,Human Resources Development Fund (HRDF) – Cooperative Training Product,Cooperative Training (HRDF product),10.5,10.458642901417008,ridge
ds-gpa-ielts,30,EXPRO,COOP Training (Future Makers Program),40.0,39.97988975385201,ridge
ds-gpa-ielts,31,Ministry of Industry and Mineral Resources (MIM) – Cooperative Training Initiative,Cooperative Training Initiative,10.5,10.473583988269269,ridge
ds-gpa-ielts,32,TBC (The Beauty Company),Cooperative Training Program,35.0,34.98798336154367,ridge
ds-gpa-ielts,33,National Center for Vegetation Cover Development & Combating Desertification (NCVC),COOP Training Program,40.0,39.98170853755049,ridge
ds-gpa-ielts,34,Saudi Power Procurement Company (SPPC),Future Power – COOP Training Program,40.0,39.9791386799007,ridge
ds-gpa-ielts,35,TBC (Tatweer Building Company),Cooperative Training Program,40.0,39.99735247115037,ridge
ds-gpa-ielts,36,PwC Middle East (Assurance COOP & Summer Internship Programme 2026),"Assurance, COOP and Summer Internship Programme 2026 – Middle East",44.5,44.494195236271985,ridge
ds-gpa-ielts,37,KAPSARC,Intern (Coop- Trainee),52.33,52.31560842437953,ridge
ds-gpa-ielts,38,BSF (Banque Saudi Fransi),COOP / Internship,33.33,33.33322591944868,ridge
ds-gpa-ielts,39,Saudi Food & Drug Authority (SFDA),COOP training (First semester 2025-2026 intake),35.0,35.01417351281593,ridge
ds-gpa-ielts,40,Saudi Power Procurement Company (SPPC) – Future Power (Business Admin COOP),Future Power – Business Administration COOP Training Program,43.33,43.313562571885974,ridge
ds-gpa-ielts,41,Bank Albilad,Cooperative and Summer Training Program,43.33,43.324523857571414,ridge
ds-gpa-ielts,42,The Saudi National Bank (SNB),SNB Rowad Program,40.0,39.987173685411605,ridge
ds-gpa-ielts,43,National Cybersecurity Authority (NCA) – Academy,Cybersecurity training programs (academy),45.0,44.99825540653448,ridge
ds-gpa-ielts,44,PIF | Graduate Development Program,Graduate Development Program (GDP),55.67,55.65085610905043,ridge
ds-gpa-ielts,45,NEOM | GrOW (Graduates Opportunities in Work),GrOW (Graduates Opportunities in Work),39.33,39.33983654349095,ridge
ds-gpa-ielts,46,ROSHN | COOP Trainee Program,COOP Trainee Program,43.33,43.3165033015551,ridge
ds-gpa-ielts,47,Microsoft | Ru'aa Program (Riyadh),Ru'aa Program Internship (Solution Engineering),54.5,54.50409763120892,ridge
ds-gpa-ielts,48,Oracle | Business Development Intern (KSA market),Business Development Intern (KSA market),41.5,41.4937185633206,ridge
ds-gpa-ielts,49,SAP | Student Internship (Riyadh),Student Internship - Riyadh,50.0,49.99148544803812,ridge
ds-gpa-ielts,50,SAB (Saudi Awwal Bank) | Cooperative Training Programme (COOP),SAB Cooperative Training Programme (COOP),40.0,39.98667891224437,ridge
ds-gpa-ielts,51,Ministry of Finance (Saudi Arabia) | Cooperative Training Program,Cooperative Training Program,39.83,39.8428076433871,ridge
ds-gpa-ielts,52,Ministry of Industry and Mineral Resources | Cooperative Training,Cooperative Training Initiative,31.5,31.487926392063578,ridge
ds-gpa-ielts,53,King Fahd Causeway Authority | Internship Program,Internship Program,49.33,49.33863564599953,ridge
ds-gpa-ielts,54,Tawuniya | Tamheer Program (Fresh Graduates),Tamheer Program,50.83,50.824127933574886,ridge
ds-gpa-ielts,55,SAMA | SAMA Professional Program (SPP),SAMA Professional Program (SPP),36.5,36.49204032754001,ridge
ds-gpa-ielts,56,HRDF | Cooperative Training Product,Cooperative Training Product,31.5,31.496342548618824,ridge
ds-gpa-ielts,57,IBM,"Automation, Data & AI – Intern",51.0,51.011441512922126,ridge
ds-gpa-ielts,58,Unifonic,Internship (Unifonic),54.5,54.50267797866103,ridge
ds-gpa-ielts,59,Misk Foundation,Misk Traineeship / Internship Program,46.33,46.327503034775084,ridge
ds-gpa-ielts,60,Cisco,Cisco NetVersity (Saudi Arabia),45.83,45.843934795561886,ridge
ds-gpa-ielts,61,KAUST,Visiting Student Research Program (VSRP) Internship,43.33,43.335992015542814,ridge
ds-gpa-ielts,62,General Authority for Statistics (GASTAT),Cooperative Training Program,52.33,52.34575905187164,ridge
ds-gpa-ielts,63,Saudi Center for Opinion Polling (SCOP),Cooperative Training Program,52.33,52.34665013105258,ridge
ds-gpa-ielts,64,Al Rajhi Takaful,Cooperative Training Program,43.33,43.32987533663466,ridge
ds-gpa-ielts,65,Expenditure & Projects Efficiency Authority (EXPRO),Future Makers (صنّاع المستقبل) – Cooperative Training,40.0,40.00704469355199,ridge
ds-gpa-ielts,66,Ministry of Finance (Saudi Arabia),Cooperative Training Program (Ministry of Finance),43.33,43.33888759400074,ridge
ds-gpa-ielts,67,General Entertainment Authority (GEA),GEA Cooperative Training Program,40.0,40.00503308863757,ridge
ds-gpa-ielts,68,Banque Saudi Fransi (BSF),COOP Training,43.33,43.32137946047518,ridge
ds-gpa-ielts,69,Arab National Bank (ANB),COOP Trainee,40.0,39.99152320337257,ridge
ds-gpa-ielts,70,Tamara,Builders Program,40.0,40.00126130664786,ridge
ds-gpa-ielts,71,OmniOps,Co‑op Training Program,49.0,48.99567922971521,ridge
ds-gpa-ielts,72,Tatweer Educational Technologies (TETCO),Cooperative Training Program,47.83,47.82912773760624,ridge
ds-gpa-ielts,73,The Saudi Investment Bank (SAIB),Cooperative Program,40.0,39.998653439218096,ridge
ds-gpa-ielts,74,Saudi Awwal Bank (SAB),COOP Program,40.0,39.997429550480724,ridge
ds-gpa-ielts,75,Riyad Bank,Internships and Coop Trainings (CSR 2019),40.0,39.99388412113376,ridge
ds-gpa-ielts,76,Tabby,Intern DevOps Engineer,49.5,49.52182297848733,ridge
ds-gpa-ielts,77,Tabby,Intern Backend (GO) Engineer,52.83,52.85743713340651,ridge
ds-gpa-ielts,78,Tabby,Intern Frontend Engineer,54.5,54.50341247257409,ridge
ds-gpa-ielts,79,Tabby,Intern Data Engineer,65.67,65.68573809722929,ridge
ds-gpa-ielts,80,Tabby,No-Code / AI Agents Engineering Intern,54.5,54.505986375115995,ridge
ds-gpa-ielts,81,Bank Albilad,Cooperative Training Program,38.33,38.34373676141084,ridge
ds-gpa-ielts,82,Saudi Ground Services (SGS),COOP Program,33.33,33.34136827892035,ridge
ds-gpa-ielts,83,CEER,Cooperative Training Program (COOP),43.33,43.32473634029438,ridge
ds-gpa-ielts,84,Al Rajhi Takaful,Coop Training Program,43.33,43.33228538867574,ridge
ds-gpa-ielts,85,TAWAL,COOP Training Program,47.83,47.82880591997665,ridge
ds-gpa-ielts,86,Wakeb_Data,COOP Training,47.83,47.8331671071728,ridge
ds-gpa-ielts,87,Banque Saudi Fransi (BSF),Coop Training Program,43.33,43.321835006135586,ridge
ds-gpa-ielts,88,Tech Economy,COOP Training Program,40.0,39.998052204585875,ridge
ds-gpa-ielts,89,SAMI Advanced Electronics (SAMI-AEC),Coop Trainee,43.33,43.32569835838541,ridge
ds-gpa-ielts,90,NHC,COOP Trainee,38.33,38.333698867226445,ridge
ds-gpa-ielts,91,REMAT ADVANCED,Cooperative Training Program,47.83,47.82617041448492,ridge
ds-gpa-ielts,92,SDM,AI COOP,47.83,47.852431446753606,ridge
ds-gpa-ielts,93,HUED,HUED COOP Program 2026,47.83,47.825304806380885,ridge
ds-gpa-ielts,94,Araamis • أرامس,Araamis COOP Program 2026,52.33,52.32746413396508,ridge
ds-gpa-ielts,95,ARDARA,COOP Training for Students,43.33,43.327282204805016,ridge
ds-gpa-ielts,96,flynas,COOP Trainee / Internship Program,44.5,44.497736972682134,ridge
ds-gpa-ielts,97,Saudi Motorsport Company (SMC),COOP Trainee (IT Asset Project Management),34.5,34.51038255859339,ridge
ds-gpa-ielts,98,Saudi Motorsport Company (SMC),COOP Trainee (Supply Chain Excellence Associate),39.0,39.01555300651452,ridge
ds-gpa-ielts,99,Mobily,Cooperative Training Program,40.0,39.99385990317151,ridge
ds-gpa-ielts,100,Saudi Awwal Bank (SAB),Student Opportunities: Cooperative / Practical Training,40.0,40.00029855453272,ridge
ds-gpa-ielts,101,Alvarez & Marsal,COOP Training Program,43.33,43.32565994407422,ridge
ds-gpa-ielts,102,Visa,COOP Trainee (Jan 2026),40.0,39.996117267346975,ridge
ds-gpa-ielts,103,Zain KSA,Evolve Program (Fresh Graduates),40.0,39.99337156502763,ridge
ds-gpa-ielts,104,Zain KSA,Zain Pioneers Program,44.5,44.49559703616601,ridge
ds-gpa-ielts,105,Savvy Games Group,Cooperative Training Program (Co-op),40.0,39.99425093663952,ridge
ds-gpa-ielts,106,Bank AlJazira,Tamheer Program,40.0,39.99135379464771,ridge
ds-gpa-ielts,107,sirar by stc,Cooperative Training Program,44.5,44.49130765333376,ridge
ds-gpa-ielts,108,Gathern,Co-op Program,49.0,48.98880076868138,ridge
ds-gpa-ielts,109,Elm Company (شركة علم),Coop Training - Computer Science (Jan/Mar/Jun/Aug 2025 Intake),47.83,47.83558349527464,ridge
ds-gpa-ielts,110,Elm Company (شركة علم),Co-Op Training - Information Technology (Jun & Aug 2025 Intake),47.83,47.831657374414746,ridge
ds-gpa-ielts,111,EJADA,COOP Administration & Support Engineer,40.0,39.997268126396506,ridge
ds-gpa-ielts,112,Emdad By Elm,Network Cooperative Training (Network Intern),34.5,34.526147973839755,ridge
ds-gpa-ielts,113,AILA,Co-op Training Programme,39.5,39.52628297591777,ridge
ds-gpa-ielts,114,Foodics,Foodics 360 Internship Program,54.5,54.50677977601054,ridge
ds-gpa-ielts,115,Salla,برنامج التدريب التعاوني (Coop Training) – Salla,34.5,34.506674647849096,ridge
ds-gpa-ielts,116,Lucidya,Technical Internship or Coop – Lucidya,34.5,34.51718088167884,ridge
ds-gpa-ielts,117,Diriyah Company,Diriyah Co-op Training Program,43.33,43.3280941495661,ridge
ds-gpa-ielts,118,Riyadh Air,Co-op – Riyadh Air,43.33,43.32691742262436,ridge
ds-gpa-ielts,119,Jahez Group,Jahez Internship Program (as described in Sustainability Report),50.0,49.99989967074356,ridge
ds-gpa-ielts,120,Lumi | لومي,COOP Intern 2025 – Lumi,43.33,43.3295205646514,ridge
ds-gpa-ielts,121,webook.com,COOP Trainee Opportunities – webook.com,40.0,39.99622052895897,ridge
ds-gpa-ielts,122,moneymoon,Tech & AI Co-op Program 2025,47.83,47.84708540372557,ridge
ds-gpa-ielts,123,EjadTech - إيجاد التقنية,"Summer Internship Program 2025 (Computer, Data, and AI Majors)",58.83,58.83484056193525,ridge
ds-gpa-ielts,124,InnovationTeam,Java Microservices Internship Programme (Saudi Nationals),54.33,54.33344498346996,ridge
ds-gpa-ielts,125,Tamkeen Technologies,On the Job Training (Internship Program) — Technology field,54.5,54.509505054264636,ridge
ds-gpa-ielts,126,Trendyol Group,Trendyol Tech Talent - Bootcamp & COOP Internship Program (Saudi Students Only),41.0,41.005169420544924,ridge
ds-gpa-ielts,127,Ninja نينجا,COOP Training Program,41.0,40.98665109190618,ridge
ds-gpa-ielts,128,SCAI | سكاي,CO-OP Training Opportunities (Intern),51.17,51.16897916885383,ridge
ds-gpa-ielts,129,WalaPlus,Coop & Tamheer Opportunities,44.5,44.48876407417445,ridge
ds-gpa-ielts,130,Aon,IT Co-op Trainee 2026,44.5,44.48208776454854,ridge
ds-gpa-ielts,131,Hewlett Packard Enterprise (HPE),College Intern (Coop),44.5,44.48646505305568,ridge
ds-gpa-ielts,132,Signify,KSA Coop Internship Program,44.5,44.484020534685804,ridge
ds-gpa-ielts,133,Help AG (e& enterprise),Cybersecurity Intern,50.0,49.980447657205495,ridge
ds-gpa-ielts,134,TrendAI (Trend Micro),CyberGATE Internship Program,54.5,54.492488531172086,ridge
ds-gpa-ielts,135,Golf Saudi,IT Co-op Trainee,44.5,44.484703249188236,ridge
ds-gpa-ielts,136,Siemens Healthineers,Healthineers Early Talent Program – IT (Riyadh),54.5,54.4837034587179,ridge
ds-gpa-ielts,137,1957 Ventures,Internship / Co-Op Program,47.83,47.82165453597672,ridge
ds-gpa-ielts,138,Nokia,Graduate Trainee (Saudi Arabia) – Fledgers Program,52.33,52.32874153630587,ridge
ds-gpa-ielts,139,Ericsson,Summer Interns (Ericsson Saudi),54.5,54.47415696834185,ridge
ds-gpa-ielts,140,Bosch Middle East,Software Development Intern (AI/Cloud),62.33,62.329352963130546,ridge
ds-gpa-ielts,141,Saudi Payments | المدفوعات السعودية,COOP Training – August 2024,52.33,52.31879383754578,ridge
ds-gpa-ielts,142,Saudi Tadawul Group | تداول,Cooperative Training Program (COOP),47.83,47.82667765655198,ridge
ds-gpa-ielts,143,Lean Technologies,Software Engineering Intern – KSA,61.17,61.15217856929156,ridge
ds-gpa-ielts,144,Mirai (Scopely) | مِراي,AI Engineering Intern (GenAI),57.83,57.84240864222383,ridge
ds-gpa-ielts,145,HungerStation | هنقرستيشن,"Co-OP Trainee, Data Analysis – Info Sec",55.67,55.6737825975726,ridge
ds-gpa-ielts,146,NCGR | المركز الوطني لنظم الموارد الحكومية,Coop Training Program,47.83,47.82463408260943,ridge
ds-gpa-ielts,147,nybl,nybl Graduate Programme – Saudi Nationals (AI Bootcamp),40.0,39.97925203049757,ridge
ds-gpa-ielts,148,Procter & Gamble (P&G),P&G LEADgen Internship Program 2026 (Riyadh),54.5,54.48500876778772,ridge
ds-gpa-ielts,149,New Murabba | المربع الجديد,New Murabba Co-op Training Program,47.83,47.83093072266044,ridge
ds-gpa-ielts,150,Boeing Saudi Arabia Limited,Intern - Info Technology & Data Analytics (Riyadh),59.0,58.99890323287863,ridge
ds-gpa-ielts,151,Motorola Solutions,Deployment Engineer Intern (KSA National - Tamheer Program),44.5,44.49953066069953,ridge
ds-gpa-ielts,152,Schneider Electric,Co-op Intern (Engineering) - Al Khobar (Jan–Aug 2026),34.5,34.520401734114365,ridge
ds-gpa-ielts,153,Lockheed Martin,Tamheer Space Internship (Riyadh),44.5,44.49301740142658,ridge
ds-gpa-ielts,154,Markaba | مركبة,Start-up Software Intern – TAMHEER (Saudi nationals only),41.0,40.99832514438528,ridge
ds-gpa-ielts,155,Laverne Group | مجموعة لافيرن,Data Analyst / Data Engineer Intern (IT Department),68.33,68.34309591380988,ridge
ds-gpa-ielts,156,Meel | ميل,"Software Developer Internship (Remote, min 2 months)",44.5,44.52525944636791,ridge
ds-gpa-ielts,157,Nahdi Medical Co.,IT Internship / COOP Program (6 months),39.5,39.51252497816122,ridge
ds-gpa-ielts,158,SMART Technology Solutions | سمارت لحلول التقنية,R&D Intern (Riyadh),54.5,54.50094038361583,ridge
ds-gpa-ielts,159,Knodemy Inc.,AI Developer & Tech Trainer Intern - Riyadh,57.83,57.84891406181612,ridge
ds-gpa-ielts,160,Water Transmission Company | شركة نقل المياه,Tamheer Internship Program (HRIS / Engineering & PM - Riyadh),44.5,44.50350614053073,ridge
ds-gpa-ielts,161,AFNOYS,"AI Automation Intern - KSA (Remote, 4 weeks)",44.5,44.52601089019815,ridge
ds-gpa-ielts,162,SAS,CareerStart@SAS 2026 - Presales Customer Intelligence Intern (Riyadh),57.5,57.50251077422809,ridge
ds-gpa-ielts,163,Devoteam,Trainee - Future Leaders Program (Co-op/Fresh Graduate),44.33,44.34137457638364,ridge
ds-gpa-ielts,164,ضالتي Dhallaty,Tech Intern: Fresh Grad or Student,53.0,53.000347129322975,ridge
ds-gpa-ielts,165,Innovative Solutions SA,Presales - Tamheer,36.5,36.48663543856533,ridge
ds-gpa-ielts,166,HUMAIN,Tamheer Program (Software Engineer / Cybersecurity / MIS),41.0,40.98304642346074,ridge
ds-gpa-ielts,167,TAM | تام,"Tamheer Opportunity, Advisory",36.5,36.418173761424775,ridge
ds-gpa-ielts,168,هيئة التأمين | Insurance Authority,Tamheer Opportunity - Specialist of Information Security,36.5,36.480635492049046,ridge
ds-gpa-ielts,169,Snbla | سنبله,Paid Internship Program (FinTech),53.0,53.004779985498224,ridge
ds-gpa-ielts,170,2P Perfect Presentation,Data Analyst (Tamheer),51.5,51.47043584914935,ridge
ds-gpa-ielts,171,Infosys,Summer Intern (Infosys InStep ’26 – Bangalore),43.0,42.99436745944911,ridge
ds-gpa-ielts,172,شركة الخدمات المدارة | Managed Services Company,Intern Cybersecurity Engineer,51.0,50.998531481486516,ridge
ds-gpa-ielts,173,Abunayyan Holding,Data Analyst (Tamheer),51.5,51.47344336762119,ridge
de-cloud-dammam,1,Saudi Aramco,University Internship Program (UIP),40.5,40.50814198984311,ridge
de-cloud-dammam,2,SABIC,COOP Training Program,36.5,36.52393564593528,ridge
de-cloud-dammam,3,stc (Saudi Telecom Company),Cooperative Training Program (COOP),33.5,33.552085421821126,ridge
de-cloud-dammam,4,Saudi National Bank (SNB),SNB Cooperative Training Program,38.5,38.52208053974962,ridge
de-cloud-dammam,5,Al Rajhi Bank,Cooperative Training Program,38.5,38.522391085479626,ridge
de-cloud-dammam,6,Capital Market Authority (CMA),COOP Program,33.5,33.54816831699121,ridge
de-cloud-dammam,7,Digital Government Authority (DGA),Maidan Cooperative Training Program,33.5,33.54662850697879,ridge
de-cloud-dammam,8,KPMG Saudi Arabia,COOP & Internship Programs,38.5,38.51300205581281,ridge
de-cloud-dammam,9,PwC Middle East,"Deals, COOP and Summer Internship Programme (2026)",38.0,38.042344968166844,ridge
de-cloud-dammam,10,Deloitte Middle East (KSA),Jusoor Al Sharqiyah Internship Program,49.5,49.50786308867406,ridge
de-cloud-dammam,11,Bank Albilad,Cooperative & Summer Training Program,47.5,47.51905597918006,ridge
de-cloud-dammam,12,Tamara,Tamara Builders Program,42.5,42.55249767282196,ridge
de-cloud-dammam,13,Bupa Arabia,Cooperative Training Program,33.5,33.535939065341815,ridge
de-cloud-dammam,14,Saudi Exports (Saudi Export Development Authority),COOP & Summer Training (FAQ-confirmed),38.5,38.50424566797915,ridge
de-cloud-dammam,15,Local Content and Government Procurement Authority (LCGPA),COOP Training (role posting),33.5,33.5272687215402,ridge
de-cloud-dammam,16,McKinsey & Company (Maqdira),Maqdira Fellowship Program,38.0,38.048662544219546,ridge
de-cloud-dammam,17,Boston Consulting Group (BCG),Visiting Associate Internship (Riyadh),33.5,33.53813391435164,ridge
de-cloud-dammam,18,Bain & Company,COOP Training Program (Riyadh),33.5,33.534605971285536,ridge
de-cloud-dammam,19,Amazon Web Services (AWS),IT/Computer Hardware Internship (Intern-to-FTE Pathway),42.5,42.53754507989497,ridge
de-cloud-dammam,20,Amazon Web Services (AWS) - Associate Solutions Architect Intern,Associate Solutions Architect Intern (2026),49.17,49.19589019792737,ridge
de-cloud-dammam,21,Google (Saudi Arabia),Google Careers (Saudi location filter),39.0,39.036512266390126,ridge
de-cloud-dammam,22,BlackRock,Client & Product Summer Internship Programme (EMEA) - includes Riyadh,44.67,44.70554208051525,ridge
de-cloud-dammam,23,noon,Student Internship,33.5,33.531313065478834,ridge
de-cloud-dammam,24,MOZN,Data Science Intern,51.33,51.37355131427297,ridge
de-cloud-dammam,25,Elm,Elm Co-op Training Program (March 2026 Intake),33.5,33.53312502744449,ridge
de-cloud-dammam,26,Yasref,Yasref Cooperative Training Program,45.5,45.525210684335875,ridge
de-cloud-dammam,27,"Saudi Standards, Metrology and Quality Organization (SASO)",Cooperative Training (Collaborative Training),42.5,42.534929837542094,ridge
de-cloud-dammam,28,"Zakat, Tax and Customs Authority (ZATCA)",Binaa-Alkafaat Program,33.5,33.50837814132086,ridge
de-cloud-dammam,29,Human Resources Development Fund (HRDF) – Cooperative Training Product,Cooperative Training (HRDF product),15.5,15.470138999679222,ridge
de-cloud-dammam,30,EXPRO,COOP Training (Future Makers Program),33.5,33.52918858149434,ridge
de-cloud-dammam,31,Ministry of Industry and Mineral Resources (MIM) – Cooperative Training Initiative,Cooperative Training Initiative,15.5,15.483812815936155,ridge
de-cloud-dammam,32,TBC (The Beauty Company),Cooperative Training Program,38.5,38.5080176946242,ridge
de-cloud-dammam,33,National Center for Vegetation Cover Development & Combating Desertification (NCVC),COOP Training Program,33.5,33.529468801513374,ridge
de-cloud-dammam,34,Saudi Power Procurement Company (SPPC),Future Power – COOP Training Program,33.5,33.52583999589816,ridge
de-cloud-dammam,35,TBC (Tatweer Building Company),Cooperative Training Program,33.5,33.5445467143369,ridge
de-cloud-dammam,36,PwC Middle East (Assurance COOP & Summer Internship Programme 2026),"Assurance, COOP and Summer Internship Programme 2026 – Middle East",38.0,38.037828768618645,ridge
de-cloud-dammam,37,KAPSARC,Intern (Coop- Trainee),42.5,42.53123703554465,ridge
de-cloud-dammam,38,BSF (Banque Saudi Fransi),COOP / Internship,33.5,33.51771048598815,ridge
de-cloud-dammam,39,Saudi Food & Drug Authority (SFDA),COOP training (First semester 2025-2026 intake),38.5,38.52735025926273,ridge
de-cloud-dammam,40,Saudi Power Procurement Company (SPPC) – Future Power (Business Admin COOP),Future Power – Business Administration COOP Training Program,33.5,33.526877445849216,ridge
de-cloud-dammam,41,Bank Albilad,Cooperative and Summer Training Program,33.5,33.54188094299465,ridge
de-cloud-dammam,42,The Saudi National Bank (SNB),SNB Rowad Program,28.5,28.536941910370825,ridge
de-cloud-dammam,43,National Cybersecurity Authority (NCA) – Academy,Cybersecurity training programs (academy),38.5,38.54419773409384,ridge
de-cloud-dammam,44,PIF | Graduate Development Program,Graduate Development Program (GDP),39.67,39.69888012894134,ridge
de-cloud-dammam,45,NEOM | GrOW (Graduates Opportunities in Work),GrOW (Graduates Opportunities in Work),40.5,40.51624217781619,ridge
de-cloud-dammam,46,ROSHN | COOP Trainee Program,COOP Trainee Program,33.5,33.53199372002132,ridge
de-cloud-dammam,47,Microsoft | Ru'aa Program (Riyadh),Ru'aa Program Internship (Solution Engineering),42.5,42.548140119779134,ridge
de-cloud-dammam,48,Oracle | Business Development Intern (KSA market),Business Development Intern (KSA market),36.5,36.50346113640786,ridge
de-cloud-dammam,49,SAP | Student Internship (Riyadh),Student Internship - Riyadh,33.5,33.54200146462318,ridge
de-cloud-dammam,50,SAB (Saudi Awwal Bank) | Cooperative Training Programme (COOP),SAB Cooperative Training Programme (COOP),33.5,33.53236756722544,ridge
de-cloud-dammam,51,Ministry of Finance (Saudi Arabia) | Cooperative Training Program,Cooperative Training Program,31.5,31.553277386088222,ridge
de-cloud-dammam,52,Ministry of Industry and Mineral Resources | Cooperative Training,Cooperative Training Initiative,36.5,36.497932651481335,ridge
de-cloud-dammam,53,King Fahd Causeway Authority | Internship Program,Internship Program,45.5,45.51867666571937,ridge
de-cloud-dammam,54,Tawuniya | Tamheer Program (Fresh Graduates),Tamheer Program,40.5,40.53803238078649,ridge
de-cloud-dammam,55,SAMA | SAMA Professional Program (SPP),SAMA Professional Program (SPP),26.5,26.531306427272312,ridge
de-cloud-dammam,56,HRDF | Cooperative Training Product,Cooperative Training Product,36.5,36.505382974008754,ridge
de-cloud-dammam,57,IBM,"Automation, Data & AI – Intern",40.5,40.55107043686285,ridge
de-cloud-dammam,58,Unifonic,Internship (Unifonic),38.0,38.05418861018309,ridge
de-cloud-dammam,59,Misk Foundation,Misk Traineeship / Internship Program,31.5,31.544724795521564,ridge
de-cloud-dammam,60,Cisco,Cisco NetVersity (Saudi Arabia),41.0,41.02929923410929,ridge
de-cloud-dammam,61,KAUST,Visiting Student Research Program (VSRP) Internship,33.5,33.52363231404345,ridge
de-cloud-dammam,62,General Authority for Statistics (GASTAT),Cooperative Training Program,44.67,44.72562007337139,ridge
de-cloud-dammam,63,Saudi Center for Opinion Polling (SCOP),Cooperative Training Program,44.67,44.72466558131661,ridge
de-cloud-dammam,64,Al Rajhi Takaful,Cooperative Training Program,33.5,33.54393606434797,ridge
de-cloud-dammam,65,Expenditure & Projects Efficiency Authority (EXPRO),Future Makers (صنّاع المستقبل) – Cooperative Training,33.5,33.5527857635051,ridge
de-cloud-dammam,66,Ministry of Finance (Saudi Arabia),Cooperative Training Program (Ministry of Finance),33.5,33.55423567464226,ridge
de-cloud-dammam,67,General Entertainment Authority (GEA),GEA Cooperative Training Program,33.5,33.552797503546564,ridge
de-cloud-dammam,68,Banque Saudi Fransi (BSF),COOP Training,33.5,33.53671442682956,ridge
de-cloud-dammam,69,Arab National Bank (ANB),COOP Trainee,33.5,33.54025573004487,ridge
de-cloud-dammam,70,Tamara,Builders Program,33.5,33.55072139074634,ridge
de-cloud-dammam,71,OmniOps,Co‑op Training Program,42.5,42.54285089501637,ridge
de-cloud-dammam,72,Tatweer Educational Technologies (TETCO),Cooperative Training Program,42.5,42.54371154968162,ridge
de-cloud-dammam,73,The Saudi Investment Bank (SAIB),Cooperative Program,33.5,33.545644419697,ridge
de-cloud-dammam,74,Saudi Awwal Bank (SAB),COOP Program,33.5,33.54431075795022,ridge
de-cloud-dammam,75,Riyad Bank,Internships and Coop Trainings (CSR 2019),33.5,33.54299699054816,ridge
de-cloud-dammam,76,Tabby,Intern DevOps Engineer,47.5,47.53180231565906,ridge
de-cloud-dammam,77,Tabby,Intern Backend (GO) Engineer,54.17,54.198567528036854,ridge
de-cloud-dammam,78,Tabby,Intern Frontend Engineer,42.5,42.550844135057105,ridge
de-cloud-dammam,79,Tabby,Intern Data Engineer,61.83,61.89192453909058,ridge
de-cloud-dammam,80,Tabby,No-Code / AI Agents Engineering Intern,42.5,42.55288889485674,ridge
de-cloud-dammam,81,Bank Albilad,Cooperative Training Program,38.5,38.52891734623367,ridge
de-cloud-dammam,82,Saudi Ground Services (SGS),COOP Program,33.5,33.52610117284509,ridge
de-cloud-dammam,83,CEER,Cooperative Training Program (COOP),33.5,33.542159409519805,ridge
de-cloud-dammam,84,Al Rajhi Takaful,Coop Training Program,33.5,33.54821287413719,ridge
de-cloud-dammam,85,TAWAL,COOP Training Program,42.5,42.543324117458795,ridge
de-cloud-dammam,86,Wakeb_Data,COOP Training,42.5,42.54770962112342,ridge
de-cloud-dammam,87,Banque Saudi Fransi (BSF),Coop Training Program,33.5,33.53815538240939,ridge
de-cloud-dammam,88,Tech Economy,COOP Training Program,33.5,33.54604738693154,ridge
de-cloud-dammam,89,SAMI Advanced Electronics (SAMI-AEC),Coop Trainee,33.5,33.54084199389479,ridge
de-cloud-dammam,90,NHC,COOP Trainee,38.5,38.52013669491159,ridge
de-cloud-dammam,91,REMAT ADVANCED,Cooperative Training Program,42.5,42.54019079470855,ridge
de-cloud-dammam,92,SDM,AI COOP,44.67,44.728734542744064,ridge
de-cloud-dammam,93,HUED,HUED COOP Program 2026,42.5,42.53924018973008,ridge
de-cloud-dammam,94,Araamis • أرامس,Araamis COOP Program 2026,42.5,42.54286282428475,ridge
de-cloud-dammam,95,ARDARA,COOP Training for Students,33.5,33.54440219129838,ridge
de-cloud-dammam,96,flynas,COOP Trainee / Internship Program,38.0,38.04579694857618,ridge
de-cloud-dammam,97,Saudi Motorsport Company (SMC),COOP Trainee (IT Asset Project Management),38.0,38.022540280446314,ridge
de-cloud-dammam,98,Saudi Motorsport Company (SMC),COOP Trainee (Supply Chain Excellence Associate),38.0,38.03065359728968,ridge
de-cloud-dammam,99,Mobily,Cooperative Training Program,33.5,33.54436036313271,ridge
de-cloud-dammam,100,Saudi Awwal Bank (SAB),Student Opportunities: Cooperative / Practical Training,33.5,33.54693643414381,ridge
de-cloud-dammam,101,Alvarez & Marsal,COOP Training Program,33.5,33.54405054845104,ridge
de-cloud-dammam,102,Visa,COOP Trainee (Jan 2026),33.5,33.541268122057716,ridge
de-cloud-dammam,103,Zain KSA,Evolve Program (Fresh Graduates),28.5,28.54183532358139,ridge
de-cloud-dammam,104,Zain KSA,Zain Pioneers Program,37.5,37.542345601864724,ridge
de-cloud-dammam,105,Savvy Games Group,Cooperative Training Program (Co-op),33.5,33.54149430023098,ridge
de-cloud-dammam,106,Bank AlJazira,Tamheer Program,28.5,28.540112852034415,ridge
de-cloud-dammam,107,sirar by stc,Cooperative Training Program,42.5,42.534916086127666,ridge
de-cloud-dammam,108,Gathern,Co-op Program,42.5,42.53413931223109,ridge
de-cloud-dammam,109,Elm Company (شركة علم),Coop Training - Computer Science (Jan/Mar/Jun/Aug 2025 Intake),38.0,38.05075489534436,ridge
de-cloud-dammam,110,Elm Company (شركة علم),Co-Op Training - Information Technology (Jun & Aug 2025 Intake),38.0,38.04645339768494,ridge
de-cloud-dammam,111,EJADA,COOP Administration & Support Engineer,33.5,33.5426711672515,ridge
de-cloud-dammam,112,Emdad By Elm,Network Cooperative Training (Network Intern),42.5,42.536212238247934,ridge
de-cloud-dammam,113,AILA,Co-op Training Programme,43.0,43.03641411752549,ridge
de-cloud-dammam,114,Foodics,Foodics 360 Internship Program,38.0,38.055906139555326,ridge
de-cloud-dammam,115,Salla,برنامج التدريب التعاوني (Coop Training) – Salla,38.0,38.023137206458486,ridge
de-cloud-dammam,116,Lucidya,Technical Internship or Coop – Lucidya,38.0,38.031071885374715,ridge
de-cloud-dammam,117,Diriyah Company,Diriyah Co-op Training Program,33.5,33.545869220764644,ridge
de-cloud-dammam,118,Riyadh Air,Co-op – Riyadh Air,33.5,33.543309341145935,ridge
de-cloud-dammam,119,Jahez Group,Jahez Internship Program (as described in Sustainability Report),33.5,33.54954129336688,ridge
de-cloud-dammam,120,Lumi | لومي,COOP Intern 2025 – Lumi,33.5,33.546778891664076,ridge
de-cloud-dammam,121,webook.com,COOP Trainee Opportunities – webook.com,33.5,33.543172590404346,ridge
de-cloud-dammam,122,moneymoon,Tech & AI Co-op Program 2025,49.17,49.21912190006261,ridge
de-cloud-dammam,123,EjadTech - إيجاد التقنية,"Summer Internship Program 2025 (Computer, Data, and AI Majors)",47.17,47.20648092382035,ridge
de-cloud-dammam,124,InnovationTeam,Java Microservices Internship Programme (Saudi Nationals),47.17,47.20084495681734,ridge
de-cloud-dammam,125,Tamkeen Technologies,On the Job Training (Internship Program) — Technology field,38.0,38.057930147285454,ridge
de-cloud-dammam,126,Trendyol Group,Trendyol Tech Talent - Bootcamp & COOP Internship Program (Saudi Students Only),36.0,36.042217409100054,ridge
de-cloud-dammam,127,Ninja نينجا,COOP Training Program,36.0,36.02670948541652,ridge
de-cloud-dammam,128,SCAI | سكاي,CO-OP Training Opportunities (Intern),49.17,49.21222749649432,ridge
de-cloud-dammam,129,WalaPlus,Coop & Tamheer Opportunities,42.5,42.53234307648415,ridge
de-cloud-dammam,130,Aon,IT Co-op Trainee 2026,42.5,42.524703309829434,ridge
de-cloud-dammam,131,Hewlett Packard Enterprise (HPE),College Intern (Coop),42.5,42.5301563697504,ridge
de-cloud-dammam,132,Signify,KSA Coop Internship Program,42.5,42.527997778363854,ridge
de-cloud-dammam,133,Help AG (e& enterprise),Cybersecurity Intern,33.5,33.52784206026335,ridge
de-cloud-dammam,134,TrendAI (Trend Micro),CyberGATE Internship Program,42.5,42.53754179260264,ridge
de-cloud-dammam,135,Golf Saudi,IT Co-op Trainee,42.5,42.52706731168234,ridge
de-cloud-dammam,136,Siemens Healthineers,Healthineers Early Talent Program – IT (Riyadh),42.5,42.52915729759357,ridge
de-cloud-dammam,137,1957 Ventures,Internship / Co-Op Program,42.5,42.53352678875217,ridge
de-cloud-dammam,138,Nokia,Graduate Trainee (Saudi Arabia) – Fledgers Program,44.17,44.20437726425784,ridge
de-cloud-dammam,139,Ericsson,Summer Interns (Ericsson Saudi),38.0,38.02140246475935,ridge
de-cloud-dammam,140,Bosch Middle East,Software Development Intern (AI/Cloud),49.17,49.20646828876799,ridge
de-cloud-dammam,141,Saudi Payments | المدفوعات السعودية,COOP Training – August 2024,38.0,38.034606175730346,ridge
de-cloud-dammam,142,Saudi Tadawul Group | تداول,Cooperative Training Program (COOP),42.5,42.53894459304227,ridge
de-cloud-dammam,143,Lean Technologies,Software Engineering Intern – KSA,55.83,55.85886885601361,ridge
de-cloud-dammam,144,Mirai (Scopely) | مِراي,AI Engineering Intern (GenAI),49.17,49.217901493783366,ridge
de-cloud-dammam,145,HungerStation | هنقرستيشن,"Co-OP Trainee, Data Analysis – Info Sec",51.33,51.3803053072355,ridge
de-cloud-dammam,146,NCGR | المركز الوطني لنظم الموارد الحكومية,Coop Training Program,38.0,38.038930609731025,ridge
de-cloud-dammam,147,nybl,nybl Graduate Programme – Saudi Nationals (AI Bootcamp),28.5,28.52472909497433,ridge
de-cloud-dammam,148,Procter & Gamble (P&G),P&G LEADgen Internship Program 2026 (Riyadh),38.0,38.034450919823016,ridge
de-cloud-dammam,149,New Murabba | المربع الجديد,New Murabba Co-op Training Program,42.5,42.543076130010085,ridge
de-cloud-dammam,150,Boeing Saudi Arabia Limited,Intern - Info Technology & Data Analytics (Riyadh),38.0,38.04848015730083,ridge
de-cloud-dammam,151,Motorola Solutions,Deployment Engineer Intern (KSA National - Tamheer Program),42.5,42.543771793346224,ridge
de-cloud-dammam,152,Schneider Electric,Co-op Intern (Engineering) - Al Khobar (Jan–Aug 2026),49.5,49.51073299979208,ridge
de-cloud-dammam,153,Lockheed Martin,Tamheer Space Internship (Riyadh),42.5,42.54040426406863,ridge
de-cloud-dammam,154,Markaba | مركبة,Start-up Software Intern – TAMHEER (Saudi nationals only),40.5,40.537078346714814,ridge
de-cloud-dammam,155,Laverne Group | مجموعة لافيرن,Data Analyst / Data Engineer Intern (IT Department),55.17,55.22036625988834,ridge
de-cloud-dammam,156,Meel | ميل,"Software Developer Internship (Remote, min 2 months)",47.5,47.52093116024805,ridge
de-cloud-dammam,157,Nahdi Medical Co.,IT Internship / COOP Program (6 months),43.0,43.02738041325284,ridge
de-cloud-dammam,158,SMART Technology Solutions | سمارت لحلول التقنية,R&D Intern (Riyadh),42.5,42.549989459435366,ridge
de-cloud-dammam,159,Knodemy Inc.,AI Developer & Tech Trainer Intern - Riyadh,49.17,49.226662159434994,ridge
de-cloud-dammam,160,Water Transmission Company | شركة نقل المياه,Tamheer Internship Program (HRIS / Engineering & PM - Riyadh),42.5,42.54634271361891,ridge
de-cloud-dammam,161,AFNOYS,"AI Automation Intern - KSA (Remote, 4 weeks)",43.0,43.02239503290311,ridge
de-cloud-dammam,162,SAS,CareerStart@SAS 2026 - Presales Customer Intelligence Intern (Riyadh),39.5,39.53939215841586,ridge
de-cloud-dammam,163,Devoteam,Trainee - Future Leaders Program (Co-op/Fresh Graduate),40.5,40.54832525681653,ridge
de-cloud-dammam,164,ضالتي Dhallaty,Tech Intern: Fresh Grad or Student,39.5,39.536845653468674,ridge
de-cloud-dammam,165,Innovative Solutions SA,Presales - Tamheer,31.5,31.526522150928454,ridge
de-cloud-dammam,166,HUMAIN,Tamheer Program (Software Engineer / Cybersecurity / MIS),40.5,40.52119834872428,ridge
de-cloud-dammam,167,TAM | تام,"Tamheer Opportunity, Advisory",10.5,10.508884033066991,ridge
de-cloud-dammam,168,هيئة التأمين | Insurance Authority,Tamheer Opportunity - Specialist of Information Security,31.5,31.519598422684577,ridge
de-cloud-dammam,169,Snbla | سنبله,Paid Internship Program (FinTech),39.5,39.54105878395124,ridge
de-cloud-dammam,170,2P Perfect Presentation,Data Analyst (Tamheer),36.0,36.01466451292711,ridge
de-cloud-dammam,171,Infosys,Summer Intern (Infosys InStep ’26 – Bangalore),36.5,36.510815163526104,ridge
de-cloud-dammam,172,شركة الخدمات المدارة | Managed Services Company,Intern Cybersecurity Engineer,40.5,40.541012936992885,ridge
de-cloud-dammam,173,Abunayyan Holding,Data Analyst (Tamheer),36.0,36.0177837455511,ridge
ce-network-dhahran,1,Saudi Aramco,University Internship Program (UIP),50.0,49.982453496981925,ridge
ce-network-dhahran,2,SABIC,COOP Training Program,43.0,43.00471783701269,ridge
ce-network-dhahran,3,stc (Saudi Telecom Company),Cooperative Training Program (COOP),40.0,40.03322358171156,ridge
ce-network-dhahran,4,Saudi National Bank (SNB),SNB Cooperative Training Program,45.0,45.00415528250237,ridge
ce-network-dhahran,5,Al Rajhi Bank,Cooperative Training Program,45.0,45.00356858842198,ridge
ce-network-dhahran,6,Capital Market Authority (CMA),COOP Program,40.0,40.02813806074901,ridge
ce-network-dhahran,7,Digital Government Authority (DGA),Maidan Cooperative Training Program,40.0,40.02598416367303,ridge
ce-network-dhahran,8,KPMG Saudi Arabia,COOP & Internship Programs,45.0,44.99439617784146,ridge
ce-network-dhahran,9,PwC Middle East,"Deals, COOP and Summer Internship Programme (2026)",44.5,44.52478542460943,ridge
ce-network-dhahran,10,Deloitte Middle East (KSA),Jusoor Al Sharqiyah Internship Program,52.0,51.99048382937065,ridge
ce-network-dhahran,11,Bank Albilad,Cooperative & Summer Training Program,60.0,59.9980729193897,ridge
ce-network-dhahran,12,Tamara,Tamara Builders Program,49.0,49.032345244262956,ridge
ce-network-dhahran,13,Bupa Arabia,Cooperative Training Program,40.0,40.01594137905791,ridge
ce-network-dhahran,14,Saudi Exports (Saudi Export Development Authority),COOP & Summer Training (FAQ-confirmed),45.0,44.986506162029734,ridge
ce-network-dhahran,15,Local Content and Government Procurement Authority (LCGPA),COOP Training (role posting),40.0,40.00847227736112,ridge
ce-network-dhahran,16,McKinsey & Company (Maqdira),Maqdira Fellowship Program,44.5,44.529336923396976,ridge
ce-network-dhahran,17,Boston Consulting Group (BCG),Visiting Associate Internship (Riyadh),40.0,40.01951616487413,ridge
ce-network-dhahran,18,Bain & Company,COOP Training Program (Riyadh),40.0,40.01512639272799,ridge
ce-network-dhahran,19,Amazon Web Services (AWS),IT/Computer Hardware Internship (Intern-to-FTE Pathway),55.0,55.01385042630748,ridge
ce-network-dhahran,20,Amazon Web Services (AWS) - Associate Solutions Architect Intern,Associate Solutions Architect Intern (2026),45.0,45.01965288378674,ridge
ce-network-dhahran,21,Google (Saudi Arabia),Google Careers (Saudi location filter),33.0,33.03291772688022,ridge
ce-network-dhahran,22,BlackRock,Client & Product Summer Internship Programme (EMEA) - includes Riyadh,34.5,34.527675137462765,ridge
ce-network-dhahran,23,noon,Student Internship,30.0,30.013563386951304,ridge
ce-network-dhahran,24,MOZN,Data Science Intern,34.5,34.53344025244148,ridge
ce-network-dhahran,25,Elm,Elm Co-op Training Program (March 2026 Intake),40.0,40.01359385131922,ridge
ce-network-dhahran,26,Yasref,Yasref Cooperative Training Program,58.0,58.00522123677982,ridge
ce-network-dhahran,27,"Saudi Standards, Metrology and Quality Organization (SASO)",Cooperative Training (Collaborative Training),55.0,55.012902537083704,ridge
ce-network-dhahran,28,"Zakat, Tax and Customs Authority (ZATCA)",Binaa-Alkafaat Program,35.0,34.99219214101106,ridge
ce-network-dhahran,29,Human Resources Development Fund (HRDF) – Cooperative Training Product,Cooperative Training (HRDF product),20.5,20.464475572227272,ridge
ce-network-dhahran,30,EXPRO,COOP Training (Future Makers Program),40.0,40.01031270399797,ridge
ce-network-dhahran,31,Ministry of Industry and Mineral Resources (MIM) – Cooperative Training Initiative,Cooperative Training Initiative,20.5,20.477191533929783,ridge
ce-network-dhahran,32,TBC (The Beauty Company),Cooperative Training Program,45.0,44.98851320402171,ridge
ce-network-dhahran,33,National Center for Vegetation Cover Development & Combating Desertification (NCVC),COOP Training Program,40.0,40.01159255078907,ridge
ce-network-dhahran,34,Saudi Power Procurement Company (SPPC),Future Power – COOP Training Program,40.0,40.00832671541977,ridge
ce-network-dhahran,35,TBC (Tatweer Building Company),Cooperative Training Program,40.0,40.02609306537575,ridge
ce-network-dhahran,36,PwC Middle East (Assurance COOP & Summer Internship Programme 2026),"Assurance, COOP and Summer Internship Programme 2026 – Middle East",44.5,44.52275266743142,ridge
ce-network-dhahran,37,KAPSARC,Intern (Coop- Trainee),49.0,49.01405066708887,ridge
ce-network-dhahran,38,BSF (Banque Saudi Fransi),COOP / Internship,40.0,40.00139262685253,ridge
ce-network-dhahran,39,Saudi Food & Drug Authority (SFDA),COOP training (First semester 2025-2026 intake),45.0,45.010719290435944,ridge
ce-network-dhahran,40,Saudi Power Procurement Company (SPPC) – Future Power (Business Admin COOP),Future Power – Business Administration COOP Training Program,40.0,40.011275547258734,ridge
ce-network-dhahran,41,Bank Albilad,Cooperative and Summer Training Program,40.0,40.02233401463634,ridge
ce-network-dhahran,42,The Saudi National Bank (SNB),SNB Rowad Program,30.0,30.01970565827073,ridge
ce-network-dhahran,43,National Cybersecurity Authority (NCA) – Academy,Cybersecurity training programs (academy),35.0,35.029760815541934,ridge
ce-network-dhahran,44,PIF | Graduate Development Program,Graduate Development Program (GDP),34.5,34.52252473737318,ridge
ce-network-dhahran,45,NEOM | GrOW (Graduates Opportunities in Work),GrOW (Graduates Opportunities in Work),46.5,46.505765279761356,ridge
ce-network-dhahran,46,ROSHN | COOP Trainee Program,COOP Trainee Program,40.0,40.015045656926645,ridge
ce-network-dhahran,47,Microsoft | Ru'aa Program (Riyadh),Ru'aa Program Internship (Solution Engineering),39.0,39.03640118092479,ridge
ce-network-dhahran,48,Oracle | Business Development Intern (KSA market),Business Development Intern (KSA market),31.5,31.498032156241308,ridge
ce-network-dhahran,49,SAP | Student Internship (Riyadh),Student Internship - Riyadh,30.0,30.026240512973814,ridge
ce-network-dhahran,50,SAB (Saudi Awwal Bank) | Cooperative Training Programme (COOP),SAB Cooperative Training Programme (COOP),40.0,40.01589818768245,ridge
ce-network-dhahran,51,Ministry of Finance (Saudi Arabia) | Cooperative Training Program,Cooperative Training Program,36.5,36.54111786821132,ridge
ce-network-dhahran,52,Ministry of Industry and Mineral Resources | Cooperative Training,Cooperative Training Initiative,41.5,41.487864148011155,ridge
ce-network-dhahran,53,King Fahd Causeway Authority | Internship Program,Internship Program,46.5,46.50782228236783,ridge
ce-network-dhahran,54,Tawuniya | Tamheer Program (Fresh Graduates),Tamheer Program,48.0,48.02062424114421,ridge
ce-network-dhahran,55,SAMA | SAMA Professional Program (SPP),SAMA Professional Program (SPP),26.5,26.524291663751633,ridge
ce-network-dhahran,56,HRDF | Cooperative Training Product,Cooperative Training Product,41.5,41.495455662984355,ridge
ce-network-dhahran,57,IBM,"Automation, Data & AI – Intern",35.5,35.54393738454153,ridge
ce-network-dhahran,58,Unifonic,Internship (Unifonic),34.5,34.53672602763587,ridge
ce-network-dhahran,59,Misk Foundation,Misk Traineeship / Internship Program,33.0,33.02831065518473,ridge
ce-network-dhahran,60,Cisco,Cisco NetVersity (Saudi Arabia),42.5,42.513315670753485,ridge
ce-network-dhahran,61,KAUST,Visiting Student Research Program (VSRP) Internship,30.0,30.009538049395154,ridge
ce-network-dhahran,62,General Authority for Statistics (GASTAT),Cooperative Training Program,44.5,44.54444721173384,ridge
ce-network-dhahran,63,Saudi Center for Opinion Polling (SCOP),Cooperative Training Program,44.5,44.54439517375053,ridge
ce-network-dhahran,64,Al Rajhi Takaful,Cooperative Training Program,40.0,40.02699724525452,ridge
ce-network-dhahran,65,Expenditure & Projects Efficiency Authority (EXPRO),Future Makers (صنّاع المستقبل) – Cooperative Training,40.0,40.035171736881864,ridge
ce-network-dhahran,66,Ministry of Finance (Saudi Arabia),Cooperative Training Program (Ministry of Finance),40.0,40.03674862712661,ridge
ce-network-dhahran,67,General Entertainment Authority (GEA),GEA Cooperative Training Program,40.0,40.033235617735365,ridge
ce-network-dhahran,68,Banque Saudi Fransi (BSF),COOP Training,40.0,40.01958124384422,ridge
ce-network-dhahran,69,Arab National Bank (ANB),COOP Trainee,40.0,40.02084562384901,ridge
ce-network-dhahran,70,Tamara,Builders Program,40.0,40.029733337066965,ridge
ce-network-dhahran,71,OmniOps,Co‑op Training Program,49.0,49.02419906102326,ridge
ce-network-dhahran,72,Tatweer Educational Technologies (TETCO),Cooperative Training Program,55.0,55.02251029507809,ridge
ce-network-dhahran,73,The Saudi Investment Bank (SAIB),Cooperative Program,40.0,40.027287362930636,ridge
ce-network-dhahran,74,Saudi Awwal Bank (SAB),COOP Program,40.0,40.02526775616622,ridge
ce-network-dhahran,75,Riyad Bank,Internships and Coop Trainings (CSR 2019),40.0,40.023008681398245,ridge
ce-network-dhahran,76,Tabby,Intern DevOps Engineer,34.5,34.540242536468696,ridge
ce-network-dhahran,77,Tabby,Intern Backend (GO) Engineer,39.0,39.04284196528826,ridge
ce-network-dhahran,78,Tabby,Intern Frontend Engineer,39.0,39.03536621444841,ridge
ce-network-dhahran,79,Tabby,Intern Data Engineer,39.0,39.05797097189917,ridge
ce-network-dhahran,80,Tabby,No-Code / AI Agents Engineering Intern,39.0,39.03790043128975,ridge
ce-network-dhahran,81,Bank Albilad,Cooperative Training Program,45.0,45.01004412829361,ridge
ce-network-dhahran,82,Saudi Ground Services (SGS),COOP Program,40.0,40.00842710182033,ridge
ce-network-dhahran,83,CEER,Cooperative Training Program (COOP),40.0,40.02293599427637,ridge
ce-network-dhahran,84,Al Rajhi Takaful,Coop Training Program,40.0,40.02930276884783,ridge
ce-network-dhahran,85,TAWAL,COOP Training Program,49.0,49.0246986707231,ridge
ce-network-dhahran,86,Wakeb_Data,COOP Training,49.0,49.0287530904706,ridge
ce-network-dhahran,87,Banque Saudi Fransi (BSF),Coop Training Program,40.0,40.020123090695265,ridge
ce-network-dhahran,88,Tech Economy,COOP Training Program,40.0,40.026758260029844,ridge
ce-network-dhahran,89,SAMI Advanced Electronics (SAMI-AEC),Coop Trainee,40.0,40.023644412389515,ridge
ce-network-dhahran,90,NHC,COOP Trainee,45.0,45.0011603565724,ridge
ce-network-dhahran,91,REMAT ADVANCED,Cooperative Training Program,55.0,55.019853818067546,ridge
ce-network-dhahran,92,SDM,AI COOP,44.5,44.548927688209425,ridge
ce-network-dhahran,93,HUED,HUED COOP Program 2026,49.0,49.02137788399817,ridge
ce-network-dhahran,94,Araamis • أرامس,Araamis COOP Program 2026,49.0,49.0251397463403,ridge
ce-network-dhahran,95,ARDARA,COOP Training for Students,40.0,40.025243873085,ridge
ce-network-dhahran,96,flynas,COOP Trainee / Internship Program,44.5,44.52632868713806,ridge
ce-network-dhahran,97,Saudi Motorsport Company (SMC),COOP Trainee (IT Asset Project Management),44.5,44.50763830735258,ridge
ce-network-dhahran,98,Saudi Motorsport Company (SMC),COOP Trainee (Supply Chain Excellence Associate),44.5,44.51430451149228,ridge
ce-network-dhahran,99,Mobily,Cooperative Training Program,40.0,40.023123360644426,ridge
ce-network-dhahran,100,Saudi Awwal Bank (SAB),Student Opportunities: Cooperative / Practical Training,40.0,40.02791866902032,ridge
ce-network-dhahran,101,Alvarez & Marsal,COOP Training Program,40.0,40.02385369343128,ridge
ce-network-dhahran,102,Visa,COOP Trainee (Jan 2026),40.0,40.02475274563364,ridge
ce-network-dhahran,103,Zain KSA,Evolve Program (Fresh Graduates),30.0,30.025308044976356,ridge
ce-network-dhahran,104,Zain KSA,Zain Pioneers Program,45.0,45.02296291073414,ridge
ce-network-dhahran,105,Savvy Games Group,Cooperative Training Program (Co-op),40.0,40.02318734967214,ridge
ce-network-dhahran,106,Bank AlJazira,Tamheer Program,30.0,30.023105550599034,ridge
ce-network-dhahran,107,sirar by stc,Cooperative Training Program,49.0,49.018347057177735,ridge
ce-network-dhahran,108,Gathern,Co-op Program,49.0,49.017593109068684,ridge
ce-network-dhahran,109,Elm Company (شركة علم),Coop Training - Computer Science (Jan/Mar/Jun/Aug 2025 Intake),44.5,44.53328169847912,ridge
ce-network-dhahran,110,Elm Company (شركة علم),Co-Op Training - Information Technology (Jun & Aug 2025 Intake),44.5,44.529523974765134,ridge
ce-network-dhahran,111,EJADA,COOP Administration & Support Engineer,40.0,40.02591287754674,ridge
ce-network-dhahran,112,Emdad By Elm,Network Cooperative Training (Network Intern),55.0,55.019120447238166,ridge
ce-network-dhahran,113,AILA,Co-op Training Programme,44.5,44.5387087643608,ridge
ce-network-dhahran,114,Foodics,Foodics 360 Internship Program,34.5,34.540720839049264,ridge
ce-network-dhahran,115,Salla,برنامج التدريب التعاوني (Coop Training) – Salla,44.5,44.50569834054449,ridge
ce-network-dhahran,116,Lucidya,Technical Internship or Coop – Lucidya,44.5,44.51483242280532,ridge
ce-network-dhahran,117,Diriyah Company,Diriyah Co-op Training Program,40.0,40.026045909239095,ridge
ce-network-dhahran,118,Riyadh Air,Co-op – Riyadh Air,40.0,40.02641650732306,ridge
ce-network-dhahran,119,Jahez Group,Jahez Internship Program (as described in Sustainability Report),30.0,30.03424144974548,ridge
ce-network-dhahran,120,Lumi | لومي,COOP Intern 2025 – Lumi,40.0,40.02735021320518,ridge
ce-network-dhahran,121,webook.com,COOP Trainee Opportunities – webook.com,40.0,40.02499681904261,ridge
ce-network-dhahran,122,moneymoon,Tech & AI Co-op Program 2025,44.5,44.54416086748521,ridge
ce-network-dhahran,123,EjadTech - إيجاد التقنية,"Summer Internship Program 2025 (Computer, Data, and AI Majors)",35.5,35.53852276453986,ridge
ce-network-dhahran,124,InnovationTeam,Java Microservices Internship Programme (Saudi Nationals),35.5,35.53526077607042,ridge
ce-network-dhahran,125,Tamkeen Technologies,On the Job Training (Internship Program) — Technology field,34.5,34.54340121268585,ridge
ce-network-dhahran,126,Trendyol Group,Trendyol Tech Talent - Bootcamp & COOP Internship Program (Saudi Students Only),41.0,41.033762172252565,ridge
ce-network-dhahran,127,Ninja نينجا,COOP Training Program,41.0,41.01635160028232,ridge
ce-network-dhahran,128,SCAI | سكاي,CO-OP Training Opportunities (Intern),49.0,49.03354692268563,ridge
ce-network-dhahran,129,WalaPlus,Coop & Tamheer Opportunities,55.0,55.01345768311232,ridge
ce-network-dhahran,130,Aon,IT Co-op Trainee 2026,55.0,55.00697198918556,ridge
ce-network-dhahran,131,Hewlett Packard Enterprise (HPE),College Intern (Coop),55.0,55.01133005328842,ridge
ce-network-dhahran,132,Signify,KSA Coop Internship Program,55.0,55.00900973367935,ridge
ce-network-dhahran,133,Help AG (e& enterprise),Cybersecurity Intern,30.0,30.015586593748722,ridge
ce-network-dhahran,134,TrendAI (Trend Micro),CyberGATE Internship Program,34.5,34.52702140167581,ridge
ce-network-dhahran,135,Golf Saudi,IT Co-op Trainee,55.0,55.009416005737975,ridge
ce-network-dhahran,136,Siemens Healthineers,Healthineers Early Talent Program – IT (Riyadh),45.0,45.01463548467431,ridge
ce-network-dhahran,137,1957 Ventures,Internship / Co-Op Program,49.0,49.01748186524566,ridge
ce-network-dhahran,138,Nokia,Graduate Trainee (Saudi Arabia) – Fledgers Program,34.5,34.53119157426744,ridge
ce-network-dhahran,139,Ericsson,Summer Interns (Ericsson Saudi),34.5,34.509292820094075,ridge
ce-network-dhahran,140,Bosch Middle East,Software Development Intern (AI/Cloud),39.0,39.03288439086222,ridge
ce-network-dhahran,141,Saudi Payments | المدفوعات السعودية,COOP Training – August 2024,44.5,44.51796934957491,ridge
ce-network-dhahran,142,Saudi Tadawul Group | تداول,Cooperative Training Program (COOP),55.0,55.0194960826405,ridge
ce-network-dhahran,143,Lean Technologies,Software Engineering Intern – KSA,49.0,49.015696336729086,ridge
ce-network-dhahran,144,Mirai (Scopely) | مِراي,AI Engineering Intern (GenAI),39.0,39.043653110601156,ridge
ce-network-dhahran,145,HungerStation | هنقرستيشن,"Co-OP Trainee, Data Analysis – Info Sec",44.5,44.54227908255807,ridge
ce-network-dhahran,146,NCGR | المركز الوطني لنظم الموارد الحكومية,Coop Training Program,44.5,44.52250990314003,ridge
ce-network-dhahran,147,nybl,nybl Graduate Programme – Saudi Nationals (AI Bootcamp),30.0,30.011414491708784,ridge
ce-network-dhahran,148,Procter & Gamble (P&G),P&G LEADgen Internship Program 2026 (Riyadh),34.5,34.519938587533716,ridge
ce-network-dhahran,149,New Murabba | المربع الجديد,New Murabba Co-op Training Program,49.0,49.026642464653854,ridge
ce-network-dhahran,150,Boeing Saudi Arabia Limited,Intern - Info Technology & Data Analytics (Riyadh),34.5,34.53509797725462,ridge
ce-network-dhahran,151,Motorola Solutions,Deployment Engineer Intern (KSA National - Tamheer Program),55.0,55.0189979410544,ridge
ce-network-dhahran,152,Schneider Electric,Co-op Intern (Engineering) - Al Khobar (Jan–Aug 2026),62.0,61.992035480412525,ridge
ce-network-dhahran,153,Lockheed Martin,Tamheer Space Internship (Riyadh),39.0,39.0231495726694,ridge
ce-network-dhahran,154,Markaba | مركبة,Start-up Software Intern – TAMHEER (Saudi nationals only),35.5,35.528778666473954,ridge
ce-network-dhahran,155,Laverne Group | مجموعة لافيرن,Data Analyst / Data Engineer Intern (IT Department),39.0,39.04902394895681,ridge
ce-network-dhahran,156,Meel | ميل,"Software Developer Internship (Remote, min 2 months)",39.0,39.02687067468965,ridge
ce-network-dhahran,157,Nahdi Medical Co.,IT Internship / COOP Program (6 months),49.5,49.50980794788286,ridge
ce-network-dhahran,158,SMART Technology Solutions | سمارت لحلول التقنية,R&D Intern (Riyadh),39.0,39.03320823838216,ridge
ce-network-dhahran,159,Knodemy Inc.,AI Developer & Tech Trainer Intern - Riyadh,39.0,39.04974316439835,ridge
ce-network-dhahran,160,Water Transmission Company | شركة نقل المياه,Tamheer Internship Program (HRIS / Engineering & PM - Riyadh),39.0,39.032881476189175,ridge
ce-network-dhahran,161,AFNOYS,"AI Automation Intern - KSA (Remote, 4 weeks)",34.5,34.529361579511495,ridge
ce-network-dhahran,162,SAS,CareerStart@SAS 2026 - Presales Customer Intelligence Intern (Riyadh),33.0,33.038726734249856,ridge
ce-network-dhahran,163,Devoteam,Trainee - Future Leaders Program (Co-op/Fresh Graduate),45.5,45.53726298344197,ridge
ce-network-dhahran,164,ضالتي Dhallaty,Tech Intern: Fresh Grad or Student,33.0,33.03485245450851,ridge
ce-network-dhahran,165,Innovative Solutions SA,Presales - Tamheer,26.5,26.519551898170043,ridge
ce-network-dhahran,166,HUMAIN,Tamheer Program (Software Engineer / Cybersecurity / MIS),35.5,35.51440900484826,ridge
ce-network-dhahran,167,TAM | تام,"Tamheer Opportunity, Advisory",5.5,5.506051561314322,ridge
ce-network-dhahran,168,هيئة التأمين | Insurance Authority,Tamheer Opportunity - Specialist of Information Security,26.5,26.513559557664344,ridge
ce-network-dhahran,169,Snbla | سنبله,Paid Internship Program (FinTech),33.0,33.03910502273807,ridge
ce-network-dhahran,170,2P Perfect Presentation,Data Analyst (Tamheer),31.0,31.007572490051682,ridge
ce-network-dhahran,171,Infosys,Summer Intern (Infosys InStep ’26 – Bangalore),33.0,32.9984690800028,ridge
ce-network-dhahran,172,شركة الخدمات المدارة | Managed Services Company,Intern Cybersecurity Engineer,35.5,35.53190718498538,ridge
ce-network-dhahran,173,Abunayyan Holding,Data Analyst (Tamheer),31.0,31.00984848196475,ridge
eastern-province-cys,1,Saudi Aramco,University Internship Program (UIP),64.0,63.94426740285293,ridge
eastern-province-cys,2,SABIC,COOP Training Program,57.0,56.963539287317396,ridge
eastern-province-cys,3,stc (Saudi Telecom Company),Cooperative Training Program (COOP),54.0,53.99444195661861,ridge
eastern-province-cys,4,Saudi National Bank (SNB),SNB Cooperative Training Program,59.0,58.96551950120067,ridge
eastern-province-cys,5,Al Rajhi Bank,Cooperative Training Program,59.0,58.964176144505345,ridge
eastern-province-cys,6,Capital Market Authority (CMA),COOP Program,54.0,53.988349753552306,ridge
eastern-province-cys,7,Digital Government Authority (DGA),Maidan Cooperative Training Program,54.0,53.98555252363587,ridge
eastern-province-cys,8,KPMG Saudi Arabia,COOP & Internship Programs,45.0,44.98655796224584,ridge
eastern-province-cys,9,PwC Middle East,"Deals, COOP and Summer Internship Programme (2026)",44.5,44.51956329119248,ridge
eastern-province-cys,10,Deloitte Middle East (KSA),Jusoor Al Sharqiyah Internship Program,44.5,44.47913978980625,ridge
eastern-province-cys,11,Bank Albilad,Cooperative & Summer Training Program,49.5,49.49630138879152,ridge
eastern-province-cys,12,Tamara,Tamara Builders Program,58.5,58.49521001807748,ridge
eastern-province-cys,13,Bupa Arabia,Cooperative Training Program,40.0,40.00796673960943,ridge
eastern-province-cys,14,Saudi Exports (Saudi Export Development Authority),COOP & Summer Training (FAQ-confirmed),45.0,44.979423121080714,ridge
eastern-province-cys,15,Local Content and Government Procurement Authority (LCGPA),COOP Training (role posting),40.0,40.00032802549446,ridge
eastern-province-cys,16,McKinsey & Company (Maqdira),Maqdira Fellowship Program,44.5,44.523630309059165,ridge
eastern-province-cys,17,Boston Consulting Group (BCG),Visiting Associate Internship (Riyadh),49.0,49.00927423836239,ridge
eastern-province-cys,18,Bain & Company,COOP Training Program (Riyadh),40.0,40.007390344019086,ridge
eastern-province-cys,19,Amazon Web Services (AWS),IT/Computer Hardware Internship (Intern-to-FTE Pathway),54.5,54.50565876063983,ridge
eastern-province-cys,20,Amazon Web Services (AWS) - Associate Solutions Architect Intern,Associate Solutions Architect Intern (2026),39.0,39.017947980561175,ridge
eastern-province-cys,21,Google (Saudi Arabia),Google Careers (Saudi location filter),47.0,46.99326365820364,ridge
eastern-province-cys,22,BlackRock,Client & Product Summer Internship Programme (EMEA) - includes Riyadh,34.5,34.521474841699856,ridge
eastern-province-cys,23,noon,Student Internship,30.0,30.00393003260175,ridge
eastern-province-cys,24,MOZN,Data Science Intern,34.5,34.527334587489754,ridge
eastern-province-cys,25,Elm,Elm Co-op Training Program (March 2026 Intake),40.0,40.00566493945504,ridge
eastern-province-cys,26,Yasref,Yasref Cooperative Training Program,61.5,61.470242214131225,ridge
eastern-province-cys,27,"Saudi Standards, Metrology and Quality Organization (SASO)",Cooperative Training (Collaborative Training),44.5,44.510811838341915,ridge
eastern-province-cys,28,"Zakat, Tax and Customs Authority (ZATCA)",Binaa-Alkafaat Program,35.0,34.98462934703346,ridge
eastern-province-cys,29,Human Resources Development Fund (HRDF) – Cooperative Training Product,Cooperative Training (HRDF product),20.5,20.452323158924628,ridge
eastern-province-cys,30,EXPRO,COOP Training (Future Makers Program),40.0,40.00237605990716,ridge
eastern-province-cys,31,Ministry of Industry and Mineral Resources (MIM) – Cooperative Training Initiative,Cooperative Training Initiative,20.5,20.467055344185212,ridge
eastern-province-cys,32,TBC (The Beauty Company),Cooperative Training Program,45.0,44.978717366975275,ridge
eastern-province-cys,33,National Center for Vegetation Cover Development & Combating Desertification (NCVC),COOP Training Program,40.0,40.004683602334026,ridge
eastern-province-cys,34,Saudi Power Procurement Company (SPPC),Future Power – COOP Training Program,40.0,40.002281287433,ridge
eastern-province-cys,35,TBC (Tatweer Building Company),Cooperative Training Program,40.0,40.02031654283592,ridge
eastern-province-cys,36,PwC Middle East (Assurance COOP & Summer Internship Programme 2026),"Assurance, COOP and Summer Internship Programme 2026 – Middle East",44.5,44.51874905885657,ridge
eastern-province-cys,37,KAPSARC,Intern (Coop- Trainee),44.5,44.50982927746523,ridge
eastern-province-cys,38,BSF (Banque Saudi Fransi),COOP / Internship,63.0,62.95743993618527,ridge
eastern-province-cys,39,Saudi Food & Drug Authority (SFDA),COOP training (First semester 2025-2026 intake),68.0,67.96953342109029,ridge
eastern-province-cys,40,Saudi Power Procurement Company (SPPC) – Future Power (Business Admin COOP),Future Power – Business Administration COOP Training Program,40.0,40.006862364393726,ridge
eastern-province-cys,41,Bank Albilad,Cooperative and Summer Training Program,63.0,62.97895617366494,ridge
eastern-province-cys,42,The Saudi National Bank (SNB),SNB Rowad Program,44.0,43.979318360456446,ridge
eastern-province-cys,43,National Cybersecurity Authority (NCA) – Academy,Cybersecurity training programs (academy),58.0,57.98755279601898,ridge
eastern-province-cys,44,PIF | Graduate Development Program,Graduate Development Program (GDP),34.5,34.51769090628862,ridge
eastern-province-cys,45,NEOM | GrOW (Graduates Opportunities in Work),GrOW (Graduates Opportunities in Work),36.0,36.00479152657891,ridge
eastern-province-cys,46,ROSHN | COOP Trainee Program,COOP Trainee Program,40.0,40.0091394934312,ridge
eastern-province-cys,47,Microsoft | Ru'aa Program (Riyadh),Ru'aa Program Internship (Solution Engineering),34.5,34.534887553615945,ridge
eastern-province-cys,48,Oracle | Business Development Intern (KSA market),Business Development Intern (KSA market),31.5,31.49301025106515,ridge
eastern-province-cys,49,SAP | Student Internship (Riyadh),Student Internship - Riyadh,30.0,30.02008764208332,ridge
eastern-province-cys,50,SAB (Saudi Awwal Bank) | Cooperative Training Programme (COOP),SAB Cooperative Training Programme (COOP),40.0,40.01047866506499,ridge
eastern-province-cys,51,Ministry of Finance (Saudi Arabia) | Cooperative Training Program,Cooperative Training Program,50.5,50.50166254917842,ridge
eastern-province-cys,52,Ministry of Industry and Mineral Resources | Cooperative Training,Cooperative Training Initiative,55.5,55.446938932857776,ridge
eastern-province-cys,53,King Fahd Causeway Authority | Internship Program,Internship Program,40.5,40.50352963234092,ridge
eastern-province-cys,54,Tawuniya | Tamheer Program (Fresh Graduates),Tamheer Program,56.0,55.98483167830161,ridge
eastern-province-cys,55,SAMA | SAMA Professional Program (SPP),SAMA Professional Program (SPP),40.5,40.48619635277818,ridge
eastern-province-cys,56,HRDF | Cooperative Training Product,Cooperative Training Product,55.5,55.45547110075585,ridge
eastern-province-cys,57,IBM,"Automation, Data & AI – Intern",49.5,49.50611538477651,ridge
eastern-province-cys,58,Unifonic,Internship (Unifonic),48.5,48.49751252569859,ridge
eastern-province-cys,59,Misk Foundation,Misk Traineeship / Internship Program,47.0,46.98939822289529,ridge
eastern-province-cys,60,Cisco,Cisco NetVersity (Saudi Arabia),61.0,60.97297703801793,ridge
eastern-province-cys,61,KAUST,Visiting Student Research Program (VSRP) Internship,44.0,43.969266935735405,ridge
eastern-province-cys,62,General Authority for Statistics (GASTAT),Cooperative Training Program,58.5,58.50640609921158,ridge
eastern-province-cys,63,Saudi Center for Opinion Polling (SCOP),Cooperative Training Program,58.5,58.50729577058192,ridge
eastern-province-cys,64,Al Rajhi Takaful,Cooperative Training Program,63.0,62.985405016595365,ridge
eastern-province-cys,65,Expenditure & Projects Efficiency Authority (EXPRO),Future Makers (صنّاع المستقبل) – Cooperative Training,54.0,53.9970356666605,ridge
eastern-province-cys,66,Ministry of Finance (Saudi Arabia),Cooperative Training Program (Ministry of Finance),54.0,53.99823738654138,ridge
eastern-province-cys,67,General Entertainment Authority (GEA),GEA Cooperative Training Program,54.0,53.99450222569342,ridge
eastern-province-cys,68,Banque Saudi Fransi (BSF),COOP Training,63.0,62.97685370354016,ridge
eastern-province-cys,69,Arab National Bank (ANB),COOP Trainee,63.0,62.97684976824905,ridge
eastern-province-cys,70,Tamara,Builders Program,63.0,62.9859696729622,ridge
eastern-province-cys,71,OmniOps,Co‑op Training Program,63.0,62.984962727767154,ridge
eastern-province-cys,72,Tatweer Educational Technologies (TETCO),Cooperative Training Program,63.0,62.98580119190077,ridge
eastern-province-cys,73,The Saudi Investment Bank (SAIB),Cooperative Program,63.0,62.98452285880338,ridge
eastern-province-cys,74,Saudi Awwal Bank (SAB),COOP Program,63.0,62.98289719903522,ridge
eastern-province-cys,75,Riyad Bank,Internships and Coop Trainings (CSR 2019),63.0,62.97896974187975,ridge
eastern-province-cys,76,Tabby,Intern DevOps Engineer,48.5,48.502267732193324,ridge
eastern-province-cys,77,Tabby,Intern Backend (GO) Engineer,48.5,48.50669600221106,ridge
eastern-province-cys,78,Tabby,Intern Frontend Engineer,48.5,48.49861836047042,ridge
eastern-province-cys,79,Tabby,Intern Data Engineer,48.5,48.522863436532035,ridge
eastern-province-cys,80,Tabby,No-Code / AI Agents Engineering Intern,48.5,48.50153550410327,ridge
eastern-province-cys,81,Bank Albilad,Cooperative Training Program,68.0,67.96722228560917,ridge
eastern-province-cys,82,Saudi Ground Services (SGS),COOP Program,54.0,53.968658561825514,ridge
eastern-province-cys,83,CEER,Cooperative Training Program (COOP),54.0,53.98292507486241,ridge
eastern-province-cys,84,Al Rajhi Takaful,Coop Training Program,63.0,62.98697419779195,ridge
eastern-province-cys,85,TAWAL,COOP Training Program,58.5,58.4873308975623,ridge
eastern-province-cys,86,Wakeb_Data,COOP Training,58.5,58.491689181450724,ridge
eastern-province-cys,87,Banque Saudi Fransi (BSF),Coop Training Program,63.0,62.97689350516019,ridge
eastern-province-cys,88,Tech Economy,COOP Training Program,63.0,62.9834645877163,ridge
eastern-province-cys,89,SAMI Advanced Electronics (SAMI-AEC),Coop Trainee,63.0,62.98121024734857,ridge
eastern-province-cys,90,NHC,COOP Trainee,68.0,67.95696031044332,ridge
eastern-province-cys,91,REMAT ADVANCED,Cooperative Training Program,58.5,58.48499260008153,ridge
eastern-province-cys,92,SDM,AI COOP,58.5,58.51153540967018,ridge
eastern-province-cys,93,HUED,HUED COOP Program 2026,58.5,58.4841959636843,ridge
eastern-province-cys,94,Araamis • أرامس,Araamis COOP Program 2026,58.5,58.488362303401004,ridge
eastern-province-cys,95,ARDARA,COOP Training for Students,54.0,53.98553788338035,ridge
eastern-province-cys,96,flynas,COOP Trainee / Internship Program,58.5,58.486727062596714,ridge
eastern-province-cys,97,Saudi Motorsport Company (SMC),COOP Trainee (IT Asset Project Management),58.5,58.47013306911148,ridge
eastern-province-cys,98,Saudi Motorsport Company (SMC),COOP Trainee (Supply Chain Excellence Associate),63.0,62.974543632378,ridge
eastern-province-cys,99,Mobily,Cooperative Training Program,63.0,62.97834175285168,ridge
eastern-province-cys,100,Saudi Awwal Bank (SAB),Student Opportunities: Cooperative / Practical Training,63.0,62.98579036068463,ridge
eastern-province-cys,101,Alvarez & Marsal,COOP Training Program,63.0,62.97975394773211,ridge
eastern-province-cys,102,Visa,COOP Trainee (Jan 2026),54.0,53.98647560388993,ridge
eastern-province-cys,103,Zain KSA,Evolve Program (Fresh Graduates),53.0,52.98230392768721,ridge
eastern-province-cys,104,Zain KSA,Zain Pioneers Program,48.5,48.48806700566085,ridge
eastern-province-cys,105,Savvy Games Group,Cooperative Training Program (Co-op),63.0,62.9801832612458,ridge
eastern-province-cys,106,Bank AlJazira,Tamheer Program,44.0,43.98375662878072,ridge
eastern-province-cys,107,sirar by stc,Cooperative Training Program,63.0,62.980064046364646,ridge
eastern-province-cys,108,Gathern,Co-op Program,58.5,58.48083816849321,ridge
eastern-province-cys,109,Elm Company (شركة علم),Coop Training - Computer Science (Jan/Mar/Jun/Aug 2025 Intake),58.5,58.49496385417361,ridge
eastern-province-cys,110,Elm Company (شركة علم),Co-Op Training - Information Technology (Jun & Aug 2025 Intake),58.5,58.49117203634323,ridge
eastern-province-cys,111,EJADA,COOP Administration & Support Engineer,63.0,62.98398616147584,ridge
eastern-province-cys,112,Emdad By Elm,Network Cooperative Training (Network Intern),58.5,58.48615380210197,ridge
eastern-province-cys,113,AILA,Co-op Training Programme,58.5,58.5006278109466,ridge
eastern-province-cys,114,Foodics,Foodics 360 Internship Program,48.5,48.50264983649815,ridge
eastern-province-cys,115,Salla,برنامج التدريب التعاوني (Coop Training) – Salla,58.5,58.465107968254664,ridge
eastern-province-cys,116,Lucidya,Technical Internship or Coop – Lucidya,63.0,62.9745447227489,ridge
eastern-province-cys,117,Diriyah Company,Diriyah Co-op Training Program,54.0,53.98606673686244,ridge
eastern-province-cys,118,Riyadh Air,Co-op – Riyadh Air,54.0,53.985565274020644,ridge
eastern-province-cys,119,Jahez Group,Jahez Internship Program (as described in Sustainability Report),44.0,43.99554762488293,ridge
eastern-province-cys,120,Lumi | لومي,COOP Intern 2025 – Lumi,54.0,53.98775800798556,ridge
eastern-province-cys,121,webook.com,COOP Trainee Opportunities – webook.com,54.0,53.98582644102235,ridge
eastern-province-cys,122,moneymoon,Tech & AI Co-op Program 2025,63.0,63.005221310572765,ridge
eastern-province-cys,123,EjadTech - إيجاد التقنية,"Summer Internship Program 2025 (Computer, Data, and AI Majors)",31.0,31.03618274507571,ridge
eastern-province-cys,124,InnovationTeam,Java Microservices Internship Programme (Saudi Nationals),35.5,35.53236895799832,ridge
eastern-province-cys,125,Tamkeen Technologies,On the Job Training (Internship Program) — Technology field,48.5,48.505712613085336,ridge
eastern-province-cys,126,Trendyol Group,Trendyol Tech Talent - Bootcamp & COOP Internship Program (Saudi Students Only),41.0,41.0300149992742,ridge
eastern-province-cys,127,Ninja نينجا,COOP Training Program,41.0,41.01021280809202,ridge
eastern-province-cys,128,SCAI | سكاي,CO-OP Training Opportunities (Intern),58.5,58.497671737682985,ridge
eastern-province-cys,129,WalaPlus,Coop & Tamheer Opportunities,44.5,44.512568122968354,ridge
eastern-province-cys,130,Aon,IT Co-op Trainee 2026,44.5,44.50640748529206,ridge
eastern-province-cys,131,Hewlett Packard Enterprise (HPE),College Intern (Coop),44.5,44.51024576134397,ridge
eastern-province-cys,132,Signify,KSA Coop Internship Program,44.5,44.508076304371144,ridge
eastern-province-cys,133,Help AG (e& enterprise),Cybersecurity Intern,53.0,52.974014589128345,ridge
eastern-province-cys,134,TrendAI (Trend Micro),CyberGATE Internship Program,53.0,52.98754274904389,ridge
eastern-province-cys,135,Golf Saudi,IT Co-op Trainee,44.5,44.50915021619766,ridge
eastern-province-cys,136,Siemens Healthineers,Healthineers Early Talent Program – IT (Riyadh),34.5,34.51388101676108,ridge
eastern-province-cys,137,1957 Ventures,Internship / Co-Op Program,44.5,44.51457853307194,ridge
eastern-province-cys,138,Nokia,Graduate Trainee (Saudi Arabia) – Fledgers Program,34.5,34.527410721264005,ridge
eastern-province-cys,139,Ericsson,Summer Interns (Ericsson Saudi),34.5,34.504523360810225,ridge
eastern-province-cys,140,Bosch Middle East,Software Development Intern (AI/Cloud),39.0,39.02909040837211,ridge
eastern-province-cys,141,Saudi Payments | المدفوعات السعودية,COOP Training – August 2024,63.0,62.9782274993988,ridge
eastern-province-cys,142,Saudi Tadawul Group | تداول,Cooperative Training Program (COOP),63.0,62.98401220454254,ridge
eastern-province-cys,143,Lean Technologies,Software Engineering Intern – KSA,34.5,34.5209498489307,ridge
eastern-province-cys,144,Mirai (Scopely) | مِراي,AI Engineering Intern (GenAI),34.5,34.54200745375121,ridge
eastern-province-cys,145,HungerStation | هنقرستيشن,"Co-OP Trainee, Data Analysis – Info Sec",63.0,63.003488210720974,ridge
eastern-province-cys,146,NCGR | المركز الوطني لنظم الموارد الحكومية,Coop Training Program,63.0,62.982368675630006,ridge
eastern-province-cys,147,nybl,nybl Graduate Programme – Saudi Nationals (AI Bootcamp),30.0,30.006753724894793,ridge
eastern-province-cys,148,Procter & Gamble (P&G),P&G LEADgen Internship Program 2026 (Riyadh),34.5,34.51419190051274,ridge
eastern-province-cys,149,New Murabba | المربع الجديد,New Murabba Co-op Training Program,58.5,58.4906194333733,ridge
eastern-province-cys,150,Boeing Saudi Arabia Limited,Intern - Info Technology & Data Analytics (Riyadh),53.0,52.995396561147956,ridge
eastern-province-cys,151,Motorola Solutions,Deployment Engineer Intern (KSA National - Tamheer Program),68.5,68.47727424993107,ridge
eastern-province-cys,152,Schneider Electric,Co-op Intern (Engineering) - Al Khobar (Jan–Aug 2026),68.5,68.44865082641132,ridge
eastern-province-cys,153,Lockheed Martin,Tamheer Space Internship (Riyadh),48.5,48.4845107072239,ridge
eastern-province-cys,154,Markaba | مركبة,Start-up Software Intern – TAMHEER (Saudi nationals only),45.0,44.99118489320727,ridge
eastern-province-cys,155,Laverne Group | مجموعة لافيرن,Data Analyst / Data Engineer Intern (IT Department),53.0,53.01186953498953,ridge
eastern-province-cys,156,Meel | ميل,"Software Developer Internship (Remote, min 2 months)",48.5,48.490017570677914,ridge
eastern-province-cys,157,Nahdi Medical Co.,IT Internship / COOP Program (6 months),63.5,63.47113127924517,ridge
eastern-province-cys,158,SMART Technology Solutions | سمارت لحلول التقنية,R&D Intern (Riyadh),48.5,48.49599058154733,ridge
eastern-province-cys,159,Knodemy Inc.,AI Developer & Tech Trainer Intern - Riyadh,48.5,48.51407973381753,ridge
eastern-province-cys,160,Water Transmission Company | شركة نقل المياه,Tamheer Internship Program (HRIS / Engineering & PM - Riyadh),48.5,48.49702148153916,ridge
eastern-province-cys,161,AFNOYS,"AI Automation Intern - KSA (Remote, 4 weeks)",48.5,48.491348794007365,ridge
eastern-province-cys,162,SAS,CareerStart@SAS 2026 - Presales Customer Intelligence Intern (Riyadh),33.0,33.03473795127985,ridge
eastern-province-cys,163,Devoteam,Trainee - Future Leaders Program (Co-op/Fresh Graduate),59.5,59.49883398436535,ridge
eastern-province-cys,164,ضالتي Dhallaty,Tech Intern: Fresh Grad or Student,47.0,46.99653802713748,ridge
eastern-province-cys,165,Innovative Solutions SA,Presales - Tamheer,49.5,49.47645553612945,ridge
eastern-province-cys,166,HUMAIN,Tamheer Program (Software Engineer / Cybersecurity / MIS),49.5,49.47469813664927,ridge
eastern-province-cys,167,TAM | تام,"Tamheer Opportunity, Advisory",5.5,5.495556512824699,ridge
eastern-province-cys,168,هيئة التأمين | Insurance Authority,Tamheer Opportunity - Specialist of Information Security,49.5,49.4711734481104,ridge
eastern-province-cys,169,Snbla | سنبله,Paid Internship Program (FinTech),33.0,33.034530477517116,ridge
eastern-province-cys,170,2P Perfect Presentation,Data Analyst (Tamheer),31.0,31.000465600700583,ridge
eastern-province-cys,171,Infosys,Summer Intern (Infosys InStep ’26 – Bangalore),33.0,32.99325657633659,ridge
eastern-province-cys,172,شركة الخدمات المدارة | Managed Services Company,Intern Cybersecurity Engineer,49.5,49.49248885198957,ridge
eastern-province-cys,173,Abunayyan Holding,Data Analyst (Tamheer),31.0,31.003100105152264,ridge
remote-only-de,1,Saudi Aramco,University Internship Program (UIP),34.5,34.53486609053347,ridge
remote-only-de,2,SABIC,COOP Training Program,37.5,37.52562877728536,ridge
remote-only-de,3,stc (Saudi Telecom Company),Cooperative Training Program (COOP),34.5,34.55631078804885,ridge
remote-only-de,4,Saudi National Bank (SNB),SNB Cooperative Training Program,44.5,44.51091757088598,ridge
remote-only-de,5,Al Rajhi Bank,Cooperative Training Program,44.5,44.50996420302344,ridge
remote-only-de,6,Capital Market Authority (CMA),COOP Program,34.5,34.5511932598389,ridge
remote-only-de,7,Digital Government Authority (DGA),Maidan Cooperative Training Program,34.5,34.54899003346293,ridge
remote-only-de,8,KPMG Saudi Arabia,COOP & Internship Programs,44.5,44.500372253312534,ridge
remote-only-de,9,PwC Middle East,"Deals, COOP and Summer Internship Programme (2026)",34.5,34.548932119970544,ridge
remote-only-de,10,Deloitte Middle East (KSA),Jusoor Al Sharqiyah Internship Program,34.5,34.536603144454475,ridge
remote-only-de,11,Bank Albilad,Cooperative & Summer Training Program,44.5,44.510578478267846,ridge
remote-only-de,12,Tamara,Tamara Builders Program,34.5,34.560209762684345,ridge
remote-only-de,13,Bupa Arabia,Cooperative Training Program,34.5,34.5374304292549,ridge
remote-only-de,14,Saudi Exports (Saudi Export Development Authority),COOP & Summer Training (FAQ-confirmed),44.5,44.491693948556986,ridge
remote-only-de,15,Local Content and Government Procurement Authority (LCGPA),COOP Training (role posting),34.5,34.52840322742185,ridge
remote-only-de,16,McKinsey & Company (Maqdira),Maqdira Fellowship Program,34.5,34.55436162724928,ridge
remote-only-de,17,Boston Consulting Group (BCG),Visiting Associate Internship (Riyadh),34.5,34.54120805754129,ridge
remote-only-de,18,Bain & Company,COOP Training Program (Riyadh),34.5,34.53619951054567,ridge
remote-only-de,19,Amazon Web Services (AWS),IT/Computer Hardware Internship (Intern-to-FTE Pathway),34.5,34.54648540582996,ridge
remote-only-de,20,Amazon Web Services (AWS) - Associate Solutions Architect Intern,Associate Solutions Architect Intern (2026),34.5,34.54430938693637,ridge
remote-only-de,21,Google (Saudi Arabia),Google Careers (Saudi location filter),33.0,33.03597281851307,ridge
remote-only-de,22,BlackRock,Client & Product Summer Internship Programme (EMEA) - includes Riyadh,44.5,44.54173382724169,ridge
remote-only-de,23,noon,Student Internship,34.5,34.5302604575691,ridge
remote-only-de,24,MOZN,Data Science Intern,54.5,54.5408275308208,ridge
remote-only-de,25,Elm,Elm Co-op Training Program (March 2026 Intake),34.5,34.53442883350135,ridge
remote-only-de,26,Yasref,Yasref Cooperative Training Program,37.5,37.53311030996498,ridge
remote-only-de,27,"Saudi Standards, Metrology and Quality Organization (SASO)",Cooperative Training (Collaborative Training),34.5,34.5414077490781,ridge
remote-only-de,28,"Zakat, Tax and Customs Authority (ZATCA)",Binaa-Alkafaat Program,39.5,39.49549698289855,ridge
remote-only-de,29,Human Resources Development Fund (HRDF) – Cooperative Training Product,Cooperative Training (HRDF product),25.0,24.942573881245178,ridge
remote-only-de,30,EXPRO,COOP Training (Future Makers Program),34.5,34.53074654240544,ridge
remote-only-de,31,Ministry of Industry and Mineral Resources (MIM) – Cooperative Training Initiative,Cooperative Training Initiative,25.0,24.956510284499203,ridge
remote-only-de,32,TBC (The Beauty Company),Cooperative Training Program,44.5,44.49298355220739,ridge
remote-only-de,33,National Center for Vegetation Cover Development & Combating Desertification (NCVC),COOP Training Program,34.5,34.53220709488325,ridge
remote-only-de,34,Saudi Power Procurement Company (SPPC),Future Power – COOP Training Program,34.5,34.5290544139162,ridge
remote-only-de,35,TBC (Tatweer Building Company),Cooperative Training Program,34.5,34.5485253755305,ridge
remote-only-de,36,PwC Middle East (Assurance COOP & Summer Internship Programme 2026),"Assurance, COOP and Summer Internship Programme 2026 – Middle East",34.5,34.546130925845134,ridge
remote-only-de,37,KAPSARC,Intern (Coop- Trainee),34.5,34.53899978683387,ridge
remote-only-de,38,BSF (Banque Saudi Fransi),COOP / Internship,34.5,34.520977853781275,ridge
remote-only-de,39,Saudi Food & Drug Authority (SFDA),COOP training (First semester 2025-2026 intake),44.5,44.51754229624851,ridge
remote-only-de,40,Saudi Power Procurement Company (SPPC) – Future Power (Business Admin COOP),Future Power – Business Administration COOP Training Program,34.5,34.53238082735703,ridge
remote-only-de,41,Bank Albilad,Cooperative and Summer Training Program,34.5,34.54459397250875,ridge
remote-only-de,42,The Saudi National Bank (SNB),SNB Rowad Program,29.5,29.53961270831557,ridge
remote-only-de,43,National Cybersecurity Authority (NCA) – Academy,Cybersecurity training programs (academy),39.5,39.54914204741439,ridge
remote-only-de,44,PIF | Graduate Development Program,Graduate Development Program (GDP),39.5,39.53692449931243,ridge
remote-only-de,45,NEOM | GrOW (Graduates Opportunities in Work),GrOW (Graduates Opportunities in Work),41.0,40.99580229933573,ridge
remote-only-de,46,ROSHN | COOP Trainee Program,COOP Trainee Program,34.5,34.53607154228723,ridge
remote-only-de,47,Microsoft | Ru'aa Program (Riyadh),Ru'aa Program Internship (Solution Engineering),34.5,34.55914740630193,ridge
remote-only-de,48,Oracle | Business Development Intern (KSA market),Business Development Intern (KSA market),46.0,45.97980276363492,ridge
remote-only-de,49,SAP | Student Internship (Riyadh),Student Internship - Riyadh,34.5,34.54545142260475,ridge
remote-only-de,50,SAB (Saudi Awwal Bank) | Cooperative Training Programme (COOP),SAB Cooperative Training Programme (COOP),34.5,34.53712089105437,ridge
remote-only-de,51,Ministry of Finance (Saudi Arabia) | Cooperative Training Program,Cooperative Training Program,36.0,36.0436235795374,ridge
remote-only-de,52,Ministry of Industry and Mineral Resources | Cooperative Training,Cooperative Training Initiative,46.0,45.97197443578649,ridge
remote-only-de,53,King Fahd Causeway Authority | Internship Program,Internship Program,41.0,41.01166340371363,ridge
remote-only-de,54,Tawuniya | Tamheer Program (Fresh Graduates),Tamheer Program,32.5,32.547167518396094,ridge
remote-only-de,55,SAMA | SAMA Professional Program (SPP),SAMA Professional Program (SPP),31.0,31.02333686170267,ridge
remote-only-de,56,HRDF | Cooperative Training Product,Cooperative Training Product,46.0,45.98034899591381,ridge
remote-only-de,57,IBM,"Automation, Data & AI – Intern",36.0,36.046915432990474,ridge
remote-only-de,58,Unifonic,Internship (Unifonic),34.5,34.55979280385271,ridge
remote-only-de,59,Misk Foundation,Misk Traineeship / Internship Program,32.5,32.549135708486716,ridge
remote-only-de,60,Cisco,Cisco NetVersity (Saudi Arabia),42.5,42.52036207347517,ridge
remote-only-de,61,KAUST,Visiting Student Research Program (VSRP) Internship,34.5,34.52662404266651,ridge
remote-only-de,62,General Authority for Statistics (GASTAT),Cooperative Training Program,44.5,44.563018303535785,ridge
remote-only-de,63,Saudi Center for Opinion Polling (SCOP),Cooperative Training Program,44.5,44.56353180565078,ridge
remote-only-de,64,Al Rajhi Takaful,Cooperative Training Program,34.5,34.54920700900966,ridge
remote-only-de,65,Expenditure & Projects Efficiency Authority (EXPRO),Future Makers (صنّاع المستقبل) – Cooperative Training,34.5,34.558107823340166,ridge
remote-only-de,66,Ministry of Finance (Saudi Arabia),Cooperative Training Program (Ministry of Finance),34.5,34.559469369635046,ridge
remote-only-de,67,General Entertainment Authority (GEA),GEA Cooperative Training Program,34.5,34.55643849429141,ridge
remote-only-de,68,Banque Saudi Fransi (BSF),COOP Training,34.5,34.54117647851431,ridge
remote-only-de,69,Arab National Bank (ANB),COOP Trainee,34.5,34.54281144511222,ridge
remote-only-de,70,Tamara,Builders Program,34.5,34.553368818670094,ridge
remote-only-de,71,OmniOps,Co‑op Training Program,34.5,34.55067572652021,ridge
remote-only-de,72,Tatweer Educational Technologies (TETCO),Cooperative Training Program,34.5,34.55149788889625,ridge
remote-only-de,73,The Saudi Investment Bank (SAIB),Cooperative Program,34.5,34.54980624227177,ridge
remote-only-de,74,Saudi Awwal Bank (SAB),COOP Program,34.5,34.54836567350917,ridge
remote-only-de,75,Riyad Bank,Internships and Coop Trainings (CSR 2019),34.5,34.54537551494653,ridge
remote-only-de,76,Tabby,Intern DevOps Engineer,44.5,44.52096346640542,ridge
remote-only-de,77,Tabby,Intern Backend (GO) Engineer,54.5,54.51847462956392,ridge
remote-only-de,78,Tabby,Intern Frontend Engineer,34.5,34.55888639021802,ridge
remote-only-de,79,Tabby,Intern Data Engineer,54.5,54.56774118573108,ridge
remote-only-de,80,Tabby,No-Code / AI Agents Engineering Intern,34.5,34.5614127785954,ridge
remote-only-de,81,Bank Albilad,Cooperative Training Program,44.5,44.51698167657206,ridge
remote-only-de,82,Saudi Ground Services (SGS),COOP Program,34.5,34.52893385281048,ridge
remote-only-de,83,CEER,Cooperative Training Program (COOP),34.5,34.54517571278344,ridge
remote-only-de,84,Al Rajhi Takaful,Coop Training Program,34.5,34.552322910865826,ridge
remote-only-de,85,TAWAL,COOP Training Program,34.5,34.55118205144932,ridge
remote-only-de,86,Wakeb_Data,COOP Training,34.5,34.55572601113951,ridge
remote-only-de,87,Banque Saudi Fransi (BSF),Coop Training Program,34.5,34.541871973656555,ridge
remote-only-de,88,Tech Economy,COOP Training Program,34.5,34.549492340031435,ridge
remote-only-de,89,SAMI Advanced Electronics (SAMI-AEC),Coop Trainee,34.5,34.54554585499342,ridge
remote-only-de,90,NHC,COOP Trainee,44.5,44.50730095586432,ridge
remote-only-de,91,REMAT ADVANCED,Cooperative Training Program,34.5,34.54824242968817,ridge
remote-only-de,92,SDM,AI COOP,44.5,44.56747589658769,ridge
remote-only-de,93,HUED,HUED COOP Program 2026,34.5,34.54729743100097,ridge
remote-only-de,94,Araamis • أرامس,Araamis COOP Program 2026,34.5,34.55139553617313,ridge
remote-only-de,95,ARDARA,COOP Training for Students,34.5,34.54777962660721,ridge
remote-only-de,96,flynas,COOP Trainee / Internship Program,34.5,34.551169007463926,ridge
remote-only-de,97,Saudi Motorsport Company (SMC),COOP Trainee (IT Asset Project Management),34.5,34.53045973970528,ridge
remote-only-de,98,Saudi Motorsport Company (SMC),COOP Trainee (Supply Chain Excellence Associate),34.5,34.537823580750285,ridge
remote-only-de,99,Mobily,Cooperative Training Program,34.5,34.54578842121175,ridge
remote-only-de,100,Saudi Awwal Bank (SAB),Student Opportunities: Cooperative / Practical Training,34.5,34.55132090397134,ridge
remote-only-de,101,Alvarez & Marsal,COOP Training Program,34.5,34.546443654418056,ridge
remote-only-de,102,Visa,COOP Trainee (Jan 2026),34.5,34.54661059278422,ridge
remote-only-de,103,Zain KSA,Evolve Program (Fresh Graduates),29.5,29.545853638608452,ridge
remote-only-de,104,Zain KSA,Zain Pioneers Program,29.5,29.55012039233456,ridge
remote-only-de,105,Savvy Games Group,Cooperative Training Program (Co-op),34.5,34.54529674744062,ridge
remote-only-de,106,Bank AlJazira,Tamheer Program,29.5,29.543427757110933,ridge
remote-only-de,107,sirar by stc,Cooperative Training Program,34.5,34.5437025374127,ridge
remote-only-de,108,Gathern,Co-op Program,34.5,34.54293450394246,ridge
remote-only-de,109,Elm Company (شركة علم),Coop Training - Computer Science (Jan/Mar/Jun/Aug 2025 Intake),34.5,34.55808729633194,ridge
remote-only-de,110,Elm Company (شركة علم),Co-Op Training - Information Technology (Jun & Aug 2025 Intake),34.5,34.55383395348369,ridge
remote-only-de,111,EJADA,COOP Administration & Support Engineer,34.5,34.54790366608262,ridge
remote-only-de,112,Emdad By Elm,Network Cooperative Training (Network Intern),34.5,34.546730762616896,ridge
remote-only-de,113,AILA,Co-op Training Programme,44.5,44.52352111739068,ridge
remote-only-de,114,Foodics,Foodics 360 Internship Program,34.5,34.56310365797523,ridge
remote-only-de,115,Salla,برنامج التدريب التعاوني (Coop Training) – Salla,34.5,34.527787010862525,ridge
remote-only-de,116,Lucidya,Technical Internship or Coop – Lucidya,34.5,34.537896814709946,ridge
remote-only-de,117,Diriyah Company,Diriyah Co-op Training Program,34.5,34.54884849832224,ridge
remote-only-de,118,Riyadh Air,Co-op – Riyadh Air,34.5,34.547141197309514,ridge
remote-only-de,119,Jahez Group,Jahez Internship Program (as described in Sustainability Report),34.5,34.55413825935699,ridge
remote-only-de,120,Lumi | لومي,COOP Intern 2025 – Lumi,34.5,34.55018427961069,ridge
remote-only-de,121,webook.com,COOP Trainee Opportunities – webook.com,34.5,34.547241182115016,ridge
remote-only-de,122,moneymoon,Tech & AI Co-op Program 2025,44.5,44.561157971756934,ridge
remote-only-de,123,EjadTech - إيجاد التقنية,"Summer Internship Program 2025 (Computer, Data, and AI Majors)",46.0,46.03335978259343,ridge
remote-only-de,124,InnovationTeam,Java Microservices Internship Programme (Saudi Nationals),46.0,46.029429026072506,ridge
remote-only-de,125,Tamkeen Technologies,On the Job Training (Internship Program) — Technology field,34.5,34.56559487619509,ridge
remote-only-de,126,Trendyol Group,Trendyol Tech Talent - Bootcamp & COOP Internship Program (Saudi Students Only),36.0,36.03693854997487,ridge
remote-only-de,127,Ninja نينجا,COOP Training Program,36.0,36.01846342860744,ridge
remote-only-de,128,SCAI | سكاي,CO-OP Training Opportunities (Intern),44.5,44.55253623712303,ridge
remote-only-de,129,WalaPlus,Coop & Tamheer Opportunities,34.5,34.540985581457434,ridge
remote-only-de,130,Aon,IT Co-op Trainee 2026,34.5,34.53395567380633,ridge
remote-only-de,131,Hewlett Packard Enterprise (HPE),College Intern (Coop),34.5,34.53880459643608,ridge
remote-only-de,132,Signify,KSA Coop Internship Program,34.5,34.5361537103971,ridge
remote-only-de,133,Help AG (e& enterprise),Cybersecurity Intern,34.5,34.5333373191436,ridge
remote-only-de,134,TrendAI (Trend Micro),CyberGATE Internship Program,34.5,34.547563606640935,ridge
remote-only-de,135,Golf Saudi,IT Co-op Trainee,34.5,34.5366098850772,ridge
remote-only-de,136,Siemens Healthineers,Healthineers Early Talent Program – IT (Riyadh),34.5,34.53859848840213,ridge
remote-only-de,137,1957 Ventures,Internship / Co-Op Program,34.5,34.54274852364685,ridge
remote-only-de,138,Nokia,Graduate Trainee (Saudi Arabia) – Fledgers Program,39.5,39.54572356499171,ridge
remote-only-de,139,Ericsson,Summer Interns (Ericsson Saudi),34.5,34.52878358479768,ridge
remote-only-de,140,Bosch Middle East,Software Development Intern (AI/Cloud),44.5,44.54809102711119,ridge
remote-only-de,141,Saudi Payments | المدفوعات السعودية,COOP Training – August 2024,34.5,34.54180237200883,ridge
remote-only-de,142,Saudi Tadawul Group | تداول,Cooperative Training Program (COOP),34.5,34.54812711526511,ridge
remote-only-de,143,Lean Technologies,Software Engineering Intern – KSA,54.5,54.53041539500576,ridge
remote-only-de,144,Mirai (Scopely) | مِراي,AI Engineering Intern (GenAI),44.5,44.55957718256285,ridge
remote-only-de,145,HungerStation | هنقرستيشن,"Co-OP Trainee, Data Analysis – Info Sec",54.5,54.551266897632715,ridge
remote-only-de,146,NCGR | المركز الوطني لنظم الموارد الحكومية,Coop Training Program,34.5,34.5461714275768,ridge
remote-only-de,147,nybl,nybl Graduate Programme – Saudi Nationals (AI Bootcamp),29.5,29.53055389068729,ridge
remote-only-de,148,Procter & Gamble (P&G),P&G LEADgen Internship Program 2026 (Riyadh),34.5,34.54040392136689,ridge
remote-only-de,149,New Murabba | المربع الجديد,New Murabba Co-op Training Program,34.5,34.5525852430393,ridge
remote-only-de,150,Boeing Saudi Arabia Limited,Intern - Info Technology & Data Analytics (Riyadh),34.5,34.556297080144674,ridge
remote-only-de,151,Motorola Solutions,Deployment Engineer Intern (KSA National - Tamheer Program),34.5,34.552398435355855,ridge
remote-only-de,152,Schneider Electric,Co-op Intern (Engineering) - Al Khobar (Jan–Aug 2026),34.5,34.54144558685701,ridge
remote-only-de,153,Lockheed Martin,Tamheer Space Internship (Riyadh),34.5,34.54648745498653,ridge
remote-only-de,154,Markaba | مركبة,Start-up Software Intern – TAMHEER (Saudi nationals only),36.0,36.030847660406266,ridge
remote-only-de,155,Laverne Group | مجموعة لافيرن,Data Analyst / Data Engineer Intern (IT Department),44.5,44.56523046914436,ridge
remote-only-de,156,Meel | ميل,"Software Developer Internship (Remote, min 2 months)",49.5,49.494212984086886,ridge
remote-only-de,157,Nahdi Medical Co.,IT Internship / COOP Program (6 months),44.5,44.518350220601036,ridge
remote-only-de,158,SMART Technology Solutions | سمارت لحلول التقنية,R&D Intern (Riyadh),34.5,34.55767953988362,ridge
remote-only-de,159,Knodemy Inc.,AI Developer & Tech Trainer Intern - Riyadh,44.5,44.567201659442176,ridge
remote-only-de,160,Water Transmission Company | شركة نقل المياه,Tamheer Internship Program (HRIS / Engineering & PM - Riyadh),34.5,34.556038999220405,ridge
remote-only-de,161,AFNOYS,"AI Automation Intern - KSA (Remote, 4 weeks)",49.5,49.4945520486707,ridge
remote-only-de,162,SAS,CareerStart@SAS 2026 - Presales Customer Intelligence Intern (Riyadh),38.0,38.0396870759795,ridge
remote-only-de,163,Devoteam,Trainee - Future Leaders Program (Co-op/Fresh Graduate),36.0,36.04323012809132,ridge
remote-only-de,164,ضالتي Dhallaty,Tech Intern: Fresh Grad or Student,38.0,38.03596935970769,ridge
remote-only-de,165,Innovative Solutions SA,Presales - Tamheer,36.0,36.01651275051789,ridge
remote-only-de,166,HUMAIN,Tamheer Program (Software Engineer / Cybersecurity / MIS),36.0,36.0147489024192,ridge
remote-only-de,167,TAM | تام,"Tamheer Opportunity, Advisory",15.0,14.99505746280277,ridge
remote-only-de,168,هيئة التأمين | Insurance Authority,Tamheer Opportunity - Specialist of Information Security,36.0,36.010228250167316,ridge
remote-only-de,169,Snbla | سنبله,Paid Internship Program (FinTech),38.0,38.040441542272404,ridge
remote-only-de,170,2P Perfect Presentation,Data Analyst (Tamheer),36.0,36.005291197396794,ridge
remote-only-de,171,Infosys,Summer Intern (Infosys InStep ’26 – Bangalore),37.5,37.515752788420656,ridge
remote-only-de,172,شركة الخدمات المدارة | Managed Services Company,Intern Cybersecurity Engineer,36.0,36.034182426880896,ridge
remote-only-de,173,Abunayyan Holding,Data Analyst (Tamheer),36.0,36.00816847498079,ridge
no-interview-ft,1,Saudi Aramco,University Internship Program (UIP),29.5,29.545851241724638,ridge
no-interview-ft,2,SABIC,COOP Training Program,32.5,32.53999290271088,ridge
no-interview-ft,3,stc (Saudi Telecom Company),Cooperative Training Program (COOP),39.5,39.53698844984484,ridge
no-interview-ft,4,Saudi National Bank (SNB),SNB Cooperative Training Program,34.5,34.538404615442,ridge
no-interview-ft,5,Al Rajhi Bank,Cooperative Training Program,34.5,34.53876587583099,ridge
no-interview-ft,6,Capital Market Authority (CMA),COOP Program,39.5,39.53328423772989,ridge
no-interview-ft,7,Digital Government Authority (DGA),Maidan Cooperative Training Program,39.5,39.53183419949819,ridge
no-interview-ft,8,KPMG Saudi Arabia,COOP & Internship Programs,34.5,34.52891296112551,ridge
no-interview-ft,9,PwC Middle East,"Deals, COOP and Summer Internship Programme (2026)",39.5,39.528703255125585,ridge
no-interview-ft,10,Deloitte Middle East (KSA),Jusoor Al Sharqiyah Internship Program,39.5,39.546295783036385,ridge
no-interview-ft,11,Bank Albilad,Cooperative & Summer Training Program,34.5,34.538788786950846,ridge
no-interview-ft,12,Tamara,Tamara Builders Program,39.5,39.54148447976256,ridge
no-interview-ft,13,Bupa Arabia,Cooperative Training Program,39.5,39.5209638967261,ridge
no-interview-ft,14,Saudi Exports (Saudi Export Development Authority),COOP & Summer Training (FAQ-confirmed),34.5,34.51997252560976,ridge
no-interview-ft,15,Local Content and Government Procurement Authority (LCGPA),COOP Training (role posting),39.5,39.51180246917398,ridge
no-interview-ft,16,McKinsey & Company (Maqdira),Maqdira Fellowship Program,39.5,39.53562843347221,ridge
no-interview-ft,17,Boston Consulting Group (BCG),Visiting Associate Internship (Riyadh),39.5,39.52278504033845,ridge
no-interview-ft,18,Bain & Company,COOP Training Program (Riyadh),39.5,39.51946849375568,ridge
no-interview-ft,19,Amazon Web Services (AWS),IT/Computer Hardware Internship (Intern-to-FTE Pathway),49.5,49.522575507929155,ridge
no-interview-ft,20,Amazon Web Services (AWS) - Associate Solutions Architect Intern,Associate Solutions Architect Intern (2026),49.5,49.51891949652444,ridge
no-interview-ft,21,Google (Saudi Arabia),Google Careers (Saudi location filter),39.5,39.52991082863515,ridge
no-interview-ft,22,BlackRock,Client & Product Summer Internship Programme (EMEA) - includes Riyadh,69.5,69.51264826118523,ridge
no-interview-ft,23,noon,Student Internship,49.5,49.51357404257857,ridge
no-interview-ft,24,MOZN,Data Science Intern,69.5,69.51988597101355,ridge
no-interview-ft,25,Elm,Elm Co-op Training Program (March 2026 Intake),39.5,39.517969743477146,ridge
no-interview-ft,26,Yasref,Yasref Cooperative Training Program,32.5,32.544669421474865,ridge
no-interview-ft,27,"Saudi Standards, Metrology and Quality Organization (SASO)",Cooperative Training (Collaborative Training),39.5,39.524419727847686,ridge
no-interview-ft,28,"Zakat, Tax and Customs Authority (ZATCA)",Binaa-Alkafaat Program,34.5,34.52243485424789,ridge
no-interview-ft,29,Human Resources Development Fund (HRDF) – Cooperative Training Product,Cooperative Training (HRDF product),15.0,14.967977138808493,ridge
no-interview-ft,30,EXPRO,COOP Training (Future Makers Program),39.5,39.51380662356759,ridge
no-interview-ft,31,Ministry of Industry and Mineral Resources (MIM) – Cooperative Training Initiative,Cooperative Training Initiative,15.0,14.982084478402022,ridge
no-interview-ft,32,TBC (The Beauty Company),Cooperative Training Program,34.5,34.523881367369015,ridge
no-interview-ft,33,National Center for Vegetation Cover Development & Combating Desertification (NCVC),COOP Training Program,39.5,39.513844556234744,ridge
no-interview-ft,34,Saudi Power Procurement Company (SPPC),Future Power – COOP Training Program,39.5,39.510476473005234,ridge
no-interview-ft,35,TBC (Tatweer Building Company),Cooperative Training Program,39.5,39.52926880741273,ridge
no-interview-ft,36,PwC Middle East (Assurance COOP & Summer Internship Programme 2026),"Assurance, COOP and Summer Internship Programme 2026 – Middle East",39.5,39.523532659631044,ridge
no-interview-ft,37,KAPSARC,Intern (Coop- Trainee),39.5,39.51930126708735,ridge
no-interview-ft,38,BSF (Banque Saudi Fransi),COOP / Internship,29.5,29.533041478011423,ridge
no-interview-ft,39,Saudi Food & Drug Authority (SFDA),COOP training (First semester 2025-2026 intake),34.5,34.543425878181765,ridge
no-interview-ft,40,Saudi Power Procurement Company (SPPC) – Future Power (Business Admin COOP),Future Power – Business Administration COOP Training Program,39.5,39.51108259985038,ridge
no-interview-ft,41,Bank Albilad,Cooperative and Summer Training Program,39.5,39.52679119762048,ridge
no-interview-ft,42,The Saudi National Bank (SNB),SNB Rowad Program,39.5,39.520124684111806,ridge
no-interview-ft,43,National Cybersecurity Authority (NCA) – Academy,Cybersecurity training programs (academy),44.5,44.52871096694035,ridge
no-interview-ft,44,PIF | Graduate Development Program,Graduate Development Program (GDP),59.5,59.50657590980754,ridge
no-interview-ft,45,NEOM | GrOW (Graduates Opportunities in Work),GrOW (Graduates Opportunities in Work),36.0,36.01967328855034,ridge
no-interview-ft,46,ROSHN | COOP Trainee Program,COOP Trainee Program,39.5,39.51624076953148,ridge
no-interview-ft,47,Microsoft | Ru'aa Program (Riyadh),Ru'aa Program Internship (Solution Engineering),49.5,49.53288460056792,ridge
no-interview-ft,48,Oracle | Business Development Intern (KSA market),Business Development Intern (KSA market),46.0,46.00138193634722,ridge
no-interview-ft,49,SAP | Student Internship (Riyadh),Student Internship - Riyadh,49.5,49.52360894025378,ridge
no-interview-ft,50,SAB (Saudi Awwal Bank) | Cooperative Training Programme (COOP),SAB Cooperative Training Programme (COOP),39.5,39.516447130488515,ridge
no-interview-ft,51,Ministry of Finance (Saudi Arabia) | Cooperative Training Program,Cooperative Training Program,41.0,41.02387099943284,ridge
no-interview-ft,52,Ministry of Industry and Mineral Resources | Cooperative Training,Cooperative Training Initiative,36.0,35.99859126370479,ridge
no-interview-ft,53,King Fahd Causeway Authority | Internship Program,Internship Program,46.0,46.021184957227696,ridge
no-interview-ft,54,Tawuniya | Tamheer Program (Fresh Graduates),Tamheer Program,42.5,42.524438219431644,ridge
no-interview-ft,55,SAMA | SAMA Professional Program (SPP),SAMA Professional Program (SPP),41.0,40.99950180221079,ridge
no-interview-ft,56,HRDF | Cooperative Training Product,Cooperative Training Product,36.0,36.00629064291396,ridge
no-interview-ft,57,IBM,"Automation, Data & AI – Intern",51.0,51.02224598934607,ridge
no-interview-ft,58,Unifonic,Internship (Unifonic),49.5,49.538084210984806,ridge
no-interview-ft,59,Misk Foundation,Misk Traineeship / Internship Program,42.5,42.5277206501287,ridge
no-interview-ft,60,Cisco,Cisco NetVersity (Saudi Arabia),37.5,37.545425783507135,ridge
no-interview-ft,61,KAUST,Visiting Student Research Program (VSRP) Internship,39.5,39.53617063617569,ridge
no-interview-ft,62,General Authority for Statistics (GASTAT),Cooperative Training Program,59.5,59.53519823040049,ridge
no-interview-ft,63,Saudi Center for Opinion Polling (SCOP),Cooperative Training Program,59.5,59.5358015196268,ridge
no-interview-ft,64,Al Rajhi Takaful,Cooperative Training Program,39.5,39.52863633427002,ridge
no-interview-ft,65,Expenditure & Projects Efficiency Authority (EXPRO),Future Makers (صنّاع المستقبل) – Cooperative Training,39.5,39.53734764324986,ridge
no-interview-ft,66,Ministry of Finance (Saudi Arabia),Cooperative Training Program (Ministry of Finance),39.5,39.53861371586767,ridge
no-interview-ft,67,General Entertainment Authority (GEA),GEA Cooperative Training Program,39.5,39.53678155738473,ridge
no-interview-ft,68,Banque Saudi Fransi (BSF),COOP Training,39.5,39.521013311195354,ridge
no-interview-ft,69,Arab National Bank (ANB),COOP Trainee,39.5,39.52516442040691,ridge
no-interview-ft,70,Tamara,Builders Program,39.5,39.53559786149571,ridge
no-interview-ft,71,OmniOps,Co‑op Training Program,39.5,39.531613100141584,ridge
no-interview-ft,72,Tatweer Educational Technologies (TETCO),Cooperative Training Program,39.5,39.532382056009276,ridge
no-interview-ft,73,The Saudi Investment Bank (SAIB),Cooperative Program,39.5,39.53030827339572,ridge
no-interview-ft,74,Saudi Awwal Bank (SAB),COOP Program,39.5,39.52992664197164,ridge
no-interview-ft,75,Riyad Bank,Internships and Coop Trainings (CSR 2019),39.5,39.52809428490478,ridge
no-interview-ft,76,Tabby,Intern DevOps Engineer,49.5,49.53281600255285,ridge
no-interview-ft,77,Tabby,Intern Backend (GO) Engineer,69.5,69.52349062956831,ridge
no-interview-ft,78,Tabby,Intern Frontend Engineer,49.5,49.536751092730825,ridge
no-interview-ft,79,Tabby,Intern Data Engineer,69.5,69.545445296974,ridge
no-interview-ft,80,Tabby,No-Code / AI Agents Engineering Intern,49.5,49.53799932627357,ridge
no-interview-ft,81,Bank Albilad,Cooperative Training Program,34.5,34.54506112449596,ridge
no-interview-ft,82,Saudi Ground Services (SGS),COOP Program,29.5,29.54214555568839,ridge
no-interview-ft,83,CEER,Cooperative Training Program (COOP),39.5,39.52706775716567,ridge
no-interview-ft,84,Al Rajhi Takaful,Coop Training Program,39.5,39.53341464590795,ridge
no-interview-ft,85,TAWAL,COOP Training Program,39.5,39.53192375429251,ridge
no-interview-ft,86,Wakeb_Data,COOP Training,39.5,39.53648322492771,ridge
no-interview-ft,87,Banque Saudi Fransi (BSF),Coop Training Program,39.5,39.52266063962523,ridge
no-interview-ft,88,Tech Economy,COOP Training Program,39.5,39.53088602237314,ridge
no-interview-ft,89,SAMI Advanced Electronics (SAMI-AEC),Coop Trainee,39.5,39.52517149444523,ridge
no-interview-ft,90,NHC,COOP Trainee,34.5,34.53618486627674,ridge
no-interview-ft,91,REMAT ADVANCED,Cooperative Training Program,39.5,39.52848320525402,ridge
no-interview-ft,92,SDM,AI COOP,39.5,39.55374468495275,ridge
no-interview-ft,93,HUED,HUED COOP Program 2026,39.5,39.5275290240706,ridge
no-interview-ft,94,Araamis • أرامس,Araamis COOP Program 2026,39.5,39.53120548046375,ridge
no-interview-ft,95,ARDARA,COOP Training for Students,39.5,39.529291787459954,ridge
no-interview-ft,96,flynas,COOP Trainee / Internship Program,39.5,39.53271785985568,ridge
no-interview-ft,97,Saudi Motorsport Company (SMC),COOP Trainee (IT Asset Project Management),29.5,29.539716247431755,ridge
no-interview-ft,98,Saudi Motorsport Company (SMC),COOP Trainee (Supply Chain Excellence Associate),29.5,29.548175459884845,ridge
no-interview-ft,99,Mobily,Cooperative Training Program,39.5,39.529909024446695,ridge
no-interview-ft,100,Saudi Awwal Bank (SAB),Student Opportunities: Cooperative / Practical Training,39.5,39.53260080213454,ridge
no-interview-ft,101,Alvarez & Marsal,COOP Training Program,39.5,39.529267354890536,ridge
no-interview-ft,102,Visa,COOP Trainee (Jan 2026),39.5,39.5254337478398,ridge
no-interview-ft,103,Zain KSA,Evolve Program (Fresh Graduates),39.5,39.524911727411975,ridge
no-interview-ft,104,Zain KSA,Zain Pioneers Program,39.5,39.52932501247534,ridge
no-interview-ft,105,Savvy Games Group,Cooperative Training Program (Co-op),39.5,39.52613802762543,ridge
no-interview-ft,106,Bank AlJazira,Tamheer Program,39.5,39.52325722427336,ridge
no-interview-ft,107,sirar by stc,Cooperative Training Program,39.5,39.52287049841634,ridge
no-interview-ft,108,Gathern,Co-op Program,39.5,39.52207486376932,ridge
no-interview-ft,109,Elm Company (شركة علم),Coop Training - Computer Science (Jan/Mar/Jun/Aug 2025 Intake),39.5,39.53713321260477,ridge
no-interview-ft,110,Elm Company (شركة علم),Co-Op Training - Information Technology (Jun & Aug 2025 Intake),39.5,39.53267013671213,ridge
no-interview-ft,111,EJADA,COOP Administration & Support Engineer,39.5,39.52697179694367,ridge
no-interview-ft,112,Emdad By Elm,Network Cooperative Training (Network Intern),29.5,29.555004415714684,ridge
no-interview-ft,113,AILA,Co-op Training Programme,39.5,39.538319825931225,ridge
no-interview-ft,114,Foodics,Foodics 360 Internship Program,49.5,49.539313649061796,ridge
no-interview-ft,115,Salla,برنامج التدريب التعاوني (Coop Training) – Salla,29.5,29.540499818777437,ridge
no-interview-ft,116,Lucidya,Technical Internship or Coop – Lucidya,29.5,29.54788657594853,ridge
no-interview-ft,117,Diriyah Company,Diriyah Co-op Training Program,39.5,39.53099247322355,ridge
no-interview-ft,118,Riyadh Air,Co-op – Riyadh Air,39.5,39.527806063050704,ridge
no-interview-ft,119,Jahez Group,Jahez Internship Program (as described in Sustainability Report),49.5,49.53110658468212,ridge
no-interview-ft,120,Lumi | لومي,COOP Intern 2025 – Lumi,39.5,39.531716783342986,ridge
no-interview-ft,121,webook.com,COOP Trainee Opportunities – webook.com,39.5,39.52776009853977,ridge
no-interview-ft,122,moneymoon,Tech & AI Co-op Program 2025,39.5,39.54584007769087,ridge
no-interview-ft,123,EjadTech - إيجاد التقنية,"Summer Internship Program 2025 (Computer, Data, and AI Majors)",51.0,51.01565275189438,ridge
no-interview-ft,124,InnovationTeam,Java Microservices Internship Programme (Saudi Nationals),71.0,70.99422753111331,ridge
no-interview-ft,125,Tamkeen Technologies,On the Job Training (Internship Program) — Technology field,49.5,49.54039837432295,ridge
no-interview-ft,126,Trendyol Group,Trendyol Tech Talent - Bootcamp & COOP Internship Program (Saudi Students Only),41.0,41.013800017410894,ridge
no-interview-ft,127,Ninja نينجا,COOP Training Program,41.0,40.99827442807476,ridge
no-interview-ft,128,SCAI | سكاي,CO-OP Training Opportunities (Intern),39.5,39.538864471925606,ridge
no-interview-ft,129,WalaPlus,Coop & Tamheer Opportunities,39.5,39.520240305140355,ridge
no-interview-ft,130,Aon,IT Co-op Trainee 2026,39.5,39.512280783086354,ridge
no-interview-ft,131,Hewlett Packard Enterprise (HPE),College Intern (Coop),39.5,39.518040031761245,ridge
no-interview-ft,132,Signify,KSA Coop Internship Program,39.5,39.51580919875831,ridge
no-interview-ft,133,Help AG (e& enterprise),Cybersecurity Intern,49.5,49.508711293348675,ridge
no-interview-ft,134,TrendAI (Trend Micro),CyberGATE Internship Program,49.5,49.522278925013715,ridge
no-interview-ft,135,Golf Saudi,IT Co-op Trainee,39.5,39.51452867953363,ridge
no-interview-ft,136,Siemens Healthineers,Healthineers Early Talent Program – IT (Riyadh),49.5,49.51380569704056,ridge
no-interview-ft,137,1957 Ventures,Internship / Co-Op Program,39.5,39.5213064198571,ridge
no-interview-ft,138,Nokia,Graduate Trainee (Saudi Arabia) – Fledgers Program,39.5,39.5290520115113,ridge
no-interview-ft,139,Ericsson,Summer Interns (Ericsson Saudi),49.5,49.50405384353484,ridge
no-interview-ft,140,Bosch Middle East,Software Development Intern (AI/Cloud),49.5,49.53005933635217,ridge
no-interview-ft,141,Saudi Payments | المدفوعات السعودية,COOP Training – August 2024,39.5,39.521127293842866,ridge
no-interview-ft,142,Saudi Tadawul Group | تداول,Cooperative Training Program (COOP),39.5,39.52761760809554,ridge
no-interview-ft,143,Lean Technologies,Software Engineering Intern – KSA,69.5,69.50513710831103,ridge
no-interview-ft,144,Mirai (Scopely) | مِراي,AI Engineering Intern (GenAI),49.5,49.541507582755806,ridge
no-interview-ft,145,HungerStation | هنقرستيشن,"Co-OP Trainee, Data Analysis – Info Sec",59.5,59.5284546853002,ridge
no-interview-ft,146,NCGR | المركز الوطني لنظم الموارد الحكومية,Coop Training Program,39.5,39.52492764362474,ridge
no-interview-ft,147,nybl,nybl Graduate Programme – Saudi Nationals (AI Bootcamp),39.5,39.50695218637452,ridge
no-interview-ft,148,Procter & Gamble (P&G),P&G LEADgen Internship Program 2026 (Riyadh),49.5,49.51769037305058,ridge
no-interview-ft,149,New Murabba | المربع الجديد,New Murabba Co-op Training Program,39.5,39.53089187674143,ridge
no-interview-ft,150,Boeing Saudi Arabia Limited,Intern - Info Technology & Data Analytics (Riyadh),49.5,49.53181608631691,ridge
no-interview-ft,151,Motorola Solutions,Deployment Engineer Intern (KSA National - Tamheer Program),39.5,39.53208036146272,ridge
no-interview-ft,152,Schneider Electric,Co-op Intern (Engineering) - Al Khobar (Jan–Aug 2026),29.5,29.55177882865955,ridge
no-interview-ft,153,Lockheed Martin,Tamheer Space Internship (Riyadh),39.5,39.529238768886856,ridge
no-interview-ft,154,Markaba | مركبة,Start-up Software Intern – TAMHEER (Saudi nationals only),41.0,41.011152689860346,ridge
no-interview-ft,155,Laverne Group | مجموعة لافيرن,Data Analyst / Data Engineer Intern (IT Department),69.5,69.5328925446541,ridge
no-interview-ft,156,Meel | ميل,"Software Developer Internship (Remote, min 2 months)",44.5,44.53728632376862,ridge
no-interview-ft,157,Nahdi Medical Co.,IT Internship / COOP Program (6 months),34.5,34.545012127628624,ridge
no-interview-ft,158,SMART Technology Solutions | سمارت لحلول التقنية,R&D Intern (Riyadh),49.5,49.535703749892484,ridge
no-interview-ft,159,Knodemy Inc.,AI Developer & Tech Trainer Intern - Riyadh,49.5,49.55023134954552,ridge
no-interview-ft,160,Water Transmission Company | شركة نقل المياه,Tamheer Internship Program (HRIS / Engineering & PM - Riyadh),39.5,39.53433635800553,ridge
no-interview-ft,161,AFNOYS,"AI Automation Intern - KSA (Remote, 4 weeks)",44.5,44.53659508579519,ridge
no-interview-ft,162,SAS,CareerStart@SAS 2026 - Presales Customer Intelligence Intern (Riyadh),49.5,49.52826124974683,ridge
no-interview-ft,163,Devoteam,Trainee - Future Leaders Program (Co-op/Fresh Graduate),41.0,41.022517697115866,ridge
no-interview-ft,164,ضالتي Dhallaty,Tech Intern: Fresh Grad or Student,49.5,49.52599806741901,ridge
no-interview-ft,165,Innovative Solutions SA,Presales - Tamheer,41.0,40.99646955430726,ridge
no-interview-ft,166,HUMAIN,Tamheer Program (Software Engineer / Cybersecurity / MIS),41.0,40.994673140558945,ridge
no-interview-ft,167,TAM | تام,"Tamheer Opportunity, Advisory",41.0,40.927299382156654,ridge
no-interview-ft,168,هيئة التأمين | Insurance Authority,Tamheer Opportunity - Specialist of Information Security,41.0,40.98932194068378,ridge
no-interview-ft,169,Snbla | سنبله,Paid Internship Program (FinTech),49.5,49.529839096269576,ridge
no-interview-ft,170,2P Perfect Presentation,Data Analyst (Tamheer),41.0,40.985489651462004,ridge
no-interview-ft,171,Infosys,Summer Intern (Infosys InStep ’26 – Bangalore),42.5,42.52291969484297,ridge
no-interview-ft,172,شركة الخدمات المدارة | Managed Services Company,Intern Cybersecurity Engineer,51.0,51.012323151690914,ridge
no-interview-ft,173,Abunayyan Holding,Data Analyst (Tamheer),41.0,40.988550612714626,ridge
qual-ielts-intern,1,Saudi Aramco,University Internship Program (UIP),44.0,43.992243284220166,ridge
qual-ielts-intern,2,SABIC,COOP Training Program,47.0,46.985146844053325,ridge
qual-ielts-intern,3,stc (Saudi Telecom Company),Cooperative Training Program (COOP),44.0,44.01380014872089,ridge
qual-ielts-intern,4,Saudi National Bank (SNB),SNB Cooperative Training Program,49.0,48.98446863108039,ridge
qual-ielts-intern,5,Al Rajhi Bank,Cooperative Training Program,49.0,48.98474684229829,ridge
qual-ielts-intern,6,Capital Market Authority (CMA),COOP Program,44.0,44.009712769603965,ridge
qual-ielts-intern,7,Digital Government Authority (DGA),Maidan Cooperative Training Program,44.0,44.00823327547121,ridge
qual-ielts-intern,8,KPMG Saudi Arabia,COOP & Internship Programs,49.0,48.974196527833925,ridge
qual-ielts-intern,9,PwC Middle East,"Deals, COOP and Summer Internship Programme (2026)",48.5,48.50396555592696,ridge
qual-ielts-intern,10,Deloitte Middle East (KSA),Jusoor Al Sharqiyah Internship Program,58.5,58.49002906026734,ridge
qual-ielts-intern,11,Bank Albilad,Cooperative & Summer Training Program,53.5,53.482628687778075,ridge
qual-ielts-intern,12,Tamara,Tamara Builders Program,48.5,48.516159845626355,ridge
qual-ielts-intern,13,Bupa Arabia,Cooperative Training Program,44.0,43.99718568205756,ridge
qual-ielts-intern,14,Saudi Exports (Saudi Export Development Authority),COOP & Summer Training (FAQ-confirmed),49.0,48.96607673728666,ridge
qual-ielts-intern,15,Local Content and Government Procurement Authority (LCGPA),COOP Training (role posting),44.0,43.98826562895549,ridge
qual-ielts-intern,16,McKinsey & Company (Maqdira),Maqdira Fellowship Program,48.5,48.510397147682696,ridge
qual-ielts-intern,17,Boston Consulting Group (BCG),Visiting Associate Internship (Riyadh),44.0,43.99954451672298,ridge
qual-ielts-intern,18,Bain & Company,COOP Training Program (Riyadh),44.0,43.995841632168236,ridge
qual-ielts-intern,19,Amazon Web Services (AWS),IT/Computer Hardware Internship (Intern-to-FTE Pathway),58.5,58.49804168934514,ridge
qual-ielts-intern,20,Amazon Web Services (AWS) - Associate Solutions Architect Intern,Associate Solutions Architect Intern (2026),58.5,58.49480632154947,ridge
qual-ielts-intern,21,Google (Saudi Arabia),Google Careers (Saudi location filter),47.0,47.010688407668304,ridge
qual-ielts-intern,22,BlackRock,Client & Product Summer Internship Programme (EMEA) - includes Riyadh,65.17,65.16417588299153,ridge
qual-ielts-intern,23,noon,Student Internship,54.0,53.98950140577284,ridge
qual-ielts-intern,24,MOZN,Data Science Intern,51.17,51.20460332972784,ridge
qual-ielts-intern,25,Elm,Elm Co-op Training Program (March 2026 Intake),44.0,43.99395223722911,ridge
qual-ielts-intern,26,Yasref,Yasref Cooperative Training Program,51.5,51.4885705802147,ridge
qual-ielts-intern,27,"Saudi Standards, Metrology and Quality Organization (SASO)",Cooperative Training (Collaborative Training),48.5,48.499331171125824,ridge
qual-ielts-intern,28,"Zakat, Tax and Customs Authority (ZATCA)",Binaa-Alkafaat Program,49.0,48.96800115500392,ridge
qual-ielts-intern,29,Human Resources Development Fund (HRDF) – Cooperative Training Product,Cooperative Training (HRDF product),10.5,10.468023817426669,ridge
qual-ielts-intern,30,EXPRO,COOP Training (Future Makers Program),44.0,43.99022330221277,ridge
qual-ielts-intern,31,Ministry of Industry and Mineral Resources (MIM) – Cooperative Training Initiative,Cooperative Training Initiative,10.5,10.482780174888163,ridge
qual-ielts-intern,32,TBC (The Beauty Company),Cooperative Training Program,49.0,48.96871834308386,ridge
qual-ielts-intern,33,National Center for Vegetation Cover Development & Combating Desertification (NCVC),COOP Training Program,44.0,43.99067676075619,ridge
qual-ielts-intern,34,Saudi Power Procurement Company (SPPC),Future Power – COOP Training Program,44.0,43.98789989424331,ridge
qual-ielts-intern,35,TBC (Tatweer Building Company),Cooperative Training Program,50.67,50.667750362921964,ridge
qual-ielts-intern,36,PwC Middle East (Assurance COOP & Summer Internship Programme 2026),"Assurance, COOP and Summer Internship Programme 2026 – Middle East",55.17,55.16106923907327,ridge
qual-ielts-intern,37,KAPSARC,Intern (Coop- Trainee),48.5,48.49451512939939,ridge
qual-ielts-intern,38,BSF (Banque Saudi Fransi),COOP / Internship,54.0,53.947839759432895,ridge
qual-ielts-intern,39,Saudi Food & Drug Authority (SFDA),COOP training (First semester 2025-2026 intake),49.0,48.98979648876663,ridge
qual-ielts-intern,40,Saudi Power Procurement Company (SPPC) – Future Power (Business Admin COOP),Future Power – Business Administration COOP Training Program,44.0,43.989160657738765,ridge
qual-ielts-intern,41,Bank Albilad,Cooperative and Summer Training Program,44.0,44.003599802128655,ridge
qual-ielts-intern,42,The Saudi National Bank (SNB),SNB Rowad Program,44.0,43.996789721780225,ridge
qual-ielts-intern,43,National Cybersecurity Authority (NCA) – Academy,Cybersecurity training programs (academy),49.0,49.00588640578978,ridge
qual-ielts-intern,44,PIF | Graduate Development Program,Graduate Development Program (GDP),61.83,61.820547079300745,ridge
qual-ielts-intern,45,NEOM | GrOW (Graduates Opportunities in Work),GrOW (Graduates Opportunities in Work),50.0,49.98402777889244,ridge
qual-ielts-intern,46,ROSHN | COOP Trainee Program,COOP Trainee Program,44.0,43.99339664959054,ridge
qual-ielts-intern,47,Microsoft | Ru'aa Program (Riyadh),Ru'aa Program Internship (Solution Engineering),58.5,58.50891403559079,ridge
qual-ielts-intern,48,Oracle | Business Development Intern (KSA market),Business Development Intern (KSA market),55.5,55.46823352006221,ridge
qual-ielts-intern,49,SAP | Student Internship (Riyadh),Student Internship - Riyadh,54.0,54.00036657785696,ridge
qual-ielts-intern,50,SAB (Saudi Awwal Bank) | Cooperative Training Programme (COOP),SAB Cooperative Training Programme (COOP),44.0,43.99378652173533,ridge
qual-ielts-intern,51,Ministry of Finance (Saudi Arabia) | Cooperative Training Program,Cooperative Training Program,40.5,40.52025549904085,ridge
qual-ielts-intern,52,Ministry of Industry and Mineral Resources | Cooperative Training,Cooperative Training Initiative,45.5,45.464380012329514,ridge
qual-ielts-intern,53,King Fahd Causeway Authority | Internship Program,Internship Program,60.0,59.98491505914543,ridge
qual-ielts-intern,54,Tawuniya | Tamheer Program (Fresh Graduates),Tamheer Program,51.5,51.49999723878605,ridge
qual-ielts-intern,55,SAMA | SAMA Professional Program (SPP),SAMA Professional Program (SPP),40.5,40.497291255523905,ridge
qual-ielts-intern,56,HRDF | Cooperative Training Product,Cooperative Training Product,45.5,45.472342792379045,ridge
qual-ielts-intern,57,IBM,"Automation, Data & AI – Intern",55.0,55.0178372374901,ridge
qual-ielts-intern,58,Unifonic,Internship (Unifonic),58.5,58.51262091348925,ridge
qual-ielts-intern,59,Misk Foundation,Misk Traineeship / Internship Program,47.0,47.00477304579907,ridge
qual-ielts-intern,60,Cisco,Cisco NetVersity (Saudi Arabia),56.5,56.48934401771739,ridge
qual-ielts-intern,61,KAUST,Visiting Student Research Program (VSRP) Internship,54.0,53.982011030822406,ridge
qual-ielts-intern,62,General Authority for Statistics (GASTAT),Cooperative Training Program,55.17,55.1875735497777,ridge
qual-ielts-intern,63,Saudi Center for Opinion Polling (SCOP),Cooperative Training Program,55.17,55.18835434824732,ridge
qual-ielts-intern,64,Al Rajhi Takaful,Cooperative Training Program,44.0,44.00634455986204,ridge
qual-ielts-intern,65,Expenditure & Projects Efficiency Authority (EXPRO),Future Makers (صنّاع المستقبل) – Cooperative Training,44.0,44.0145456906926,ridge
qual-ielts-intern,66,Ministry of Finance (Saudi Arabia),Cooperative Training Program (Ministry of Finance),44.0,44.01536609437481,ridge
qual-ielts-intern,67,General Entertainment Authority (GEA),GEA Cooperative Training Program,44.0,44.01367157344605,ridge
qual-ielts-intern,68,Banque Saudi Fransi (BSF),COOP Training,44.0,43.99819092342298,ridge
qual-ielts-intern,69,Arab National Bank (ANB),COOP Trainee,44.0,44.00167023339764,ridge
qual-ielts-intern,70,Tamara,Builders Program,44.0,44.01192754630719,ridge
qual-ielts-intern,71,OmniOps,Co‑op Training Program,48.5,48.5065319576361,ridge
qual-ielts-intern,72,Tatweer Educational Technologies (TETCO),Cooperative Training Program,48.5,48.507311877664726,ridge
qual-ielts-intern,73,The Saudi Investment Bank (SAIB),Cooperative Program,44.0,44.00722862048168,ridge
qual-ielts-intern,74,Saudi Awwal Bank (SAB),COOP Program,44.0,44.00693477883373,ridge
qual-ielts-intern,75,Riyad Bank,Internships and Coop Trainings (CSR 2019),44.0,44.004466693419516,ridge
qual-ielts-intern,76,Tabby,Intern DevOps Engineer,58.5,58.51344866385292,ridge
qual-ielts-intern,77,Tabby,Intern Backend (GO) Engineer,65.17,65.18066337881703,ridge
qual-ielts-intern,78,Tabby,Intern Frontend Engineer,58.5,58.512551246304504,ridge
qual-ielts-intern,79,Tabby,Intern Data Engineer,65.17,65.19767124890274,ridge
qual-ielts-intern,80,Tabby,No-Code / AI Agents Engineering Intern,58.5,58.51439710612613,ridge
qual-ielts-intern,81,Bank Albilad,Cooperative Training Program,49.0,48.99075860377719,ridge
qual-ielts-intern,82,Saudi Ground Services (SGS),COOP Program,54.0,53.95706594830132,ridge
qual-ielts-intern,83,CEER,Cooperative Training Program (COOP),44.0,44.00366224073116,ridge
qual-ielts-intern,84,Al Rajhi Takaful,Coop Training Program,44.0,44.01077519566921,ridge
qual-ielts-intern,85,TAWAL,COOP Training Program,48.5,48.506982433394334,ridge
qual-ielts-intern,86,Wakeb_Data,COOP Training,55.17,55.17301390287974,ridge
qual-ielts-intern,87,Banque Saudi Fransi (BSF),Coop Training Program,44.0,43.999608901673625,ridge
qual-ielts-intern,88,Tech Economy,COOP Training Program,44.0,44.00765469972748,ridge
qual-ielts-intern,89,SAMI Advanced Electronics (SAMI-AEC),Coop Trainee,44.0,44.002383006835814,ridge
qual-ielts-intern,90,NHC,COOP Trainee,49.0,48.98146504257771,ridge
qual-ielts-intern,91,REMAT ADVANCED,Cooperative Training Program,48.5,48.50368184928337,ridge
qual-ielts-intern,92,SDM,AI COOP,48.5,48.52907206754447,ridge
qual-ielts-intern,93,HUED,HUED COOP Program 2026,48.5,48.50268114768737,ridge
qual-ielts-intern,94,Araamis • أرامس,Araamis COOP Program 2026,48.5,48.50633020493105,ridge
qual-ielts-intern,95,ARDARA,COOP Training for Students,44.0,44.005969426300375,ridge
qual-ielts-intern,96,flynas,COOP Trainee / Internship Program,48.5,48.507448290881705,ridge
qual-ielts-intern,97,Saudi Motorsport Company (SMC),COOP Trainee (IT Asset Project Management),65.17,65.1151700856171,ridge
qual-ielts-intern,98,Saudi Motorsport Company (SMC),COOP Trainee (Supply Chain Excellence Associate),65.17,65.12323358643079,ridge
qual-ielts-intern,99,Mobily,Cooperative Training Program,44.0,44.005876158915314,ridge
qual-ielts-intern,100,Saudi Awwal Bank (SAB),Student Opportunities: Cooperative / Practical Training,44.0,44.0096224031038,ridge
qual-ielts-intern,101,Alvarez & Marsal,COOP Training Program,44.0,44.00558001500342,ridge
qual-ielts-intern,102,Visa,COOP Trainee (Jan 2026),50.67,50.664394277528956,ridge
qual-ielts-intern,103,Zain KSA,Evolve Program (Fresh Graduates),44.0,44.00186668849729,ridge
qual-ielts-intern,104,Zain KSA,Zain Pioneers Program,48.5,48.50431437275409,ridge
qual-ielts-intern,105,Savvy Games Group,Cooperative Training Program (Co-op),44.0,44.00301717515309,ridge
qual-ielts-intern,106,Bank AlJazira,Tamheer Program,44.0,44.00031211148432,ridge
qual-ielts-intern,107,sirar by stc,Cooperative Training Program,48.5,48.498338230838385,ridge
qual-ielts-intern,108,Gathern,Co-op Program,48.5,48.49755497731163,ridge
qual-ielts-intern,109,Elm Company (شركة علم),Coop Training - Computer Science (Jan/Mar/Jun/Aug 2025 Intake),48.5,48.51202474264509,ridge
qual-ielts-intern,110,Elm Company (شركة علم),Co-Op Training - Information Technology (Jun & Aug 2025 Intake),48.5,48.507725535018935,ridge
qual-ielts-intern,111,EJADA,COOP Administration & Support Engineer,44.0,44.00429883765669,ridge
qual-ielts-intern,112,Emdad By Elm,Network Cooperative Training (Network Intern),58.5,58.46845459941534,ridge
qual-ielts-intern,113,AILA,Co-op Training Programme,48.5,48.51811828237145,ridge
qual-ielts-intern,114,Foodics,Foodics 360 Internship Program,58.5,58.514496360977226,ridge
qual-ielts-intern,115,Salla,برنامج التدريب التعاوني (Coop Training) – Salla,48.5,48.48426887155711,ridge
qual-ielts-intern,116,Lucidya,Technical Internship or Coop – Lucidya,58.5,58.460994212336225,ridge
qual-ielts-intern,117,Diriyah Company,Diriyah Co-op Training Program,44.0,44.00746237541749,ridge
qual-ielts-intern,118,Riyadh Air,Co-op – Riyadh Air,44.0,44.00473634936657,ridge
qual-ielts-intern,119,Jahez Group,Jahez Internship Program (as described in Sustainability Report),54.0,54.00807330834902,ridge
qual-ielts-intern,120,Lumi | لومي,COOP Intern 2025 – Lumi,44.0,44.00834091052789,ridge
qual-ielts-intern,121,webook.com,COOP Trainee Opportunities – webook.com,44.0,44.00470762171453,ridge
qual-ielts-intern,122,moneymoon,Tech & AI Co-op Program 2025,48.5,48.52169385335439,ridge
qual-ielts-intern,123,EjadTech - إيجاد التقنية,"Summer Internship Program 2025 (Computer, Data, and AI Majors)",55.0,55.01144748988166,ridge
qual-ielts-intern,124,InnovationTeam,Java Microservices Internship Programme (Saudi Nationals),61.67,61.66743186603598,ridge
qual-ielts-intern,125,Tamkeen Technologies,On the Job Training (Internship Program) — Technology field,65.17,65.17821518729455,ridge
qual-ielts-intern,126,Trendyol Group,Trendyol Tech Talent - Bootcamp & COOP Internship Program (Saudi Students Only),45.0,45.00984036930008,ridge
qual-ielts-intern,127,Ninja نينجا,COOP Training Program,51.67,51.655694406864924,ridge
qual-ielts-intern,128,SCAI | سكاي,CO-OP Training Opportunities (Intern),48.5,48.51434355058799,ridge
qual-ielts-intern,129,WalaPlus,Coop & Tamheer Opportunities,48.5,48.495726509065115,ridge
qual-ielts-intern,130,Aon,IT Co-op Trainee 2026,48.5,48.48804861729232,ridge
qual-ielts-intern,131,Hewlett Packard Enterprise (HPE),College Intern (Coop),48.5,48.493550253643406,ridge
qual-ielts-intern,132,Signify,KSA Coop Internship Program,48.5,48.49127855543148,ridge
qual-ielts-intern,133,Help AG (e& enterprise),Cybersecurity Intern,54.0,53.986380464778335,ridge
qual-ielts-intern,134,TrendAI (Trend Micro),CyberGATE Internship Program,58.5,58.49810899532501,ridge
qual-ielts-intern,135,Golf Saudi,IT Co-op Trainee,48.5,48.49037245445113,ridge
qual-ielts-intern,136,Siemens Healthineers,Healthineers Early Talent Program – IT (Riyadh),58.5,58.48958337209532,ridge
qual-ielts-intern,137,1957 Ventures,Internship / Co-Op Program,41.17,41.192066493188285,ridge
qual-ielts-intern,138,Nokia,Graduate Trainee (Saudi Arabia) – Fledgers Program,34.5,34.5384502063863,ridge
qual-ielts-intern,139,Ericsson,Summer Interns (Ericsson Saudi),51.17,51.17514732777203,ridge
qual-ielts-intern,140,Bosch Middle East,Software Development Intern (AI/Cloud),44.5,44.53941095687431,ridge
qual-ielts-intern,141,Saudi Payments | المدفوعات السعودية,COOP Training – August 2024,48.5,48.49691476725371,ridge
qual-ielts-intern,142,Saudi Tadawul Group | تداول,Cooperative Training Program (COOP),48.5,48.50335065952831,ridge
qual-ielts-intern,143,Lean Technologies,Software Engineering Intern – KSA,65.17,65.1577528859576,ridge
qual-ielts-intern,144,Mirai (Scopely) | مِراي,AI Engineering Intern (GenAI),44.5,44.55076397574232,ridge
qual-ielts-intern,145,HungerStation | هنقرستيشن,"Co-OP Trainee, Data Analysis – Info Sec",55.17,55.18115618967774,ridge
qual-ielts-intern,146,NCGR | المركز الوطني لنظم الموارد الحكومية,Coop Training Program,48.5,48.500524627606865,ridge
qual-ielts-intern,147,nybl,nybl Graduate Programme – Saudi Nationals (AI Bootcamp),30.0,30.0182455867712,ridge
qual-ielts-intern,148,Procter & Gamble (P&G),P&G LEADgen Internship Program 2026 (Riyadh),58.5,58.49291633478765,ridge
qual-ielts-intern,149,New Murabba | المربع الجديد,New Murabba Co-op Training Program,48.5,48.506576946319946,ridge
qual-ielts-intern,150,Boeing Saudi Arabia Limited,Intern - Info Technology & Data Analytics (Riyadh),58.5,58.50738239682241,ridge
qual-ielts-intern,151,Motorola Solutions,Deployment Engineer Intern (KSA National - Tamheer Program),48.5,48.50733501580674,ridge
qual-ielts-intern,152,Schneider Electric,Co-op Intern (Engineering) - Al Khobar (Jan–Aug 2026),48.5,48.49601913013355,ridge
qual-ielts-intern,153,Lockheed Martin,Tamheer Space Internship (Riyadh),48.5,48.503746135108436,ridge
qual-ielts-intern,154,Markaba | مركبة,Start-up Software Intern – TAMHEER (Saudi nationals only),45.0,45.006338000938555,ridge
qual-ielts-intern,155,Laverne Group | مجموعة لافيرن,Data Analyst / Data Engineer Intern (IT Department),65.17,65.18495377937707,ridge
qual-ielts-intern,156,Meel | ميل,"Software Developer Internship (Remote, min 2 months)",58.5,58.5013761763609,ridge
qual-ielts-intern,157,Nahdi Medical Co.,IT Internship / COOP Program (6 months),53.5,53.48890435713596,ridge
qual-ielts-intern,158,SMART Technology Solutions | سمارت لحلول التقنية,R&D Intern (Riyadh),58.5,58.51047056846791,ridge
qual-ielts-intern,159,Knodemy Inc.,AI Developer & Tech Trainer Intern - Riyadh,58.5,58.52571187649556,ridge
qual-ielts-intern,160,Water Transmission Company | شركة نقل المياه,Tamheer Internship Program (HRIS / Engineering & PM - Riyadh),55.17,55.17153203513326,ridge
qual-ielts-intern,161,AFNOYS,"AI Automation Intern - KSA (Remote, 4 weeks)",58.5,58.50094883495061,ridge
qual-ielts-intern,162,SAS,CareerStart@SAS 2026 - Presales Customer Intelligence Intern (Riyadh),57.0,57.010081884869585,ridge
qual-ielts-intern,163,Devoteam,Trainee - Future Leaders Program (Co-op/Fresh Graduate),51.67,51.6794815822508,ridge
qual-ielts-intern,164,ضالتي Dhallaty,Tech Intern: Fresh Grad or Student,57.0,57.00743620504043,ridge
qual-ielts-intern,165,Innovative Solutions SA,Presales - Tamheer,40.5,40.49378139549038,ridge
qual-ielts-intern,166,HUMAIN,Tamheer Program (Software Engineer / Cybersecurity / MIS),45.0,44.99011262904108,ridge
qual-ielts-intern,167,TAM | تام,"Tamheer Opportunity, Advisory",40.5,40.42483634023258,ridge
qual-ielts-intern,168,هيئة التأمين | Insurance Authority,Tamheer Opportunity - Specialist of Information Security,40.5,40.48687591312856,ridge
qual-ielts-intern,169,Snbla | سنبله,Paid Internship Program (FinTech),57.0,57.01175179999952,ridge
qual-ielts-intern,170,2P Perfect Presentation,Data Analyst (Tamheer),51.67,51.64280765470231,ridge
qual-ielts-intern,171,Infosys,Summer Intern (Infosys InStep ’26 – Bangalore),57.0,56.969292028606205,ridge
qual-ielts-intern,172,شركة الخدمات المدارة | Managed Services Company,Intern Cybersecurity Engineer,55.0,55.007296978500875,ridge
qual-ielts-intern,173,Abunayyan Holding,Data Analyst (Tamheer),51.67,51.646145692708636,ridge
cs-iau-backend,1,Saudi Aramco,University Internship Program (UIP),42.5,42.49972393501626,random_forest
cs-iau-backend,2,SABIC,COOP Training Program,45.5,45.62569444444445,random_forest
cs-iau-backend,3,stc (Saudi Telecom Company),Cooperative Training Program (COOP),52.5,52.5,random_forest
cs-iau-backend,4,Saudi National Bank (SNB),SNB Cooperative Training Program,47.5,47.44309065672438,random_forest
cs-iau-backend,5,Al Rajhi Bank,Cooperative Training Program,47.5,47.56904069767442,random_forest
cs-iau-backend,6,Capital Market Authority (CMA),COOP Program,52.5,52.5,random_forest
cs-iau-backend,7,Digital Government Authority (DGA),Maidan Cooperative Training Program,52.5,52.5,random_forest
cs-iau-backend,8,KPMG Saudi Arabia,COOP & Internship Programs,47.5,47.65057478858351,random_forest
cs-iau-backend,9,PwC Middle East,"Deals, COOP and Summer Internship Programme (2026)",57.0,57.02916666666667,random_forest
cs-iau-backend,10,Deloitte Middle East (KSA),Jusoor Al Sharqiyah Internship Program,61.5,61.10622071930574,random_forest
cs-iau-backend,11,Bank Albilad,Cooperative & Summer Training Program,56.5,55.36562625125124,random_forest
cs-iau-backend,12,Tamara,Tamara Builders Program,61.5,61.81500770666533,random_forest
cs-iau-backend,13,Bupa Arabia,Cooperative Training Program,52.5,52.5,random_forest
cs-iau-backend,14,Saudi Exports (Saudi Export Development Authority),COOP & Summer Training (FAQ-confirmed),47.5,47.630435899694625,random_forest
cs-iau-backend,15,Local Content and Government Procurement Authority (LCGPA),COOP Training (role posting),52.5,52.5,random_forest
cs-iau-backend,16,McKinsey & Company (Maqdira),Maqdira Fellowship Program,57.0,57.0,random_forest
cs-iau-backend,17,Boston Consulting Group (BCG),Visiting Associate Internship (Riyadh),52.5,52.5,random_forest
cs-iau-backend,18,Bain & Company,COOP Training Program (Riyadh),52.5,52.5,random_forest
cs-iau-backend,19,Amazon Web Services (AWS),IT/Computer Hardware Internship (Intern-to-FTE Pathway),71.5,71.61750846886503,random_forest
cs-iau-backend,20,Amazon Web Services (AWS) - Associate Solutions Architect Intern,Associate Solutions Architect Intern (2026),71.5,71.60383347487752,random_forest
cs-iau-backend,21,Google (Saudi Arabia),Google Careers (Saudi location filter),58.5,58.53402777777777,random_forest
cs-iau-backend,22,BlackRock,Client & Product Summer Internship Programme (EMEA) - includes Riyadh,77.0,77.9686777777778,random_forest
cs-iau-backend,23,noon,Student Internship,62.5,62.483333333333334,random_forest
cs-iau-backend,24,MOZN,Data Science Intern,87.0,85.73775972222224,random_forest
cs-iau-backend,25,Elm,Elm Co-op Training Program (March 2026 Intake),52.5,52.5,random_forest
cs-iau-backend,26,Yasref,Yasref Cooperative Training Program,54.5,54.63037162162162,random_forest
cs-iau-backend,27,"Saudi Standards, Metrology and Quality Organization (SASO)",Cooperative Training (Collaborative Training),61.5,61.85937323696836,random_forest
cs-iau-backend,28,"Zakat, Tax and Customs Authority (ZATCA)",Binaa-Alkafaat Program,47.5,47.63515812191684,random_forest
cs-iau-backend,29,Human Resources Development Fund (HRDF) – Cooperative Training Product,Cooperative Training (HRDF product),10.5,10.659722222222221,random_forest
cs-iau-backend,30,EXPRO,COOP Training (Future Makers Program),52.5,52.5,random_forest
cs-iau-backend,31,Ministry of Industry and Mineral Resources (MIM) – Cooperative Training Initiative,Cooperative Training Initiative,10.5,10.60763888888889,random_forest
cs-iau-backend,32,TBC (The Beauty Company),Cooperative Training Program,47.5,47.64849145525018,random_forest
cs-iau-backend,33,National Center for Vegetation Cover Development & Combating Desertification (NCVC),COOP Training Program,52.5,52.5,random_forest
cs-iau-backend,34,Saudi Power Procurement Company (SPPC),Future Power – COOP Training Program,52.5,52.5,random_forest
cs-iau-backend,35,TBC (Tatweer Building Company),Cooperative Training Program,52.5,52.5,random_forest
cs-iau-backend,36,PwC Middle East (Assurance COOP & Summer Internship Programme 2026),"Assurance, COOP and Summer Internship Programme 2026 – Middle East",57.0,57.025,random_forest
cs-iau-backend,37,KAPSARC,Intern (Coop- Trainee),61.5,61.96657020666532,random_forest
cs-iau-backend,38,BSF (Banque Saudi Fransi),COOP / Internship,42.5,42.49972393501626,random_forest
cs-iau-backend,39,Saudi Food & Drug Authority (SFDA),COOP training (First semester 2025-2026 intake),47.5,47.50767399005771,random_forest
cs-iau-backend,40,Saudi Power Procurement Company (SPPC) – Future Power (Business Admin COOP),Future Power – Business Administration COOP Training Program,52.5,52.5,random_forest
cs-iau-backend,41,Bank Albilad,Cooperative and Summer Training Program,52.5,52.5,random_forest
cs-iau-backend,42,The Saudi National Bank (SNB),SNB Rowad Program,52.5,52.5,random_forest
cs-iau-backend,43,National Cybersecurity Authority (NCA) – Academy,Cybersecurity training programs (academy),57.5,57.590496031746035,random_forest
cs-iau-backend,44,PIF | Graduate Development Program,Graduate Development Program (GDP),67.0,66.90516150793653,random_forest
cs-iau-backend,45,NEOM | GrOW (Graduates Opportunities in Work),GrOW (Graduates Opportunities in Work),54.5,54.42333333333333,random_forest
cs-iau-backend,46,ROSHN | COOP Trainee Program,COOP Trainee Program,52.5,52.5125,random_forest
cs-iau-backend,47,Microsoft | Ru'aa Program (Riyadh),Ru'aa Program Internship (Solution Engineering),71.5,71.81421196213104,random_forest
cs-iau-backend,48,Oracle | Business Development Intern (KSA market),Business Development Intern (KSA market),55.5,54.732422017455725,random_forest
cs-iau-backend,49,SAP | Student Internship (Riyadh),Student Internship - Riyadh,62.5,62.483333333333334,random_forest
cs-iau-backend,50,SAB (Saudi Awwal Bank) | Cooperative Training Programme (COOP),SAB Cooperative Training Programme (COOP),52.5,52.5,random_forest
cs-iau-backend,51,Ministry of Finance (Saudi Arabia) | Cooperative Training Program,Cooperative Training Program,50.5,50.534722222222214,random_forest
cs-iau-backend,52,Ministry of Industry and Mineral Resources | Cooperative Training,Cooperative Training Initiative,45.5,45.420833333333334,random_forest
cs-iau-backend,53,King Fahd Causeway Authority | Internship Program,Internship Program,64.5,63.479827618369285,random_forest
cs-iau-backend,54,Tawuniya | Tamheer Program (Fresh Graduates),Tamheer Program,64.5,64.91742112657874,random_forest
cs-iau-backend,55,SAMA | SAMA Professional Program (SPP),SAMA Professional Program (SPP),50.5,50.485416666666666,random_forest
cs-iau-backend,56,HRDF | Cooperative Training Product,Cooperative Training Product,45.5,45.475,random_forest
cs-iau-backend,57,IBM,"Automation, Data & AI – Intern",69.5,69.08705555555555,random_forest
cs-iau-backend,58,Unifonic,Internship (Unifonic),67.0,66.996772875817,random_forest
cs-iau-backend,59,Misk Foundation,Misk Traineeship / Internship Program,55.5,55.67184523809524,random_forest
cs-iau-backend,60,Cisco,Cisco NetVersity (Saudi Arabia),55.0,55.01875,random_forest
cs-iau-backend,61,KAUST,Visiting Student Research Program (VSRP) Internship,52.5,52.655763743998364,random_forest
cs-iau-backend,62,General Authority for Statistics (GASTAT),Cooperative Training Program,67.0,66.97982420634922,random_forest
cs-iau-backend,63,Saudi Center for Opinion Polling (SCOP),Cooperative Training Program,67.0,67.01282420634922,random_forest
cs-iau-backend,64,Al Rajhi Takaful,Cooperative Training Program,52.5,52.5,random_forest
cs-iau-backend,65,Expenditure & Projects Efficiency Authority (EXPRO),Future Makers (صنّاع المستقبل) – Cooperative Training,52.5,52.5,random_forest
cs-iau-backend,66,Ministry of Finance (Saudi Arabia),Cooperative Training Program (Ministry of Finance),52.5,52.5,random_forest
cs-iau-backend,67,General Entertainment Authority (GEA),GEA Cooperative Training Program,52.5,52.5,random_forest
cs-iau-backend,68,Banque Saudi Fransi (BSF),COOP Training,52.5,52.5,random_forest
cs-iau-backend,69,Arab National Bank (ANB),COOP Trainee,52.5,52.5,random_forest
cs-iau-backend,70,Tamara,Builders Program,52.5,52.5,random_forest
cs-iau-backend,71,OmniOps,Co‑op Training Program,61.5,62.035528539998644,random_forest
cs-iau-backend,72,Tatweer Educational Technologies (TETCO),Cooperative Training Program,61.5,62.051986873331984,random_forest
cs-iau-backend,73,The Saudi Investment Bank (SAIB),Cooperative Program,52.5,52.5,random_forest
cs-iau-backend,74,Saudi Awwal Bank (SAB),COOP Program,52.5,52.5,random_forest
cs-iau-backend,75,Riyad Bank,Internships and Coop Trainings (CSR 2019),52.5,52.5,random_forest
cs-iau-backend,76,Tabby,Intern DevOps Engineer,67.0,67.00093954248366,random_forest
cs-iau-backend,77,Tabby,Intern Backend (GO) Engineer,81.5,78.86976656746033,random_forest
cs-iau-backend,78,Tabby,Intern Frontend Engineer,71.5,71.82824803558486,random_forest
cs-iau-backend,79,Tabby,Intern Data Engineer,91.5,89.10214186507937,random_forest
cs-iau-backend,80,Tabby,No-Code / AI Agents Engineering Intern,71.5,71.98223195371352,random_forest
cs-iau-backend,81,Bank Albilad,Cooperative Training Program,47.5,47.526423990057715,random_forest
cs-iau-backend,82,Saudi Ground Services (SGS),COOP Program,42.5,42.49972393501626,random_forest
cs-iau-backend,83,CEER,Cooperative Training Program (COOP),52.5,52.5,random_forest
cs-iau-backend,84,Al Rajhi Takaful,Coop Training Program,52.5,52.5,random_forest
cs-iau-backend,85,TAWAL,COOP Training Program,61.5,62.19532020666532,random_forest
cs-iau-backend,86,Wakeb_Data,COOP Training,61.5,62.58302853999866,random_forest
cs-iau-backend,87,Banque Saudi Fransi (BSF),Coop Training Program,52.5,52.5,random_forest
cs-iau-backend,88,Tech Economy,COOP Training Program,52.5,52.5,random_forest
cs-iau-backend,89,SAMI Advanced Electronics (SAMI-AEC),Coop Trainee,52.5,52.525,random_forest
cs-iau-backend,90,NHC,COOP Trainee,47.5,47.63599145525018,random_forest
cs-iau-backend,91,REMAT ADVANCED,Cooperative Training Program,61.5,62.21240353999865,random_forest
cs-iau-backend,92,SDM,AI COOP,67.0,67.85126150793653,random_forest
cs-iau-backend,93,HUED,HUED COOP Program 2026,61.5,62.00948687333199,random_forest
cs-iau-backend,94,Araamis • أرامس,Araamis COOP Program 2026,61.5,62.028236873331984,random_forest
cs-iau-backend,95,ARDARA,COOP Training for Students,52.5,52.5,random_forest
cs-iau-backend,96,flynas,COOP Trainee / Internship Program,57.0,57.05902777777778,random_forest
cs-iau-backend,97,Saudi Motorsport Company (SMC),COOP Trainee (IT Asset Project Management),47.0,47.168681939380704,random_forest
cs-iau-backend,98,Saudi Motorsport Company (SMC),COOP Trainee (Supply Chain Excellence Associate),47.0,46.997979227740494,random_forest
cs-iau-backend,99,Mobily,Cooperative Training Program,52.5,52.5,random_forest
cs-iau-backend,100,Saudi Awwal Bank (SAB),Student Opportunities: Cooperative / Practical Training,52.5,52.5,random_forest
cs-iau-backend,101,Alvarez & Marsal,COOP Training Program,52.5,52.5375,random_forest
cs-iau-backend,102,Visa,COOP Trainee (Jan 2026),52.5,52.5,random_forest
cs-iau-backend,103,Zain KSA,Evolve Program (Fresh Graduates),52.5,52.5,random_forest
cs-iau-backend,104,Zain KSA,Zain Pioneers Program,61.5,61.617820206665314,random_forest
cs-iau-backend,105,Savvy Games Group,Cooperative Training Program (Co-op),52.5,52.5,random_forest
cs-iau-backend,106,Bank AlJazira,Tamheer Program,52.5,52.5,random_forest
cs-iau-backend,107,sirar by stc,Cooperative Training Program,61.5,62.21812323696835,random_forest
cs-iau-backend,108,Gathern,Co-op Program,61.5,61.85907020666532,random_forest
cs-iau-backend,109,Elm Company (شركة علم),Coop Training - Computer Science (Jan/Mar/Jun/Aug 2025 Intake),57.0,57.0,random_forest
cs-iau-backend,110,Elm Company (شركة علم),Co-Op Training - Information Technology (Jun & Aug 2025 Intake),57.0,57.0,random_forest
cs-iau-backend,111,EJADA,COOP Administration & Support Engineer,52.5,52.5,random_forest
cs-iau-backend,112,Emdad By Elm,Network Cooperative Training (Network Intern),51.5,51.90912162162162,random_forest
cs-iau-backend,113,AILA,Co-op Training Programme,57.0,57.02708333333333,random_forest
cs-iau-backend,114,Foodics,Foodics 360 Internship Program,67.0,67.00093954248366,random_forest
cs-iau-backend,115,Salla,برنامج التدريب التعاوني (Coop Training) – Salla,47.0,46.997979227740494,random_forest
cs-iau-backend,116,Lucidya,Technical Internship or Coop – Lucidya,47.0,47.00631256107383,random_forest
cs-iau-backend,117,Diriyah Company,Diriyah Co-op Training Program,52.5,52.5,random_forest
cs-iau-backend,118,Riyadh Air,Co-op – Riyadh Air,52.5,52.5375,random_forest
cs-iau-backend,119,Jahez Group,Jahez Internship Program (as described in Sustainability Report),62.5,62.483333333333334,random_forest
cs-iau-backend,120,Lumi | لومي,COOP Intern 2025 – Lumi,52.5,52.5,random_forest
cs-iau-backend,121,webook.com,COOP Trainee Opportunities – webook.com,52.5,52.5,random_forest
cs-iau-backend,122,moneymoon,Tech & AI Co-op Program 2025,67.0,66.96832202380953,random_forest
cs-iau-backend,123,EjadTech - إيجاد التقنية,"Summer Internship Program 2025 (Computer, Data, and AI Majors)",79.5,78.62082636904762,random_forest
cs-iau-backend,124,InnovationTeam,Java Microservices Internship Programme (Saudi Nationals),79.5,79.1769478174603,random_forest
cs-iau-backend,125,Tamkeen Technologies,On the Job Training (Internship Program) — Technology field,67.0,67.00093954248366,random_forest
cs-iau-backend,126,Trendyol Group,Trendyol Tech Talent - Bootcamp & COOP Internship Program (Saudi Students Only),55.0,55.29166666666667,random_forest
cs-iau-backend,127,Ninja نينجا,COOP Training Program,55.0,55.0,random_forest
cs-iau-backend,128,SCAI | سكاي,CO-OP Training Opportunities (Intern),71.5,70.89579702380955,random_forest
cs-iau-backend,129,WalaPlus,Coop & Tamheer Opportunities,61.5,61.70115353999865,random_forest
cs-iau-backend,130,Aon,IT Co-op Trainee 2026,61.5,61.93692284014295,random_forest
cs-iau-backend,131,Hewlett Packard Enterprise (HPE),College Intern (Coop),61.5,61.82393131777643,random_forest
cs-iau-backend,132,Signify,KSA Coop Internship Program,61.5,61.57485889714151,random_forest
cs-iau-backend,133,Help AG (e& enterprise),Cybersecurity Intern,62.5,62.416666666666664,random_forest
cs-iau-backend,134,TrendAI (Trend Micro),CyberGATE Internship Program,67.0,67.00093954248366,random_forest
cs-iau-backend,135,Golf Saudi,IT Co-op Trainee,61.5,61.89099102196112,random_forest
cs-iau-backend,136,Siemens Healthineers,Healthineers Early Talent Program – IT (Riyadh),71.5,71.62426667593574,random_forest
cs-iau-backend,137,1957 Ventures,Internship / Co-Op Program,61.5,61.937264651109764,random_forest
cs-iau-backend,138,Nokia,Graduate Trainee (Saudi Arabia) – Fledgers Program,67.0,67.74844510582012,random_forest
cs-iau-backend,139,Ericsson,Summer Interns (Ericsson Saudi),67.0,67.00093954248366,random_forest
cs-iau-backend,140,Bosch Middle East,Software Development Intern (AI/Cloud),81.5,79.88893485449735,random_forest
cs-iau-backend,141,Saudi Payments | المدفوعات السعودية,COOP Training – August 2024,57.0,57.0,random_forest
cs-iau-backend,142,Saudi Tadawul Group | تداول,Cooperative Training Program (COOP),61.5,62.13353990363502,random_forest
cs-iau-backend,143,Lean Technologies,Software Engineering Intern – KSA,91.5,89.95422453703706,random_forest
cs-iau-backend,144,Mirai (Scopely) | مِراي,AI Engineering Intern (GenAI),81.5,79.68646726190477,random_forest
cs-iau-backend,145,HungerStation | هنقرستيشن,"Co-OP Trainee, Data Analysis – Info Sec",77.0,77.43701041666667,random_forest
cs-iau-backend,146,NCGR | المركز الوطني لنظم الموارد الحكومية,Coop Training Program,57.0,57.0,random_forest
cs-iau-backend,147,nybl,nybl Graduate Programme – Saudi Nationals (AI Bootcamp),52.5,52.5,random_forest
cs-iau-backend,148,Procter & Gamble (P&G),P&G LEADgen Internship Program 2026 (Riyadh),67.0,66.996772875817,random_forest
cs-iau-backend,149,New Murabba | المربع الجديد,New Murabba Co-op Training Program,61.5,61.96581172903184,random_forest
cs-iau-backend,150,Boeing Saudi Arabia Limited,Intern - Info Technology & Data Analytics (Riyadh),67.0,67.00093954248366,random_forest
cs-iau-backend,151,Motorola Solutions,Deployment Engineer Intern (KSA National - Tamheer Program),61.5,61.592820206665316,random_forest
cs-iau-backend,152,Schneider Electric,Co-op Intern (Engineering) - Al Khobar (Jan–Aug 2026),51.5,51.86170495495495,random_forest
cs-iau-backend,153,Lockheed Martin,Tamheer Space Internship (Riyadh),61.5,61.617820206665314,random_forest
cs-iau-backend,154,Markaba | مركبة,Start-up Software Intern – TAMHEER (Saudi nationals only),59.5,59.53125,random_forest
cs-iau-backend,155,Laverne Group | مجموعة لافيرن,Data Analyst / Data Engineer Intern (IT Department),81.5,79.66745615079365,random_forest
cs-iau-backend,156,Meel | ميل,"Software Developer Internship (Remote, min 2 months)",72.5,68.46777777777778,random_forest
cs-iau-backend,157,Nahdi Medical Co.,IT Internship / COOP Program (6 months),52.0,51.94854387748689,random_forest
cs-iau-backend,158,SMART Technology Solutions | سمارت لحلول التقنية,R&D Intern (Riyadh),71.5,71.86397798545954,random_forest
cs-iau-backend,159,Knodemy Inc.,AI Developer & Tech Trainer Intern - Riyadh,81.5,79.59543531746031,random_forest
cs-iau-backend,160,Water Transmission Company | شركة نقل المياه,Tamheer Internship Program (HRIS / Engineering & PM - Riyadh),61.5,61.683106101326196,random_forest
cs-iau-backend,161,AFNOYS,"AI Automation Intern - KSA (Remote, 4 weeks)",62.0,61.8617812636193,random_forest
cs-iau-backend,162,SAS,CareerStart@SAS 2026 - Presales Customer Intelligence Intern (Riyadh),68.5,68.38134616759616,random_forest
cs-iau-backend,163,Devoteam,Trainee - Future Leaders Program (Co-op/Fresh Graduate),59.5,59.71875,random_forest
cs-iau-backend,164,ضالتي Dhallaty,Tech Intern: Fresh Grad or Student,68.5,68.38134616759616,random_forest
cs-iau-backend,165,Innovative Solutions SA,Presales - Tamheer,50.5,50.51736111111111,random_forest
cs-iau-backend,166,HUMAIN,Tamheer Program (Software Engineer / Cybersecurity / MIS),59.5,59.696875,random_forest
cs-iau-backend,167,TAM | تام,"Tamheer Opportunity, Advisory",36.5,36.5,random_forest
cs-iau-backend,168,هيئة التأمين | Insurance Authority,Tamheer Opportunity - Specialist of Information Security,50.5,50.51736111111111,random_forest
cs-iau-backend,169,Snbla | سنبله,Paid Internship Program (FinTech),68.5,68.36884616759616,random_forest
cs-iau-backend,170,2P Perfect Presentation,Data Analyst (Tamheer),55.0,55.0,random_forest
cs-iau-backend,171,Infosys,Summer Intern (Infosys InStep ’26 – Bangalore),55.5,54.58516082793483,random_forest
cs-iau-backend,172,شركة الخدمات المدارة | Managed Services Company,Intern Cybersecurity Engineer,69.5,68.95242916666666,random_forest
cs-iau-backend,173,Abunayyan Holding,Data Analyst (Tamheer),55.0,55.09027777777778,random_forest
ds-scientist-jeddah,1,Saudi Aramco,University Internship Program (UIP),38.5,39.27919967119955,random_forest
ds-scientist-jeddah,2,SABIC,COOP Training Program,41.5,39.65485260300684,random_forest
ds-scientist-jeddah,3,stc (Saudi Telecom Company),Cooperative Training Program (COOP),38.5,39.27915006802495,random_forest
ds-scientist-jeddah,4,Saudi National Bank (SNB),SNB Cooperative Training Program,43.5,42.59403935185185,random_forest
ds-scientist-jeddah,5,Al Rajhi Bank,Cooperative Training Program,43.5,42.419386574074075,random_forest
ds-scientist-jeddah,6,Capital Market Authority (CMA),COOP Program,38.5,39.245014803970705,random_forest
ds-scientist-jeddah,7,Digital Government Authority (DGA),Maidan Cooperative Training Program,38.5,39.21112474794829,random_forest
ds-scientist-jeddah,8,KPMG Saudi Arabia,COOP & Internship Programs,43.5,42.42570601851852,random_forest
ds-scientist-jeddah,9,PwC Middle East,"Deals, COOP and Summer Internship Programme (2026)",43.0,42.89608946608947,random_forest
ds-scientist-jeddah,10,Deloitte Middle East (KSA),Jusoor Al Sharqiyah Internship Program,33.0,33.125,random_forest
ds-scientist-jeddah,11,Bank Albilad,Cooperative & Summer Training Program,48.0,47.27076667493279,random_forest
ds-scientist-jeddah,12,Tamara,Tamara Builders Program,43.0,42.87733946608947,random_forest
ds-scientist-jeddah,13,Bupa Arabia,Cooperative Training Program,38.5,39.232792581748484,random_forest
ds-scientist-jeddah,14,Saudi Exports (Saudi Export Development Authority),COOP & Summer Training (FAQ-confirmed),43.5,42.439351851851846,random_forest
ds-scientist-jeddah,15,Local Content and Government Procurement Authority (LCGPA),COOP Training (role posting),38.5,39.29733325315548,random_forest
ds-scientist-jeddah,16,McKinsey & Company (Maqdira),Maqdira Fellowship Program,43.0,42.87733946608947,random_forest
ds-scientist-jeddah,17,Boston Consulting Group (BCG),Visiting Associate Internship (Riyadh),38.5,39.2730098991533,random_forest
ds-scientist-jeddah,18,Bain & Company,COOP Training Program (Riyadh),38.5,39.2543898039707,random_forest
ds-scientist-jeddah,19,Amazon Web Services (AWS),IT/Computer Hardware Internship (Intern-to-FTE Pathway),33.0,33.09583333333333,random_forest
ds-scientist-jeddah,20,Amazon Web Services (AWS) - Associate Solutions Architect Intern,Associate Solutions Architect Intern (2026),33.0,33.108333333333334,random_forest
ds-scientist-jeddah,21,Google (Saudi Arabia),Google Careers (Saudi location filter),34.5,34.373083333333334,random_forest
ds-scientist-jeddah,22,BlackRock,Client & Product Summer Internship Programme (EMEA) - includes Riyadh,44.17,42.447335754764566,random_forest
ds-scientist-jeddah,23,noon,Student Internship,28.5,27.683214285911188,random_forest
ds-scientist-jeddah,24,MOZN,Data Science Intern,56.83,45.3626125862664,random_forest
ds-scientist-jeddah,25,Elm,Elm Co-op Training Program (March 2026 Intake),38.5,39.2112648039707,random_forest
ds-scientist-jeddah,26,Yasref,Yasref Cooperative Training Program,46.0,46.06069950315189,random_forest
ds-scientist-jeddah,27,"Saudi Standards, Metrology and Quality Organization (SASO)",Cooperative Training (Collaborative Training),43.0,42.87733946608947,random_forest
ds-scientist-jeddah,28,"Zakat, Tax and Customs Authority (ZATCA)",Binaa-Alkafaat Program,33.5,33.35486111111111,random_forest
ds-scientist-jeddah,29,Human Resources Development Fund (HRDF) – Cooperative Training Product,Cooperative Training (HRDF product),20.5,21.317291666666666,random_forest
ds-scientist-jeddah,30,EXPRO,COOP Training (Future Makers Program),38.5,39.26036202619293,random_forest
ds-scientist-jeddah,31,Ministry of Industry and Mineral Resources (MIM) – Cooperative Training Initiative,Cooperative Training Initiative,20.5,21.184652777777778,random_forest
ds-scientist-jeddah,32,TBC (The Beauty Company),Cooperative Training Program,43.5,42.3941087962963,random_forest
ds-scientist-jeddah,33,National Center for Vegetation Cover Development & Combating Desertification (NCVC),COOP Training Program,38.5,39.22416253124343,random_forest
ds-scientist-jeddah,34,Saudi Power Procurement Company (SPPC),Future Power – COOP Training Program,38.5,39.23990764378252,random_forest
ds-scientist-jeddah,35,TBC (Tatweer Building Company),Cooperative Training Program,38.5,39.22219931044919,random_forest
ds-scientist-jeddah,36,PwC Middle East (Assurance COOP & Summer Internship Programme 2026),"Assurance, COOP and Summer Internship Programme 2026 – Middle East",43.0,42.965533910533914,random_forest
ds-scientist-jeddah,37,KAPSARC,Intern (Coop- Trainee),47.5,47.50577200577201,random_forest
ds-scientist-jeddah,38,BSF (Banque Saudi Fransi),COOP / Internship,48.5,48.375,random_forest
ds-scientist-jeddah,39,Saudi Food & Drug Authority (SFDA),COOP training (First semester 2025-2026 intake),43.5,42.736774394586895,random_forest
ds-scientist-jeddah,40,Saudi Power Procurement Company (SPPC) – Future Power (Business Admin COOP),Future Power – Business Administration COOP Training Program,38.5,39.34397663438734,random_forest
ds-scientist-jeddah,41,Bank Albilad,Cooperative and Summer Training Program,38.5,39.20709813730403,random_forest
ds-scientist-jeddah,42,The Saudi National Bank (SNB),SNB Rowad Program,28.5,27.527985660370067,random_forest
ds-scientist-jeddah,43,National Cybersecurity Authority (NCA) – Academy,Cybersecurity training programs (academy),33.5,35.48222222222223,random_forest
ds-scientist-jeddah,44,PIF | Graduate Development Program,Graduate Development Program (GDP),44.17,43.44934050856553,random_forest
ds-scientist-jeddah,45,NEOM | GrOW (Graduates Opportunities in Work),GrOW (Graduates Opportunities in Work),36.0,36.154975778720164,random_forest
ds-scientist-jeddah,46,ROSHN | COOP Trainee Program,COOP Trainee Program,38.5,39.26694804418802,random_forest
ds-scientist-jeddah,47,Microsoft | Ru'aa Program (Riyadh),Ru'aa Program Internship (Solution Engineering),33.0,33.020833333333336,random_forest
ds-scientist-jeddah,48,Oracle | Business Development Intern (KSA market),Business Development Intern (KSA market),31.5,30.55647363946533,random_forest
ds-scientist-jeddah,49,SAP | Student Internship (Riyadh),Student Internship - Riyadh,28.5,27.563402327036734,random_forest
ds-scientist-jeddah,50,SAB (Saudi Awwal Bank) | Cooperative Training Programme (COOP),SAB Cooperative Training Programme (COOP),38.5,39.35175645401778,random_forest
ds-scientist-jeddah,51,Ministry of Finance (Saudi Arabia) | Cooperative Training Program,Cooperative Training Program,36.5,41.23955722639933,random_forest
ds-scientist-jeddah,52,Ministry of Industry and Mineral Resources | Cooperative Training,Cooperative Training Initiative,41.5,41.32939022904483,random_forest
ds-scientist-jeddah,53,King Fahd Causeway Authority | Internship Program,Internship Program,36.0,36.19339709675542,random_forest
ds-scientist-jeddah,54,Tawuniya | Tamheer Program (Fresh Graduates),Tamheer Program,36.0,34.60868055555556,random_forest
ds-scientist-jeddah,55,SAMA | SAMA Professional Program (SPP),SAMA Professional Program (SPP),26.5,27.179350755232644,random_forest
ds-scientist-jeddah,56,HRDF | Cooperative Training Product,Cooperative Training Product,41.5,41.35787471483195,random_forest
ds-scientist-jeddah,57,IBM,"Automation, Data & AI – Intern",31.0,30.97491954289052,random_forest
ds-scientist-jeddah,58,Unifonic,Internship (Unifonic),33.0,33.239583333333336,random_forest
ds-scientist-jeddah,59,Misk Foundation,Misk Traineeship / Internship Program,31.5,28.790021545695932,random_forest
ds-scientist-jeddah,60,Cisco,Cisco NetVersity (Saudi Arabia),41.0,41.39511281512605,random_forest
ds-scientist-jeddah,61,KAUST,Visiting Student Research Program (VSRP) Internship,28.5,27.43562454925895,random_forest
ds-scientist-jeddah,62,General Authority for Statistics (GASTAT),Cooperative Training Program,54.17,58.57861210317462,random_forest
ds-scientist-jeddah,63,Saudi Center for Opinion Polling (SCOP),Cooperative Training Program,54.17,58.67787003968257,random_forest
ds-scientist-jeddah,64,Al Rajhi Takaful,Cooperative Training Program,38.5,39.1942835128019,random_forest
ds-scientist-jeddah,65,Expenditure & Projects Efficiency Authority (EXPRO),Future Makers (صنّاع المستقبل) – Cooperative Training,38.5,39.297966562706534,random_forest
ds-scientist-jeddah,66,Ministry of Finance (Saudi Arabia),Cooperative Training Program (Ministry of Finance),38.5,41.12234583121013,random_forest
ds-scientist-jeddah,67,General Entertainment Authority (GEA),GEA Cooperative Training Program,38.5,39.21803264378252,random_forest
ds-scientist-jeddah,68,Banque Saudi Fransi (BSF),COOP Training,38.5,39.40315531775272,random_forest
ds-scientist-jeddah,69,Arab National Bank (ANB),COOP Trainee,38.5,39.24598702619292,random_forest
ds-scientist-jeddah,70,Tamara,Builders Program,38.5,39.216907165081814,random_forest
ds-scientist-jeddah,71,OmniOps,Co‑op Training Program,53.5,47.72375811688311,random_forest
ds-scientist-jeddah,72,Tatweer Educational Technologies (TETCO),Cooperative Training Program,43.0,42.87733946608947,random_forest
ds-scientist-jeddah,73,The Saudi Investment Bank (SAIB),Cooperative Program,38.5,39.229320359526255,random_forest
ds-scientist-jeddah,74,Saudi Awwal Bank (SAB),COOP Program,38.5,39.213695359526255,random_forest
ds-scientist-jeddah,75,Riyad Bank,Internships and Coop Trainings (CSR 2019),38.5,39.23098702619292,random_forest
ds-scientist-jeddah,76,Tabby,Intern DevOps Engineer,38.0,38.392687626181015,random_forest
ds-scientist-jeddah,77,Tabby,Intern Backend (GO) Engineer,44.67,42.15576015652023,random_forest
ds-scientist-jeddah,78,Tabby,Intern Frontend Engineer,33.0,33.05,random_forest
ds-scientist-jeddah,79,Tabby,Intern Data Engineer,50.83,45.08657171325053,random_forest
ds-scientist-jeddah,80,Tabby,No-Code / AI Agents Engineering Intern,33.0,33.121875,random_forest
ds-scientist-jeddah,81,Bank Albilad,Cooperative Training Program,43.5,42.5875744047619,random_forest
ds-scientist-jeddah,82,Saudi Ground Services (SGS),COOP Program,48.5,48.36666666666667,random_forest
ds-scientist-jeddah,83,CEER,Cooperative Training Program (COOP),38.5,39.196681470637365,random_forest
ds-scientist-jeddah,84,Al Rajhi Takaful,Coop Training Program,38.5,39.21674195450834,random_forest
ds-scientist-jeddah,85,TAWAL,COOP Training Program,43.0,42.87733946608947,random_forest
ds-scientist-jeddah,86,Wakeb_Data,COOP Training,43.0,42.87733946608947,random_forest
ds-scientist-jeddah,87,Banque Saudi Fransi (BSF),Coop Training Program,38.5,39.23990764378252,random_forest
ds-scientist-jeddah,88,Tech Economy,COOP Training Program,38.5,39.2416104999414,random_forest
ds-scientist-jeddah,89,SAMI Advanced Electronics (SAMI-AEC),Coop Trainee,38.5,39.278345460101946,random_forest
ds-scientist-jeddah,90,NHC,COOP Trainee,43.5,42.46396329365079,random_forest
ds-scientist-jeddah,91,REMAT ADVANCED,Cooperative Training Program,43.0,42.87733946608947,random_forest
ds-scientist-jeddah,92,SDM,AI COOP,49.67,50.1333324491785,random_forest
ds-scientist-jeddah,93,HUED,HUED COOP Program 2026,43.0,42.91483946608947,random_forest
ds-scientist-jeddah,94,Araamis • أرامس,Araamis COOP Program 2026,47.5,47.71034541847041,random_forest
ds-scientist-jeddah,95,ARDARA,COOP Training for Students,38.5,39.242862026192924,random_forest
ds-scientist-jeddah,96,flynas,COOP Trainee / Internship Program,43.0,42.871089466089465,random_forest
ds-scientist-jeddah,97,Saudi Motorsport Company (SMC),COOP Trainee (IT Asset Project Management),53.0,52.25610257256633,random_forest
ds-scientist-jeddah,98,Saudi Motorsport Company (SMC),COOP Trainee (Supply Chain Excellence Associate),57.5,55.49183818034624,random_forest
ds-scientist-jeddah,99,Mobily,Cooperative Training Program,38.5,39.26309597491085,random_forest
ds-scientist-jeddah,100,Saudi Awwal Bank (SAB),Student Opportunities: Cooperative / Practical Training,38.5,39.231263636837184,random_forest
ds-scientist-jeddah,101,Alvarez & Marsal,COOP Training Program,38.5,39.21799458265903,random_forest
ds-scientist-jeddah,102,Visa,COOP Trainee (Jan 2026),38.5,39.387636444522215,random_forest
ds-scientist-jeddah,103,Zain KSA,Evolve Program (Fresh Graduates),28.5,27.59173566037007,random_forest
ds-scientist-jeddah,104,Zain KSA,Zain Pioneers Program,33.0,33.020833333333336,random_forest
ds-scientist-jeddah,105,Savvy Games Group,Cooperative Training Program (Co-op),38.5,39.12695820955802,random_forest
ds-scientist-jeddah,106,Bank AlJazira,Tamheer Program,28.5,27.590485660370067,random_forest
ds-scientist-jeddah,107,sirar by stc,Cooperative Training Program,43.0,42.87733946608947,random_forest
ds-scientist-jeddah,108,Gathern,Co-op Program,53.5,47.646049783549785,random_forest
ds-scientist-jeddah,109,Elm Company (شركة علم),Coop Training - Computer Science (Jan/Mar/Jun/Aug 2025 Intake),43.0,42.87733946608947,random_forest
ds-scientist-jeddah,110,Elm Company (شركة علم),Co-Op Training - Information Technology (Jun & Aug 2025 Intake),43.0,42.87733946608947,random_forest
ds-scientist-jeddah,111,EJADA,COOP Administration & Support Engineer,38.5,39.28296319933808,random_forest
ds-scientist-jeddah,112,Emdad By Elm,Network Cooperative Training (Network Intern),53.0,52.3143136407774,random_forest
ds-scientist-jeddah,113,AILA,Co-op Training Programme,48.0,47.246568422730135,random_forest
ds-scientist-jeddah,114,Foodics,Foodics 360 Internship Program,33.0,33.05833333333333,random_forest
ds-scientist-jeddah,115,Salla,برنامج التدريب التعاوني (Coop Training) – Salla,43.0,42.87733946608947,random_forest
ds-scientist-jeddah,116,Lucidya,Technical Internship or Coop – Lucidya,53.0,52.147646974110735,random_forest
ds-scientist-jeddah,117,Diriyah Company,Diriyah Co-op Training Program,38.5,39.22362474794829,random_forest
ds-scientist-jeddah,118,Riyadh Air,Co-op – Riyadh Air,38.5,39.25692153267141,random_forest
ds-scientist-jeddah,119,Jahez Group,Jahez Internship Program (as described in Sustainability Report),28.5,27.559235660370067,random_forest
ds-scientist-jeddah,120,Lumi | لومي,COOP Intern 2025 – Lumi,38.5,39.67624150372272,random_forest
ds-scientist-jeddah,121,webook.com,COOP Trainee Opportunities – webook.com,38.5,39.26108819933808,random_forest
ds-scientist-jeddah,122,moneymoon,Tech & AI Co-op Program 2025,49.67,50.425992776559454,random_forest
ds-scientist-jeddah,123,EjadTech - إيجاد التقنية,"Summer Internship Program 2025 (Computer, Data, and AI Majors)",48.17,46.548026375948936,random_forest
ds-scientist-jeddah,124,InnovationTeam,Java Microservices Internship Programme (Saudi Nationals),37.67,41.701887731481484,random_forest
ds-scientist-jeddah,125,Tamkeen Technologies,On the Job Training (Internship Program) — Technology field,33.0,33.08125,random_forest
ds-scientist-jeddah,126,Trendyol Group,Trendyol Tech Talent - Bootcamp & COOP Internship Program (Saudi Students Only),41.0,39.94467302096436,random_forest
ds-scientist-jeddah,127,Ninja نينجا,COOP Training Program,41.0,39.942694906486246,random_forest
ds-scientist-jeddah,128,SCAI | سكاي,CO-OP Training Opportunities (Intern),49.67,50.254527777777774,random_forest
ds-scientist-jeddah,129,WalaPlus,Coop & Tamheer Opportunities,43.0,42.86275613275613,random_forest
ds-scientist-jeddah,130,Aon,IT Co-op Trainee 2026,43.0,42.89608946608947,random_forest
ds-scientist-jeddah,131,Hewlett Packard Enterprise (HPE),College Intern (Coop),43.0,42.87733946608947,random_forest
ds-scientist-jeddah,132,Signify,KSA Coop Internship Program,43.0,42.73358946608947,random_forest
ds-scientist-jeddah,133,Help AG (e& enterprise),Cybersecurity Intern,28.5,27.539778304071834,random_forest
ds-scientist-jeddah,134,TrendAI (Trend Micro),CyberGATE Internship Program,33.0,33.0625,random_forest
ds-scientist-jeddah,135,Golf Saudi,IT Co-op Trainee,43.0,42.89608946608947,random_forest
ds-scientist-jeddah,136,Siemens Healthineers,Healthineers Early Talent Program – IT (Riyadh),33.0,33.075,random_forest
ds-scientist-jeddah,137,1957 Ventures,Internship / Co-Op Program,43.0,42.94678391053391,random_forest
ds-scientist-jeddah,138,Nokia,Graduate Trainee (Saudi Arabia) – Fledgers Program,44.17,42.35602861652237,random_forest
ds-scientist-jeddah,139,Ericsson,Summer Interns (Ericsson Saudi),33.0,33.03333333333333,random_forest
ds-scientist-jeddah,140,Bosch Middle East,Software Development Intern (AI/Cloud),50.17,46.26725992063493,random_forest
ds-scientist-jeddah,141,Saudi Payments | المدفوعات السعودية,COOP Training – August 2024,47.5,48.339348394660895,random_forest
ds-scientist-jeddah,142,Saudi Tadawul Group | تداول,Cooperative Training Program (COOP),43.0,42.89608946608947,random_forest
ds-scientist-jeddah,143,Lean Technologies,Software Engineering Intern – KSA,46.33,44.64330742753623,random_forest
ds-scientist-jeddah,144,Mirai (Scopely) | مِراي,AI Engineering Intern (GenAI),39.67,40.3431844981508,random_forest
ds-scientist-jeddah,145,HungerStation | هنقرستيشن,"Co-OP Trainee, Data Analysis – Info Sec",60.83,61.63308845238097,random_forest
ds-scientist-jeddah,146,NCGR | المركز الوطني لنظم الموارد الحكومية,Coop Training Program,43.0,42.87733946608947,random_forest
ds-scientist-jeddah,147,nybl,nybl Graduate Programme – Saudi Nationals (AI Bootcamp),28.5,27.691385323797764,random_forest
ds-scientist-jeddah,148,Procter & Gamble (P&G),P&G LEADgen Internship Program 2026 (Riyadh),33.0,33.139583333333334,random_forest
ds-scientist-jeddah,149,New Murabba | المربع الجديد,New Murabba Co-op Training Program,43.0,42.87733946608947,random_forest
ds-scientist-jeddah,150,Boeing Saudi Arabia Limited,Intern - Info Technology & Data Analytics (Riyadh),37.5,36.677351190476195,random_forest
ds-scientist-jeddah,151,Motorola Solutions,Deployment Engineer Intern (KSA National - Tamheer Program),33.0,33.045833333333334,random_forest
ds-scientist-jeddah,152,Schneider Electric,Co-op Intern (Engineering) - Al Khobar (Jan–Aug 2026),43.0,42.89608946608947,random_forest
ds-scientist-jeddah,153,Lockheed Martin,Tamheer Space Internship (Riyadh),33.0,33.175,random_forest
ds-scientist-jeddah,154,Markaba | مركبة,Start-up Software Intern – TAMHEER (Saudi nationals only),31.0,31.106169542890523,random_forest
ds-scientist-jeddah,155,Laverne Group | مجموعة لافيرن,Data Analyst / Data Engineer Intern (IT Department),44.17,43.39526396243652,random_forest
ds-scientist-jeddah,156,Meel | ميل,"Software Developer Internship (Remote, min 2 months)",38.0,38.22772244299817,random_forest
ds-scientist-jeddah,157,Nahdi Medical Co.,IT Internship / COOP Program (6 months),48.0,47.44529932892559,random_forest
ds-scientist-jeddah,158,SMART Technology Solutions | سمارت لحلول التقنية,R&D Intern (Riyadh),33.0,33.19583333333333,random_forest
ds-scientist-jeddah,159,Knodemy Inc.,AI Developer & Tech Trainer Intern - Riyadh,39.67,40.56994977592858,random_forest
ds-scientist-jeddah,160,Water Transmission Company | شركة نقل المياه,Tamheer Internship Program (HRIS / Engineering & PM - Riyadh),33.0,33.03333333333333,random_forest
ds-scientist-jeddah,161,AFNOYS,"AI Automation Intern - KSA (Remote, 4 weeks)",38.0,38.27741941269516,random_forest
ds-scientist-jeddah,162,SAS,CareerStart@SAS 2026 - Presales Customer Intelligence Intern (Riyadh),39.0,37.40094841269842,random_forest
ds-scientist-jeddah,163,Devoteam,Trainee - Future Leaders Program (Co-op/Fresh Graduate),41.0,39.917523550064885,random_forest
ds-scientist-jeddah,164,ضالتي Dhallaty,Tech Intern: Fresh Grad or Student,34.5,34.32054166666667,random_forest
ds-scientist-jeddah,165,Innovative Solutions SA,Presales - Tamheer,26.5,27.085821500257154,random_forest
ds-scientist-jeddah,166,HUMAIN,Tamheer Program (Software Engineer / Cybersecurity / MIS),31.0,30.98741954289052,random_forest
ds-scientist-jeddah,167,TAM | تام,"Tamheer Opportunity, Advisory",26.5,27.080279829079213,random_forest
ds-scientist-jeddah,168,هيئة التأمين | Insurance Authority,Tamheer Opportunity - Specialist of Information Security,26.5,27.142765944701598,random_forest
ds-scientist-jeddah,169,Snbla | سنبله,Paid Internship Program (FinTech),34.5,34.32029166666666,random_forest
ds-scientist-jeddah,170,2P Perfect Presentation,Data Analyst (Tamheer),35.5,33.194332961724264,random_forest
ds-scientist-jeddah,171,Infosys,Summer Intern (Infosys InStep ’26 – Bangalore),31.5,28.785022051528948,random_forest
ds-scientist-jeddah,172,شركة الخدمات المدارة | Managed Services Company,Intern Cybersecurity Engineer,31.0,31.02005843177941,random_forest
ds-scientist-jeddah,173,Abunayyan Holding,Data Analyst (Tamheer),35.5,33.178707961724264,random_forest
ds-remote-coop,1,Saudi Aramco,University Internship Program (UIP),40.0,39.85255657824807,random_forest
ds-remote-coop,2,SABIC,COOP Training Program,38.0,39.96155415977818,random_forest
ds-remote-coop,3,stc (Saudi Telecom Company),Cooperative Training Program (COOP),40.0,39.850471502589166,random_forest
ds-remote-coop,4,Saudi National Bank (SNB),SNB Cooperative Training Program,40.0,41.1824756407894,random_forest
ds-remote-coop,5,Al Rajhi Bank,Cooperative Training Program,40.0,41.109290623192614,random_forest
ds-remote-coop,6,Capital Market Authority (CMA),COOP Program,40.0,40.03807904579591,random_forest
ds-remote-coop,7,Digital Government Authority (DGA),Maidan Cooperative Training Program,40.0,39.93417517062392,random_forest
ds-remote-coop,8,KPMG Saudi Arabia,COOP & Internship Programs,40.0,41.150907509126796,random_forest
ds-remote-coop,9,PwC Middle East,"Deals, COOP and Summer Internship Programme (2026)",44.5,44.50141692764622,random_forest
ds-remote-coop,10,Deloitte Middle East (KSA),Jusoor Al Sharqiyah Internship Program,34.5,34.528666707483794,random_forest
ds-remote-coop,11,Bank Albilad,Cooperative & Summer Training Program,44.5,44.4153058165351,random_forest
ds-remote-coop,12,Tamara,Tamara Builders Program,44.5,44.28826601554009,random_forest
ds-remote-coop,13,Bupa Arabia,Cooperative Training Program,40.0,40.006121968231724,random_forest
ds-remote-coop,14,Saudi Exports (Saudi Export Development Authority),COOP & Summer Training (FAQ-confirmed),40.0,41.16965750912679,random_forest
ds-remote-coop,15,Local Content and Government Procurement Authority (LCGPA),COOP Training (role posting),40.0,40.1031799171806,random_forest
ds-remote-coop,16,McKinsey & Company (Maqdira),Maqdira Fellowship Program,44.5,44.49933359431289,random_forest
ds-remote-coop,17,Boston Consulting Group (BCG),Visiting Associate Internship (Riyadh),40.0,40.1719225308857,random_forest
ds-remote-coop,18,Bain & Company,COOP Training Program (Riyadh),40.0,39.976346101662216,random_forest
ds-remote-coop,19,Amazon Web Services (AWS),IT/Computer Hardware Internship (Intern-to-FTE Pathway),34.5,34.55609726303935,random_forest
ds-remote-coop,20,Amazon Web Services (AWS) - Associate Solutions Architect Intern,Associate Solutions Architect Intern (2026),34.5,34.530055596372684,random_forest
ds-remote-coop,21,Google (Saudi Arabia),Google Careers (Saudi location filter),38.0,38.03412112370201,random_forest
ds-remote-coop,22,BlackRock,Client & Product Summer Internship Programme (EMEA) - includes Riyadh,34.5,34.528666707483794,random_forest
ds-remote-coop,23,noon,Student Internship,30.0,30.085015269947334,random_forest
ds-remote-coop,24,MOZN,Data Science Intern,51.67,45.710187883885446,random_forest
ds-remote-coop,25,Elm,Elm Co-op Training Program (March 2026 Intake),40.0,39.9953991858971,random_forest
ds-remote-coop,26,Yasref,Yasref Cooperative Training Program,42.5,43.20768927527152,random_forest
ds-remote-coop,27,"Saudi Standards, Metrology and Quality Organization (SASO)",Cooperative Training (Collaborative Training),44.5,44.16014101554008,random_forest
ds-remote-coop,28,"Zakat, Tax and Customs Authority (ZATCA)",Binaa-Alkafaat Program,30.0,30.03159722222222,random_forest
ds-remote-coop,29,Human Resources Development Fund (HRDF) – Cooperative Training Product,Cooperative Training (HRDF product),20.5,20.488194444444442,random_forest
ds-remote-coop,30,EXPRO,COOP Training (Future Makers Program),40.0,40.01207493942784,random_forest
ds-remote-coop,31,Ministry of Industry and Mineral Resources (MIM) – Cooperative Training Initiative,Cooperative Training Initiative,20.5,20.4875,random_forest
ds-remote-coop,32,TBC (The Beauty Company),Cooperative Training Program,40.0,41.031854725756716,random_forest
ds-remote-coop,33,National Center for Vegetation Cover Development & Combating Desertification (NCVC),COOP Training Program,40.0,39.98879263328368,random_forest
ds-remote-coop,34,Saudi Power Procurement Company (SPPC),Future Power – COOP Training Program,40.0,39.868524387204545,random_forest
ds-remote-coop,35,TBC (Tatweer Building Company),Cooperative Training Program,40.0,39.87789938720455,random_forest
ds-remote-coop,36,PwC Middle East (Assurance COOP & Summer Internship Programme 2026),"Assurance, COOP and Summer Internship Programme 2026 – Middle East",44.5,44.52696040590708,random_forest
ds-remote-coop,37,KAPSARC,Intern (Coop- Trainee),44.5,44.50141692764622,random_forest
ds-remote-coop,38,BSF (Banque Saudi Fransi),COOP / Internship,40.0,39.74874615639918,random_forest
ds-remote-coop,39,Saudi Food & Drug Authority (SFDA),COOP training (First semester 2025-2026 intake),40.0,41.19438883881715,random_forest
ds-remote-coop,40,Saudi Power Procurement Company (SPPC) – Future Power (Business Admin COOP),Future Power – Business Administration COOP Training Program,40.0,39.89470494276011,random_forest
ds-remote-coop,41,Bank Albilad,Cooperative and Summer Training Program,40.0,39.946894270542785,random_forest
ds-remote-coop,42,The Saudi National Bank (SNB),SNB Rowad Program,30.0,30.02638358315503,random_forest
ds-remote-coop,43,National Cybersecurity Authority (NCA) – Academy,Cybersecurity training programs (academy),35.0,35.27138313940478,random_forest
ds-remote-coop,44,PIF | Graduate Development Program,Graduate Development Program (GDP),34.5,34.530055596372684,random_forest
ds-remote-coop,45,NEOM | GrOW (Graduates Opportunities in Work),GrOW (Graduates Opportunities in Work),36.0,36.112279243276475,random_forest
ds-remote-coop,46,ROSHN | COOP Trainee Program,COOP Trainee Program,40.0,39.90498272053789,random_forest
ds-remote-coop,47,Microsoft | Ru'aa Program (Riyadh),Ru'aa Program Internship (Solution Engineering),34.5,34.530055596372684,random_forest
ds-remote-coop,48,Oracle | Business Development Intern (KSA market),Business Development Intern (KSA market),31.5,31.450756503033226,random_forest
ds-remote-coop,49,SAP | Student Internship (Riyadh),Student Internship - Riyadh,30.0,30.02102622825726,random_forest
ds-remote-coop,50,SAB (Saudi Awwal Bank) | Cooperative Training Programme (COOP),SAB Cooperative Training Programme (COOP),40.0,39.78479365454915,random_forest
ds-remote-coop,51,Ministry of Finance (Saudi Arabia) | Cooperative Training Program,Cooperative Training Program,41.5,41.385222088410885,random_forest
ds-remote-coop,52,Ministry of Industry and Mineral Resources | Cooperative Training,Cooperative Training Initiative,41.5,41.29938168774952,random_forest
ds-remote-coop,53,King Fahd Causeway Authority | Internship Program,Internship Program,36.0,36.21590627222047,random_forest
ds-remote-coop,54,Tawuniya | Tamheer Program (Fresh Graduates),Tamheer Program,37.5,37.14570104402535,random_forest
ds-remote-coop,55,SAMA | SAMA Professional Program (SPP),SAMA Professional Program (SPP),31.5,30.998568374515262,random_forest
ds-remote-coop,56,HRDF | Cooperative Training Product,Cooperative Training Product,41.5,41.45085680984964,random_forest
ds-remote-coop,57,IBM,"Automation, Data & AI – Intern",36.0,36.0211636366139,random_forest
ds-remote-coop,58,Unifonic,Internship (Unifonic),34.5,35.371082143972004,random_forest
ds-remote-coop,59,Misk Foundation,Misk Traineeship / Internship Program,33.0,32.427764731212854,random_forest
ds-remote-coop,60,Cisco,Cisco NetVersity (Saudi Arabia),37.5,37.477972621740996,random_forest
ds-remote-coop,61,KAUST,Visiting Student Research Program (VSRP) Internship,30.0,30.050051072167978,random_forest
ds-remote-coop,62,General Authority for Statistics (GASTAT),Cooperative Training Program,44.5,44.43023637209066,random_forest
ds-remote-coop,63,Saudi Center for Opinion Polling (SCOP),Cooperative Training Program,44.5,44.46278673503006,random_forest
ds-remote-coop,64,Al Rajhi Takaful,Cooperative Training Program,40.0,39.79285877371919,random_forest
ds-remote-coop,65,Expenditure & Projects Efficiency Authority (EXPRO),Future Makers (صنّاع المستقبل) – Cooperative Training,40.0,39.91345494276011,random_forest
ds-remote-coop,66,Ministry of Finance (Saudi Arabia),Cooperative Training Program (Ministry of Finance),40.0,41.05324072842245,random_forest
ds-remote-coop,67,General Entertainment Authority (GEA),GEA Cooperative Training Program,40.0,39.87789938720455,random_forest
ds-remote-coop,68,Banque Saudi Fransi (BSF),COOP Training,40.0,39.91129682310199,random_forest
ds-remote-coop,69,Arab National Bank (ANB),COOP Trainee,40.0,40.01249212823318,random_forest
ds-remote-coop,70,Tamara,Builders Program,40.0,40.012184588550646,random_forest
ds-remote-coop,71,OmniOps,Co‑op Training Program,55.0,49.310009920634926,random_forest
ds-remote-coop,72,Tatweer Educational Technologies (TETCO),Cooperative Training Program,44.5,44.481972483201766,random_forest
ds-remote-coop,73,The Saudi Investment Bank (SAIB),Cooperative Program,40.0,40.0334643504554,random_forest
ds-remote-coop,74,Saudi Awwal Bank (SAB),COOP Program,40.0,40.025131017122064,random_forest
ds-remote-coop,75,Riyad Bank,Internships and Coop Trainings (CSR 2019),40.0,40.0397236808466,random_forest
ds-remote-coop,76,Tabby,Intern DevOps Engineer,39.5,39.25830978163992,random_forest
ds-remote-coop,77,Tabby,Intern Backend (GO) Engineer,39.5,39.22969632565148,random_forest
ds-remote-coop,78,Tabby,Intern Frontend Engineer,34.5,34.816340318594904,random_forest
ds-remote-coop,79,Tabby,Intern Data Engineer,41.17,42.443567497790056,random_forest
ds-remote-coop,80,Tabby,No-Code / AI Agents Engineering Intern,34.5,34.530055596372684,random_forest
ds-remote-coop,81,Bank Albilad,Cooperative Training Program,40.0,40.4372375455513,random_forest
ds-remote-coop,82,Saudi Ground Services (SGS),COOP Program,40.0,39.756296386697755,random_forest
ds-remote-coop,83,CEER,Cooperative Training Program (COOP),40.0,39.9799601050689,random_forest
ds-remote-coop,84,Al Rajhi Takaful,Coop Training Program,40.0,39.88476489044064,random_forest
ds-remote-coop,85,TAWAL,COOP Training Program,44.5,44.50141692764622,random_forest
ds-remote-coop,86,Wakeb_Data,COOP Training,44.5,44.4496808165351,random_forest
ds-remote-coop,87,Banque Saudi Fransi (BSF),Coop Training Program,40.0,39.87842808488508,random_forest
ds-remote-coop,88,Tech Economy,COOP Training Program,40.0,39.995046152485855,random_forest
ds-remote-coop,89,SAMI Advanced Electronics (SAMI-AEC),Coop Trainee,40.0,39.91345494276011,random_forest
ds-remote-coop,90,NHC,COOP Trainee,40.0,41.13917642051649,random_forest
ds-remote-coop,91,REMAT ADVANCED,Cooperative Training Program,44.5,44.481972483201766,random_forest
ds-remote-coop,92,SDM,AI COOP,51.17,51.538470908521305,random_forest
ds-remote-coop,93,HUED,HUED COOP Program 2026,44.5,44.50141692764622,random_forest
ds-remote-coop,94,Araamis • أرامس,Araamis COOP Program 2026,44.5,44.50141692764622,random_forest
ds-remote-coop,95,ARDARA,COOP Training for Students,40.0,39.92847261990924,random_forest
ds-remote-coop,96,flynas,COOP Trainee / Internship Program,44.5,44.50141692764622,random_forest
ds-remote-coop,97,Saudi Motorsport Company (SMC),COOP Trainee (IT Asset Project Management),44.5,44.47363914986844,random_forest
ds-remote-coop,98,Saudi Motorsport Company (SMC),COOP Trainee (Supply Chain Excellence Associate),44.5,44.50141692764622,random_forest
ds-remote-coop,99,Mobily,Cooperative Training Program,40.0,40.03444472648864,random_forest
ds-remote-coop,100,Saudi Awwal Bank (SAB),Student Opportunities: Cooperative / Practical Training,40.0,40.02468458855064,random_forest
ds-remote-coop,101,Alvarez & Marsal,COOP Training Program,40.0,39.97312745854875,random_forest
ds-remote-coop,102,Visa,COOP Trainee (Jan 2026),40.0,39.891992855673024,random_forest
ds-remote-coop,103,Zain KSA,Evolve Program (Fresh Graduates),30.0,30.046274613891647,random_forest
ds-remote-coop,104,Zain KSA,Zain Pioneers Program,34.5,34.571003431749865,random_forest
ds-remote-coop,105,Savvy Games Group,Cooperative Training Program (Co-op),40.0,39.7676586035044,random_forest
ds-remote-coop,106,Bank AlJazira,Tamheer Program,30.0,30.005441858438825,random_forest
ds-remote-coop,107,sirar by stc,Cooperative Training Program,44.5,44.50141692764622,random_forest
ds-remote-coop,108,Gathern,Co-op Program,55.0,49.219732142857154,random_forest
ds-remote-coop,109,Elm Company (شركة علم),Coop Training - Computer Science (Jan/Mar/Jun/Aug 2025 Intake),44.5,44.48058359431288,random_forest
ds-remote-coop,110,Elm Company (شركة علم),Co-Op Training - Information Technology (Jun & Aug 2025 Intake),44.5,44.48058359431288,random_forest
ds-remote-coop,111,EJADA,COOP Administration & Support Engineer,40.0,39.90012160942677,random_forest
ds-remote-coop,112,Emdad By Elm,Network Cooperative Training (Network Intern),44.5,44.50141692764622,random_forest
ds-remote-coop,113,AILA,Co-op Training Programme,49.5,48.33373135736888,random_forest
ds-remote-coop,114,Foodics,Foodics 360 Internship Program,34.5,34.530055596372684,random_forest
ds-remote-coop,115,Salla,برنامج التدريب التعاوني (Coop Training) – Salla,44.5,44.50141692764622,random_forest
ds-remote-coop,116,Lucidya,Technical Internship or Coop – Lucidya,44.5,44.490305816535106,random_forest
ds-remote-coop,117,Diriyah Company,Diriyah Co-op Training Program,40.0,39.93701634743764,random_forest
ds-remote-coop,118,Riyadh Air,Co-op – Riyadh Air,40.0,39.8944003071073,random_forest
ds-remote-coop,119,Jahez Group,Jahez Internship Program (as described in Sustainability Report),30.0,29.970855242911856,random_forest
ds-remote-coop,120,Lumi | لومي,COOP Intern 2025 – Lumi,40.0,40.17005136389988,random_forest
ds-remote-coop,121,webook.com,COOP Trainee Opportunities – webook.com,40.0,39.878246609426775,random_forest
ds-remote-coop,122,moneymoon,Tech & AI Co-op Program 2025,51.17,51.572038616854634,random_forest
ds-remote-coop,123,EjadTech - إيجاد التقنية,"Summer Internship Program 2025 (Computer, Data, and AI Majors)",53.17,46.19678887594895,random_forest
ds-remote-coop,124,InnovationTeam,Java Microservices Internship Programme (Saudi Nationals),36.0,35.38417075163399,random_forest
ds-remote-coop,125,Tamkeen Technologies,On the Job Training (Internship Program) — Technology field,34.5,34.53104384423593,random_forest
ds-remote-coop,126,Trendyol Group,Trendyol Tech Talent - Bootcamp & COOP Internship Program (Saudi Students Only),46.0,45.93215072805845,random_forest
ds-remote-coop,127,Ninja نينجا,COOP Training Program,46.0,45.9791937149392,random_forest
ds-remote-coop,128,SCAI | سكاي,CO-OP Training Opportunities (Intern),51.17,51.686246023391824,random_forest
ds-remote-coop,129,WalaPlus,Coop & Tamheer Opportunities,44.5,44.43891692764622,random_forest
ds-remote-coop,130,Aon,IT Co-op Trainee 2026,44.5,44.50141692764622,random_forest
ds-remote-coop,131,Hewlett Packard Enterprise (HPE),College Intern (Coop),44.5,44.50141692764622,random_forest
ds-remote-coop,132,Signify,KSA Coop Internship Program,44.5,44.48058359431288,random_forest
ds-remote-coop,133,Help AG (e& enterprise),Cybersecurity Intern,30.0,29.996092351740252,random_forest
ds-remote-coop,134,TrendAI (Trend Micro),CyberGATE Internship Program,34.5,34.530055596372684,random_forest
ds-remote-coop,135,Golf Saudi,IT Co-op Trainee,44.5,44.50363914986844,random_forest
ds-remote-coop,136,Siemens Healthineers,Healthineers Early Talent Program – IT (Riyadh),34.5,34.55609726303935,random_forest
ds-remote-coop,137,1957 Ventures,Internship / Co-Op Program,44.5,44.45233633296703,random_forest
ds-remote-coop,138,Nokia,Graduate Trainee (Saudi Arabia) – Fledgers Program,41.17,41.56248058261185,random_forest
ds-remote-coop,139,Ericsson,Summer Interns (Ericsson Saudi),34.5,34.530055596372684,random_forest
ds-remote-coop,140,Bosch Middle East,Software Development Intern (AI/Cloud),51.67,46.22367728174604,random_forest
ds-remote-coop,141,Saudi Payments | المدفوعات السعودية,COOP Training – August 2024,44.5,44.47850026097955,random_forest
ds-remote-coop,142,Saudi Tadawul Group | تداول,Cooperative Training Program (COOP),44.5,44.50141692764622,random_forest
ds-remote-coop,143,Lean Technologies,Software Engineering Intern – KSA,41.17,41.35203326951833,random_forest
ds-remote-coop,144,Mirai (Scopely) | مِراي,AI Engineering Intern (GenAI),41.17,41.25364788823295,random_forest
ds-remote-coop,145,HungerStation | هنقرستيشن,"Co-OP Trainee, Data Analysis – Info Sec",51.17,51.74372572002923,random_forest
ds-remote-coop,146,NCGR | المركز الوطني لنظم الموارد الحكومية,Coop Training Program,44.5,44.50141692764622,random_forest
ds-remote-coop,147,nybl,nybl Graduate Programme – Saudi Nationals (AI Bootcamp),30.0,29.993738147744743,random_forest
ds-remote-coop,148,Procter & Gamble (P&G),P&G LEADgen Internship Program 2026 (Riyadh),34.5,34.530055596372684,random_forest
ds-remote-coop,149,New Murabba | المربع الجديد,New Murabba Co-op Training Program,44.5,44.50141692764622,random_forest
ds-remote-coop,150,Boeing Saudi Arabia Limited,Intern - Info Technology & Data Analytics (Riyadh),34.5,34.573348016699995,random_forest
ds-remote-coop,151,Motorola Solutions,Deployment Engineer Intern (KSA National - Tamheer Program),34.5,34.530055596372684,random_forest
ds-remote-coop,152,Schneider Electric,Co-op Intern (Engineering) - Al Khobar (Jan–Aug 2026),44.5,44.48058359431288,random_forest
ds-remote-coop,153,Lockheed Martin,Tamheer Space Internship (Riyadh),34.5,34.648539665000136,random_forest
ds-remote-coop,154,Markaba | مركبة,Start-up Software Intern – TAMHEER (Saudi nationals only),36.0,36.03216791011817,random_forest
ds-remote-coop,155,Laverne Group | مجموعة لافيرن,Data Analyst / Data Engineer Intern (IT Department),34.5,34.58040281859491,random_forest
ds-remote-coop,156,Meel | ميل,"Software Developer Internship (Remote, min 2 months)",39.5,39.21224487318237,random_forest
ds-remote-coop,157,Nahdi Medical Co.,IT Internship / COOP Program (6 months),44.5,44.35864598046953,random_forest
ds-remote-coop,158,SMART Technology Solutions | سمارت لحلول التقنية,R&D Intern (Riyadh),34.5,34.56408337415046,random_forest
ds-remote-coop,159,Knodemy Inc.,AI Developer & Tech Trainer Intern - Riyadh,41.17,41.488399291921844,random_forest
ds-remote-coop,160,Water Transmission Company | شركة نقل المياه,Tamheer Internship Program (HRIS / Engineering & PM - Riyadh),34.5,34.530055596372684,random_forest
ds-remote-coop,161,AFNOYS,"AI Automation Intern - KSA (Remote, 4 weeks)",39.5,39.279586684149194,random_forest
ds-remote-coop,162,SAS,CareerStart@SAS 2026 - Presales Customer Intelligence Intern (Riyadh),38.0,38.153894061412444,random_forest
ds-remote-coop,163,Devoteam,Trainee - Future Leaders Program (Co-op/Fresh Graduate),46.0,46.035259225273094,random_forest
ds-remote-coop,164,ضالتي Dhallaty,Tech Intern: Fresh Grad or Student,38.0,37.99694447981213,random_forest
ds-remote-coop,165,Innovative Solutions SA,Presales - Tamheer,31.5,30.672221774356174,random_forest
ds-remote-coop,166,HUMAIN,Tamheer Program (Software Engineer / Cybersecurity / MIS),36.0,36.21984901289074,random_forest
ds-remote-coop,167,TAM | تام,"Tamheer Opportunity, Advisory",31.5,30.504940915510264,random_forest
ds-remote-coop,168,هيئة التأمين | Insurance Authority,Tamheer Opportunity - Specialist of Information Security,31.5,30.79783032458548,random_forest
ds-remote-coop,169,Snbla | سنبله,Paid Internship Program (FinTech),38.0,38.448777791571175,random_forest
ds-remote-coop,170,2P Perfect Presentation,Data Analyst (Tamheer),36.0,36.10492141816455,random_forest
ds-remote-coop,171,Infosys,Summer Intern (Infosys InStep ’26 – Bangalore),28.0,29.390365868623185,random_forest
ds-remote-coop,172,شركة الخدمات المدارة | Managed Services Company,Intern Cybersecurity Engineer,36.0,35.992720446350056,random_forest
ds-remote-coop,173,Abunayyan Holding,Data Analyst (Tamheer),36.0,36.05806660292863,random_forest
ds-gpa-ielts,1,Saudi Aramco,University Internship Program (UIP),33.33,31.77542622134647,random_forest
ds-gpa-ielts,2,SABIC,COOP Training Program,36.33,33.04487828296367,random_forest
ds-gpa-ielts,3,stc (Saudi Telecom Company),Cooperative Training Program (COOP),40.0,40.00449999999999,random_forest
ds-gpa-ielts,4,Saudi National Bank (SNB),SNB Cooperative Training Program,38.33,36.23564999999999,random_forest
ds-gpa-ielts,5,Al Rajhi Bank,Cooperative Training Program,35.0,35.00134027777778,random_forest
ds-gpa-ielts,6,Capital Market Authority (CMA),COOP Program,40.0,39.891666666666666,random_forest
ds-gpa-ielts,7,Digital Government Authority (DGA),Maidan Cooperative Training Program,40.0,39.979166666666664,random_forest
ds-gpa-ielts,8,KPMG Saudi Arabia,COOP & Internship Programs,35.0,34.99720833333333,random_forest
ds-gpa-ielts,9,PwC Middle East,"Deals, COOP and Summer Internship Programme (2026)",44.5,44.1597063093128,random_forest
ds-gpa-ielts,10,Deloitte Middle East (KSA),Jusoor Al Sharqiyah Internship Program,44.5,44.44940782044441,random_forest
ds-gpa-ielts,11,Bank Albilad,Cooperative & Summer Training Program,39.5,38.903230150160304,random_forest
ds-gpa-ielts,12,Tamara,Tamara Builders Program,44.5,44.53639868519932,random_forest
ds-gpa-ielts,13,Bupa Arabia,Cooperative Training Program,40.0,39.916666666666664,random_forest
ds-gpa-ielts,14,Saudi Exports (Saudi Export Development Authority),COOP & Summer Training (FAQ-confirmed),35.0,35.09433333333333,random_forest
ds-gpa-ielts,15,Local Content and Government Procurement Authority (LCGPA),COOP Training (role posting),40.0,39.954166666666666,random_forest
ds-gpa-ielts,16,McKinsey & Company (Maqdira),Maqdira Fellowship Program,44.5,44.39973201853266,random_forest
ds-gpa-ielts,17,Boston Consulting Group (BCG),Visiting Associate Internship (Riyadh),40.0,39.9,random_forest
ds-gpa-ielts,18,Bain & Company,COOP Training Program (Riyadh),40.0,39.968041666666664,random_forest
ds-gpa-ielts,19,Amazon Web Services (AWS),IT/Computer Hardware Internship (Intern-to-FTE Pathway),54.5,54.474287681240874,random_forest
ds-gpa-ielts,20,Amazon Web Services (AWS) - Associate Solutions Architect Intern,Associate Solutions Architect Intern (2026),54.5,54.477267711962845,random_forest
ds-gpa-ielts,21,Google (Saudi Arabia),Google Careers (Saudi location filter),43.0,43.0625,random_forest
ds-gpa-ielts,22,BlackRock,Client & Product Summer Internship Programme (EMEA) - includes Riyadh,62.33,59.92217751322753,random_forest
ds-gpa-ielts,23,noon,Student Internship,50.0,49.945,random_forest
ds-gpa-ielts,24,MOZN,Data Science Intern,65.67,63.927144204406694,random_forest
ds-gpa-ielts,25,Elm,Elm Co-op Training Program (March 2026 Intake),40.0,40.01154166666666,random_forest
ds-gpa-ielts,26,Yasref,Yasref Cooperative Training Program,37.5,36.77622503538128,random_forest
ds-gpa-ielts,27,"Saudi Standards, Metrology and Quality Organization (SASO)",Cooperative Training (Collaborative Training),44.5,44.10900149021022,random_forest
ds-gpa-ielts,28,"Zakat, Tax and Customs Authority (ZATCA)",Binaa-Alkafaat Program,35.0,35.21458333333332,random_forest
ds-gpa-ielts,29,Human Resources Development Fund (HRDF) – Cooperative Training Product,Cooperative Training (HRDF product),10.5,10.844047619047618,random_forest
ds-gpa-ielts,30,EXPRO,COOP Training (Future Makers Program),40.0,39.938875,random_forest
ds-gpa-ielts,31,Ministry of Industry and Mineral Resources (MIM) – Cooperative Training Initiative,Cooperative Training Initiative,10.5,10.819742063492065,random_forest
ds-gpa-ielts,32,TBC (The Beauty Company),Cooperative Training Program,35.0,34.99720833333333,random_forest
ds-gpa-ielts,33,National Center for Vegetation Cover Development & Combating Desertification (NCVC),COOP Training Program,40.0,39.94166666666667,random_forest
ds-gpa-ielts,34,Saudi Power Procurement Company (SPPC),Future Power – COOP Training Program,40.0,40.25066666666667,random_forest
ds-gpa-ielts,35,TBC (Tatweer Building Company),Cooperative Training Program,40.0,40.00833333333333,random_forest
ds-gpa-ielts,36,PwC Middle East (Assurance COOP & Summer Internship Programme 2026),"Assurance, COOP and Summer Internship Programme 2026 – Middle East",44.5,44.306397485783386,random_forest
ds-gpa-ielts,37,KAPSARC,Intern (Coop- Trainee),52.33,49.68254722222222,random_forest
ds-gpa-ielts,38,BSF (Banque Saudi Fransi),COOP / Internship,33.33,31.373280043893452,random_forest
ds-gpa-ielts,39,Saudi Food & Drug Authority (SFDA),COOP training (First semester 2025-2026 intake),35.0,35.18337499999999,random_forest
ds-gpa-ielts,40,Saudi Power Procurement Company (SPPC) – Future Power (Business Admin COOP),Future Power – Business Administration COOP Training Program,43.33,43.0771208333333,random_forest
ds-gpa-ielts,41,Bank Albilad,Cooperative and Summer Training Program,43.33,43.011218055555524,random_forest
ds-gpa-ielts,42,The Saudi National Bank (SNB),SNB Rowad Program,40.0,40.00416666666667,random_forest
ds-gpa-ielts,43,National Cybersecurity Authority (NCA) – Academy,Cybersecurity training programs (academy),45.0,44.20850694444445,random_forest
ds-gpa-ielts,44,PIF | Graduate Development Program,Graduate Development Program (GDP),55.67,53.97908307629872,random_forest
ds-gpa-ielts,45,NEOM | GrOW (Graduates Opportunities in Work),GrOW (Graduates Opportunities in Work),39.33,40.84306574114438,random_forest
ds-gpa-ielts,46,ROSHN | COOP Trainee Program,COOP Trainee Program,43.33,43.47327162698409,random_forest
ds-gpa-ielts,47,Microsoft | Ru'aa Program (Riyadh),Ru'aa Program Internship (Solution Engineering),54.5,54.48786295005808,random_forest
ds-gpa-ielts,48,Oracle | Business Development Intern (KSA market),Business Development Intern (KSA market),41.5,41.20280947045184,random_forest
ds-gpa-ielts,49,SAP | Student Internship (Riyadh),Student Internship - Riyadh,50.0,49.836,random_forest
ds-gpa-ielts,50,SAB (Saudi Awwal Bank) | Cooperative Training Programme (COOP),SAB Cooperative Training Programme (COOP),40.0,39.983333333333334,random_forest
ds-gpa-ielts,51,Ministry of Finance (Saudi Arabia) | Cooperative Training Program,Cooperative Training Program,39.83,40.35222976190476,random_forest
ds-gpa-ielts,52,Ministry of Industry and Mineral Resources | Cooperative Training,Cooperative Training Initiative,31.5,31.401944444444442,random_forest
ds-gpa-ielts,53,King Fahd Causeway Authority | Internship Program,Internship Program,49.33,50.8406371588694,random_forest
ds-gpa-ielts,54,Tawuniya | Tamheer Program (Fresh Graduates),Tamheer Program,50.83,48.52714801587299,random_forest
ds-gpa-ielts,55,SAMA | SAMA Professional Program (SPP),SAMA Professional Program (SPP),36.5,36.5,random_forest
ds-gpa-ielts,56,HRDF | Cooperative Training Product,Cooperative Training Product,31.5,31.497777777777777,random_forest
ds-gpa-ielts,57,IBM,"Automation, Data & AI – Intern",51.0,50.84880196713857,random_forest
ds-gpa-ielts,58,Unifonic,Internship (Unifonic),54.5,54.49648571428572,random_forest
ds-gpa-ielts,59,Misk Foundation,Misk Traineeship / Internship Program,46.33,44.76523492063489,random_forest
ds-gpa-ielts,60,Cisco,Cisco NetVersity (Saudi Arabia),45.83,42.45081457039337,random_forest
ds-gpa-ielts,61,KAUST,Visiting Student Research Program (VSRP) Internship,43.33,48.791792105119775,random_forest
ds-gpa-ielts,62,General Authority for Statistics (GASTAT),Cooperative Training Program,52.33,50.49901646825396,random_forest
ds-gpa-ielts,63,Saudi Center for Opinion Polling (SCOP),Cooperative Training Program,52.33,50.40322480158729,random_forest
ds-gpa-ielts,64,Al Rajhi Takaful,Cooperative Training Program,43.33,42.97149861111108,random_forest
ds-gpa-ielts,65,Expenditure & Projects Efficiency Authority (EXPRO),Future Makers (صنّاع المستقبل) – Cooperative Training,40.0,40.00720833333333,random_forest
ds-gpa-ielts,66,Ministry of Finance (Saudi Arabia),Cooperative Training Program (Ministry of Finance),43.33,43.162435119047586,random_forest
ds-gpa-ielts,67,General Entertainment Authority (GEA),GEA Cooperative Training Program,40.0,39.96666666666667,random_forest
ds-gpa-ielts,68,Banque Saudi Fransi (BSF),COOP Training,43.33,42.95275456349203,random_forest
ds-gpa-ielts,69,Arab National Bank (ANB),COOP Trainee,40.0,39.98191666666666,random_forest
ds-gpa-ielts,70,Tamara,Builders Program,40.0,39.968041666666664,random_forest
ds-gpa-ielts,71,OmniOps,Co‑op Training Program,49.0,49.326008928571426,random_forest
ds-gpa-ielts,72,Tatweer Educational Technologies (TETCO),Cooperative Training Program,47.83,47.45783134920632,random_forest
ds-gpa-ielts,73,The Saudi Investment Bank (SAIB),Cooperative Program,40.0,39.96666666666667,random_forest
ds-gpa-ielts,74,Saudi Awwal Bank (SAB),COOP Program,40.0,40.32716666666667,random_forest
ds-gpa-ielts,75,Riyad Bank,Internships and Coop Trainings (CSR 2019),40.0,39.96666666666667,random_forest
ds-gpa-ielts,76,Tabby,Intern DevOps Engineer,49.5,49.548478529240015,random_forest
ds-gpa-ielts,77,Tabby,Intern Backend (GO) Engineer,52.83,54.46163295391254,random_forest
ds-gpa-ielts,78,Tabby,Intern Frontend Engineer,54.5,54.44619628339141,random_forest
ds-gpa-ielts,79,Tabby,Intern Data Engineer,65.67,63.19494830493579,random_forest
ds-gpa-ielts,80,Tabby,No-Code / AI Agents Engineering Intern,54.5,54.491142711962844,random_forest
ds-gpa-ielts,81,Bank Albilad,Cooperative Training Program,38.33,36.72498685897435,random_forest
ds-gpa-ielts,82,Saudi Ground Services (SGS),COOP Program,33.33,31.32732172876087,random_forest
ds-gpa-ielts,83,CEER,Cooperative Training Program (COOP),43.33,43.08839761904758,random_forest
ds-gpa-ielts,84,Al Rajhi Takaful,Coop Training Program,43.33,43.02234305555553,random_forest
ds-gpa-ielts,85,TAWAL,COOP Training Program,47.83,47.700154761904734,random_forest
ds-gpa-ielts,86,Wakeb_Data,COOP Training,47.83,47.8099948412698,random_forest
ds-gpa-ielts,87,Banque Saudi Fransi (BSF),Coop Training Program,43.33,42.99734305555553,random_forest
ds-gpa-ielts,88,Tech Economy,COOP Training Program,40.0,39.98191666666666,random_forest
ds-gpa-ielts,89,SAMI Advanced Electronics (SAMI-AEC),Coop Trainee,43.33,43.08307817460314,random_forest
ds-gpa-ielts,90,NHC,COOP Trainee,38.33,36.71985590659339,random_forest
ds-gpa-ielts,91,REMAT ADVANCED,Cooperative Training Program,47.83,47.60355555555553,random_forest
ds-gpa-ielts,92,SDM,AI COOP,47.83,47.73504623015869,random_forest
ds-gpa-ielts,93,HUED,HUED COOP Program 2026,47.83,47.73836289682536,random_forest
ds-gpa-ielts,94,Araamis • أرامس,Araamis COOP Program 2026,52.33,50.011687896825386,random_forest
ds-gpa-ielts,95,ARDARA,COOP Training for Students,43.33,43.16158511904759,random_forest
ds-gpa-ielts,96,flynas,COOP Trainee / Internship Program,44.5,44.52148201853266,random_forest
ds-gpa-ielts,97,Saudi Motorsport Company (SMC),COOP Trainee (IT Asset Project Management),34.5,34.7148125,random_forest
ds-gpa-ielts,98,Saudi Motorsport Company (SMC),COOP Trainee (Supply Chain Excellence Associate),39.0,37.65932341269841,random_forest
ds-gpa-ielts,99,Mobily,Cooperative Training Program,40.0,40.00416666666667,random_forest
ds-gpa-ielts,100,Saudi Awwal Bank (SAB),Student Opportunities: Cooperative / Practical Training,40.0,39.98054166666667,random_forest
ds-gpa-ielts,101,Alvarez & Marsal,COOP Training Program,43.33,43.40416051587299,random_forest
ds-gpa-ielts,102,Visa,COOP Trainee (Jan 2026),40.0,40.538770833333324,random_forest
ds-gpa-ielts,103,Zain KSA,Evolve Program (Fresh Graduates),40.0,39.976375,random_forest
ds-gpa-ielts,104,Zain KSA,Zain Pioneers Program,44.5,44.4332491753954,random_forest
ds-gpa-ielts,105,Savvy Games Group,Cooperative Training Program (Co-op),40.0,39.954166666666666,random_forest
ds-gpa-ielts,106,Bank AlJazira,Tamheer Program,40.0,40.05825,random_forest
ds-gpa-ielts,107,sirar by stc,Cooperative Training Program,44.5,44.57350979631043,random_forest
ds-gpa-ielts,108,Gathern,Co-op Program,49.0,49.13907837301587,random_forest
ds-gpa-ielts,109,Elm Company (شركة علم),Coop Training - Computer Science (Jan/Mar/Jun/Aug 2025 Intake),47.83,47.67743928571425,random_forest
ds-gpa-ielts,110,Elm Company (شركة علم),Co-Op Training - Information Technology (Jun & Aug 2025 Intake),47.83,47.64651984126981,random_forest
ds-gpa-ielts,111,EJADA,COOP Administration & Support Engineer,40.0,39.92916666666667,random_forest
ds-gpa-ielts,112,Emdad By Elm,Network Cooperative Training (Network Intern),34.5,34.81967708333333,random_forest
ds-gpa-ielts,113,AILA,Co-op Training Programme,39.5,39.40416666666667,random_forest
ds-gpa-ielts,114,Foodics,Foodics 360 Internship Program,54.5,54.474287681240874,random_forest
ds-gpa-ielts,115,Salla,برنامج التدريب التعاوني (Coop Training) – Salla,34.5,34.610645833333336,random_forest
ds-gpa-ielts,116,Lucidya,Technical Internship or Coop – Lucidya,34.5,34.80052083333333,random_forest
ds-gpa-ielts,117,Diriyah Company,Diriyah Co-op Training Program,43.33,43.022484722222195,random_forest
ds-gpa-ielts,118,Riyadh Air,Co-op – Riyadh Air,43.33,43.71590257936505,random_forest
ds-gpa-ielts,119,Jahez Group,Jahez Internship Program (as described in Sustainability Report),50.0,49.849875,random_forest
ds-gpa-ielts,120,Lumi | لومي,COOP Intern 2025 – Lumi,43.33,43.00053234126981,random_forest
ds-gpa-ielts,121,webook.com,COOP Trainee Opportunities – webook.com,40.0,40.61716666666666,random_forest
ds-gpa-ielts,122,moneymoon,Tech & AI Co-op Program 2025,47.83,47.745276154401125,random_forest
ds-gpa-ielts,123,EjadTech - إيجاد التقنية,"Summer Internship Program 2025 (Computer, Data, and AI Majors)",58.83,59.79788218253967,random_forest
ds-gpa-ielts,124,InnovationTeam,Java Microservices Internship Programme (Saudi Nationals),54.33,55.3018690989574,random_forest
ds-gpa-ielts,125,Tamkeen Technologies,On the Job Training (Internship Program) — Technology field,54.5,54.334875000000004,random_forest
ds-gpa-ielts,126,Trendyol Group,Trendyol Tech Talent - Bootcamp & COOP Internship Program (Saudi Students Only),41.0,41.0,random_forest
ds-gpa-ielts,127,Ninja نينجا,COOP Training Program,41.0,40.825,random_forest
ds-gpa-ielts,128,SCAI | سكاي,CO-OP Training Opportunities (Intern),51.17,52.459843393759044,random_forest
ds-gpa-ielts,129,WalaPlus,Coop & Tamheer Opportunities,44.5,44.49366584206207,random_forest
ds-gpa-ielts,130,Aon,IT Co-op Trainee 2026,44.5,44.399126490210215,random_forest
ds-gpa-ielts,131,Hewlett Packard Enterprise (HPE),College Intern (Coop),44.5,44.409165842062066,random_forest
ds-gpa-ielts,132,Signify,KSA Coop Internship Program,44.5,44.205457508728735,random_forest
ds-gpa-ielts,133,Help AG (e& enterprise),Cybersecurity Intern,50.0,49.838232142857144,random_forest
ds-gpa-ielts,134,TrendAI (Trend Micro),CyberGATE Internship Program,54.5,54.474287681240874,random_forest
ds-gpa-ielts,135,Golf Saudi,IT Co-op Trainee,44.5,44.48966951853266,random_forest
ds-gpa-ielts,136,Siemens Healthineers,Healthineers Early Talent Program – IT (Riyadh),54.5,54.64467545005808,random_forest
ds-gpa-ielts,137,1957 Ventures,Internship / Co-Op Program,47.83,47.69046805555551,random_forest
ds-gpa-ielts,138,Nokia,Graduate Trainee (Saudi Arabia) – Fledgers Program,52.33,50.471700330687824,random_forest
ds-gpa-ielts,139,Ericsson,Summer Interns (Ericsson Saudi),54.5,54.43682155657962,random_forest
ds-gpa-ielts,140,Bosch Middle East,Software Development Intern (AI/Cloud),62.33,60.034243788156274,random_forest
ds-gpa-ielts,141,Saudi Payments | المدفوعات السعودية,COOP Training – August 2024,52.33,49.73430119047619,random_forest
ds-gpa-ielts,142,Saudi Tadawul Group | تداول,Cooperative Training Program (COOP),47.83,47.636776785714254,random_forest
ds-gpa-ielts,143,Lean Technologies,Software Engineering Intern – KSA,61.17,61.025895954045936,random_forest
ds-gpa-ielts,144,Mirai (Scopely) | مِراي,AI Engineering Intern (GenAI),57.83,56.836765269075435,random_forest
ds-gpa-ielts,145,HungerStation | هنقرستيشن,"Co-OP Trainee, Data Analysis – Info Sec",55.67,53.51808001443001,random_forest
ds-gpa-ielts,146,NCGR | المركز الوطني لنظم الموارد الحكومية,Coop Training Program,47.83,47.438473611111085,random_forest
ds-gpa-ielts,147,nybl,nybl Graduate Programme – Saudi Nationals (AI Bootcamp),40.0,40.282958333333326,random_forest
ds-gpa-ielts,148,Procter & Gamble (P&G),P&G LEADgen Internship Program 2026 (Riyadh),54.5,54.61362696695516,random_forest
ds-gpa-ielts,149,New Murabba | المربع الجديد,New Murabba Co-op Training Program,47.83,47.65245833333331,random_forest
ds-gpa-ielts,150,Boeing Saudi Arabia Limited,Intern - Info Technology & Data Analytics (Riyadh),59.0,56.40841255323268,random_forest
ds-gpa-ielts,151,Motorola Solutions,Deployment Engineer Intern (KSA National - Tamheer Program),44.5,44.40150149021022,random_forest
ds-gpa-ielts,152,Schneider Electric,Co-op Intern (Engineering) - Al Khobar (Jan–Aug 2026),34.5,34.64814583333334,random_forest
ds-gpa-ielts,153,Lockheed Martin,Tamheer Space Internship (Riyadh),44.5,44.546815351865995,random_forest
ds-gpa-ielts,154,Markaba | مركبة,Start-up Software Intern – TAMHEER (Saudi nationals only),41.0,41.0,random_forest
ds-gpa-ielts,155,Laverne Group | مجموعة لافيرن,Data Analyst / Data Engineer Intern (IT Department),68.33,61.873320833333324,random_forest
ds-gpa-ielts,156,Meel | ميل,"Software Developer Internship (Remote, min 2 months)",44.5,44.347389149868455,random_forest
ds-gpa-ielts,157,Nahdi Medical Co.,IT Internship / COOP Program (6 months),39.5,39.174277769207926,random_forest
ds-gpa-ielts,158,SMART Technology Solutions | سمارت لحلول التقنية,R&D Intern (Riyadh),54.5,54.44619628339141,random_forest
ds-gpa-ielts,159,Knodemy Inc.,AI Developer & Tech Trainer Intern - Riyadh,57.83,56.09896725320243,random_forest
ds-gpa-ielts,160,Water Transmission Company | شركة نقل المياه,Tamheer Internship Program (HRIS / Engineering & PM - Riyadh),44.5,44.510148685199326,random_forest
ds-gpa-ielts,161,AFNOYS,"AI Automation Intern - KSA (Remote, 4 weeks)",44.5,43.41303760801258,random_forest
ds-gpa-ielts,162,SAS,CareerStart@SAS 2026 - Presales Customer Intelligence Intern (Riyadh),57.5,55.24455187285183,random_forest
ds-gpa-ielts,163,Devoteam,Trainee - Future Leaders Program (Co-op/Fresh Graduate),44.33,44.390254298941805,random_forest
ds-gpa-ielts,164,ضالتي Dhallaty,Tech Intern: Fresh Grad or Student,53.0,53.00102959059818,random_forest
ds-gpa-ielts,165,Innovative Solutions SA,Presales - Tamheer,36.5,36.5,random_forest
ds-gpa-ielts,166,HUMAIN,Tamheer Program (Software Engineer / Cybersecurity / MIS),41.0,41.0,random_forest
ds-gpa-ielts,167,TAM | تام,"Tamheer Opportunity, Advisory",36.5,36.434375,random_forest
ds-gpa-ielts,168,هيئة التأمين | Insurance Authority,Tamheer Opportunity - Specialist of Information Security,36.5,36.5,random_forest
ds-gpa-ielts,169,Snbla | سنبله,Paid Internship Program (FinTech),53.0,52.88923051075268,random_forest
ds-gpa-ielts,170,2P Perfect Presentation,Data Analyst (Tamheer),51.5,52.00581825396825,random_forest
ds-gpa-ielts,171,Infosys,Summer Intern (Infosys InStep ’26 – Bangalore),43.0,39.735354214596676,random_forest
ds-gpa-ielts,172,شركة الخدمات المدارة | Managed Services Company,Intern Cybersecurity Engineer,51.0,50.949233979844436,random_forest
ds-gpa-ielts,173,Abunayyan Holding,Data Analyst (Tamheer),51.5,52.46536269841268,random_forest
de-cloud-dammam,1,Saudi Aramco,University Internship Program (UIP),40.5,35.89069518773361,random_forest
de-cloud-dammam,2,SABIC,COOP Training Program,36.5,37.24447825651668,random_forest
de-cloud-dammam,3,stc (Saudi Telecom Company),Cooperative Training Program (COOP),33.5,35.92330965659808,random_forest
de-cloud-dammam,4,Saudi National Bank (SNB),SNB Cooperative Training Program,38.5,41.647988418843156,random_forest
de-cloud-dammam,5,Al Rajhi Bank,Cooperative Training Program,38.5,41.95558101143575,random_forest
de-cloud-dammam,6,Capital Market Authority (CMA),COOP Program,33.5,36.31795582061925,random_forest
de-cloud-dammam,7,Digital Government Authority (DGA),Maidan Cooperative Training Program,33.5,36.51472169363512,random_forest
de-cloud-dammam,8,KPMG Saudi Arabia,COOP & Internship Programs,38.5,42.085892902273955,random_forest
de-cloud-dammam,9,PwC Middle East,"Deals, COOP and Summer Internship Programme (2026)",38.0,42.484949495500096,random_forest
de-cloud-dammam,10,Deloitte Middle East (KSA),Jusoor Al Sharqiyah Internship Program,49.5,48.88167634083755,random_forest
de-cloud-dammam,11,Bank Albilad,Cooperative & Summer Training Program,47.5,50.39182086929671,random_forest
de-cloud-dammam,12,Tamara,Tamara Builders Program,42.5,47.908564664502165,random_forest
de-cloud-dammam,13,Bupa Arabia,Cooperative Training Program,33.5,37.17281693173036,random_forest
de-cloud-dammam,14,Saudi Exports (Saudi Export Development Authority),COOP & Summer Training (FAQ-confirmed),38.5,42.095719291162844,random_forest
de-cloud-dammam,15,Local Content and Government Procurement Authority (LCGPA),COOP Training (role posting),33.5,36.453174984737494,random_forest
de-cloud-dammam,16,McKinsey & Company (Maqdira),Maqdira Fellowship Program,38.0,42.40923812298812,random_forest
de-cloud-dammam,17,Boston Consulting Group (BCG),Visiting Associate Internship (Riyadh),33.5,35.958554639804646,random_forest
de-cloud-dammam,18,Bain & Company,COOP Training Program (Riyadh),33.5,36.366388360301784,random_forest
de-cloud-dammam,19,Amazon Web Services (AWS),IT/Computer Hardware Internship (Intern-to-FTE Pathway),42.5,47.4760349025974,random_forest
de-cloud-dammam,20,Amazon Web Services (AWS) - Associate Solutions Architect Intern,Associate Solutions Architect Intern (2026),49.17,59.24571567460317,random_forest
de-cloud-dammam,21,Google (Saudi Arabia),Google Careers (Saudi location filter),39.0,37.420406746031745,random_forest
de-cloud-dammam,22,BlackRock,Client & Product Summer Internship Programme (EMEA) - includes Riyadh,44.67,51.49574555224869,random_forest
de-cloud-dammam,23,noon,Student Internship,33.5,37.00337248728591,random_forest
de-cloud-dammam,24,MOZN,Data Science Intern,51.33,58.37323850946811,random_forest
de-cloud-dammam,25,Elm,Elm Co-op Training Program (March 2026 Intake),33.5,37.10615026506369,random_forest
de-cloud-dammam,26,Yasref,Yasref Cooperative Training Program,45.5,49.04752103269539,random_forest
de-cloud-dammam,27,"Saudi Standards, Metrology and Quality Organization (SASO)",Cooperative Training (Collaborative Training),42.5,48.04402101370852,random_forest
de-cloud-dammam,28,"Zakat, Tax and Customs Authority (ZATCA)",Binaa-Alkafaat Program,33.5,33.44952777777778,random_forest
de-cloud-dammam,29,Human Resources Development Fund (HRDF) – Cooperative Training Product,Cooperative Training (HRDF product),15.5,15.928819444444445,random_forest
de-cloud-dammam,30,EXPRO,COOP Training (Future Makers Program),33.5,36.22819391585734,random_forest
de-cloud-dammam,31,Ministry of Industry and Mineral Resources (MIM) – Cooperative Training Initiative,Cooperative Training Initiative,15.5,16.005902777777777,random_forest
de-cloud-dammam,32,TBC (The Beauty Company),Cooperative Training Program,38.5,42.0297586430147,random_forest
de-cloud-dammam,33,National Center for Vegetation Cover Development & Combating Desertification (NCVC),COOP Training Program,33.5,36.0962494714129,random_forest
de-cloud-dammam,34,Saudi Power Procurement Company (SPPC),Future Power – COOP Training Program,33.5,35.63111719628061,random_forest
de-cloud-dammam,35,TBC (Tatweer Building Company),Cooperative Training Program,33.5,35.8018810851695,random_forest
de-cloud-dammam,36,PwC Middle East (Assurance COOP & Summer Internship Programme 2026),"Assurance, COOP and Summer Internship Programme 2026 – Middle East",38.0,42.54015782883343,random_forest
de-cloud-dammam,37,KAPSARC,Intern (Coop- Trainee),42.5,47.73114402958153,random_forest
de-cloud-dammam,38,BSF (Banque Saudi Fransi),COOP / Internship,33.5,35.56528386294728,random_forest
de-cloud-dammam,39,Saudi Food & Drug Authority (SFDA),COOP training (First semester 2025-2026 intake),38.5,41.60147160597766,random_forest
de-cloud-dammam,40,Saudi Power Procurement Company (SPPC) – Future Power (Business Admin COOP),Future Power – Business Administration COOP Training Program,33.5,35.64423744473974,random_forest
de-cloud-dammam,41,Bank Albilad,Cooperative and Summer Training Program,33.5,35.868610582524,random_forest
de-cloud-dammam,42,The Saudi National Bank (SNB),SNB Rowad Program,28.5,29.291458361706,random_forest
de-cloud-dammam,43,National Cybersecurity Authority (NCA) – Academy,Cybersecurity training programs (academy),38.5,39.4604466588522,random_forest
de-cloud-dammam,44,PIF | Graduate Development Program,Graduate Development Program (GDP),39.67,41.95314834586709,random_forest
de-cloud-dammam,45,NEOM | GrOW (Graduates Opportunities in Work),GrOW (Graduates Opportunities in Work),40.5,40.40291666666667,random_forest
de-cloud-dammam,46,ROSHN | COOP Trainee Program,COOP Trainee Program,33.5,35.618051807883376,random_forest
de-cloud-dammam,47,Microsoft | Ru'aa Program (Riyadh),Ru'aa Program Internship (Solution Engineering),42.5,47.799151785714294,random_forest
de-cloud-dammam,48,Oracle | Business Development Intern (KSA market),Business Development Intern (KSA market),36.5,38.052448743386236,random_forest
de-cloud-dammam,49,SAP | Student Internship (Riyadh),Student Internship - Riyadh,33.5,35.707185572349,random_forest
de-cloud-dammam,50,SAB (Saudi Awwal Bank) | Cooperative Training Programme (COOP),SAB Cooperative Training Programme (COOP),33.5,35.75346847455004,random_forest
de-cloud-dammam,51,Ministry of Finance (Saudi Arabia) | Cooperative Training Program,Cooperative Training Program,31.5,39.94959325396826,random_forest
de-cloud-dammam,52,Ministry of Industry and Mineral Resources | Cooperative Training,Cooperative Training Initiative,36.5,39.805054563492064,random_forest
de-cloud-dammam,53,King Fahd Causeway Authority | Internship Program,Internship Program,45.5,49.16161825491761,random_forest
de-cloud-dammam,54,Tawuniya | Tamheer Program (Fresh Graduates),Tamheer Program,40.5,38.21592757936507,random_forest
de-cloud-dammam,55,SAMA | SAMA Professional Program (SPP),SAMA Professional Program (SPP),26.5,28.93071111209253,random_forest
de-cloud-dammam,56,HRDF | Cooperative Training Product,Cooperative Training Product,36.5,39.4064648937532,random_forest
de-cloud-dammam,57,IBM,"Automation, Data & AI – Intern",40.5,47.7372867063492,random_forest
de-cloud-dammam,58,Unifonic,Internship (Unifonic),38.0,42.48163395632146,random_forest
de-cloud-dammam,59,Misk Foundation,Misk Traineeship / Internship Program,31.5,30.992916665206163,random_forest
de-cloud-dammam,60,Cisco,Cisco NetVersity (Saudi Arabia),41.0,41.244550315126055,random_forest
de-cloud-dammam,61,KAUST,Visiting Student Research Program (VSRP) Internship,33.5,35.649860582524006,random_forest
de-cloud-dammam,62,General Authority for Statistics (GASTAT),Cooperative Training Program,44.67,50.30336403856864,random_forest
de-cloud-dammam,63,Saudi Center for Opinion Polling (SCOP),Cooperative Training Program,44.67,50.41643626079087,random_forest
de-cloud-dammam,64,Al Rajhi Takaful,Cooperative Training Program,33.5,35.517985034379095,random_forest
de-cloud-dammam,65,Expenditure & Projects Efficiency Authority (EXPRO),Future Makers (صنّاع المستقبل) – Cooperative Training,33.5,35.67110736343893,random_forest
de-cloud-dammam,66,Ministry of Finance (Saudi Arabia),Cooperative Training Program (Ministry of Finance),33.5,39.58006823358507,random_forest
de-cloud-dammam,67,General Entertainment Authority (GEA),GEA Cooperative Training Program,33.5,35.64667275183617,random_forest
de-cloud-dammam,68,Banque Saudi Fransi (BSF),COOP Training,33.5,35.93364704597861,random_forest
de-cloud-dammam,69,Arab National Bank (ANB),COOP Trainee,33.5,35.91722169363512,random_forest
de-cloud-dammam,70,Tamara,Builders Program,33.5,35.84777724919068,random_forest
de-cloud-dammam,71,OmniOps,Co‑op Training Program,42.5,47.74746347402598,random_forest
de-cloud-dammam,72,Tatweer Educational Technologies (TETCO),Cooperative Training Program,42.5,48.69660533910534,random_forest
de-cloud-dammam,73,The Saudi Investment Bank (SAIB),Cooperative Program,33.5,35.72277724919068,random_forest
de-cloud-dammam,74,Saudi Awwal Bank (SAB),COOP Program,33.5,35.800555026968446,random_forest
de-cloud-dammam,75,Riyad Bank,Internships and Coop Trainings (CSR 2019),33.5,36.97087248728591,random_forest
de-cloud-dammam,76,Tabby,Intern DevOps Engineer,47.5,49.457401295461835,random_forest
de-cloud-dammam,77,Tabby,Intern Backend (GO) Engineer,54.17,59.66812300061051,random_forest
de-cloud-dammam,78,Tabby,Intern Frontend Engineer,42.5,47.91426902958154,random_forest
de-cloud-dammam,79,Tabby,Intern Data Engineer,61.83,63.1968719246032,random_forest
de-cloud-dammam,80,Tabby,No-Code / AI Agents Engineering Intern,42.5,47.7500229978355,random_forest
de-cloud-dammam,81,Bank Albilad,Cooperative Training Program,38.5,40.33759253925585,random_forest
de-cloud-dammam,82,Saudi Ground Services (SGS),COOP Program,33.5,35.8274994714129,random_forest
de-cloud-dammam,83,CEER,Cooperative Training Program (COOP),33.5,35.97680502696845,random_forest
de-cloud-dammam,84,Al Rajhi Takaful,Coop Training Program,33.5,35.46111719628061,random_forest
de-cloud-dammam,85,TAWAL,COOP Training Program,42.5,47.87746347402597,random_forest
de-cloud-dammam,86,Wakeb_Data,COOP Training,42.5,48.15454680735931,random_forest
de-cloud-dammam,87,Banque Saudi Fransi (BSF),Coop Training Program,33.5,35.79879576770918,random_forest
de-cloud-dammam,88,Tech Economy,COOP Training Program,33.5,35.97188530219781,random_forest
de-cloud-dammam,89,SAMI Advanced Electronics (SAMI-AEC),Coop Trainee,33.5,35.543885141216705,random_forest
de-cloud-dammam,90,NHC,COOP Trainee,38.5,42.02394845782951,random_forest
de-cloud-dammam,91,REMAT ADVANCED,Cooperative Training Program,42.5,47.7597849025974,random_forest
de-cloud-dammam,92,SDM,AI COOP,44.67,50.783287566137574,random_forest
de-cloud-dammam,93,HUED,HUED COOP Program 2026,42.5,48.26788014069264,random_forest
de-cloud-dammam,94,Araamis • أرامس,Araamis COOP Program 2026,42.5,47.7805091089466,random_forest
de-cloud-dammam,95,ARDARA,COOP Training for Students,33.5,35.66375608516951,random_forest
de-cloud-dammam,96,flynas,COOP Trainee / Internship Program,38.0,42.50038395632146,random_forest
de-cloud-dammam,97,Saudi Motorsport Company (SMC),COOP Trainee (IT Asset Project Management),38.0,42.47604118217476,random_forest
de-cloud-dammam,98,Saudi Motorsport Company (SMC),COOP Trainee (Supply Chain Excellence Associate),38.0,42.595584832968406,random_forest
de-cloud-dammam,99,Mobily,Cooperative Training Program,33.5,37.09081387362638,random_forest
de-cloud-dammam,100,Saudi Awwal Bank (SAB),Student Opportunities: Cooperative / Practical Training,33.5,35.76444391585734,random_forest
de-cloud-dammam,101,Alvarez & Marsal,COOP Training Program,33.5,36.010002142353066,random_forest
de-cloud-dammam,102,Visa,COOP Trainee (Jan 2026),33.5,35.619996252327816,random_forest
de-cloud-dammam,103,Zain KSA,Evolve Program (Fresh Graduates),28.5,29.278212440960075,random_forest
de-cloud-dammam,104,Zain KSA,Zain Pioneers Program,37.5,36.57749007936507,random_forest
de-cloud-dammam,105,Savvy Games Group,Cooperative Training Program (Co-op),33.5,35.893259718110635,random_forest
de-cloud-dammam,106,Bank AlJazira,Tamheer Program,28.5,29.20937910762674,random_forest
de-cloud-dammam,107,sirar by stc,Cooperative Training Program,42.5,47.717056727994226,random_forest
de-cloud-dammam,108,Gathern,Co-op Program,42.5,47.69676902958153,random_forest
de-cloud-dammam,109,Elm Company (شركة علم),Coop Training - Computer Science (Jan/Mar/Jun/Aug 2025 Intake),38.0,42.494324495500095,random_forest
de-cloud-dammam,110,Elm Company (شركة علم),Co-Op Training - Information Technology (Jun & Aug 2025 Intake),38.0,42.494324495500095,random_forest
de-cloud-dammam,111,EJADA,COOP Administration & Support Engineer,33.5,35.483339418502844,random_forest
de-cloud-dammam,112,Emdad By Elm,Network Cooperative Training (Network Intern),42.5,47.37575712481963,random_forest
de-cloud-dammam,113,AILA,Co-op Training Programme,43.0,46.534721525712804,random_forest
de-cloud-dammam,114,Foodics,Foodics 360 Internship Program,38.0,42.51307449550009,random_forest
de-cloud-dammam,115,Salla,برنامج التدريب التعاوني (Coop Training) – Salla,38.0,42.494324495500095,random_forest
de-cloud-dammam,116,Lucidya,Technical Internship or Coop – Lucidya,38.0,42.475207848841436,random_forest
de-cloud-dammam,117,Diriyah Company,Diriyah Co-op Training Program,33.5,36.09972169363512,random_forest
de-cloud-dammam,118,Riyadh Air,Co-op – Riyadh Air,33.5,35.68806164072506,random_forest
de-cloud-dammam,119,Jahez Group,Jahez Internship Program (as described in Sustainability Report),33.5,35.76638836030178,random_forest
de-cloud-dammam,120,Lumi | لومي,COOP Intern 2025 – Lumi,33.5,36.021746413308925,random_forest
de-cloud-dammam,121,webook.com,COOP Trainee Opportunities – webook.com,33.5,35.68389497405839,random_forest
de-cloud-dammam,122,moneymoon,Tech & AI Co-op Program 2025,49.17,58.05748023391815,random_forest
de-cloud-dammam,123,EjadTech - إيجاد التقنية,"Summer Internship Program 2025 (Computer, Data, and AI Majors)",47.17,58.361332738095264,random_forest
de-cloud-dammam,124,InnovationTeam,Java Microservices Internship Programme (Saudi Nationals),47.17,60.162023902116395,random_forest
de-cloud-dammam,125,Tamkeen Technologies,On the Job Training (Internship Program) — Technology field,38.0,42.494324495500095,random_forest
de-cloud-dammam,126,Trendyol Group,Trendyol Tech Talent - Bootcamp & COOP Internship Program (Saudi Students Only),36.0,40.103605002832666,random_forest
de-cloud-dammam,127,Ninja نينجا,COOP Training Program,36.0,39.93966921639689,random_forest
de-cloud-dammam,128,SCAI | سكاي,CO-OP Training Opportunities (Intern),49.17,59.087871146616536,random_forest
de-cloud-dammam,129,WalaPlus,Coop & Tamheer Opportunities,42.5,47.53124323593074,random_forest
de-cloud-dammam,130,Aon,IT Co-op Trainee 2026,42.5,47.957453553391055,random_forest
de-cloud-dammam,131,Hewlett Packard Enterprise (HPE),College Intern (Coop),42.5,47.62172934704185,random_forest
de-cloud-dammam,132,Signify,KSA Coop Internship Program,42.5,47.349021013708516,random_forest
de-cloud-dammam,133,Help AG (e& enterprise),Cybersecurity Intern,33.5,35.46805555555555,random_forest
de-cloud-dammam,134,TrendAI (Trend Micro),CyberGATE Internship Program,42.5,47.6609356962482,random_forest
de-cloud-dammam,135,Golf Saudi,IT Co-op Trainee,42.5,48.04388212481963,random_forest
de-cloud-dammam,136,Siemens Healthineers,Healthineers Early Talent Program – IT (Riyadh),42.5,47.66700712481963,random_forest
de-cloud-dammam,137,1957 Ventures,Internship / Co-Op Program,42.5,47.564467442279934,random_forest
de-cloud-dammam,138,Nokia,Graduate Trainee (Saudi Arabia) – Fledgers Program,44.17,42.607207287157294,random_forest
de-cloud-dammam,139,Ericsson,Summer Interns (Ericsson Saudi),38.0,42.494324495500095,random_forest
de-cloud-dammam,140,Bosch Middle East,Software Development Intern (AI/Cloud),49.17,59.21710563074353,random_forest
de-cloud-dammam,141,Saudi Payments | المدفوعات السعودية,COOP Training – August 2024,38.0,42.449532828833426,random_forest
de-cloud-dammam,142,Saudi Tadawul Group | تداول,Cooperative Training Program (COOP),42.5,47.976778950216456,random_forest
de-cloud-dammam,143,Lean Technologies,Software Engineering Intern – KSA,55.83,61.79668005952381,random_forest
de-cloud-dammam,144,Mirai (Scopely) | مِراي,AI Engineering Intern (GenAI),49.17,58.14807531328322,random_forest
de-cloud-dammam,145,HungerStation | هنقرستيشن,"Co-OP Trainee, Data Analysis – Info Sec",51.33,57.81296366819826,random_forest
de-cloud-dammam,146,NCGR | المركز الوطني لنظم الموارد الحكومية,Coop Training Program,38.0,42.494324495500095,random_forest
de-cloud-dammam,147,nybl,nybl Graduate Programme – Saudi Nationals (AI Bootcamp),28.5,29.2193563285464,random_forest
de-cloud-dammam,148,Procter & Gamble (P&G),P&G LEADgen Internship Program 2026 (Riyadh),38.0,42.50369949550009,random_forest
de-cloud-dammam,149,New Murabba | المربع الجديد,New Murabba Co-op Training Program,42.5,47.98922438672439,random_forest
de-cloud-dammam,150,Boeing Saudi Arabia Limited,Intern - Info Technology & Data Analytics (Riyadh),38.0,42.47033958903751,random_forest
de-cloud-dammam,151,Motorola Solutions,Deployment Engineer Intern (KSA National - Tamheer Program),42.5,47.76593073593074,random_forest
de-cloud-dammam,152,Schneider Electric,Co-op Intern (Engineering) - Al Khobar (Jan–Aug 2026),49.5,48.88852783867171,random_forest
de-cloud-dammam,153,Lockheed Martin,Tamheer Space Internship (Riyadh),42.5,47.90967577561328,random_forest
de-cloud-dammam,154,Markaba | مركبة,Start-up Software Intern – TAMHEER (Saudi nationals only),40.5,48.02048115079365,random_forest
de-cloud-dammam,155,Laverne Group | مجموعة لافيرن,Data Analyst / Data Engineer Intern (IT Department),55.17,62.03762218253971,random_forest
de-cloud-dammam,156,Meel | ميل,"Software Developer Internship (Remote, min 2 months)",47.5,50.55056748441619,random_forest
de-cloud-dammam,157,Nahdi Medical Co.,IT Internship / COOP Program (6 months),43.0,46.48813360874024,random_forest
de-cloud-dammam,158,SMART Technology Solutions | سمارت لحلول التقنية,R&D Intern (Riyadh),42.5,47.879269029581536,random_forest
de-cloud-dammam,159,Knodemy Inc.,AI Developer & Tech Trainer Intern - Riyadh,49.17,58.40732544555836,random_forest
de-cloud-dammam,160,Water Transmission Company | شركة نقل المياه,Tamheer Internship Program (HRIS / Engineering & PM - Riyadh),42.5,47.59412022005772,random_forest
de-cloud-dammam,161,AFNOYS,"AI Automation Intern - KSA (Remote, 4 weeks)",43.0,47.46564863261619,random_forest
de-cloud-dammam,162,SAS,CareerStart@SAS 2026 - Presales Customer Intelligence Intern (Riyadh),39.5,43.20803802560938,random_forest
de-cloud-dammam,163,Devoteam,Trainee - Future Leaders Program (Co-op/Fresh Graduate),40.5,47.8618005952381,random_forest
de-cloud-dammam,164,ضالتي Dhallaty,Tech Intern: Fresh Grad or Student,39.5,43.130634043183086,random_forest
de-cloud-dammam,165,Innovative Solutions SA,Presales - Tamheer,31.5,36.569669125750686,random_forest
de-cloud-dammam,166,HUMAIN,Tamheer Program (Software Engineer / Cybersecurity / MIS),40.5,47.91594246031746,random_forest
de-cloud-dammam,167,TAM | تام,"Tamheer Opportunity, Advisory",10.5,16.95342261904762,random_forest
de-cloud-dammam,168,هيئة التأمين | Insurance Authority,Tamheer Opportunity - Specialist of Information Security,31.5,36.42730801463957,random_forest
de-cloud-dammam,169,Snbla | سنبله,Paid Internship Program (FinTech),39.5,43.245911820960856,random_forest
de-cloud-dammam,170,2P Perfect Presentation,Data Analyst (Tamheer),36.0,39.84641312608197,random_forest
de-cloud-dammam,171,Infosys,Summer Intern (Infosys InStep ’26 – Bangalore),36.5,36.92886086821651,random_forest
de-cloud-dammam,172,شركة الخدمات المدارة | Managed Services Company,Intern Cybersecurity Engineer,40.5,47.751453373015885,random_forest
de-cloud-dammam,173,Abunayyan Holding,Data Analyst (Tamheer),36.0,39.86828812608197,random_forest
ce-network-dhahran,1,Saudi Aramco,University Internship Program (UIP),50.0,49.909708333333334,random_forest
ce-network-dhahran,2,SABIC,COOP Training Program,43.0,40.38216214047815,random_forest
ce-network-dhahran,3,stc (Saudi Telecom Company),Cooperative Training Program (COOP),40.0,39.98306214049899,random_forest
ce-network-dhahran,4,Saudi National Bank (SNB),SNB Cooperative Training Program,45.0,44.895625,random_forest
ce-network-dhahran,5,Al Rajhi Bank,Cooperative Training Program,45.0,44.91061507936508,random_forest
ce-network-dhahran,6,Capital Market Authority (CMA),COOP Program,40.0,40.03117118176224,random_forest
ce-network-dhahran,7,Digital Government Authority (DGA),Maidan Cooperative Training Program,40.0,40.05617193973175,random_forest
ce-network-dhahran,8,KPMG Saudi Arabia,COOP & Internship Programs,45.0,44.99166666666667,random_forest
ce-network-dhahran,9,PwC Middle East,"Deals, COOP and Summer Internship Programme (2026)",44.5,44.47384952335508,random_forest
ce-network-dhahran,10,Deloitte Middle East (KSA),Jusoor Al Sharqiyah Internship Program,52.0,51.48793829365081,random_forest
ce-network-dhahran,11,Bank Albilad,Cooperative & Summer Training Program,60.0,51.489052579365094,random_forest
ce-network-dhahran,12,Tamara,Tamara Builders Program,49.0,48.67986716027875,random_forest
ce-network-dhahran,13,Bupa Arabia,Cooperative Training Program,40.0,40.0438220898819,random_forest
ce-network-dhahran,14,Saudi Exports (Saudi Export Development Authority),COOP & Summer Training (FAQ-confirmed),45.0,44.99166666666667,random_forest
ce-network-dhahran,15,Local Content and Government Procurement Authority (LCGPA),COOP Training (role posting),40.0,40.10447914116396,random_forest
ce-network-dhahran,16,McKinsey & Company (Maqdira),Maqdira Fellowship Program,44.5,44.53384952335508,random_forest
ce-network-dhahran,17,Boston Consulting Group (BCG),Visiting Associate Internship (Riyadh),40.0,40.049257229145034,random_forest
ce-network-dhahran,18,Bain & Company,COOP Training Program (Riyadh),40.0,40.01536513558718,random_forest
ce-network-dhahran,19,Amazon Web Services (AWS),IT/Computer Hardware Internship (Intern-to-FTE Pathway),55.0,46.769985006901315,random_forest
ce-network-dhahran,20,Amazon Web Services (AWS) - Associate Solutions Architect Intern,Associate Solutions Architect Intern (2026),45.0,37.86100396825397,random_forest
ce-network-dhahran,21,Google (Saudi Arabia),Google Careers (Saudi location filter),33.0,33.25052083333333,random_forest
ce-network-dhahran,22,BlackRock,Client & Product Summer Internship Programme (EMEA) - includes Riyadh,34.5,34.5359375,random_forest
ce-network-dhahran,23,noon,Student Internship,30.0,29.94569985879151,random_forest
ce-network-dhahran,24,MOZN,Data Science Intern,34.5,34.61945535714286,random_forest
ce-network-dhahran,25,Elm,Elm Co-op Training Program (March 2026 Intake),40.0,40.09783860639842,random_forest
ce-network-dhahran,26,Yasref,Yasref Cooperative Training Program,58.0,49.73180536130537,random_forest
ce-network-dhahran,27,"Saudi Standards, Metrology and Quality Organization (SASO)",Cooperative Training (Collaborative Training),55.0,48.84660327138987,random_forest
ce-network-dhahran,28,"Zakat, Tax and Customs Authority (ZATCA)",Binaa-Alkafaat Program,35.0,35.087875000000004,random_forest
ce-network-dhahran,29,Human Resources Development Fund (HRDF) – Cooperative Training Product,Cooperative Training (HRDF product),20.5,20.5,random_forest
ce-network-dhahran,30,EXPRO,COOP Training (Future Makers Program),40.0,40.0182872556525,random_forest
ce-network-dhahran,31,Ministry of Industry and Mineral Resources (MIM) – Cooperative Training Initiative,Cooperative Training Initiative,20.5,20.5,random_forest
ce-network-dhahran,32,TBC (The Beauty Company),Cooperative Training Program,45.0,44.96423611111111,random_forest
ce-network-dhahran,33,National Center for Vegetation Cover Development & Combating Desertification (NCVC),COOP Training Program,40.0,39.96050382627735,random_forest
ce-network-dhahran,34,Saudi Power Procurement Company (SPPC),Future Power – COOP Training Program,40.0,39.97011411182515,random_forest
ce-network-dhahran,35,TBC (Tatweer Building Company),Cooperative Training Program,40.0,39.97011411182515,random_forest
ce-network-dhahran,36,PwC Middle East (Assurance COOP & Summer Internship Programme 2026),"Assurance, COOP and Summer Internship Programme 2026 – Middle East",44.5,44.490516190021744,random_forest
ce-network-dhahran,37,KAPSARC,Intern (Coop- Trainee),49.0,48.53918263646922,random_forest
ce-network-dhahran,38,BSF (Banque Saudi Fransi),COOP / Internship,40.0,39.92370903564292,random_forest
ce-network-dhahran,39,Saudi Food & Drug Authority (SFDA),COOP training (First semester 2025-2026 intake),45.0,43.34169604700855,random_forest
ce-network-dhahran,40,Saudi Power Procurement Company (SPPC) – Future Power (Business Admin COOP),Future Power – Business Administration COOP Training Program,40.0,39.96037791286023,random_forest
ce-network-dhahran,41,Bank Albilad,Cooperative and Summer Training Program,40.0,39.99341586557083,random_forest
ce-network-dhahran,42,The Saudi National Bank (SNB),SNB Rowad Program,30.0,30.018416062755822,random_forest
ce-network-dhahran,43,National Cybersecurity Authority (NCA) – Academy,Cybersecurity training programs (academy),35.0,35.36027202829368,random_forest
ce-network-dhahran,44,PIF | Graduate Development Program,Graduate Development Program (GDP),34.5,34.5171875,random_forest
ce-network-dhahran,45,NEOM | GrOW (Graduates Opportunities in Work),GrOW (Graduates Opportunities in Work),46.5,40.926874999999995,random_forest
ce-network-dhahran,46,ROSHN | COOP Trainee Program,COOP Trainee Program,40.0,39.958155690638,random_forest
ce-network-dhahran,47,Microsoft | Ru'aa Program (Riyadh),Ru'aa Program Internship (Solution Engineering),39.0,37.502003968253966,random_forest
ce-network-dhahran,48,Oracle | Business Development Intern (KSA market),Business Development Intern (KSA market),31.5,31.44553638348095,random_forest
ce-network-dhahran,49,SAP | Student Internship (Riyadh),Student Internship - Riyadh,30.0,30.00490988437382,random_forest
ce-network-dhahran,50,SAB (Saudi Awwal Bank) | Cooperative Training Programme (COOP),SAB Cooperative Training Programme (COOP),40.0,39.97862364673042,random_forest
ce-network-dhahran,51,Ministry of Finance (Saudi Arabia) | Cooperative Training Program,Cooperative Training Program,36.5,42.49804338565653,random_forest
ce-network-dhahran,52,Ministry of Industry and Mineral Resources | Cooperative Training,Cooperative Training Initiative,41.5,42.81002087373411,random_forest
ce-network-dhahran,53,King Fahd Causeway Authority | Internship Program,Internship Program,46.5,40.841840277777784,random_forest
ce-network-dhahran,54,Tawuniya | Tamheer Program (Fresh Graduates),Tamheer Program,48.0,39.16925099206348,random_forest
ce-network-dhahran,55,SAMA | SAMA Professional Program (SPP),SAMA Professional Program (SPP),26.5,28.252501510988164,random_forest
ce-network-dhahran,56,HRDF | Cooperative Training Product,Cooperative Training Product,41.5,41.857212790874335,random_forest
ce-network-dhahran,57,IBM,"Automation, Data & AI – Intern",35.5,33.137388517279824,random_forest
ce-network-dhahran,58,Unifonic,Internship (Unifonic),34.5,34.5171875,random_forest
ce-network-dhahran,59,Misk Foundation,Misk Traineeship / Internship Program,33.0,31.917430644150393,random_forest
ce-network-dhahran,60,Cisco,Cisco NetVersity (Saudi Arabia),42.5,41.960286507936516,random_forest
ce-network-dhahran,61,KAUST,Visiting Student Research Program (VSRP) Internship,30.0,30.037824925744978,random_forest
ce-network-dhahran,62,General Authority for Statistics (GASTAT),Cooperative Training Program,44.5,44.1998217455773,random_forest
ce-network-dhahran,63,Saudi Center for Opinion Polling (SCOP),Cooperative Training Program,44.5,44.169266190021744,random_forest
ce-network-dhahran,64,Al Rajhi Takaful,Cooperative Training Program,40.0,39.84904100307856,random_forest
ce-network-dhahran,65,Expenditure & Projects Efficiency Authority (EXPRO),Future Makers (صنّاع المستقبل) – Cooperative Training,40.0,39.966627912860226,random_forest
ce-network-dhahran,66,Ministry of Finance (Saudi Arabia),Cooperative Training Program (Ministry of Finance),40.0,41.26425434241109,random_forest
ce-network-dhahran,67,General Entertainment Authority (GEA),GEA Cooperative Training Program,40.0,39.97448109900463,random_forest
ce-network-dhahran,68,Banque Saudi Fransi (BSF),COOP Training,40.0,40.00835868209099,random_forest
ce-network-dhahran,69,Arab National Bank (ANB),COOP Trainee,40.0,40.10162058898584,random_forest
ce-network-dhahran,70,Tamara,Builders Program,40.0,40.018374061208064,random_forest
ce-network-dhahran,71,OmniOps,Co‑op Training Program,49.0,48.665085414246995,random_forest
ce-network-dhahran,72,Tatweer Educational Technologies (TETCO),Cooperative Training Program,55.0,49.7036717237708,random_forest
ce-network-dhahran,73,The Saudi Investment Bank (SAIB),Cooperative Program,40.0,39.97448109900463,random_forest
ce-network-dhahran,74,Saudi Awwal Bank (SAB),COOP Program,40.0,40.01822315308841,random_forest
ce-network-dhahran,75,Riyad Bank,Internships and Coop Trainings (CSR 2019),40.0,40.09783860639842,random_forest
ce-network-dhahran,76,Tabby,Intern DevOps Engineer,34.5,34.63000985844248,random_forest
ce-network-dhahran,77,Tabby,Intern Backend (GO) Engineer,39.0,39.73990918803418,random_forest
ce-network-dhahran,78,Tabby,Intern Frontend Engineer,39.0,37.53046230158729,random_forest
ce-network-dhahran,79,Tabby,Intern Data Engineer,39.0,37.67214285714285,random_forest
ce-network-dhahran,80,Tabby,No-Code / AI Agents Engineering Intern,39.0,37.533253968253966,random_forest
ce-network-dhahran,81,Bank Albilad,Cooperative Training Program,45.0,44.2285119047619,random_forest
ce-network-dhahran,82,Saudi Ground Services (SGS),COOP Program,40.0,39.876939173560565,random_forest
ce-network-dhahran,83,CEER,Cooperative Training Program (COOP),40.0,40.05370392231917,random_forest
ce-network-dhahran,84,Al Rajhi Takaful,Coop Training Program,40.0,39.97448109900463,random_forest
ce-network-dhahran,85,TAWAL,COOP Training Program,49.0,48.69341874758033,random_forest
ce-network-dhahran,86,Wakeb_Data,COOP Training,49.0,48.755432636469216,random_forest
ce-network-dhahran,87,Banque Saudi Fransi (BSF),Coop Training Program,40.0,39.97448109900463,random_forest
ce-network-dhahran,88,Tech Economy,COOP Training Program,40.0,40.02647549281626,random_forest
ce-network-dhahran,89,SAMI Advanced Electronics (SAMI-AEC),Coop Trainee,40.0,39.97011411182515,random_forest
ce-network-dhahran,90,NHC,COOP Trainee,45.0,44.96180555555555,random_forest
ce-network-dhahran,91,REMAT ADVANCED,Cooperative Training Program,55.0,48.8685477158343,random_forest
ce-network-dhahran,92,SDM,AI COOP,44.5,44.459960634466185,random_forest
ce-network-dhahran,93,HUED,HUED COOP Program 2026,49.0,49.16654374758033,random_forest
ce-network-dhahran,94,Araamis • أرامس,Araamis COOP Program 2026,49.0,48.59479771583429,random_forest
ce-network-dhahran,95,ARDARA,COOP Training for Students,40.0,39.97448109900463,random_forest
ce-network-dhahran,96,flynas,COOP Trainee / Internship Program,44.5,44.53384952335508,random_forest
ce-network-dhahran,97,Saudi Motorsport Company (SMC),COOP Trainee (IT Asset Project Management),44.5,44.491791700225825,random_forest
ce-network-dhahran,98,Saudi Motorsport Company (SMC),COOP Trainee (Supply Chain Excellence Associate),44.5,44.32145439863852,random_forest
ce-network-dhahran,99,Mobily,Cooperative Training Program,40.0,40.14331731464254,random_forest
ce-network-dhahran,100,Saudi Awwal Bank (SAB),Student Opportunities: Cooperative / Practical Training,40.0,39.97448109900463,random_forest
ce-network-dhahran,101,Alvarez & Marsal,COOP Training Program,40.0,40.07220659280588,random_forest
ce-network-dhahran,102,Visa,COOP Trainee (Jan 2026),40.0,39.966627912860226,random_forest
ce-network-dhahran,103,Zain KSA,Evolve Program (Fresh Graduates),30.0,30.045152173866935,random_forest
ce-network-dhahran,104,Zain KSA,Zain Pioneers Program,45.0,37.55929563492064,random_forest
ce-network-dhahran,105,Savvy Games Group,Cooperative Training Program (Co-op),40.0,39.86473697149268,random_forest
ce-network-dhahran,106,Bank AlJazira,Tamheer Program,30.0,30.06273550720027,random_forest
ce-network-dhahran,107,sirar by stc,Cooperative Training Program,49.0,48.701484223770805,random_forest
ce-network-dhahran,108,Gathern,Co-op Program,49.0,48.57043263646922,random_forest
ce-network-dhahran,109,Elm Company (شركة علم),Coop Training - Computer Science (Jan/Mar/Jun/Aug 2025 Intake),44.5,44.50926619002175,random_forest
ce-network-dhahran,110,Elm Company (شركة علم),Co-Op Training - Information Technology (Jun & Aug 2025 Intake),44.5,44.50926619002175,random_forest
ce-network-dhahran,111,EJADA,COOP Administration & Support Engineer,40.0,39.98306214049899,random_forest
ce-network-dhahran,112,Emdad By Elm,Network Cooperative Training (Network Intern),55.0,48.517992160278745,random_forest
ce-network-dhahran,113,AILA,Co-op Training Programme,44.5,44.30002803875733,random_forest
ce-network-dhahran,114,Foodics,Foodics 360 Internship Program,34.5,34.545468750000005,random_forest
ce-network-dhahran,115,Salla,برنامج التدريب التعاوني (Coop Training) – Salla,44.5,44.489127301132854,random_forest
ce-network-dhahran,116,Lucidya,Technical Internship or Coop – Lucidya,44.5,44.48216868435281,random_forest
ce-network-dhahran,117,Diriyah Company,Diriyah Co-op Training Program,40.0,40.059953922319174,random_forest
ce-network-dhahran,118,Riyadh Air,Co-op – Riyadh Air,40.0,39.968231099004626,random_forest
ce-network-dhahran,119,Jahez Group,Jahez Internship Program (as described in Sustainability Report),30.0,29.990326551040486,random_forest
ce-network-dhahran,120,Lumi | لومي,COOP Intern 2025 – Lumi,40.0,40.38990982571047,random_forest
ce-network-dhahran,121,webook.com,COOP Trainee Opportunities – webook.com,40.0,39.957614111825144,random_forest
ce-network-dhahran,122,moneymoon,Tech & AI Co-op Program 2025,44.5,44.490516190021744,random_forest
ce-network-dhahran,123,EjadTech - إيجاد التقنية,"Summer Internship Program 2025 (Computer, Data, and AI Majors)",35.5,33.13238851727983,random_forest
ce-network-dhahran,124,InnovationTeam,Java Microservices Internship Programme (Saudi Nationals),35.5,34.06576388888889,random_forest
ce-network-dhahran,125,Tamkeen Technologies,On the Job Training (Internship Program) — Technology field,34.5,34.575520833333336,random_forest
ce-network-dhahran,126,Trendyol Group,Trendyol Tech Talent - Bootcamp & COOP Internship Program (Saudi Students Only),41.0,40.63221154406691,random_forest
ce-network-dhahran,127,Ninja نينجا,COOP Training Program,41.0,40.644585281440655,random_forest
ce-network-dhahran,128,SCAI | سكاي,CO-OP Training Opportunities (Intern),49.0,49.549147914247,random_forest
ce-network-dhahran,129,WalaPlus,Coop & Tamheer Opportunities,55.0,48.26507549361208,random_forest
ce-network-dhahran,130,Aon,IT Co-op Trainee 2026,55.0,48.86090882694541,random_forest
ce-network-dhahran,131,Hewlett Packard Enterprise (HPE),College Intern (Coop),55.0,48.50396438250097,random_forest
ce-network-dhahran,132,Signify,KSA Coop Internship Program,55.0,48.30424216027875,random_forest
ce-network-dhahran,133,Help AG (e& enterprise),Cybersecurity Intern,30.0,30.08556322219149,random_forest
ce-network-dhahran,134,TrendAI (Trend Micro),CyberGATE Internship Program,34.5,34.5171875,random_forest
ce-network-dhahran,135,Golf Saudi,IT Co-op Trainee,55.0,48.7780616047232,random_forest
ce-network-dhahran,136,Siemens Healthineers,Healthineers Early Talent Program – IT (Riyadh),45.0,37.54262896825397,random_forest
ce-network-dhahran,137,1957 Ventures,Internship / Co-Op Program,49.0,48.37146438250095,random_forest
ce-network-dhahran,138,Nokia,Graduate Trainee (Saudi Arabia) – Fledgers Program,34.5,34.5546875,random_forest
ce-network-dhahran,139,Ericsson,Summer Interns (Ericsson Saudi),34.5,34.5359375,random_forest
ce-network-dhahran,140,Bosch Middle East,Software Development Intern (AI/Cloud),39.0,37.86935119047619,random_forest
ce-network-dhahran,141,Saudi Payments | المدفوعات السعودية,COOP Training – August 2024,44.5,44.39259952335508,random_forest
ce-network-dhahran,142,Saudi Tadawul Group | تداول,Cooperative Training Program (COOP),55.0,48.90759533488192,random_forest
ce-network-dhahran,143,Lean Technologies,Software Engineering Intern – KSA,49.0,46.36622371264003,random_forest
ce-network-dhahran,144,Mirai (Scopely) | مِراي,AI Engineering Intern (GenAI),39.0,37.5464484126984,random_forest
ce-network-dhahran,145,HungerStation | هنقرستيشن,"Co-OP Trainee, Data Analysis – Info Sec",44.5,44.490516190021744,random_forest
ce-network-dhahran,146,NCGR | المركز الوطني لنظم الموارد الحكومية,Coop Training Program,44.5,44.14329396779952,random_forest
ce-network-dhahran,147,nybl,nybl Graduate Programme – Saudi Nationals (AI Bootcamp),30.0,29.986684026038343,random_forest
ce-network-dhahran,148,Procter & Gamble (P&G),P&G LEADgen Internship Program 2026 (Riyadh),34.5,34.5296875,random_forest
ce-network-dhahran,149,New Murabba | المربع الجديد,New Murabba Co-op Training Program,49.0,49.071985215834296,random_forest
ce-network-dhahran,150,Boeing Saudi Arabia Limited,Intern - Info Technology & Data Analytics (Riyadh),34.5,34.5435625,random_forest
ce-network-dhahran,151,Motorola Solutions,Deployment Engineer Intern (KSA National - Tamheer Program),55.0,46.79212371264003,random_forest
ce-network-dhahran,152,Schneider Electric,Co-op Intern (Engineering) - Al Khobar (Jan–Aug 2026),62.0,49.56466600529101,random_forest
ce-network-dhahran,153,Lockheed Martin,Tamheer Space Internship (Riyadh),39.0,37.45200396825397,random_forest
ce-network-dhahran,154,Markaba | مركبة,Start-up Software Intern – TAMHEER (Saudi nationals only),35.5,33.19676351727983,random_forest
ce-network-dhahran,155,Laverne Group | مجموعة لافيرن,Data Analyst / Data Engineer Intern (IT Department),39.0,37.99617063492063,random_forest
ce-network-dhahran,156,Meel | ميل,"Software Developer Internship (Remote, min 2 months)",39.0,40.93546474358974,random_forest
ce-network-dhahran,157,Nahdi Medical Co.,IT Internship / COOP Program (6 months),49.5,48.90511299603962,random_forest
ce-network-dhahran,158,SMART Technology Solutions | سمارت لحلول التقنية,R&D Intern (Riyadh),39.0,37.4603373015873,random_forest
ce-network-dhahran,159,Knodemy Inc.,AI Developer & Tech Trainer Intern - Riyadh,39.0,37.65476785714285,random_forest
ce-network-dhahran,160,Water Transmission Company | شركة نقل المياه,Tamheer Internship Program (HRIS / Engineering & PM - Riyadh),39.0,37.48325396825397,random_forest
ce-network-dhahran,161,AFNOYS,"AI Automation Intern - KSA (Remote, 4 weeks)",34.5,34.574564660337394,random_forest
ce-network-dhahran,162,SAS,CareerStart@SAS 2026 - Presales Customer Intelligence Intern (Riyadh),33.0,33.0109375,random_forest
ce-network-dhahran,163,Devoteam,Trainee - Future Leaders Program (Co-op/Fresh Graduate),45.5,48.431666666666665,random_forest
ce-network-dhahran,164,ضالتي Dhallaty,Tech Intern: Fresh Grad or Student,33.0,33.0109375,random_forest
ce-network-dhahran,165,Innovative Solutions SA,Presales - Tamheer,26.5,28.633167466986404,random_forest
ce-network-dhahran,166,HUMAIN,Tamheer Program (Software Engineer / Cybersecurity / MIS),35.5,33.19572185061316,random_forest
ce-network-dhahran,167,TAM | تام,"Tamheer Opportunity, Advisory",5.5,5.625,random_forest
ce-network-dhahran,168,هيئة التأمين | Insurance Authority,Tamheer Opportunity - Specialist of Information Security,26.5,28.753414906104595,random_forest
ce-network-dhahran,169,Snbla | سنبله,Paid Internship Program (FinTech),33.0,33.0421875,random_forest
ce-network-dhahran,170,2P Perfect Presentation,Data Analyst (Tamheer),31.0,31.00616954289052,random_forest
ce-network-dhahran,171,Infosys,Summer Intern (Infosys InStep ’26 – Bangalore),33.0,32.10894496713584,random_forest
ce-network-dhahran,172,شركة الخدمات المدارة | Managed Services Company,Intern Cybersecurity Engineer,35.5,33.14815240616871,random_forest
ce-network-dhahran,173,Abunayyan Holding,Data Analyst (Tamheer),31.0,31.00616954289052,random_forest
eastern-province-cys,1,Saudi Aramco,University Internship Program (UIP),64.0,62.243472222222216,random_forest
eastern-province-cys,2,SABIC,COOP Training Program,57.0,56.6196602421053,random_forest
eastern-province-cys,3,stc (Saudi Telecom Company),Cooperative Training Program (COOP),54.0,53.856514515884236,random_forest
eastern-province-cys,4,Saudi National Bank (SNB),SNB Cooperative Training Program,59.0,59.108333333333334,random_forest
eastern-province-cys,5,Al Rajhi Bank,Cooperative Training Program,59.0,59.108333333333334,random_forest
eastern-province-cys,6,Capital Market Authority (CMA),COOP Program,54.0,53.78217141664148,random_forest
eastern-province-cys,7,Digital Government Authority (DGA),Maidan Cooperative Training Program,54.0,53.78217141664148,random_forest
eastern-province-cys,8,KPMG Saudi Arabia,COOP & Internship Programs,45.0,44.97361111111112,random_forest
eastern-province-cys,9,PwC Middle East,"Deals, COOP and Summer Internship Programme (2026)",44.5,44.14634952335508,random_forest
eastern-province-cys,10,Deloitte Middle East (KSA),Jusoor Al Sharqiyah Internship Program,44.5,43.58322578099036,random_forest
eastern-province-cys,11,Bank Albilad,Cooperative & Summer Training Program,49.5,48.80645667539929,random_forest
eastern-province-cys,12,Tamara,Tamara Builders Program,58.5,58.48101473807738,random_forest
eastern-province-cys,13,Bupa Arabia,Cooperative Training Program,40.0,39.27270357184457,random_forest
eastern-province-cys,14,Saudi Exports (Saudi Export Development Authority),COOP & Summer Training (FAQ-confirmed),45.0,44.97361111111112,random_forest
eastern-province-cys,15,Local Content and Government Procurement Authority (LCGPA),COOP Training (role posting),40.0,39.4314467063618,random_forest
eastern-province-cys,16,McKinsey & Company (Maqdira),Maqdira Fellowship Program,44.5,44.14634952335508,random_forest
eastern-province-cys,17,Boston Consulting Group (BCG),Visiting Associate Internship (Riyadh),49.0,48.75114692218351,random_forest
eastern-province-cys,18,Bain & Company,COOP Training Program (Riyadh),40.0,39.001136184062766,random_forest
eastern-province-cys,19,Amazon Web Services (AWS),IT/Computer Hardware Internship (Intern-to-FTE Pathway),54.5,43.77078002854634,random_forest
eastern-province-cys,20,Amazon Web Services (AWS) - Associate Solutions Architect Intern,Associate Solutions Architect Intern (2026),39.0,37.78350396825397,random_forest
eastern-province-cys,21,Google (Saudi Arabia),Google Careers (Saudi location filter),47.0,46.982244962006234,random_forest
eastern-province-cys,22,BlackRock,Client & Product Summer Internship Programme (EMEA) - includes Riyadh,34.5,34.5921875,random_forest
eastern-province-cys,23,noon,Student Internship,30.0,28.901005008292568,random_forest
eastern-province-cys,24,MOZN,Data Science Intern,34.5,34.67570535714286,random_forest
eastern-province-cys,25,Elm,Elm Co-op Training Program (March 2026 Intake),40.0,39.32564007978109,random_forest
eastern-province-cys,26,Yasref,Yasref Cooperative Training Program,61.5,61.69173950752515,random_forest
eastern-province-cys,27,"Saudi Standards, Metrology and Quality Organization (SASO)",Cooperative Training (Collaborative Training),44.5,44.10663004266663,random_forest
eastern-province-cys,28,"Zakat, Tax and Customs Authority (ZATCA)",Binaa-Alkafaat Program,35.0,35.03601388888889,random_forest
eastern-province-cys,29,Human Resources Development Fund (HRDF) – Cooperative Training Product,Cooperative Training (HRDF product),20.5,20.358333333333334,random_forest
eastern-province-cys,30,EXPRO,COOP Training (Future Makers Program),40.0,39.29577896866997,random_forest
eastern-province-cys,31,Ministry of Industry and Mineral Resources (MIM) – Cooperative Training Initiative,Cooperative Training Initiative,20.5,20.163888888888888,random_forest
eastern-province-cys,32,TBC (The Beauty Company),Cooperative Training Program,45.0,44.798611111111114,random_forest
eastern-province-cys,33,National Center for Vegetation Cover Development & Combating Desertification (NCVC),COOP Training Program,40.0,39.275551695942696,random_forest
eastern-province-cys,34,Saudi Power Procurement Company (SPPC),Future Power – COOP Training Program,40.0,39.16098526983457,random_forest
eastern-province-cys,35,TBC (Tatweer Building Company),Cooperative Training Program,40.0,39.196936124535426,random_forest
eastern-province-cys,36,PwC Middle East (Assurance COOP & Summer Internship Programme 2026),"Assurance, COOP and Summer Internship Programme 2026 – Middle East",44.5,44.07384952335508,random_forest
eastern-province-cys,37,KAPSARC,Intern (Coop- Trainee),44.5,44.14634952335508,random_forest
eastern-province-cys,38,BSF (Banque Saudi Fransi),COOP / Internship,63.0,62.925108316412356,random_forest
eastern-province-cys,39,Saudi Food & Drug Authority (SFDA),COOP training (First semester 2025-2026 intake),68.0,67.71444444444444,random_forest
eastern-province-cys,40,Saudi Power Procurement Company (SPPC) – Future Power (Business Admin COOP),Future Power – Business Administration COOP Training Program,40.0,39.77107993240898,random_forest
eastern-province-cys,41,Bank Albilad,Cooperative and Summer Training Program,63.0,63.01191387196791,random_forest
eastern-province-cys,42,The Saudi National Bank (SNB),SNB Rowad Program,44.0,44.15972222222222,random_forest
eastern-province-cys,43,National Cybersecurity Authority (NCA) – Academy,Cybersecurity training programs (academy),58.0,57.65174107142857,random_forest
eastern-province-cys,44,PIF | Graduate Development Program,Graduate Development Program (GDP),34.5,34.5734375,random_forest
eastern-province-cys,45,NEOM | GrOW (Graduates Opportunities in Work),GrOW (Graduates Opportunities in Work),36.0,36.039087509842126,random_forest
eastern-province-cys,46,ROSHN | COOP Trainee Program,COOP Trainee Program,40.0,39.16345508011689,random_forest
eastern-province-cys,47,Microsoft | Ru'aa Program (Riyadh),Ru'aa Program Internship (Solution Engineering),34.5,34.5685625,random_forest
eastern-province-cys,48,Oracle | Business Development Intern (KSA market),Business Development Intern (KSA market),31.5,30.894460898745926,random_forest
eastern-province-cys,49,SAP | Student Internship (Riyadh),Student Internship - Riyadh,30.0,28.938597450572512,random_forest
eastern-province-cys,50,SAB (Saudi Awwal Bank) | Cooperative Training Programme (COOP),SAB Cooperative Training Programme (COOP),40.0,39.23845306509667,random_forest
eastern-province-cys,51,Ministry of Finance (Saudi Arabia) | Cooperative Training Program,Cooperative Training Program,50.5,50.749411333952715,random_forest
eastern-province-cys,52,Ministry of Industry and Mineral Resources | Cooperative Training,Cooperative Training Initiative,55.5,55.41527777777778,random_forest
eastern-province-cys,53,King Fahd Causeway Authority | Internship Program,Internship Program,40.5,40.69822916666667,random_forest
eastern-province-cys,54,Tawuniya | Tamheer Program (Fresh Graduates),Tamheer Program,56.0,56.11271329365079,random_forest
eastern-province-cys,55,SAMA | SAMA Professional Program (SPP),SAMA Professional Program (SPP),40.5,40.880821078431374,random_forest
eastern-province-cys,56,HRDF | Cooperative Training Product,Cooperative Training Product,55.5,55.391666666666666,random_forest
eastern-province-cys,57,IBM,"Automation, Data & AI – Intern",49.5,49.509841954022995,random_forest
eastern-province-cys,58,Unifonic,Internship (Unifonic),48.5,48.5,random_forest
eastern-province-cys,59,Misk Foundation,Misk Traineeship / Internship Program,47.0,47.02265873015873,random_forest
eastern-province-cys,60,Cisco,Cisco NetVersity (Saudi Arabia),61.0,58.35916335978837,random_forest
eastern-province-cys,61,KAUST,Visiting Student Research Program (VSRP) Internship,44.0,44.152777777777786,random_forest
eastern-province-cys,62,General Authority for Statistics (GASTAT),Cooperative Training Program,58.5,58.48101473807738,random_forest
eastern-province-cys,63,Saudi Center for Opinion Polling (SCOP),Cooperative Training Program,58.5,58.48101473807738,random_forest
eastern-province-cys,64,Al Rajhi Takaful,Cooperative Training Program,63.0,62.94733053863458,random_forest
eastern-province-cys,65,Expenditure & Projects Efficiency Authority (EXPRO),Future Makers (صنّاع المستقبل) – Cooperative Training,54.0,53.84629613633832,random_forest
eastern-province-cys,66,Ministry of Finance (Saudi Arabia),Cooperative Training Program (Ministry of Finance),54.0,53.83882794224437,random_forest
eastern-province-cys,67,General Entertainment Authority (GEA),GEA Cooperative Training Program,54.0,53.77195303709558,random_forest
eastern-province-cys,68,Banque Saudi Fransi (BSF),COOP Training,63.0,62.97649720530125,random_forest
eastern-province-cys,69,Arab National Bank (ANB),COOP Trainee,63.0,62.941204916744034,random_forest
eastern-province-cys,70,Tamara,Builders Program,63.0,62.96121942752347,random_forest
eastern-province-cys,71,OmniOps,Co‑op Training Program,63.0,62.97094164974569,random_forest
eastern-province-cys,72,Tatweer Educational Technologies (TETCO),Cooperative Training Program,63.0,63.00844164974569,random_forest
eastern-province-cys,73,The Saudi Investment Bank (SAIB),Cooperative Program,63.0,62.97649720530125,random_forest
eastern-province-cys,74,Saudi Awwal Bank (SAB),COOP Program,63.0,63.00441325007737,random_forest
eastern-province-cys,75,Riyad Bank,Internships and Coop Trainings (CSR 2019),63.0,62.97649720530125,random_forest
eastern-province-cys,76,Tabby,Intern DevOps Engineer,48.5,48.580608309382676,random_forest
eastern-province-cys,77,Tabby,Intern Backend (GO) Engineer,48.5,48.66289997604934,random_forest
eastern-province-cys,78,Tabby,Intern Frontend Engineer,48.5,48.5,random_forest
eastern-province-cys,79,Tabby,Intern Data Engineer,48.5,48.5,random_forest
eastern-province-cys,80,Tabby,No-Code / AI Agents Engineering Intern,48.5,48.5,random_forest
eastern-province-cys,81,Bank Albilad,Cooperative Training Program,68.0,67.49470238095238,random_forest
eastern-province-cys,82,Saudi Ground Services (SGS),COOP Program,54.0,53.78217141664148,random_forest
eastern-province-cys,83,CEER,Cooperative Training Program (COOP),54.0,53.78217141664148,random_forest
eastern-province-cys,84,Al Rajhi Takaful,Coop Training Program,63.0,62.96816387196792,random_forest
eastern-province-cys,85,TAWAL,COOP Training Program,58.5,58.48101473807738,random_forest
eastern-province-cys,86,Wakeb_Data,COOP Training,58.5,58.48101473807738,random_forest
eastern-province-cys,87,Banque Saudi Fransi (BSF),Coop Training Program,63.0,62.97024720530125,random_forest
eastern-province-cys,88,Tech Economy,COOP Training Program,63.0,62.97858053863458,random_forest
eastern-province-cys,89,SAMI Advanced Electronics (SAMI-AEC),Coop Trainee,63.0,62.941204916744034,random_forest
eastern-province-cys,90,NHC,COOP Trainee,68.0,67.61513888888888,random_forest
eastern-province-cys,91,REMAT ADVANCED,Cooperative Training Program,58.5,58.48101473807738,random_forest
eastern-province-cys,92,SDM,AI COOP,58.5,58.48101473807738,random_forest
eastern-province-cys,93,HUED,HUED COOP Program 2026,58.5,58.48101473807738,random_forest
eastern-province-cys,94,Araamis • أرامس,Araamis COOP Program 2026,58.5,58.48101473807738,random_forest
eastern-province-cys,95,ARDARA,COOP Training for Students,54.0,53.78217141664148,random_forest
eastern-province-cys,96,flynas,COOP Trainee / Internship Program,58.5,58.48101473807738,random_forest
eastern-province-cys,97,Saudi Motorsport Company (SMC),COOP Trainee (IT Asset Project Management),58.5,58.48101473807738,random_forest
eastern-province-cys,98,Saudi Motorsport Company (SMC),COOP Trainee (Supply Chain Excellence Associate),63.0,62.903556107220226,random_forest
eastern-province-cys,99,Mobily,Cooperative Training Program,63.0,63.022330538634584,random_forest
eastern-province-cys,100,Saudi Awwal Bank (SAB),Student Opportunities: Cooperative / Practical Training,63.0,62.97649720530125,random_forest
eastern-province-cys,101,Alvarez & Marsal,COOP Training Program,63.0,62.97962220530125,random_forest
eastern-province-cys,102,Visa,COOP Trainee (Jan 2026),54.0,53.877865766234734,random_forest
eastern-province-cys,103,Zain KSA,Evolve Program (Fresh Graduates),53.0,53.12052696078432,random_forest
eastern-province-cys,104,Zain KSA,Zain Pioneers Program,48.5,48.99166666666667,random_forest
eastern-province-cys,105,Savvy Games Group,Cooperative Training Program (Co-op),63.0,62.97649720530125,random_forest
eastern-province-cys,106,Bank AlJazira,Tamheer Program,44.0,44.13888888888889,random_forest
eastern-province-cys,107,sirar by stc,Cooperative Training Program,63.0,62.632127560184145,random_forest
eastern-province-cys,108,Gathern,Co-op Program,58.5,58.48101473807738,random_forest
eastern-province-cys,109,Elm Company (شركة علم),Coop Training - Computer Science (Jan/Mar/Jun/Aug 2025 Intake),58.5,58.48101473807738,random_forest
eastern-province-cys,110,Elm Company (شركة علم),Co-Op Training - Information Technology (Jun & Aug 2025 Intake),58.5,58.48101473807738,random_forest
eastern-province-cys,111,EJADA,COOP Administration & Support Engineer,63.0,62.97649720530125,random_forest
eastern-province-cys,112,Emdad By Elm,Network Cooperative Training (Network Intern),58.5,58.48101473807738,random_forest
eastern-province-cys,113,AILA,Co-op Training Programme,58.5,58.42135892673608,random_forest
eastern-province-cys,114,Foodics,Foodics 360 Internship Program,48.5,48.5,random_forest
eastern-province-cys,115,Salla,برنامج التدريب التعاوني (Coop Training) – Salla,58.5,58.48101473807738,random_forest
eastern-province-cys,116,Lucidya,Technical Internship or Coop – Lucidya,63.0,63.11159338400598,random_forest
eastern-province-cys,117,Diriyah Company,Diriyah Co-op Training Program,54.0,53.78217141664148,random_forest
eastern-province-cys,118,Riyadh Air,Co-op – Riyadh Air,54.0,53.77195303709558,random_forest
eastern-province-cys,119,Jahez Group,Jahez Internship Program (as described in Sustainability Report),44.0,44.13888888888889,random_forest
eastern-province-cys,120,Lumi | لومي,COOP Intern 2025 – Lumi,54.0,53.78217141664148,random_forest
eastern-province-cys,121,webook.com,COOP Trainee Opportunities – webook.com,54.0,53.81551749207471,random_forest
eastern-province-cys,122,moneymoon,Tech & AI Co-op Program 2025,63.0,62.71918359057352,random_forest
eastern-province-cys,123,EjadTech - إيجاد التقنية,"Summer Internship Program 2025 (Computer, Data, and AI Majors)",31.0,30.966586209557185,random_forest
eastern-province-cys,124,InnovationTeam,Java Microservices Internship Programme (Saudi Nationals),35.5,33.98208333333333,random_forest
eastern-province-cys,125,Tamkeen Technologies,On the Job Training (Internship Program) — Technology field,48.5,48.5625,random_forest
eastern-province-cys,126,Trendyol Group,Trendyol Tech Talent - Bootcamp & COOP Internship Program (Saudi Students Only),41.0,40.6264592292521,random_forest
eastern-province-cys,127,Ninja نينجا,COOP Training Program,41.0,40.649249633292506,random_forest
eastern-province-cys,128,SCAI | سكاي,CO-OP Training Opportunities (Intern),58.5,58.48101473807738,random_forest
eastern-province-cys,129,WalaPlus,Coop & Tamheer Opportunities,44.5,44.08634952335508,random_forest
eastern-province-cys,130,Aon,IT Co-op Trainee 2026,44.5,44.07384952335508,random_forest
eastern-province-cys,131,Hewlett Packard Enterprise (HPE),College Intern (Coop),44.5,44.12412730113285,random_forest
eastern-province-cys,132,Signify,KSA Coop Internship Program,44.5,44.03800201768614,random_forest
eastern-province-cys,133,Help AG (e& enterprise),Cybersecurity Intern,53.0,52.762009693517044,random_forest
eastern-province-cys,134,TrendAI (Trend Micro),CyberGATE Internship Program,53.0,52.89423191573927,random_forest
eastern-province-cys,135,Golf Saudi,IT Co-op Trainee,44.5,44.07384952335508,random_forest
eastern-province-cys,136,Siemens Healthineers,Healthineers Early Talent Program – IT (Riyadh),34.5,34.587843750000005,random_forest
eastern-province-cys,137,1957 Ventures,Internship / Co-Op Program,44.5,44.08634952335508,random_forest
eastern-province-cys,138,Nokia,Graduate Trainee (Saudi Arabia) – Fledgers Program,34.5,34.7060625,random_forest
eastern-province-cys,139,Ericsson,Summer Interns (Ericsson Saudi),34.5,34.5921875,random_forest
eastern-province-cys,140,Bosch Middle East,Software Development Intern (AI/Cloud),39.0,37.83872619047619,random_forest
eastern-province-cys,141,Saudi Payments | المدفوعات السعودية,COOP Training – August 2024,63.0,63.031080538634576,random_forest
eastern-province-cys,142,Saudi Tadawul Group | تداول,Cooperative Training Program (COOP),63.0,62.989829916744036,random_forest
eastern-province-cys,143,Lean Technologies,Software Engineering Intern – KSA,34.5,34.6560625,random_forest
eastern-province-cys,144,Mirai (Scopely) | مِراي,AI Engineering Intern (GenAI),34.5,34.6546875,random_forest
eastern-province-cys,145,HungerStation | هنقرستيشن,"Co-OP Trainee, Data Analysis – Info Sec",63.0,62.92990683982096,random_forest
eastern-province-cys,146,NCGR | المركز الوطني لنظم الموارد الحكومية,Coop Training Program,63.0,62.934830538634586,random_forest
eastern-province-cys,147,nybl,nybl Graduate Programme – Saudi Nationals (AI Bootcamp),30.0,28.978058870605654,random_forest
eastern-province-cys,148,Procter & Gamble (P&G),P&G LEADgen Internship Program 2026 (Riyadh),34.5,34.6109375,random_forest
eastern-province-cys,149,New Murabba | المربع الجديد,New Murabba Co-op Training Program,58.5,58.48101473807738,random_forest
eastern-province-cys,150,Boeing Saudi Arabia Limited,Intern - Info Technology & Data Analytics (Riyadh),53.0,52.8344402490726,random_forest
eastern-province-cys,151,Motorola Solutions,Deployment Engineer Intern (KSA National - Tamheer Program),68.5,68.6826388888889,random_forest
eastern-province-cys,152,Schneider Electric,Co-op Intern (Engineering) - Al Khobar (Jan–Aug 2026),68.5,67.35782407407406,random_forest
eastern-province-cys,153,Lockheed Martin,Tamheer Space Internship (Riyadh),48.5,48.527777777777786,random_forest
eastern-province-cys,154,Markaba | مركبة,Start-up Software Intern – TAMHEER (Saudi nationals only),45.0,45.177777777777784,random_forest
eastern-province-cys,155,Laverne Group | مجموعة لافيرن,Data Analyst / Data Engineer Intern (IT Department),53.0,52.92964858240593,random_forest
eastern-province-cys,156,Meel | ميل,"Software Developer Internship (Remote, min 2 months)",48.5,48.55352497604934,random_forest
eastern-province-cys,157,Nahdi Medical Co.,IT Internship / COOP Program (6 months),63.5,63.50128490502208,random_forest
eastern-province-cys,158,SMART Technology Solutions | سمارت لحلول التقنية,R&D Intern (Riyadh),48.5,48.52777777777778,random_forest
eastern-province-cys,159,Knodemy Inc.,AI Developer & Tech Trainer Intern - Riyadh,48.5,48.63333333333333,random_forest
eastern-province-cys,160,Water Transmission Company | شركة نقل المياه,Tamheer Internship Program (HRIS / Engineering & PM - Riyadh),48.5,48.5,random_forest
eastern-province-cys,161,AFNOYS,"AI Automation Intern - KSA (Remote, 4 weeks)",48.5,48.55531069033506,random_forest
eastern-province-cys,162,SAS,CareerStart@SAS 2026 - Presales Customer Intelligence Intern (Riyadh),33.0,33.0234375,random_forest
eastern-province-cys,163,Devoteam,Trainee - Future Leaders Program (Co-op/Fresh Graduate),59.5,59.28566391941392,random_forest
eastern-province-cys,164,ضالتي Dhallaty,Tech Intern: Fresh Grad or Student,47.0,47.0614116286729,random_forest
eastern-province-cys,165,Innovative Solutions SA,Presales - Tamheer,49.5,49.47546695402299,random_forest
eastern-province-cys,166,HUMAIN,Tamheer Program (Software Engineer / Cybersecurity / MIS),49.5,50.0701493993994,random_forest
eastern-province-cys,167,TAM | تام,"Tamheer Opportunity, Advisory",5.5,7.104166666666667,random_forest
eastern-province-cys,168,هيئة التأمين | Insurance Authority,Tamheer Opportunity - Specialist of Information Security,49.5,49.57859195402299,random_forest
eastern-province-cys,169,Snbla | سنبله,Paid Internship Program (FinTech),33.0,33.0546875,random_forest
eastern-province-cys,170,2P Perfect Presentation,Data Analyst (Tamheer),31.0,31.000613987334965,random_forest
eastern-province-cys,171,Infosys,Summer Intern (Infosys InStep ’26 – Bangalore),33.0,30.585464420757628,random_forest
eastern-province-cys,172,شركة الخدمات المدارة | Managed Services Company,Intern Cybersecurity Engineer,49.5,49.511125,random_forest
eastern-province-cys,173,Abunayyan Holding,Data Analyst (Tamheer),31.0,31.008947320668298,random_forest
remote-only-de,1,Saudi Aramco,University Internship Program (UIP),34.5,39.92118194862653,random_forest
remote-only-de,2,SABIC,COOP Training Program,37.5,43.270319375539266,random_forest
remote-only-de,3,stc (Saudi Telecom Company),Cooperative Training Program (COOP),34.5,39.81510013636772,random_forest
remote-only-de,4,Saudi National Bank (SNB),SNB Cooperative Training Program,44.5,48.32339993924151,random_forest
remote-only-de,5,Al Rajhi Bank,Cooperative Training Program,44.5,48.28709041543199,random_forest
remote-only-de,6,Capital Market Authority (CMA),COOP Program,34.5,39.775079065617476,random_forest
remote-only-de,7,Digital Government Authority (DGA),Maidan Cooperative Training Program,34.5,39.86879787010759,random_forest
remote-only-de,8,KPMG Saudi Arabia,COOP & Internship Programs,44.5,48.660268876631285,random_forest
remote-only-de,9,PwC Middle East,"Deals, COOP and Summer Internship Programme (2026)",34.5,39.729843726111305,random_forest
remote-only-de,10,Deloitte Middle East (KSA),Jusoor Al Sharqiyah Internship Program,34.5,39.64541199045407,random_forest
remote-only-de,11,Bank Albilad,Cooperative & Summer Training Program,44.5,48.32459041543199,random_forest
remote-only-de,12,Tamara,Tamara Builders Program,34.5,39.82773427361636,random_forest
remote-only-de,13,Bupa Arabia,Cooperative Training Program,34.5,39.95169260694969,random_forest
remote-only-de,14,Saudi Exports (Saudi Export Development Authority),COOP & Summer Training (FAQ-confirmed),44.5,48.60818554329795,random_forest
remote-only-de,15,Local Content and Government Procurement Authority (LCGPA),COOP Training (role posting),34.5,39.904966851589066,random_forest
remote-only-de,16,McKinsey & Company (Maqdira),Maqdira Fellowship Program,34.5,39.72785684339525,random_forest
remote-only-de,17,Boston Consulting Group (BCG),Visiting Associate Internship (Riyadh),34.5,39.75890052294437,random_forest
remote-only-de,18,Bain & Company,COOP Training Program (Riyadh),34.5,39.89868334769043,random_forest
remote-only-de,19,Amazon Web Services (AWS),IT/Computer Hardware Internship (Intern-to-FTE Pathway),34.5,39.956922722858444,random_forest
remote-only-de,20,Amazon Web Services (AWS) - Associate Solutions Architect Intern,Associate Solutions Architect Intern (2026),34.5,39.72605806120431,random_forest
remote-only-de,21,Google (Saudi Arabia),Google Careers (Saudi location filter),33.0,33.25052083333333,random_forest
remote-only-de,22,BlackRock,Client & Product Summer Internship Programme (EMEA) - includes Riyadh,44.5,53.328964153439145,random_forest
remote-only-de,23,noon,Student Internship,34.5,39.79860138648715,random_forest
remote-only-de,24,MOZN,Data Science Intern,54.5,62.47776666666666,random_forest
remote-only-de,25,Elm,Elm Co-op Training Program (March 2026 Intake),34.5,39.87947038472747,random_forest
remote-only-de,26,Yasref,Yasref Cooperative Training Program,37.5,42.93460813492064,random_forest
remote-only-de,27,"Saudi Standards, Metrology and Quality Organization (SASO)",Cooperative Training (Collaborative Training),34.5,39.936981958801546,random_forest
remote-only-de,28,"Zakat, Tax and Customs Authority (ZATCA)",Binaa-Alkafaat Program,39.5,39.354166666666664,random_forest
remote-only-de,29,Human Resources Development Fund (HRDF) – Cooperative Training Product,Cooperative Training (HRDF product),25.0,20.367062590187587,random_forest
remote-only-de,30,EXPRO,COOP Training (Future Makers Program),34.5,39.89868334769043,random_forest
remote-only-de,31,Ministry of Industry and Mineral Resources (MIM) – Cooperative Training Initiative,Cooperative Training Initiative,25.0,20.3781737012987,random_forest
remote-only-de,32,TBC (The Beauty Company),Cooperative Training Program,44.5,48.44900856127614,random_forest
remote-only-de,33,National Center for Vegetation Cover Development & Combating Desertification (NCVC),COOP Training Program,34.5,39.88122468366927,random_forest
remote-only-de,34,Saudi Power Procurement Company (SPPC),Future Power – COOP Training Program,34.5,39.71589103142944,random_forest
remote-only-de,35,TBC (Tatweer Building Company),Cooperative Training Program,34.5,39.74575214254056,random_forest
remote-only-de,36,PwC Middle East (Assurance COOP & Summer Internship Programme 2026),"Assurance, COOP and Summer Internship Programme 2026 – Middle East",34.5,39.96486865488623,random_forest
remote-only-de,37,KAPSARC,Intern (Coop- Trainee),34.5,39.76440569192327,random_forest
remote-only-de,38,BSF (Banque Saudi Fransi),COOP / Internship,34.5,39.78593346970105,random_forest
remote-only-de,39,Saudi Food & Drug Authority (SFDA),COOP training (First semester 2025-2026 intake),44.5,48.55067398177924,random_forest
remote-only-de,40,Saudi Power Procurement Company (SPPC) – Future Power (Business Admin COOP),Future Power – Business Administration COOP Training Program,34.5,39.77655846970105,random_forest
remote-only-de,41,Bank Albilad,Cooperative and Summer Training Program,34.5,39.84650799648934,random_forest
remote-only-de,42,The Saudi National Bank (SNB),SNB Rowad Program,29.5,29.902916666666666,random_forest
remote-only-de,43,National Cybersecurity Authority (NCA) – Academy,Cybersecurity training programs (academy),39.5,39.88752671918033,random_forest
remote-only-de,44,PIF | Graduate Development Program,Graduate Development Program (GDP),39.5,43.789528057359306,random_forest
remote-only-de,45,NEOM | GrOW (Graduates Opportunities in Work),GrOW (Graduates Opportunities in Work),41.0,40.791666666666664,random_forest
remote-only-de,46,ROSHN | COOP Trainee Program,COOP Trainee Program,34.5,39.7758640252566,random_forest
remote-only-de,47,Microsoft | Ru'aa Program (Riyadh),Ru'aa Program Internship (Solution Engineering),34.5,39.928257135278386,random_forest
remote-only-de,48,Oracle | Business Development Intern (KSA market),Business Development Intern (KSA market),46.0,49.45457006475235,random_forest
remote-only-de,49,SAP | Student Internship (Riyadh),Student Internship - Riyadh,34.5,39.71086337934297,random_forest
remote-only-de,50,SAB (Saudi Awwal Bank) | Cooperative Training Programme (COOP),SAB Cooperative Training Programme (COOP),34.5,39.754336247478825,random_forest
remote-only-de,51,Ministry of Finance (Saudi Arabia) | Cooperative Training Program,Cooperative Training Program,36.0,39.9429436271713,random_forest
remote-only-de,52,Ministry of Industry and Mineral Resources | Cooperative Training,Cooperative Training Initiative,46.0,49.28703928823721,random_forest
remote-only-de,53,King Fahd Causeway Authority | Internship Program,Internship Program,41.0,45.510466222739254,random_forest
remote-only-de,54,Tawuniya | Tamheer Program (Fresh Graduates),Tamheer Program,32.5,31.13732171474359,random_forest
remote-only-de,55,SAMA | SAMA Professional Program (SPP),SAMA Professional Program (SPP),31.0,31.13908620955719,random_forest
remote-only-de,56,HRDF | Cooperative Training Product,Cooperative Training Product,46.0,49.28287262157054,random_forest
remote-only-de,57,IBM,"Automation, Data & AI – Intern",36.0,40.00700673420316,random_forest
remote-only-de,58,Unifonic,Internship (Unifonic),34.5,39.812953238339,random_forest
remote-only-de,59,Misk Foundation,Misk Traineeship / Internship Program,32.5,31.02110609655187,random_forest
remote-only-de,60,Cisco,Cisco NetVersity (Saudi Arabia),42.5,39.818194444444444,random_forest
remote-only-de,61,KAUST,Visiting Student Research Program (VSRP) Internship,34.5,39.62562032378741,random_forest
remote-only-de,62,General Authority for Statistics (GASTAT),Cooperative Training Program,44.5,53.07437,random_forest
remote-only-de,63,Saudi Center for Opinion Polling (SCOP),Cooperative Training Program,44.5,53.003078333333335,random_forest
remote-only-de,64,Al Rajhi Takaful,Cooperative Training Program,34.5,39.808552517320095,random_forest
remote-only-de,65,Expenditure & Projects Efficiency Authority (EXPRO),Future Makers (صنّاع المستقبل) – Cooperative Training,34.5,39.74600291414549,random_forest
remote-only-de,66,Ministry of Finance (Saudi Arabia),Cooperative Training Program (Ministry of Finance),34.5,39.783502914145494,random_forest
remote-only-de,67,General Entertainment Authority (GEA),GEA Cooperative Training Program,34.5,39.72264851006192,random_forest
remote-only-de,68,Banque Saudi Fransi (BSF),COOP Training,34.5,39.80334418398676,random_forest
remote-only-de,69,Arab National Bank (ANB),COOP Trainee,34.5,39.831418136050225,random_forest
remote-only-de,70,Tamara,Builders Program,34.5,39.82836258049466,random_forest
remote-only-de,71,OmniOps,Co‑op Training Program,34.5,39.74714103142944,random_forest
remote-only-de,72,Tatweer Educational Technologies (TETCO),Cooperative Training Program,34.5,40.04916254035353,random_forest
remote-only-de,73,The Saudi Investment Bank (SAIB),Cooperative Program,34.5,39.82183005768096,random_forest
remote-only-de,74,Saudi Awwal Bank (SAB),COOP Program,34.5,39.75061679278564,random_forest
remote-only-de,75,Riyad Bank,Internships and Coop Trainings (CSR 2019),34.5,39.94265656197615,random_forest
remote-only-de,76,Tabby,Intern DevOps Engineer,44.5,47.61920793313322,random_forest
remote-only-de,77,Tabby,Intern Backend (GO) Engineer,54.5,55.62368037280701,random_forest
remote-only-de,78,Tabby,Intern Frontend Engineer,34.5,39.73989590215667,random_forest
remote-only-de,79,Tabby,Intern Data Engineer,54.5,63.40901676587301,random_forest
remote-only-de,80,Tabby,No-Code / AI Agents Engineering Intern,34.5,39.66659254600963,random_forest
remote-only-de,81,Bank Albilad,Cooperative Training Program,44.5,48.41193390241416,random_forest
remote-only-de,82,Saudi Ground Services (SGS),COOP Program,34.5,39.6884805493994,random_forest
remote-only-de,83,CEER,Cooperative Training Program (COOP),34.5,39.80801427955813,random_forest
remote-only-de,84,Al Rajhi Takaful,Coop Training Program,34.5,39.73103144656986,random_forest
remote-only-de,85,TAWAL,COOP Training Program,34.5,39.73880769809611,random_forest
remote-only-de,86,Wakeb_Data,COOP Training,34.5,39.7878037180608,random_forest
remote-only-de,87,Banque Saudi Fransi (BSF),Coop Training Program,34.5,39.72998977990319,random_forest
remote-only-de,88,Tech Economy,COOP Training Program,34.5,39.82538531130415,random_forest
remote-only-de,89,SAMI Advanced Electronics (SAMI-AEC),Coop Trainee,34.5,39.7898025173201,random_forest
remote-only-de,90,NHC,COOP Trainee,44.5,48.22719518425249,random_forest
remote-only-de,91,REMAT ADVANCED,Cooperative Training Program,34.5,39.77829458081216,random_forest
remote-only-de,92,SDM,AI COOP,44.5,53.352387641325535,random_forest
remote-only-de,93,HUED,HUED COOP Program 2026,34.5,39.714218726111305,random_forest
remote-only-de,94,Araamis • أرامس,Araamis COOP Program 2026,34.5,39.77637150388909,random_forest
remote-only-de,95,ARDARA,COOP Training for Students,34.5,39.71396795450637,random_forest
remote-only-de,96,flynas,COOP Trainee / Internship Program,34.5,39.744356872150725,random_forest
remote-only-de,97,Saudi Motorsport Company (SMC),COOP Trainee (IT Asset Project Management),34.5,39.72493301182559,random_forest
remote-only-de,98,Saudi Motorsport Company (SMC),COOP Trainee (Supply Chain Excellence Associate),34.5,39.865571366526446,random_forest
remote-only-de,99,Mobily,Cooperative Training Program,34.5,39.90347832123541,random_forest
remote-only-de,100,Saudi Awwal Bank (SAB),Student Opportunities: Cooperative / Practical Training,34.5,39.76505922434764,random_forest
remote-only-de,101,Alvarez & Marsal,COOP Training Program,34.5,39.82396443234652,random_forest
remote-only-de,102,Visa,COOP Trainee (Jan 2026),34.5,39.755725136367715,random_forest
remote-only-de,103,Zain KSA,Evolve Program (Fresh Graduates),29.5,29.728125,random_forest
remote-only-de,104,Zain KSA,Zain Pioneers Program,29.5,29.64548611111111,random_forest
remote-only-de,105,Savvy Games Group,Cooperative Training Program (Co-op),34.5,39.80962638273273,random_forest
remote-only-de,106,Bank AlJazira,Tamheer Program,29.5,29.727777777777778,random_forest
remote-only-de,107,sirar by stc,Cooperative Training Program,34.5,39.79739180303439,random_forest
remote-only-de,108,Gathern,Co-op Program,34.5,39.77829458081216,random_forest
remote-only-de,109,Elm Company (شركة علم),Coop Training - Computer Science (Jan/Mar/Jun/Aug 2025 Intake),34.5,39.76822513636772,random_forest
remote-only-de,110,Elm Company (شركة علم),Co-Op Training - Information Technology (Jun & Aug 2025 Intake),34.5,39.77239180303438,random_forest
remote-only-de,111,EJADA,COOP Administration & Support Engineer,34.5,39.819961247478815,random_forest
remote-only-de,112,Emdad By Elm,Network Cooperative Training (Network Intern),34.5,39.747689422082,random_forest
remote-only-de,113,AILA,Co-op Training Programme,44.5,47.03024666939296,random_forest
remote-only-de,114,Foodics,Foodics 360 Internship Program,34.5,39.68161361675987,random_forest
remote-only-de,115,Salla,برنامج التدريب التعاوني (Coop Training) – Salla,34.5,39.75910684339525,random_forest
remote-only-de,116,Lucidya,Technical Internship or Coop – Lucidya,34.5,39.76449654298279,random_forest
remote-only-de,117,Diriyah Company,Diriyah Co-op Training Program,34.5,39.76461150178035,random_forest
remote-only-de,118,Riyadh Air,Co-op – Riyadh Air,34.5,39.68862073228414,random_forest
remote-only-de,119,Jahez Group,Jahez Internship Program (as described in Sustainability Report),34.5,39.648536990454076,random_forest
remote-only-de,120,Lumi | لومي,COOP Intern 2025 – Lumi,34.5,39.77695607849993,random_forest
remote-only-de,121,webook.com,COOP Trainee Opportunities – webook.com,34.5,39.68498825365167,random_forest
remote-only-de,122,moneymoon,Tech & AI Co-op Program 2025,44.5,53.53738764132554,random_forest
remote-only-de,123,EjadTech - إيجاد التقنية,"Summer Internship Program 2025 (Computer, Data, and AI Majors)",46.0,53.40457306998555,random_forest
remote-only-de,124,InnovationTeam,Java Microservices Internship Programme (Saudi Nationals),46.0,53.755946091269834,random_forest
remote-only-de,125,Tamkeen Technologies,On the Job Training (Internship Program) — Technology field,34.5,39.73802387317013,random_forest
remote-only-de,126,Trendyol Group,Trendyol Tech Talent - Bootcamp & COOP Internship Program (Saudi Students Only),36.0,40.15004018801786,random_forest
remote-only-de,127,Ninja نينجا,COOP Training Program,36.0,39.951276960504636,random_forest
remote-only-de,128,SCAI | سكاي,CO-OP Training Opportunities (Intern),44.5,53.408696900584786,random_forest
remote-only-de,129,WalaPlus,Coop & Tamheer Opportunities,34.5,39.86579458081216,random_forest
remote-only-de,130,Aon,IT Co-op Trainee 2026,34.5,39.78296872611131,random_forest
remote-only-de,131,Hewlett Packard Enterprise (HPE),College Intern (Coop),34.5,39.76942705944464,random_forest
remote-only-de,132,Signify,KSA Coop Internship Program,34.5,39.68771642825484,random_forest
remote-only-de,133,Help AG (e& enterprise),Cybersecurity Intern,34.5,39.999309728858556,random_forest
remote-only-de,134,TrendAI (Trend Micro),CyberGATE Internship Program,34.5,39.78052520864021,random_forest
remote-only-de,135,Golf Saudi,IT Co-op Trainee,34.5,39.770468726111304,random_forest
remote-only-de,136,Siemens Healthineers,Healthineers Early Talent Program – IT (Riyadh),34.5,39.72135720650346,random_forest
remote-only-de,137,1957 Ventures,Internship / Co-Op Program,34.5,39.73852428166686,random_forest
remote-only-de,138,Nokia,Graduate Trainee (Saudi Arabia) – Fledgers Program,39.5,44.2805101010101,random_forest
remote-only-de,139,Ericsson,Summer Interns (Ericsson Saudi),34.5,39.68962109539235,random_forest
remote-only-de,140,Bosch Middle East,Software Development Intern (AI/Cloud),44.5,53.72618981184019,random_forest
remote-only-de,141,Saudi Payments | المدفوعات السعودية,COOP Training – August 2024,34.5,40.14767338521854,random_forest
remote-only-de,142,Saudi Tadawul Group | تداول,Cooperative Training Program (COOP),34.5,39.74391958081216,random_forest
remote-only-de,143,Lean Technologies,Software Engineering Intern – KSA,54.5,62.43782996031746,random_forest
remote-only-de,144,Mirai (Scopely) | مِراي,AI Engineering Intern (GenAI),44.5,53.478571411166804,random_forest
remote-only-de,145,HungerStation | هنقرستيشن,"Co-OP Trainee, Data Analysis – Info Sec",54.5,62.4844369047619,random_forest
remote-only-de,146,NCGR | المركز الوطني لنظم الموارد الحكومية,Coop Training Program,34.5,40.08552442306957,random_forest
remote-only-de,147,nybl,nybl Graduate Programme – Saudi Nationals (AI Bootcamp),29.5,30.195963261648743,random_forest
remote-only-de,148,Procter & Gamble (P&G),P&G LEADgen Internship Program 2026 (Riyadh),34.5,39.61668306120431,random_forest
remote-only-de,149,New Murabba | المربع الجديد,New Murabba Co-op Training Program,34.5,39.81266958081216,random_forest
remote-only-de,150,Boeing Saudi Arabia Limited,Intern - Info Technology & Data Analytics (Riyadh),34.5,39.726912762059015,random_forest
remote-only-de,151,Motorola Solutions,Deployment Engineer Intern (KSA National - Tamheer Program),34.5,39.94876300063622,random_forest
remote-only-de,152,Schneider Electric,Co-op Intern (Engineering) - Al Khobar (Jan–Aug 2026),34.5,39.804683469701054,random_forest
remote-only-de,153,Lockheed Martin,Tamheer Space Internship (Riyadh),34.5,39.72868062437888,random_forest
remote-only-de,154,Markaba | مركبة,Start-up Software Intern – TAMHEER (Saudi nationals only),36.0,39.85928349645235,random_forest
remote-only-de,155,Laverne Group | مجموعة لافيرن,Data Analyst / Data Engineer Intern (IT Department),44.5,54.00216191381231,random_forest
remote-only-de,156,Meel | ميل,"Software Developer Internship (Remote, min 2 months)",49.5,53.17051771196284,random_forest
remote-only-de,157,Nahdi Medical Co.,IT Internship / COOP Program (6 months),44.5,48.30031523709236,random_forest
remote-only-de,158,SMART Technology Solutions | سمارت لحلول التقنية,R&D Intern (Riyadh),34.5,39.66103699045407,random_forest
remote-only-de,159,Knodemy Inc.,AI Developer & Tech Trainer Intern - Riyadh,44.5,53.53330460561126,random_forest
remote-only-de,160,Water Transmission Company | شركة نقل المياه,Tamheer Internship Program (HRIS / Engineering & PM - Riyadh),34.5,39.67067611675987,random_forest
remote-only-de,161,AFNOYS,"AI Automation Intern - KSA (Remote, 4 weeks)",49.5,53.175392711962836,random_forest
remote-only-de,162,SAS,CareerStart@SAS 2026 - Presales Customer Intelligence Intern (Riyadh),38.0,42.46502823372615,random_forest
remote-only-de,163,Devoteam,Trainee - Future Leaders Program (Co-op/Fresh Graduate),36.0,39.868571934049605,random_forest
remote-only-de,164,ضالتي Dhallaty,Tech Intern: Fresh Grad or Student,38.0,42.43910959080602,random_forest
remote-only-de,165,Innovative Solutions SA,Presales - Tamheer,36.0,40.11809324845144,random_forest
remote-only-de,166,HUMAIN,Tamheer Program (Software Engineer / Cybersecurity / MIS),36.0,40.132395497128684,random_forest
remote-only-de,167,TAM | تام,"Tamheer Opportunity, Advisory",15.0,18.463085317460315,random_forest
remote-only-de,168,هيئة التأمين | Insurance Authority,Tamheer Opportunity - Specialist of Information Security,36.0,40.18508671250372,random_forest
remote-only-de,169,Snbla | سنبله,Paid Internship Program (FinTech),38.0,42.47026314018874,random_forest
remote-only-de,170,2P Perfect Presentation,Data Analyst (Tamheer),36.0,39.869005718674565,random_forest
remote-only-de,171,Infosys,Summer Intern (Infosys InStep ’26 – Bangalore),37.5,43.44190340428439,random_forest
remote-only-de,172,شركة الخدمات المدارة | Managed Services Company,Intern Cybersecurity Engineer,36.0,40.15923201164902,random_forest
remote-only-de,173,Abunayyan Holding,Data Analyst (Tamheer),36.0,39.8648390520079,random_forest
no-interview-ft,1,Saudi Aramco,University Internship Program (UIP),29.5,30.185092592592593,random_forest
no-interview-ft,2,SABIC,COOP Training Program,32.5,34.65365038080396,random_forest
no-interview-ft,3,stc (Saudi Telecom Company),Cooperative Training Program (COOP),39.5,39.5,random_forest
no-interview-ft,4,Saudi National Bank (SNB),SNB Cooperative Training Program,34.5,34.69887202149345,random_forest
no-interview-ft,5,Al Rajhi Bank,Cooperative Training Program,34.5,34.6370453306722,random_forest
no-interview-ft,6,Capital Market Authority (CMA),COOP Program,39.5,39.5,random_forest
no-interview-ft,7,Digital Government Authority (DGA),Maidan Cooperative Training Program,39.5,39.5375,random_forest
no-interview-ft,8,KPMG Saudi Arabia,COOP & Internship Programs,34.5,35.78259447333249,random_forest
no-interview-ft,9,PwC Middle East,"Deals, COOP and Summer Internship Programme (2026)",39.5,39.5,random_forest
no-interview-ft,10,Deloitte Middle East (KSA),Jusoor Al Sharqiyah Internship Program,39.5,40.025291431546755,random_forest
no-interview-ft,11,Bank Albilad,Cooperative & Summer Training Program,34.5,34.59290281859491,random_forest
no-interview-ft,12,Tamara,Tamara Builders Program,39.5,39.5375,random_forest
no-interview-ft,13,Bupa Arabia,Cooperative Training Program,39.5,39.5375,random_forest
no-interview-ft,14,Saudi Exports (Saudi Export Development Authority),COOP & Summer Training (FAQ-confirmed),34.5,35.531861423750655,random_forest
no-interview-ft,15,Local Content and Government Procurement Authority (LCGPA),COOP Training (role posting),39.5,39.5375,random_forest
no-interview-ft,16,McKinsey & Company (Maqdira),Maqdira Fellowship Program,39.5,39.5,random_forest
no-interview-ft,17,Boston Consulting Group (BCG),Visiting Associate Internship (Riyadh),39.5,39.5,random_forest
no-interview-ft,18,Bain & Company,COOP Training Program (Riyadh),39.5,39.5375,random_forest
no-interview-ft,19,Amazon Web Services (AWS),IT/Computer Hardware Internship (Intern-to-FTE Pathway),49.5,49.51845675742332,random_forest
no-interview-ft,20,Amazon Web Services (AWS) - Associate Solutions Architect Intern,Associate Solutions Architect Intern (2026),49.5,49.57599023956618,random_forest
no-interview-ft,21,Google (Saudi Arabia),Google Careers (Saudi location filter),39.5,39.5,random_forest
no-interview-ft,22,BlackRock,Client & Product Summer Internship Programme (EMEA) - includes Riyadh,69.5,71.26701686507937,random_forest
no-interview-ft,23,noon,Student Internship,49.5,49.915681865749434,random_forest
no-interview-ft,24,MOZN,Data Science Intern,69.5,71.36383392857142,random_forest
no-interview-ft,25,Elm,Elm Co-op Training Program (March 2026 Intake),39.5,39.5375,random_forest
no-interview-ft,26,Yasref,Yasref Cooperative Training Program,32.5,33.72990817627571,random_forest
no-interview-ft,27,"Saudi Standards, Metrology and Quality Organization (SASO)",Cooperative Training (Collaborative Training),39.5,39.5375,random_forest
no-interview-ft,28,"Zakat, Tax and Customs Authority (ZATCA)",Binaa-Alkafaat Program,34.5,35.485044244969245,random_forest
no-interview-ft,29,Human Resources Development Fund (HRDF) – Cooperative Training Product,Cooperative Training (HRDF product),15.0,10.659722222222221,random_forest
no-interview-ft,30,EXPRO,COOP Training (Future Makers Program),39.5,39.525,random_forest
no-interview-ft,31,Ministry of Industry and Mineral Resources (MIM) – Cooperative Training Initiative,Cooperative Training Initiative,15.0,10.60763888888889,random_forest
no-interview-ft,32,TBC (The Beauty Company),Cooperative Training Program,34.5,35.13710698696706,random_forest
no-interview-ft,33,National Center for Vegetation Cover Development & Combating Desertification (NCVC),COOP Training Program,39.5,39.525,random_forest
no-interview-ft,34,Saudi Power Procurement Company (SPPC),Future Power – COOP Training Program,39.5,39.5,random_forest
no-interview-ft,35,TBC (Tatweer Building Company),Cooperative Training Program,39.5,39.5,random_forest
no-interview-ft,36,PwC Middle East (Assurance COOP & Summer Internship Programme 2026),"Assurance, COOP and Summer Internship Programme 2026 – Middle East",39.5,39.5,random_forest
no-interview-ft,37,KAPSARC,Intern (Coop- Trainee),39.5,39.5,random_forest
no-interview-ft,38,BSF (Banque Saudi Fransi),COOP / Internship,29.5,29.73125,random_forest
no-interview-ft,39,Saudi Food & Drug Authority (SFDA),COOP training (First semester 2025-2026 intake),34.5,34.71901091038235,random_forest
no-interview-ft,40,Saudi Power Procurement Company (SPPC) – Future Power (Business Admin COOP),Future Power – Business Administration COOP Training Program,39.5,39.5,random_forest
no-interview-ft,41,Bank Albilad,Cooperative and Summer Training Program,39.5,39.5,random_forest
no-interview-ft,42,The Saudi National Bank (SNB),SNB Rowad Program,39.5,39.5,random_forest
no-interview-ft,43,National Cybersecurity Authority (NCA) – Academy,Cybersecurity training programs (academy),44.5,48.85270681006207,random_forest
no-interview-ft,44,PIF | Graduate Development Program,Graduate Development Program (GDP),59.5,61.9103634920635,random_forest
no-interview-ft,45,NEOM | GrOW (Graduates Opportunities in Work),GrOW (Graduates Opportunities in Work),36.0,36.06069996140023,random_forest
no-interview-ft,46,ROSHN | COOP Trainee Program,COOP Trainee Program,39.5,39.5,random_forest
no-interview-ft,47,Microsoft | Ru'aa Program (Riyadh),Ru'aa Program Internship (Solution Engineering),49.5,49.55348612460786,random_forest
no-interview-ft,48,Oracle | Business Development Intern (KSA market),Business Development Intern (KSA market),46.0,45.87346729619469,random_forest
no-interview-ft,49,SAP | Student Internship (Riyadh),Student Internship - Riyadh,49.5,49.416469299169385,random_forest
no-interview-ft,50,SAB (Saudi Awwal Bank) | Cooperative Training Programme (COOP),SAB Cooperative Training Programme (COOP),39.5,39.5,random_forest
no-interview-ft,51,Ministry of Finance (Saudi Arabia) | Cooperative Training Program,Cooperative Training Program,41.0,40.825,random_forest
no-interview-ft,52,Ministry of Industry and Mineral Resources | Cooperative Training,Cooperative Training Initiative,36.0,35.81269298755951,random_forest
no-interview-ft,53,King Fahd Causeway Authority | Internship Program,Internship Program,46.0,46.151507230342744,random_forest
no-interview-ft,54,Tawuniya | Tamheer Program (Fresh Graduates),Tamheer Program,42.5,39.98798611111111,random_forest
no-interview-ft,55,SAMA | SAMA Professional Program (SPP),SAMA Professional Program (SPP),41.0,41.0,random_forest
no-interview-ft,56,HRDF | Cooperative Training Product,Cooperative Training Product,36.0,35.827776320892845,random_forest
no-interview-ft,57,IBM,"Automation, Data & AI – Intern",51.0,50.91284958618619,random_forest
no-interview-ft,58,Unifonic,Internship (Unifonic),49.5,49.812089513556074,random_forest
no-interview-ft,59,Misk Foundation,Misk Traineeship / Internship Program,42.5,39.98798611111111,random_forest
no-interview-ft,60,Cisco,Cisco NetVersity (Saudi Arabia),37.5,37.49925833602672,random_forest
no-interview-ft,61,KAUST,Visiting Student Research Program (VSRP) Internship,39.5,39.98154143154675,random_forest
no-interview-ft,62,General Authority for Statistics (GASTAT),Cooperative Training Program,59.5,62.03012519841271,random_forest
no-interview-ft,63,Saudi Center for Opinion Polling (SCOP),Cooperative Training Program,59.5,62.08256269841271,random_forest
no-interview-ft,64,Al Rajhi Takaful,Cooperative Training Program,39.5,39.5,random_forest
no-interview-ft,65,Expenditure & Projects Efficiency Authority (EXPRO),Future Makers (صنّاع المستقبل) – Cooperative Training,39.5,39.5,random_forest
no-interview-ft,66,Ministry of Finance (Saudi Arabia),Cooperative Training Program (Ministry of Finance),39.5,39.5,random_forest
no-interview-ft,67,General Entertainment Authority (GEA),GEA Cooperative Training Program,39.5,39.5,random_forest
no-interview-ft,68,Banque Saudi Fransi (BSF),COOP Training,39.5,39.5,random_forest
no-interview-ft,69,Arab National Bank (ANB),COOP Trainee,39.5,39.5,random_forest
no-interview-ft,70,Tamara,Builders Program,39.5,39.5,random_forest
no-interview-ft,71,OmniOps,Co‑op Training Program,39.5,39.5,random_forest
no-interview-ft,72,Tatweer Educational Technologies (TETCO),Cooperative Training Program,39.5,39.5,random_forest
no-interview-ft,73,The Saudi Investment Bank (SAIB),Cooperative Program,39.5,39.5,random_forest
no-interview-ft,74,Saudi Awwal Bank (SAB),COOP Program,39.5,39.5,random_forest
no-interview-ft,75,Riyad Bank,Internships and Coop Trainings (CSR 2019),39.5,39.5375,random_forest
no-interview-ft,76,Tabby,Intern DevOps Engineer,49.5,49.587228529240015,random_forest
no-interview-ft,77,Tabby,Intern Backend (GO) Engineer,69.5,71.26649067460318,random_forest
no-interview-ft,78,Tabby,Intern Frontend Engineer,49.5,49.538620447899504,random_forest
no-interview-ft,79,Tabby,Intern Data Engineer,69.5,72.46359087301589,random_forest
no-interview-ft,80,Tabby,No-Code / AI Agents Engineering Intern,49.5,49.51417284688941,random_forest
no-interview-ft,81,Bank Albilad,Cooperative Training Program,34.5,34.7433164659379,random_forest
no-interview-ft,82,Saudi Ground Services (SGS),COOP Program,29.5,29.819791666666667,random_forest
no-interview-ft,83,CEER,Cooperative Training Program (COOP),39.5,39.5,random_forest
no-interview-ft,84,Al Rajhi Takaful,Coop Training Program,39.5,39.5,random_forest
no-interview-ft,85,TAWAL,COOP Training Program,39.5,39.5,random_forest
no-interview-ft,86,Wakeb_Data,COOP Training,39.5,39.5375,random_forest
no-interview-ft,87,Banque Saudi Fransi (BSF),Coop Training Program,39.5,39.5,random_forest
no-interview-ft,88,Tech Economy,COOP Training Program,39.5,39.5,random_forest
no-interview-ft,89,SAMI Advanced Electronics (SAMI-AEC),Coop Trainee,39.5,39.5,random_forest
no-interview-ft,90,NHC,COOP Trainee,34.5,34.79841444182077,random_forest
no-interview-ft,91,REMAT ADVANCED,Cooperative Training Program,39.5,39.5,random_forest
no-interview-ft,92,SDM,AI COOP,39.5,39.5,random_forest
no-interview-ft,93,HUED,HUED COOP Program 2026,39.5,39.5,random_forest
no-interview-ft,94,Araamis • أرامس,Araamis COOP Program 2026,39.5,39.5,random_forest
no-interview-ft,95,ARDARA,COOP Training for Students,39.5,39.5,random_forest
no-interview-ft,96,flynas,COOP Trainee / Internship Program,39.5,39.5,random_forest
no-interview-ft,97,Saudi Motorsport Company (SMC),COOP Trainee (IT Asset Project Management),29.5,29.95277777777778,random_forest
no-interview-ft,98,Saudi Motorsport Company (SMC),COOP Trainee (Supply Chain Excellence Associate),29.5,30.068611111111114,random_forest
no-interview-ft,99,Mobily,Cooperative Training Program,39.5,39.375,random_forest
no-interview-ft,100,Saudi Awwal Bank (SAB),Student Opportunities: Cooperative / Practical Training,39.5,39.5,random_forest
no-interview-ft,101,Alvarez & Marsal,COOP Training Program,39.5,39.5375,random_forest
no-interview-ft,102,Visa,COOP Trainee (Jan 2026),39.5,39.5,random_forest
no-interview-ft,103,Zain KSA,Evolve Program (Fresh Graduates),39.5,39.5,random_forest
no-interview-ft,104,Zain KSA,Zain Pioneers Program,39.5,39.5,random_forest
no-interview-ft,105,Savvy Games Group,Cooperative Training Program (Co-op),39.5,39.5,random_forest
no-interview-ft,106,Bank AlJazira,Tamheer Program,39.5,39.5,random_forest
no-interview-ft,107,sirar by stc,Cooperative Training Program,39.5,39.5,random_forest
no-interview-ft,108,Gathern,Co-op Program,39.5,39.5,random_forest
no-interview-ft,109,Elm Company (شركة علم),Coop Training - Computer Science (Jan/Mar/Jun/Aug 2025 Intake),39.5,39.5,random_forest
no-interview-ft,110,Elm Company (شركة علم),Co-Op Training - Information Technology (Jun & Aug 2025 Intake),39.5,39.5,random_forest
no-interview-ft,111,EJADA,COOP Administration & Support Engineer,39.5,39.5,random_forest
no-interview-ft,112,Emdad By Elm,Network Cooperative Training (Network Intern),29.5,30.309690040650406,random_forest
no-interview-ft,113,AILA,Co-op Training Programme,39.5,39.391666666666666,random_forest
no-interview-ft,114,Foodics,Foodics 360 Internship Program,49.5,49.50504928367102,random_forest
no-interview-ft,115,Salla,برنامج التدريب التعاوني (Coop Training) – Salla,29.5,29.711805555555554,random_forest
no-interview-ft,116,Lucidya,Technical Internship or Coop – Lucidya,29.5,30.508020639786945,random_forest
no-interview-ft,117,Diriyah Company,Diriyah Co-op Training Program,39.5,39.5,random_forest
no-interview-ft,118,Riyadh Air,Co-op – Riyadh Air,39.5,39.5,random_forest
no-interview-ft,119,Jahez Group,Jahez Internship Program (as described in Sustainability Report),49.5,49.49472840244496,random_forest
no-interview-ft,120,Lumi | لومي,COOP Intern 2025 – Lumi,39.5,39.5,random_forest
no-interview-ft,121,webook.com,COOP Trainee Opportunities – webook.com,39.5,39.5,random_forest
no-interview-ft,122,moneymoon,Tech & AI Co-op Program 2025,39.5,39.5,random_forest
no-interview-ft,123,EjadTech - إيجاد التقنية,"Summer Internship Program 2025 (Computer, Data, and AI Majors)",51.0,50.90799328505057,random_forest
no-interview-ft,124,InnovationTeam,Java Microservices Internship Programme (Saudi Nationals),71.0,71.1179410894661,random_forest
no-interview-ft,125,Tamkeen Technologies,On the Job Training (Internship Program) — Technology field,49.5,49.56171072567728,random_forest
no-interview-ft,126,Trendyol Group,Trendyol Tech Talent - Bootcamp & COOP Internship Program (Saudi Students Only),41.0,41.0,random_forest
no-interview-ft,127,Ninja نينجا,COOP Training Program,41.0,41.0,random_forest
no-interview-ft,128,SCAI | سكاي,CO-OP Training Opportunities (Intern),39.5,39.5,random_forest
no-interview-ft,129,WalaPlus,Coop & Tamheer Opportunities,39.5,39.5,random_forest
no-interview-ft,130,Aon,IT Co-op Trainee 2026,39.5,39.5,random_forest
no-interview-ft,131,Hewlett Packard Enterprise (HPE),College Intern (Coop),39.5,39.5,random_forest
no-interview-ft,132,Signify,KSA Coop Internship Program,39.5,39.5,random_forest
no-interview-ft,133,Help AG (e& enterprise),Cybersecurity Intern,49.5,49.60822321206284,random_forest
no-interview-ft,134,TrendAI (Trend Micro),CyberGATE Internship Program,49.5,49.60831898338257,random_forest
no-interview-ft,135,Golf Saudi,IT Co-op Trainee,39.5,39.5,random_forest
no-interview-ft,136,Siemens Healthineers,Healthineers Early Talent Program – IT (Riyadh),49.5,49.781784955735034,random_forest
no-interview-ft,137,1957 Ventures,Internship / Co-Op Program,39.5,39.5,random_forest
no-interview-ft,138,Nokia,Graduate Trainee (Saudi Arabia) – Fledgers Program,39.5,39.5,random_forest
no-interview-ft,139,Ericsson,Summer Interns (Ericsson Saudi),49.5,49.53476085061695,random_forest
no-interview-ft,140,Bosch Middle East,Software Development Intern (AI/Cloud),49.5,49.68047946465436,random_forest
no-interview-ft,141,Saudi Payments | المدفوعات السعودية,COOP Training – August 2024,39.5,39.5,random_forest
no-interview-ft,142,Saudi Tadawul Group | تداول,Cooperative Training Program (COOP),39.5,39.5,random_forest
no-interview-ft,143,Lean Technologies,Software Engineering Intern – KSA,69.5,72.15350059523809,random_forest
no-interview-ft,144,Mirai (Scopely) | مِراي,AI Engineering Intern (GenAI),49.5,49.67649247170903,random_forest
no-interview-ft,145,HungerStation | هنقرستيشن,"Co-OP Trainee, Data Analysis – Info Sec",59.5,62.46867632275132,random_forest
no-interview-ft,146,NCGR | المركز الوطني لنظم الموارد الحكومية,Coop Training Program,39.5,39.5,random_forest
no-interview-ft,147,nybl,nybl Graduate Programme – Saudi Nationals (AI Bootcamp),39.5,39.5,random_forest
no-interview-ft,148,Procter & Gamble (P&G),P&G LEADgen Internship Program 2026 (Riyadh),49.5,49.76223704608296,random_forest
no-interview-ft,149,New Murabba | المربع الجديد,New Murabba Co-op Training Program,39.5,39.5,random_forest
no-interview-ft,150,Boeing Saudi Arabia Limited,Intern - Info Technology & Data Analytics (Riyadh),49.5,49.811781285933414,random_forest
no-interview-ft,151,Motorola Solutions,Deployment Engineer Intern (KSA National - Tamheer Program),39.5,39.5,random_forest
no-interview-ft,152,Schneider Electric,Co-op Intern (Engineering) - Al Khobar (Jan–Aug 2026),29.5,29.96861111111111,random_forest
no-interview-ft,153,Lockheed Martin,Tamheer Space Internship (Riyadh),39.5,39.5,random_forest
no-interview-ft,154,Markaba | مركبة,Start-up Software Intern – TAMHEER (Saudi nationals only),41.0,41.0,random_forest
no-interview-ft,155,Laverne Group | مجموعة لافيرن,Data Analyst / Data Engineer Intern (IT Department),69.5,72.12170337301589,random_forest
no-interview-ft,156,Meel | ميل,"Software Developer Internship (Remote, min 2 months)",44.5,44.378639149868455,random_forest
no-interview-ft,157,Nahdi Medical Co.,IT Internship / COOP Program (6 months),34.5,35.15650170027486,random_forest
no-interview-ft,158,SMART Technology Solutions | سمارت لحلول التقنية,R&D Intern (Riyadh),49.5,49.661330410280485,random_forest
no-interview-ft,159,Knodemy Inc.,AI Developer & Tech Trainer Intern - Riyadh,49.5,49.264422379949494,random_forest
no-interview-ft,160,Water Transmission Company | شركة نقل المياه,Tamheer Internship Program (HRIS / Engineering & PM - Riyadh),39.5,39.5,random_forest
no-interview-ft,161,AFNOYS,"AI Automation Intern - KSA (Remote, 4 weeks)",44.5,43.44637094134591,random_forest
no-interview-ft,162,SAS,CareerStart@SAS 2026 - Presales Customer Intelligence Intern (Riyadh),49.5,49.98001742928001,random_forest
no-interview-ft,163,Devoteam,Trainee - Future Leaders Program (Co-op/Fresh Graduate),41.0,40.825,random_forest
no-interview-ft,164,ضالتي Dhallaty,Tech Intern: Fresh Grad or Student,49.5,49.635919479886034,random_forest
no-interview-ft,165,Innovative Solutions SA,Presales - Tamheer,41.0,41.0,random_forest
no-interview-ft,166,HUMAIN,Tamheer Program (Software Engineer / Cybersecurity / MIS),41.0,41.0,random_forest
no-interview-ft,167,TAM | تام,"Tamheer Opportunity, Advisory",41.0,40.88333333333333,random_forest
no-interview-ft,168,هيئة التأمين | Insurance Authority,Tamheer Opportunity - Specialist of Information Security,41.0,41.0,random_forest
no-interview-ft,169,Snbla | سنبله,Paid Internship Program (FinTech),49.5,49.521599184848824,random_forest
no-interview-ft,170,2P Perfect Presentation,Data Analyst (Tamheer),41.0,41.0,random_forest
no-interview-ft,171,Infosys,Summer Intern (Infosys InStep ’26 – Bangalore),42.5,43.79180278478373,random_forest
no-interview-ft,172,شركة الخدمات المدارة | Managed Services Company,Intern Cybersecurity Engineer,51.0,51.00117842428888,random_forest
no-interview-ft,173,Abunayyan Holding,Data Analyst (Tamheer),41.0,41.0,random_forest
qual-ielts-intern,1,Saudi Aramco,University Internship Program (UIP),44.0,44.00138888888889,random_forest
qual-ielts-intern,2,SABIC,COOP Training Program,47.0,46.31388888888888,random_forest
qual-ielts-intern,3,stc (Saudi Telecom Company),Cooperative Training Program (COOP),44.0,44.00833333333333,random_forest
qual-ielts-intern,4,Saudi National Bank (SNB),SNB Cooperative Training Program,49.0,48.24461519262391,random_forest
qual-ielts-intern,5,Al Rajhi Bank,Cooperative Training Program,49.0,48.32378185929058,random_forest
qual-ielts-intern,6,Capital Market Authority (CMA),COOP Program,44.0,44.00833333333333,random_forest
qual-ielts-intern,7,Digital Government Authority (DGA),Maidan Cooperative Training Program,44.0,44.0125,random_forest
qual-ielts-intern,8,KPMG Saudi Arabia,COOP & Internship Programs,49.0,48.413365192623914,random_forest
qual-ielts-intern,9,PwC Middle East,"Deals, COOP and Summer Internship Programme (2026)",48.5,48.5,random_forest
qual-ielts-intern,10,Deloitte Middle East (KSA),Jusoor Al Sharqiyah Internship Program,58.5,58.12359499477159,random_forest
qual-ielts-intern,11,Bank Albilad,Cooperative & Summer Training Program,53.5,52.531659425133675,random_forest
qual-ielts-intern,12,Tamara,Tamara Builders Program,48.5,48.49166666666667,random_forest
qual-ielts-intern,13,Bupa Arabia,Cooperative Training Program,44.0,44.03333333333333,random_forest
qual-ielts-intern,14,Saudi Exports (Saudi Export Development Authority),COOP & Summer Training (FAQ-confirmed),49.0,48.40711519262391,random_forest
qual-ielts-intern,15,Local Content and Government Procurement Authority (LCGPA),COOP Training (role posting),44.0,43.99791666666667,random_forest
qual-ielts-intern,16,McKinsey & Company (Maqdira),Maqdira Fellowship Program,48.5,48.5,random_forest
qual-ielts-intern,17,Boston Consulting Group (BCG),Visiting Associate Internship (Riyadh),44.0,44.01875,random_forest
qual-ielts-intern,18,Bain & Company,COOP Training Program (Riyadh),44.0,44.02708333333333,random_forest
qual-ielts-intern,19,Amazon Web Services (AWS),IT/Computer Hardware Internship (Intern-to-FTE Pathway),58.5,58.12359499477159,random_forest
qual-ielts-intern,20,Amazon Web Services (AWS) - Associate Solutions Architect Intern,Associate Solutions Architect Intern (2026),58.5,58.12359499477159,random_forest
qual-ielts-intern,21,Google (Saudi Arabia),Google Careers (Saudi location filter),47.0,46.98131256107383,random_forest
qual-ielts-intern,22,BlackRock,Client & Product Summer Internship Programme (EMEA) - includes Riyadh,65.17,65.86817083333334,random_forest
qual-ielts-intern,23,noon,Student Internship,54.0,53.537204308680685,random_forest
qual-ielts-intern,24,MOZN,Data Science Intern,51.17,51.75258996108059,random_forest
qual-ielts-intern,25,Elm,Elm Co-op Training Program (March 2026 Intake),44.0,44.0125,random_forest
qual-ielts-intern,26,Yasref,Yasref Cooperative Training Program,51.5,50.743809523809524,random_forest
qual-ielts-intern,27,"Saudi Standards, Metrology and Quality Organization (SASO)",Cooperative Training (Collaborative Training),48.5,48.50416666666667,random_forest
qual-ielts-intern,28,"Zakat, Tax and Customs Authority (ZATCA)",Binaa-Alkafaat Program,49.0,48.630726303735024,random_forest
qual-ielts-intern,29,Human Resources Development Fund (HRDF) – Cooperative Training Product,Cooperative Training (HRDF product),10.5,10.690972222222221,random_forest
qual-ielts-intern,30,EXPRO,COOP Training (Future Makers Program),44.0,44.04375,random_forest
qual-ielts-intern,31,Ministry of Industry and Mineral Resources (MIM) – Cooperative Training Initiative,Cooperative Training Initiative,10.5,10.666666666666666,random_forest
qual-ielts-intern,32,TBC (The Beauty Company),Cooperative Training Program,49.0,48.413365192623914,random_forest
qual-ielts-intern,33,National Center for Vegetation Cover Development & Combating Desertification (NCVC),COOP Training Program,44.0,44.04375,random_forest
qual-ielts-intern,34,Saudi Power Procurement Company (SPPC),Future Power – COOP Training Program,44.0,44.00208333333333,random_forest
qual-ielts-intern,35,TBC (Tatweer Building Company),Cooperative Training Program,50.67,59.761594841269826,random_forest
qual-ielts-intern,36,PwC Middle East (Assurance COOP & Summer Internship Programme 2026),"Assurance, COOP and Summer Internship Programme 2026 – Middle East",55.17,58.47796904761904,random_forest
qual-ielts-intern,37,KAPSARC,Intern (Coop- Trainee),48.5,48.5,random_forest
qual-ielts-intern,38,BSF (Banque Saudi Fransi),COOP / Internship,54.0,54.0,random_forest
qual-ielts-intern,39,Saudi Food & Drug Authority (SFDA),COOP training (First semester 2025-2026 intake),49.0,48.35322323248195,random_forest
qual-ielts-intern,40,Saudi Power Procurement Company (SPPC) – Future Power (Business Admin COOP),Future Power – Business Administration COOP Training Program,44.0,44.14888888888889,random_forest
qual-ielts-intern,41,Bank Albilad,Cooperative and Summer Training Program,44.0,44.06805555555556,random_forest
qual-ielts-intern,42,The Saudi National Bank (SNB),SNB Rowad Program,44.0,44.02291666666667,random_forest
qual-ielts-intern,43,National Cybersecurity Authority (NCA) – Academy,Cybersecurity training programs (academy),49.0,48.58446899318506,random_forest
qual-ielts-intern,44,PIF | Graduate Development Program,Graduate Development Program (GDP),61.83,60.36469662698413,random_forest
qual-ielts-intern,45,NEOM | GrOW (Graduates Opportunities in Work),GrOW (Graduates Opportunities in Work),50.0,49.96239035087719,random_forest
qual-ielts-intern,46,ROSHN | COOP Trainee Program,COOP Trainee Program,44.0,44.11875,random_forest
qual-ielts-intern,47,Microsoft | Ru'aa Program (Riyadh),Ru'aa Program Internship (Solution Engineering),58.5,58.12359499477159,random_forest
qual-ielts-intern,48,Oracle | Business Development Intern (KSA market),Business Development Intern (KSA market),55.5,54.73181877739011,random_forest
qual-ielts-intern,49,SAP | Student Internship (Riyadh),Student Internship - Riyadh,54.0,53.502945949739235,random_forest
qual-ielts-intern,50,SAB (Saudi Awwal Bank) | Cooperative Training Programme (COOP),SAB Cooperative Training Programme (COOP),44.0,44.03958333333333,random_forest
qual-ielts-intern,51,Ministry of Finance (Saudi Arabia) | Cooperative Training Program,Cooperative Training Program,40.5,40.64704234279919,random_forest
qual-ielts-intern,52,Ministry of Industry and Mineral Resources | Cooperative Training,Cooperative Training Initiative,45.5,45.422916666666666,random_forest
qual-ielts-intern,53,King Fahd Causeway Authority | Internship Program,Internship Program,60.0,59.75887826925357,random_forest
qual-ielts-intern,54,Tawuniya | Tamheer Program (Fresh Graduates),Tamheer Program,51.5,48.55,random_forest
qual-ielts-intern,55,SAMA | SAMA Professional Program (SPP),SAMA Professional Program (SPP),40.5,40.63850067613252,random_forest
qual-ielts-intern,56,HRDF | Cooperative Training Product,Cooperative Training Product,45.5,45.46666666666667,random_forest
qual-ielts-intern,57,IBM,"Automation, Data & AI – Intern",55.0,54.859101443020215,random_forest
qual-ielts-intern,58,Unifonic,Internship (Unifonic),58.5,58.12359499477159,random_forest
qual-ielts-intern,59,Misk Foundation,Misk Traineeship / Internship Program,47.0,46.314712301587306,random_forest
qual-ielts-intern,60,Cisco,Cisco NetVersity (Saudi Arabia),56.5,56.3125,random_forest
qual-ielts-intern,61,KAUST,Visiting Student Research Program (VSRP) Internship,54.0,53.52912588375035,random_forest
qual-ielts-intern,62,General Authority for Statistics (GASTAT),Cooperative Training Program,55.17,59.55806289682538,random_forest
qual-ielts-intern,63,Saudi Center for Opinion Polling (SCOP),Cooperative Training Program,55.17,59.18914146825396,random_forest
qual-ielts-intern,64,Al Rajhi Takaful,Cooperative Training Program,44.0,44.03541666666667,random_forest
qual-ielts-intern,65,Expenditure & Projects Efficiency Authority (EXPRO),Future Makers (صنّاع المستقبل) – Cooperative Training,44.0,44.01875,random_forest
qual-ielts-intern,66,Ministry of Finance (Saudi Arabia),Cooperative Training Program (Ministry of Finance),44.0,44.09263888888889,random_forest
qual-ielts-intern,67,General Entertainment Authority (GEA),GEA Cooperative Training Program,44.0,44.00208333333333,random_forest
qual-ielts-intern,68,Banque Saudi Fransi (BSF),COOP Training,44.0,44.04375,random_forest
qual-ielts-intern,69,Arab National Bank (ANB),COOP Trainee,44.0,44.047916666666666,random_forest
qual-ielts-intern,70,Tamara,Builders Program,44.0,44.02638888888889,random_forest
qual-ielts-intern,71,OmniOps,Co‑op Training Program,48.5,48.5125,random_forest
qual-ielts-intern,72,Tatweer Educational Technologies (TETCO),Cooperative Training Program,48.5,48.5125,random_forest
qual-ielts-intern,73,The Saudi Investment Bank (SAIB),Cooperative Program,44.0,44.02638888888889,random_forest
qual-ielts-intern,74,Saudi Awwal Bank (SAB),COOP Program,44.0,44.02708333333333,random_forest
qual-ielts-intern,75,Riyad Bank,Internships and Coop Trainings (CSR 2019),44.0,44.02916666666667,random_forest
qual-ielts-intern,76,Tabby,Intern DevOps Engineer,58.5,58.46477011584895,random_forest
qual-ielts-intern,77,Tabby,Intern Backend (GO) Engineer,65.17,64.75365873015872,random_forest
qual-ielts-intern,78,Tabby,Intern Frontend Engineer,58.5,58.12359499477159,random_forest
qual-ielts-intern,79,Tabby,Intern Data Engineer,65.17,65.34291805555554,random_forest
qual-ielts-intern,80,Tabby,No-Code / AI Agents Engineering Intern,58.5,58.12359499477159,random_forest
qual-ielts-intern,81,Bank Albilad,Cooperative Training Program,49.0,48.42378185929058,random_forest
qual-ielts-intern,82,Saudi Ground Services (SGS),COOP Program,54.0,54.0,random_forest
qual-ielts-intern,83,CEER,Cooperative Training Program (COOP),44.0,44.00208333333333,random_forest
qual-ielts-intern,84,Al Rajhi Takaful,Coop Training Program,44.0,44.041666666666664,random_forest
qual-ielts-intern,85,TAWAL,COOP Training Program,48.5,48.5125,random_forest
qual-ielts-intern,86,Wakeb_Data,COOP Training,55.17,62.19777361111112,random_forest
qual-ielts-intern,87,Banque Saudi Fransi (BSF),Coop Training Program,44.0,44.020833333333336,random_forest
qual-ielts-intern,88,Tech Economy,COOP Training Program,44.0,44.09375,random_forest
qual-ielts-intern,89,SAMI Advanced Electronics (SAMI-AEC),Coop Trainee,44.0,44.05625,random_forest
qual-ielts-intern,90,NHC,COOP Trainee,49.0,48.40711519262391,random_forest
qual-ielts-intern,91,REMAT ADVANCED,Cooperative Training Program,48.5,48.540277777777774,random_forest
qual-ielts-intern,92,SDM,AI COOP,48.5,48.5,random_forest
qual-ielts-intern,93,HUED,HUED COOP Program 2026,48.5,48.5,random_forest
qual-ielts-intern,94,Araamis • أرامس,Araamis COOP Program 2026,48.5,48.5,random_forest
qual-ielts-intern,95,ARDARA,COOP Training for Students,44.0,44.01875,random_forest
qual-ielts-intern,96,flynas,COOP Trainee / Internship Program,48.5,48.5125,random_forest
qual-ielts-intern,97,Saudi Motorsport Company (SMC),COOP Trainee (IT Asset Project Management),65.17,62.252980633979554,random_forest
qual-ielts-intern,98,Saudi Motorsport Company (SMC),COOP Trainee (Supply Chain Excellence Associate),65.17,61.56965561594203,random_forest
qual-ielts-intern,99,Mobily,Cooperative Training Program,44.0,44.0125,random_forest
qual-ielts-intern,100,Saudi Awwal Bank (SAB),Student Opportunities: Cooperative / Practical Training,44.0,44.015972222222224,random_forest
qual-ielts-intern,101,Alvarez & Marsal,COOP Training Program,44.0,44.339087301587305,random_forest
qual-ielts-intern,102,Visa,COOP Trainee (Jan 2026),50.67,57.61820178571429,random_forest
qual-ielts-intern,103,Zain KSA,Evolve Program (Fresh Graduates),44.0,44.78791666666667,random_forest
qual-ielts-intern,104,Zain KSA,Zain Pioneers Program,48.5,48.99166666666667,random_forest
qual-ielts-intern,105,Savvy Games Group,Cooperative Training Program (Co-op),44.0,44.014583333333334,random_forest
qual-ielts-intern,106,Bank AlJazira,Tamheer Program,44.0,44.00208333333333,random_forest
qual-ielts-intern,107,sirar by stc,Cooperative Training Program,48.5,48.5,random_forest
qual-ielts-intern,108,Gathern,Co-op Program,48.5,48.5,random_forest
qual-ielts-intern,109,Elm Company (شركة علم),Coop Training - Computer Science (Jan/Mar/Jun/Aug 2025 Intake),48.5,48.5,random_forest
qual-ielts-intern,110,Elm Company (شركة علم),Co-Op Training - Information Technology (Jun & Aug 2025 Intake),48.5,48.520833333333336,random_forest
qual-ielts-intern,111,EJADA,COOP Administration & Support Engineer,44.0,43.9875,random_forest
qual-ielts-intern,112,Emdad By Elm,Network Cooperative Training (Network Intern),58.5,58.51551238738739,random_forest
qual-ielts-intern,113,AILA,Co-op Training Programme,48.5,48.69421942049379,random_forest
qual-ielts-intern,114,Foodics,Foodics 360 Internship Program,58.5,58.12359499477159,random_forest
qual-ielts-intern,115,Salla,برنامج التدريب التعاوني (Coop Training) – Salla,48.5,48.5125,random_forest
qual-ielts-intern,116,Lucidya,Technical Internship or Coop – Lucidya,58.5,58.55440127627627,random_forest
qual-ielts-intern,117,Diriyah Company,Diriyah Co-op Training Program,44.0,44.052083333333336,random_forest
qual-ielts-intern,118,Riyadh Air,Co-op – Riyadh Air,44.0,44.15625,random_forest
qual-ielts-intern,119,Jahez Group,Jahez Internship Program (as described in Sustainability Report),54.0,53.502945949739235,random_forest
qual-ielts-intern,120,Lumi | لومي,COOP Intern 2025 – Lumi,44.0,44.08958333333333,random_forest
qual-ielts-intern,121,webook.com,COOP Trainee Opportunities – webook.com,44.0,44.03125,random_forest
qual-ielts-intern,122,moneymoon,Tech & AI Co-op Program 2025,48.5,48.5,random_forest
qual-ielts-intern,123,EjadTech - إيجاد التقنية,"Summer Internship Program 2025 (Computer, Data, and AI Majors)",55.0,54.87459851904361,random_forest
qual-ielts-intern,124,InnovationTeam,Java Microservices Internship Programme (Saudi Nationals),61.67,63.212944444444446,random_forest
qual-ielts-intern,125,Tamkeen Technologies,On the Job Training (Internship Program) — Technology field,65.17,65.45455238095239,random_forest
qual-ielts-intern,126,Trendyol Group,Trendyol Tech Talent - Bootcamp & COOP Internship Program (Saudi Students Only),45.0,45.493348456292274,random_forest
qual-ielts-intern,127,Ninja نينجا,COOP Training Program,51.67,59.021134722222236,random_forest
qual-ielts-intern,128,SCAI | سكاي,CO-OP Training Opportunities (Intern),48.5,48.83333333333333,random_forest
qual-ielts-intern,129,WalaPlus,Coop & Tamheer Opportunities,48.5,48.520833333333336,random_forest
qual-ielts-intern,130,Aon,IT Co-op Trainee 2026,48.5,48.52777777777778,random_forest
qual-ielts-intern,131,Hewlett Packard Enterprise (HPE),College Intern (Coop),48.5,48.5,random_forest
qual-ielts-intern,132,Signify,KSA Coop Internship Program,48.5,48.52777777777778,random_forest
qual-ielts-intern,133,Help AG (e& enterprise),Cybersecurity Intern,54.0,53.50010607318797,random_forest
qual-ielts-intern,134,TrendAI (Trend Micro),CyberGATE Internship Program,58.5,58.12359499477159,random_forest
qual-ielts-intern,135,Golf Saudi,IT Co-op Trainee,48.5,48.5,random_forest
qual-ielts-intern,136,Siemens Healthineers,Healthineers Early Talent Program – IT (Riyadh),58.5,58.12359499477159,random_forest
qual-ielts-intern,137,1957 Ventures,Internship / Co-Op Program,41.17,40.79532271063276,random_forest
qual-ielts-intern,138,Nokia,Graduate Trainee (Saudi Arabia) – Fledgers Program,34.5,34.744375,random_forest
qual-ielts-intern,139,Ericsson,Summer Interns (Ericsson Saudi),51.17,51.37900138888888,random_forest
qual-ielts-intern,140,Bosch Middle East,Software Development Intern (AI/Cloud),44.5,44.553442397089945,random_forest
qual-ielts-intern,141,Saudi Payments | المدفوعات السعودية,COOP Training – August 2024,48.5,48.5125,random_forest
qual-ielts-intern,142,Saudi Tadawul Group | تداول,Cooperative Training Program (COOP),48.5,48.5125,random_forest
qual-ielts-intern,143,Lean Technologies,Software Engineering Intern – KSA,65.17,65.0402773809524,random_forest
qual-ielts-intern,144,Mirai (Scopely) | مِراي,AI Engineering Intern (GenAI),44.5,44.48216868435281,random_forest
qual-ielts-intern,145,HungerStation | هنقرستيشن,"Co-OP Trainee, Data Analysis – Info Sec",55.17,57.80437301587302,random_forest
qual-ielts-intern,146,NCGR | المركز الوطني لنظم الموارد الحكومية,Coop Training Program,48.5,48.52777777777778,random_forest
qual-ielts-intern,147,nybl,nybl Graduate Programme – Saudi Nationals (AI Bootcamp),30.0,29.396766238507475,random_forest
qual-ielts-intern,148,Procter & Gamble (P&G),P&G LEADgen Internship Program 2026 (Riyadh),58.5,58.12359499477159,random_forest
qual-ielts-intern,149,New Murabba | المربع الجديد,New Murabba Co-op Training Program,48.5,48.5,random_forest
qual-ielts-intern,150,Boeing Saudi Arabia Limited,Intern - Info Technology & Data Analytics (Riyadh),58.5,58.46030485986882,random_forest
qual-ielts-intern,151,Motorola Solutions,Deployment Engineer Intern (KSA National - Tamheer Program),48.5,48.895833333333336,random_forest
qual-ielts-intern,152,Schneider Electric,Co-op Intern (Engineering) - Al Khobar (Jan–Aug 2026),48.5,48.520833333333336,random_forest
qual-ielts-intern,153,Lockheed Martin,Tamheer Space Internship (Riyadh),48.5,48.54027777777778,random_forest
qual-ielts-intern,154,Markaba | مركبة,Start-up Software Intern – TAMHEER (Saudi nationals only),45.0,45.07395833333333,random_forest
qual-ielts-intern,155,Laverne Group | مجموعة لافيرن,Data Analyst / Data Engineer Intern (IT Department),65.17,65.19357539682542,random_forest
qual-ielts-intern,156,Meel | ميل,"Software Developer Internship (Remote, min 2 months)",58.5,58.61166079059561,random_forest
qual-ielts-intern,157,Nahdi Medical Co.,IT Internship / COOP Program (6 months),53.5,52.883826257144264,random_forest
qual-ielts-intern,158,SMART Technology Solutions | سمارت لحلول التقنية,R&D Intern (Riyadh),58.5,58.12359499477159,random_forest
qual-ielts-intern,159,Knodemy Inc.,AI Developer & Tech Trainer Intern - Riyadh,58.5,58.12359499477159,random_forest
qual-ielts-intern,160,Water Transmission Company | شركة نقل المياه,Tamheer Internship Program (HRIS / Engineering & PM - Riyadh),55.17,62.81211309523811,random_forest
qual-ielts-intern,161,AFNOYS,"AI Automation Intern - KSA (Remote, 4 weeks)",58.5,58.244237458191286,random_forest
qual-ielts-intern,162,SAS,CareerStart@SAS 2026 - Presales Customer Intelligence Intern (Riyadh),57.0,56.99613828489611,random_forest
qual-ielts-intern,163,Devoteam,Trainee - Future Leaders Program (Co-op/Fresh Graduate),51.67,59.15102519841268,random_forest
qual-ielts-intern,164,ضالتي Dhallaty,Tech Intern: Fresh Grad or Student,57.0,57.00169384045166,random_forest
qual-ielts-intern,165,Innovative Solutions SA,Presales - Tamheer,40.5,40.61153071384804,random_forest
qual-ielts-intern,166,HUMAIN,Tamheer Program (Software Engineer / Cybersecurity / MIS),45.0,45.37361111111112,random_forest
qual-ielts-intern,167,TAM | تام,"Tamheer Opportunity, Advisory",40.5,40.589835311549194,random_forest
qual-ielts-intern,168,هيئة التأمين | Insurance Authority,Tamheer Opportunity - Specialist of Information Security,40.5,40.75116102430556,random_forest
qual-ielts-intern,169,Snbla | سنبله,Paid Internship Program (FinTech),57.0,56.990582729340545,random_forest
qual-ielts-intern,170,2P Perfect Presentation,Data Analyst (Tamheer),51.67,58.923337499999995,random_forest
qual-ielts-intern,171,Infosys,Summer Intern (Infosys InStep ’26 – Bangalore),57.0,55.122444426689,random_forest
qual-ielts-intern,172,شركة الخدمات المدارة | Managed Services Company,Intern Cybersecurity Engineer,55.0,54.907122276353554,random_forest
qual-ielts-intern,173,Abunayyan Holding,Data Analyst (Tamheer),51.67,58.669645436507935,random_forest
cs-iau-backend,1,Saudi Aramco,University Internship Program (UIP),42.5,42.371607725427104,gradient_boosting
cs-iau-backend,2,SABIC,COOP Training Program,45.5,45.48937805724408,gradient_boosting
cs-iau-backend,3,stc (Saudi Telecom Company),Cooperative Training Program (COOP),52.5,52.83472061691618,gradient_boosting
cs-iau-backend,4,Saudi National Bank (SNB),SNB Cooperative Training Program,47.5,47.49282299062836,gradient_boosting
cs-iau-backend,5,Al Rajhi Bank,Cooperative Training Program,47.5,47.49282299062836,gradient_boosting
cs-iau-backend,6,Capital Market Authority (CMA),COOP Program,52.5,52.83472061691618,gradient_boosting
cs-iau-backend,7,Digital Government Authority (DGA),Maidan Cooperative Training Program,52.5,52.83472061691618,gradient_boosting
cs-iau-backend,8,KPMG Saudi Arabia,COOP & Internship Programs,47.5,47.49282299062836,gradient_boosting
cs-iau-backend,9,PwC Middle East,"Deals, COOP and Summer Internship Programme (2026)",57.0,56.86194985084428,gradient_boosting
cs-iau-backend,10,Deloitte Middle East (KSA),Jusoor Al Sharqiyah Internship Program,61.5,61.37780036582822,gradient_boosting
cs-iau-backend,11,Bank Albilad,Cooperative & Summer Training Program,56.5,56.81651989507302,gradient_boosting
cs-iau-backend,12,Tamara,Tamara Builders Program,61.5,61.18107416795939,gradient_boosting
cs-iau-backend,13,Bupa Arabia,Cooperative Training Program,52.5,52.83472061691618,gradient_boosting
cs-iau-backend,14,Saudi Exports (Saudi Export Development Authority),COOP & Summer Training (FAQ-confirmed),47.5,47.49282299062836,gradient_boosting
cs-iau-backend,15,Local Content and Government Procurement Authority (LCGPA),COOP Training (role posting),52.5,52.83472061691618,gradient_boosting
cs-iau-backend,16,McKinsey & Company (Maqdira),Maqdira Fellowship Program,57.0,56.86194985084428,gradient_boosting
cs-iau-backend,17,Boston Consulting Group (BCG),Visiting Associate Internship (Riyadh),52.5,52.83472061691618,gradient_boosting
cs-iau-backend,18,Bain & Company,COOP Training Program (Riyadh),52.5,52.83472061691618,gradient_boosting
cs-iau-backend,19,Amazon Web Services (AWS),IT/Computer Hardware Internship (Intern-to-FTE Pathway),71.5,71.44940990092957,gradient_boosting
cs-iau-backend,20,Amazon Web Services (AWS) - Associate Solutions Architect Intern,Associate Solutions Architect Intern (2026),71.5,71.44940990092957,gradient_boosting
cs-iau-backend,21,Google (Saudi Arabia),Google Careers (Saudi location filter),58.5,58.618568708541076,gradient_boosting
cs-iau-backend,22,BlackRock,Client & Product Summer Internship Programme (EMEA) - includes Riyadh,77.0,77.9575075773063,gradient_boosting
cs-iau-backend,23,noon,Student Internship,62.5,62.36373446992136,gradient_boosting
cs-iau-backend,24,MOZN,Data Science Intern,87.0,87.2332804809689,gradient_boosting
cs-iau-backend,25,Elm,Elm Co-op Training Program (March 2026 Intake),52.5,52.83472061691618,gradient_boosting
cs-iau-backend,26,Yasref,Yasref Cooperative Training Program,54.5,54.51774418177388,gradient_boosting
cs-iau-backend,27,"Saudi Standards, Metrology and Quality Organization (SASO)",Cooperative Training (Collaborative Training),61.5,61.18107416795939,gradient_boosting
cs-iau-backend,28,"Zakat, Tax and Customs Authority (ZATCA)",Binaa-Alkafaat Program,47.5,47.49282299062836,gradient_boosting
cs-iau-backend,29,Human Resources Development Fund (HRDF) – Cooperative Training Product,Cooperative Training (HRDF product),10.5,10.404587120966623,gradient_boosting
cs-iau-backend,30,EXPRO,COOP Training (Future Makers Program),52.5,52.83472061691618,gradient_boosting
cs-iau-backend,31,Ministry of Industry and Mineral Resources (MIM) – Cooperative Training Initiative,Cooperative Training Initiative,10.5,10.404587120966623,gradient_boosting
cs-iau-backend,32,TBC (The Beauty Company),Cooperative Training Program,47.5,47.49282299062836,gradient_boosting
cs-iau-backend,33,National Center for Vegetation Cover Development & Combating Desertification (NCVC),COOP Training Program,52.5,52.83472061691618,gradient_boosting
cs-iau-backend,34,Saudi Power Procurement Company (SPPC),Future Power – COOP Training Program,52.5,52.83472061691618,gradient_boosting
cs-iau-backend,35,TBC (Tatweer Building Company),Cooperative Training Program,52.5,52.83472061691618,gradient_boosting
cs-iau-backend,36,PwC Middle East (Assurance COOP & Summer Internship Programme 2026),"Assurance, COOP and Summer Internship Programme 2026 – Middle East",57.0,56.86194985084428,gradient_boosting
cs-iau-backend,37,KAPSARC,Intern (Coop- Trainee),61.5,61.18107416795939,gradient_boosting
cs-iau-backend,38,BSF (Banque Saudi Fransi),COOP / Internship,42.5,42.371607725427104,gradient_boosting
cs-iau-backend,39,Saudi Food & Drug Authority (SFDA),COOP training (First semester 2025-2026 intake),47.5,47.49282299062836,gradient_boosting
cs-iau-backend,40,Saudi Power Procurement Company (SPPC) – Future Power (Business Admin COOP),Future Power – Business Administration COOP Training Program,52.5,52.83472061691618,gradient_boosting
cs-iau-backend,41,Bank Albilad,Cooperative and Summer Training Program,52.5,52.83472061691618,gradient_boosting
cs-iau-backend,42,The Saudi National Bank (SNB),SNB Rowad Program,52.5,52.83472061691618,gradient_boosting
cs-iau-backend,43,National Cybersecurity Authority (NCA) – Academy,Cybersecurity training programs (academy),57.5,56.55187410446263,gradient_boosting
cs-iau-backend,44,PIF | Graduate Development Program,Graduate Development Program (GDP),67.0,67.57613893470788,gradient_boosting
cs-iau-backend,45,NEOM | GrOW (Graduates Opportunities in Work),GrOW (Graduates Opportunities in Work),54.5,54.935582299044974,gradient_boosting
cs-iau-backend,46,ROSHN | COOP Trainee Program,COOP Trainee Program,52.5,52.83472061691618,gradient_boosting
cs-iau-backend,47,Microsoft | Ru'aa Program (Riyadh),Ru'aa Program Internship (Solution Engineering),71.5,71.44940990092957,gradient_boosting
cs-iau-backend,48,Oracle | Business Development Intern (KSA market),Business Development Intern (KSA market),55.5,55.55645846309802,gradient_boosting
cs-iau-backend,49,SAP | Student Internship (Riyadh),Student Internship - Riyadh,62.5,62.36373446992136,gradient_boosting
cs-iau-backend,50,SAB (Saudi Awwal Bank) | Cooperative Training Programme (COOP),SAB Cooperative Training Programme (COOP),52.5,52.83472061691618,gradient_boosting
cs-iau-backend,51,Ministry of Finance (Saudi Arabia) | Cooperative Training Program,Cooperative Training Program,50.5,50.64771240692238,gradient_boosting
cs-iau-backend,52,Ministry of Industry and Mineral Resources | Cooperative Training,Cooperative Training Initiative,45.5,45.30581478063456,gradient_boosting
cs-iau-backend,53,King Fahd Causeway Authority | Internship Program,Internship Program,64.5,64.56580384244057,gradient_boosting
cs-iau-backend,54,Tawuniya | Tamheer Program (Fresh Graduates),Tamheer Program,64.5,63.8073386869945,gradient_boosting
cs-iau-backend,55,SAMA | SAMA Professional Program (SPP),SAMA Professional Program (SPP),50.5,50.64771240692238,gradient_boosting
cs-iau-backend,56,HRDF | Cooperative Training Product,Cooperative Training Product,45.5,45.30581478063456,gradient_boosting
cs-iau-backend,57,IBM,"Automation, Data & AI – Intern",69.5,69.52358884079112,gradient_boosting
cs-iau-backend,58,Unifonic,Internship (Unifonic),67.0,66.92698463234707,gradient_boosting
cs-iau-backend,59,Misk Foundation,Misk Traineeship / Internship Program,55.5,54.38636520844309,gradient_boosting
cs-iau-backend,60,Cisco,Cisco NetVersity (Saudi Arabia),55.0,55.598498988995345,gradient_boosting
cs-iau-backend,61,KAUST,Visiting Student Research Program (VSRP) Internship,52.5,52.61144989555032,gradient_boosting
cs-iau-backend,62,General Authority for Statistics (GASTAT),Cooperative Training Program,67.0,67.57613893470788,gradient_boosting
cs-iau-backend,63,Saudi Center for Opinion Polling (SCOP),Cooperative Training Program,67.0,67.57613893470788,gradient_boosting
cs-iau-backend,64,Al Rajhi Takaful,Cooperative Training Program,52.5,52.83472061691618,gradient_boosting
cs-iau-backend,65,Expenditure & Projects Efficiency Authority (EXPRO),Future Makers (صنّاع المستقبل) – Cooperative Training,52.5,52.83472061691618,gradient_boosting
cs-iau-backend,66,Ministry of Finance (Saudi Arabia),Cooperative Training Program (Ministry of Finance),52.5,52.83472061691618,gradient_boosting
cs-iau-backend,67,General Entertainment Authority (GEA),GEA Cooperative Training Program,52.5,52.83472061691618,gradient_boosting
cs-iau-backend,68,Banque Saudi Fransi (BSF),COOP Training,52.5,52.83472061691618,gradient_boosting
cs-iau-backend,69,Arab National Bank (ANB),COOP Trainee,52.5,52.83472061691618,gradient_boosting
cs-iau-backend,70,Tamara,Builders Program,52.5,52.83472061691618,gradient_boosting
cs-iau-backend,71,OmniOps,Co‑op Training Program,61.5,61.18107416795939,gradient_boosting
cs-iau-backend,72,Tatweer Educational Technologies (TETCO),Cooperative Training Program,61.5,61.18107416795939,gradient_boosting
cs-iau-backend,73,The Saudi Investment Bank (SAIB),Cooperative Program,52.5,52.83472061691618,gradient_boosting
cs-iau-backend,74,Saudi Awwal Bank (SAB),COOP Program,52.5,52.83472061691618,gradient_boosting
cs-iau-backend,75,Riyad Bank,Internships and Coop Trainings (CSR 2019),52.5,52.83472061691618,gradient_boosting
cs-iau-backend,76,Tabby,Intern DevOps Engineer,67.0,66.92698463234707,gradient_boosting
cs-iau-backend,77,Tabby,Intern Backend (GO) Engineer,81.5,81.60659044495995,gradient_boosting
cs-iau-backend,78,Tabby,Intern Frontend Engineer,71.5,71.44940990092957,gradient_boosting
cs-iau-backend,79,Tabby,Intern Data Engineer,91.5,91.5738402275582,gradient_boosting
cs-iau-backend,80,Tabby,No-Code / AI Agents Engineering Intern,71.5,71.44940990092957,gradient_boosting
cs-iau-backend,81,Bank Albilad,Cooperative Training Program,47.5,47.49282299062836,gradient_boosting
cs-iau-backend,82,Saudi Ground Services (SGS),COOP Program,42.5,42.371607725427104,gradient_boosting
cs-iau-backend,83,CEER,Cooperative Training Program (COOP),52.5,52.83472061691618,gradient_boosting
cs-iau-backend,84,Al Rajhi Takaful,Coop Training Program,52.5,52.83472061691618,gradient_boosting
cs-iau-backend,85,TAWAL,COOP Training Program,61.5,61.18107416795939,gradient_boosting
cs-iau-backend,86,Wakeb_Data,COOP Training,61.5,61.18107416795939,gradient_boosting
cs-iau-backend,87,Banque Saudi Fransi (BSF),Coop Training Program,52.5,52.83472061691618,gradient_boosting
cs-iau-backend,88,Tech Economy,COOP Training Program,52.5,52.83472061691618,gradient_boosting
cs-iau-backend,89,SAMI Advanced Electronics (SAMI-AEC),Coop Trainee,52.5,52.83472061691618,gradient_boosting
cs-iau-backend,90,NHC,COOP Trainee,47.5,47.49282299062836,gradient_boosting
cs-iau-backend,91,REMAT ADVANCED,Cooperative Training Program,61.5,61.18107416795939,gradient_boosting
cs-iau-backend,92,SDM,AI COOP,67.0,67.57613893470788,gradient_boosting
cs-iau-backend,93,HUED,HUED COOP Program 2026,61.5,61.18107416795939,gradient_boosting
cs-iau-backend,94,Araamis • أرامس,Araamis COOP Program 2026,61.5,61.18107416795939,gradient_boosting
cs-iau-backend,95,ARDARA,COOP Training for Students,52.5,52.83472061691618,gradient_boosting
cs-iau-backend,96,flynas,COOP Trainee / Internship Program,57.0,56.86194985084428,gradient_boosting
cs-iau-backend,97,Saudi Motorsport Company (SMC),COOP Trainee (IT Asset Project Management),47.0,46.942354486891375,gradient_boosting
cs-iau-backend,98,Saudi Motorsport Company (SMC),COOP Trainee (Supply Chain Excellence Associate),47.0,46.942354486891375,gradient_boosting
cs-iau-backend,99,Mobily,Cooperative Training Program,52.5,52.83472061691618,gradient_boosting
cs-iau-backend,100,Saudi Awwal Bank (SAB),Student Opportunities: Cooperative / Practical Training,52.5,52.83472061691618,gradient_boosting
cs-iau-backend,101,Alvarez & Marsal,COOP Training Program,52.5,52.83472061691618,gradient_boosting
cs-iau-backend,102,Visa,COOP Trainee (Jan 2026),52.5,52.83472061691618,gradient_boosting
cs-iau-backend,103,Zain KSA,Evolve Program (Fresh Graduates),52.5,52.83472061691618,gradient_boosting
cs-iau-backend,104,Zain KSA,Zain Pioneers Program,61.5,61.18107416795939,gradient_boosting
cs-iau-backend,105,Savvy Games Group,Cooperative Training Program (Co-op),52.5,52.83472061691618,gradient_boosting
cs-iau-backend,106,Bank AlJazira,Tamheer Program,52.5,52.83472061691618,gradient_boosting
cs-iau-backend,107,sirar by stc,Cooperative Training Program,61.5,61.18107416795939,gradient_boosting
cs-iau-backend,108,Gathern,Co-op Program,61.5,61.18107416795939,gradient_boosting
cs-iau-backend,109,Elm Company (شركة علم),Coop Training - Computer Science (Jan/Mar/Jun/Aug 2025 Intake),57.0,56.86194985084428,gradient_boosting
cs-iau-backend,110,Elm Company (شركة علم),Co-Op Training - Information Technology (Jun & Aug 2025 Intake),57.0,56.86194985084428,gradient_boosting
cs-iau-backend,111,EJADA,COOP Administration & Support Engineer,52.5,52.83472061691618,gradient_boosting
cs-iau-backend,112,Emdad By Elm,Network Cooperative Training (Network Intern),51.5,51.80088185609585,gradient_boosting
cs-iau-backend,113,AILA,Co-op Training Programme,57.0,56.86194985084428,gradient_boosting
cs-iau-backend,114,Foodics,Foodics 360 Internship Program,67.0,66.92698463234707,gradient_boosting
cs-iau-backend,115,Salla,برنامج التدريب التعاوني (Coop Training) – Salla,47.0,46.942354486891375,gradient_boosting
cs-iau-backend,116,Lucidya,Technical Internship or Coop – Lucidya,47.0,46.942354486891375,gradient_boosting
cs-iau-backend,117,Diriyah Company,Diriyah Co-op Training Program,52.5,52.83472061691618,gradient_boosting
cs-iau-backend,118,Riyadh Air,Co-op – Riyadh Air,52.5,52.83472061691618,gradient_boosting
cs-iau-backend,119,Jahez Group,Jahez Internship Program (as described in Sustainability Report),62.5,62.36373446992136,gradient_boosting
cs-iau-backend,120,Lumi | لومي,COOP Intern 2025 – Lumi,52.5,52.83472061691618,gradient_boosting
cs-iau-backend,121,webook.com,COOP Trainee Opportunities – webook.com,52.5,52.83472061691618,gradient_boosting
cs-iau-backend,122,moneymoon,Tech & AI Co-op Program 2025,67.0,67.57613893470788,gradient_boosting
cs-iau-backend,123,EjadTech - إيجاد التقنية,"Summer Internship Program 2025 (Computer, Data, and AI Majors)",79.5,79.23403360513605,gradient_boosting
cs-iau-backend,124,InnovationTeam,Java Microservices Internship Programme (Saudi Nationals),79.5,79.23403360513605,gradient_boosting
cs-iau-backend,125,Tamkeen Technologies,On the Job Training (Internship Program) — Technology field,67.0,66.92698463234707,gradient_boosting
cs-iau-backend,126,Trendyol Group,Trendyol Tech Talent - Bootcamp & COOP Internship Program (Saudi Students Only),55.0,55.18439200424668,gradient_boosting
cs-iau-backend,127,Ninja نينجا,COOP Training Program,55.0,55.18439200424668,gradient_boosting
cs-iau-backend,128,SCAI | سكاي,CO-OP Training Opportunities (Intern),71.5,70.83372738266658,gradient_boosting
cs-iau-backend,129,WalaPlus,Coop & Tamheer Opportunities,61.5,61.18107416795939,gradient_boosting
cs-iau-backend,130,Aon,IT Co-op Trainee 2026,61.5,61.18107416795939,gradient_boosting
cs-iau-backend,131,Hewlett Packard Enterprise (HPE),College Intern (Coop),61.5,61.18107416795939,gradient_boosting
cs-iau-backend,132,Signify,KSA Coop Internship Program,61.5,61.18107416795939,gradient_boosting
cs-iau-backend,133,Help AG (e& enterprise),Cybersecurity Intern,62.5,62.36373446992136,gradient_boosting
cs-iau-backend,134,TrendAI (Trend Micro),CyberGATE Internship Program,67.0,66.92698463234707,gradient_boosting
cs-iau-backend,135,Golf Saudi,IT Co-op Trainee,61.5,61.18107416795939,gradient_boosting
cs-iau-backend,136,Siemens Healthineers,Healthineers Early Talent Program – IT (Riyadh),71.5,71.44940990092957,gradient_boosting
cs-iau-backend,137,1957 Ventures,Internship / Co-Op Program,61.5,61.18107416795939,gradient_boosting
cs-iau-backend,138,Nokia,Graduate Trainee (Saudi Arabia) – Fledgers Program,67.0,67.57613893470788,gradient_boosting
cs-iau-backend,139,Ericsson,Summer Interns (Ericsson Saudi),67.0,66.92698463234707,gradient_boosting
cs-iau-backend,140,Bosch Middle East,Software Development Intern (AI/Cloud),81.5,81.60659044495995,gradient_boosting
cs-iau-backend,141,Saudi Payments | المدفوعات السعودية,COOP Training – August 2024,57.0,56.86194985084428,gradient_boosting
cs-iau-backend,142,Saudi Tadawul Group | تداول,Cooperative Training Program (COOP),61.5,61.18107416795939,gradient_boosting
cs-iau-backend,143,Lean Technologies,Software Engineering Intern – KSA,91.5,91.5738402275582,gradient_boosting
cs-iau-backend,144,Mirai (Scopely) | مِراي,AI Engineering Intern (GenAI),81.5,81.60659044495995,gradient_boosting
cs-iau-backend,145,HungerStation | هنقرستيشن,"Co-OP Trainee, Data Analysis – Info Sec",77.0,77.04477028873649,gradient_boosting
cs-iau-backend,146,NCGR | المركز الوطني لنظم الموارد الحكومية,Coop Training Program,57.0,56.86194985084428,gradient_boosting
cs-iau-backend,147,nybl,nybl Graduate Programme – Saudi Nationals (AI Bootcamp),52.5,52.83472061691618,gradient_boosting
cs-iau-backend,148,Procter & Gamble (P&G),P&G LEADgen Internship Program 2026 (Riyadh),67.0,66.92698463234707,gradient_boosting
cs-iau-backend,149,New Murabba | المربع الجديد,New Murabba Co-op Training Program,61.5,61.18107416795939,gradient_boosting
cs-iau-backend,150,Boeing Saudi Arabia Limited,Intern - Info Technology & Data Analytics (Riyadh),67.0,66.92698463234707,gradient_boosting
cs-iau-backend,151,Motorola Solutions,Deployment Engineer Intern (KSA National - Tamheer Program),61.5,61.18107416795939,gradient_boosting
cs-iau-backend,152,Schneider Electric,Co-op Intern (Engineering) - Al Khobar (Jan–Aug 2026),51.5,51.80088185609585,gradient_boosting
cs-iau-backend,153,Lockheed Martin,Tamheer Space Internship (Riyadh),61.5,61.18107416795939,gradient_boosting
cs-iau-backend,154,Markaba | مركبة,Start-up Software Intern – TAMHEER (Saudi nationals only),59.5,59.30013657193134,gradient_boosting
cs-iau-backend,155,Laverne Group | مجموعة لافيرن,Data Analyst / Data Engineer Intern (IT Department),81.5,81.60659044495995,gradient_boosting
cs-iau-backend,156,Meel | ميل,"Software Developer Internship (Remote, min 2 months)",72.5,72.48322736135606,gradient_boosting
cs-iau-backend,157,Nahdi Medical Co.,IT Internship / COOP Program (6 months),52.0,51.88612949644697,gradient_boosting
cs-iau-backend,158,SMART Technology Solutions | سمارت لحلول التقنية,R&D Intern (Riyadh),71.5,71.44940990092957,gradient_boosting
cs-iau-backend,159,Knodemy Inc.,AI Developer & Tech Trainer Intern - Riyadh,81.5,81.60659044495995,gradient_boosting
cs-iau-backend,160,Water Transmission Company | شركة نقل المياه,Tamheer Internship Program (HRIS / Engineering & PM - Riyadh),61.5,61.18107416795939,gradient_boosting
cs-iau-backend,161,AFNOYS,"AI Automation Intern - KSA (Remote, 4 weeks)",62.0,61.77066181721206,gradient_boosting
cs-iau-backend,162,SAS,CareerStart@SAS 2026 - Presales Customer Intelligence Intern (Riyadh),68.5,68.55957856976288,gradient_boosting
cs-iau-backend,163,Devoteam,Trainee - Future Leaders Program (Co-op/Fresh Graduate),59.5,59.30013657193134,gradient_boosting
cs-iau-backend,164,ضالتي Dhallaty,Tech Intern: Fresh Grad or Student,68.5,68.55957856976288,gradient_boosting
cs-iau-backend,165,Innovative Solutions SA,Presales - Tamheer,50.5,50.64771240692238,gradient_boosting
cs-iau-backend,166,HUMAIN,Tamheer Program (Software Engineer / Cybersecurity / MIS),59.5,59.30013657193134,gradient_boosting
cs-iau-backend,167,TAM | تام,"Tamheer Opportunity, Advisory",36.5,35.96321015722499,gradient_boosting
cs-iau-backend,168,هيئة التأمين | Insurance Authority,Tamheer Opportunity - Specialist of Information Security,50.5,50.64771240692238,gradient_boosting
cs-iau-backend,169,Snbla | سنبله,Paid Internship Program (FinTech),68.5,68.55957856976288,gradient_boosting
cs-iau-backend,170,2P Perfect Presentation,Data Analyst (Tamheer),55.0,55.18439200424668,gradient_boosting
cs-iau-backend,171,Infosys,Summer Intern (Infosys InStep ’26 – Bangalore),55.5,55.43872781771708,gradient_boosting
cs-iau-backend,172,شركة الخدمات المدارة | Managed Services Company,Intern Cybersecurity Engineer,69.5,69.52358884079112,gradient_boosting
cs-iau-backend,173,Abunayyan Holding,Data Analyst (Tamheer),55.0,55.18439200424668,gradient_boosting
ds-scientist-jeddah,1,Saudi Aramco,University Internship Program (UIP),38.5,38.77369853100191,gradient_boosting
ds-scientist-jeddah,2,SABIC,COOP Training Program,41.5,41.53624275930287,gradient_boosting
ds-scientist-jeddah,3,stc (Saudi Telecom Company),Cooperative Training Program (COOP),38.5,38.77369853100191,gradient_boosting
ds-scientist-jeddah,4,Saudi National Bank (SNB),SNB Cooperative Training Program,43.5,43.85571698689882,gradient_boosting
ds-scientist-jeddah,5,Al Rajhi Bank,Cooperative Training Program,43.5,43.85571698689882,gradient_boosting
ds-scientist-jeddah,6,Capital Market Authority (CMA),COOP Program,38.5,38.77369853100191,gradient_boosting
ds-scientist-jeddah,7,Digital Government Authority (DGA),Maidan Cooperative Training Program,38.5,38.77369853100191,gradient_boosting
ds-scientist-jeddah,8,KPMG Saudi Arabia,COOP & Internship Programs,43.5,43.85571698689882,gradient_boosting
ds-scientist-jeddah,9,PwC Middle East,"Deals, COOP and Summer Internship Programme (2026)",43.0,43.12300644749906,gradient_boosting
ds-scientist-jeddah,10,Deloitte Middle East (KSA),Jusoor Al Sharqiyah Internship Program,33.0,33.30379760750649,gradient_boosting
ds-scientist-jeddah,11,Bank Albilad,Cooperative & Summer Training Program,48.0,47.914320042133156,gradient_boosting
ds-scientist-jeddah,12,Tamara,Tamara Builders Program,43.0,43.12300644749906,gradient_boosting
ds-scientist-jeddah,13,Bupa Arabia,Cooperative Training Program,38.5,38.77369853100191,gradient_boosting
ds-scientist-jeddah,14,Saudi Exports (Saudi Export Development Authority),COOP & Summer Training (FAQ-confirmed),43.5,43.85571698689882,gradient_boosting
ds-scientist-jeddah,15,Local Content and Government Procurement Authority (LCGPA),COOP Training (role posting),38.5,38.77369853100191,gradient_boosting
ds-scientist-jeddah,16,McKinsey & Company (Maqdira),Maqdira Fellowship Program,43.0,43.12300644749906,gradient_boosting
ds-scientist-jeddah,17,Boston Consulting Group (BCG),Visiting Associate Internship (Riyadh),38.5,38.77369853100191,gradient_boosting
ds-scientist-jeddah,18,Bain & Company,COOP Training Program (Riyadh),38.5,38.77369853100191,gradient_boosting
ds-scientist-jeddah,19,Amazon Web Services (AWS),IT/Computer Hardware Internship (Intern-to-FTE Pathway),33.0,33.30379760750649,gradient_boosting
ds-scientist-jeddah,20,Amazon Web Services (AWS) - Associate Solutions Architect Intern,Associate Solutions Architect Intern (2026),33.0,33.30379760750649,gradient_boosting
ds-scientist-jeddah,21,Google (Saudi Arabia),Google Careers (Saudi location filter),34.5,34.43809313337674,gradient_boosting
ds-scientist-jeddah,22,BlackRock,Client & Product Summer Internship Programme (EMEA) - includes Riyadh,44.17,44.645991612678344,gradient_boosting
ds-scientist-jeddah,23,noon,Student Internship,28.5,28.929537737933536,gradient_boosting
ds-scientist-jeddah,24,MOZN,Data Science Intern,56.83,57.00995320136141,gradient_boosting
ds-scientist-jeddah,25,Elm,Elm Co-op Training Program (March 2026 Intake),38.5,38.77369853100191,gradient_boosting
ds-scientist-jeddah,26,Yasref,Yasref Cooperative Training Program,46.0,45.87786496397999,gradient_boosting
ds-scientist-jeddah,27,"Saudi Standards, Metrology and Quality Organization (SASO)",Cooperative Training (Collaborative Training),43.0,43.12300644749906,gradient_boosting
ds-scientist-jeddah,28,"Zakat, Tax and Customs Authority (ZATCA)",Binaa-Alkafaat Program,33.5,33.76925292300597,gradient_boosting
ds-scientist-jeddah,29,Human Resources Development Fund (HRDF) – Cooperative Training Product,Cooperative Training (HRDF product),20.5,20.59421780810066,gradient_boosting
ds-scientist-jeddah,30,EXPRO,COOP Training (Future Makers Program),38.5,38.77369853100191,gradient_boosting
ds-scientist-jeddah,31,Ministry of Industry and Mineral Resources (MIM) – Cooperative Training Initiative,Cooperative Training Initiative,20.5,20.59421780810066,gradient_boosting
ds-scientist-jeddah,32,TBC (The Beauty Company),Cooperative Training Program,43.5,43.85571698689882,gradient_boosting
ds-scientist-jeddah,33,National Center for Vegetation Cover Development & Combating Desertification (NCVC),COOP Training Program,38.5,38.77369853100191,gradient_boosting
ds-scientist-jeddah,34,Saudi Power Procurement Company (SPPC),Future Power – COOP Training Program,38.5,38.77369853100191,gradient_boosting
ds-scientist-jeddah,35,TBC (Tatweer Building Company),Cooperative Training Program,38.5,38.77369853100191,gradient_boosting
ds-scientist-jeddah,36,PwC Middle East (Assurance COOP & Summer Internship Programme 2026),"Assurance, COOP and Summer Internship Programme 2026 – Middle East",43.0,43.12300644749906,gradient_boosting
ds-scientist-jeddah,37,KAPSARC,Intern (Coop- Trainee),47.5,47.81067127166845,gradient_boosting
ds-scientist-jeddah,38,BSF (Banque Saudi Fransi),COOP / Internship,48.5,48.756858362565,gradient_boosting
ds-scientist-jeddah,39,Saudi Food & Drug Authority (SFDA),COOP training (First semester 2025-2026 intake),43.5,43.85571698689882,gradient_boosting
ds-scientist-jeddah,40,Saudi Power Procurement Company (SPPC) – Future Power (Business Admin COOP),Future Power – Business Administration COOP Training Program,38.5,38.77369853100191,gradient_boosting
ds-scientist-jeddah,41,Bank Albilad,Cooperative and Summer Training Program,38.5,38.77369853100191,gradient_boosting
ds-scientist-jeddah,42,The Saudi National Bank (SNB),SNB Rowad Program,28.5,28.929537737933536,gradient_boosting
ds-scientist-jeddah,43,National Cybersecurity Authority (NCA) – Academy,Cybersecurity training programs (academy),33.5,35.63411930160582,gradient_boosting
ds-scientist-jeddah,44,PIF | Graduate Development Program,Graduate Development Program (GDP),44.17,44.645991612678344,gradient_boosting
ds-scientist-jeddah,45,NEOM | GrOW (Graduates Opportunities in Work),GrOW (Graduates Opportunities in Work),36.0,36.03590825492308,gradient_boosting
ds-scientist-jeddah,46,ROSHN | COOP Trainee Program,COOP Trainee Program,38.5,38.77369853100191,gradient_boosting
ds-scientist-jeddah,47,Microsoft | Ru'aa Program (Riyadh),Ru'aa Program Internship (Solution Engineering),33.0,33.30379760750649,gradient_boosting
ds-scientist-jeddah,48,Oracle | Business Development Intern (KSA market),Business Development Intern (KSA market),31.5,31.237356665636177,gradient_boosting
ds-scientist-jeddah,49,SAP | Student Internship (Riyadh),Student Internship - Riyadh,28.5,28.929537737933536,gradient_boosting
ds-scientist-jeddah,50,SAB (Saudi Awwal Bank) | Cooperative Training Programme (COOP),SAB Cooperative Training Programme (COOP),38.5,38.77369853100191,gradient_boosting
ds-scientist-jeddah,51,Ministry of Finance (Saudi Arabia) | Cooperative Training Program,Cooperative Training Program,36.5,36.766758056102496,gradient_boosting
ds-scientist-jeddah,52,Ministry of Industry and Mineral Resources | Cooperative Training,Cooperative Training Initiative,41.5,40.93899479505066,gradient_boosting
ds-scientist-jeddah,53,King Fahd Causeway Authority | Internship Program,Internship Program,36.0,36.03590825492308,gradient_boosting
ds-scientist-jeddah,54,Tawuniya | Tamheer Program (Fresh Graduates),Tamheer Program,36.0,36.299427997096956,gradient_boosting
ds-scientist-jeddah,55,SAMA | SAMA Professional Program (SPP),SAMA Professional Program (SPP),26.5,26.672339656130042,gradient_boosting
ds-scientist-jeddah,56,HRDF | Cooperative Training Product,Cooperative Training Product,41.5,40.93899479505066,gradient_boosting
ds-scientist-jeddah,57,IBM,"Automation, Data & AI – Intern",31.0,31.10971262733552,gradient_boosting
ds-scientist-jeddah,58,Unifonic,Internship (Unifonic),33.0,33.30379760750649,gradient_boosting
ds-scientist-jeddah,59,Misk Foundation,Misk Traineeship / Internship Program,31.5,33.17621635121257,gradient_boosting
ds-scientist-jeddah,60,Cisco,Cisco NetVersity (Saudi Arabia),41.0,41.031544621971484,gradient_boosting
ds-scientist-jeddah,61,KAUST,Visiting Student Research Program (VSRP) Internship,28.5,28.929537737933536,gradient_boosting
ds-scientist-jeddah,62,General Authority for Statistics (GASTAT),Cooperative Training Program,54.17,55.644109207513516,gradient_boosting
ds-scientist-jeddah,63,Saudi Center for Opinion Polling (SCOP),Cooperative Training Program,54.17,55.644109207513516,gradient_boosting
ds-scientist-jeddah,64,Al Rajhi Takaful,Cooperative Training Program,38.5,38.77369853100191,gradient_boosting
ds-scientist-jeddah,65,Expenditure & Projects Efficiency Authority (EXPRO),Future Makers (صنّاع المستقبل) – Cooperative Training,38.5,38.77369853100191,gradient_boosting
ds-scientist-jeddah,66,Ministry of Finance (Saudi Arabia),Cooperative Training Program (Ministry of Finance),38.5,38.77369853100191,gradient_boosting
ds-scientist-jeddah,67,General Entertainment Authority (GEA),GEA Cooperative Training Program,38.5,38.77369853100191,gradient_boosting
ds-scientist-jeddah,68,Banque Saudi Fransi (BSF),COOP Training,38.5,38.77369853100191,gradient_boosting
ds-scientist-jeddah,69,Arab National Bank (ANB),COOP Trainee,38.5,38.77369853100191,gradient_boosting
ds-scientist-jeddah,70,Tamara,Builders Program,38.5,38.77369853100191,gradient_boosting
ds-scientist-jeddah,71,OmniOps,Co‑op Training Program,53.5,52.67992057179364,gradient_boosting
ds-scientist-jeddah,72,Tatweer Educational Technologies (TETCO),Cooperative Training Program,43.0,43.12300644749906,gradient_boosting
ds-scientist-jeddah,73,The Saudi Investment Bank (SAIB),Cooperative Program,38.5,38.77369853100191,gradient_boosting
ds-scientist-jeddah,74,Saudi Awwal Bank (SAB),COOP Program,38.5,38.77369853100191,gradient_boosting
ds-scientist-jeddah,75,Riyad Bank,Internships and Coop Trainings (CSR 2019),38.5,38.77369853100191,gradient_boosting
ds-scientist-jeddah,76,Tabby,Intern DevOps Engineer,38.0,38.05381655172115,gradient_boosting
ds-scientist-jeddah,77,Tabby,Intern Backend (GO) Engineer,44.67,43.98847138647373,gradient_boosting
ds-scientist-jeddah,78,Tabby,Intern Frontend Engineer,33.0,33.30379760750649,gradient_boosting
ds-scientist-jeddah,79,Tabby,Intern Data Engineer,50.83,51.85112349541414,gradient_boosting
ds-scientist-jeddah,80,Tabby,No-Code / AI Agents Engineering Intern,33.0,33.30379760750649,gradient_boosting
ds-scientist-jeddah,81,Bank Albilad,Cooperative Training Program,43.5,43.85571698689882,gradient_boosting
ds-scientist-jeddah,82,Saudi Ground Services (SGS),COOP Program,48.5,48.756858362565,gradient_boosting
ds-scientist-jeddah,83,CEER,Cooperative Training Program (COOP),38.5,38.77369853100191,gradient_boosting
ds-scientist-jeddah,84,Al Rajhi Takaful,Coop Training Program,38.5,38.77369853100191,gradient_boosting
ds-scientist-jeddah,85,TAWAL,COOP Training Program,43.0,43.12300644749906,gradient_boosting
ds-scientist-jeddah,86,Wakeb_Data,COOP Training,43.0,43.12300644749906,gradient_boosting
ds-scientist-jeddah,87,Banque Saudi Fransi (BSF),Coop Training Program,38.5,38.77369853100191,gradient_boosting
ds-scientist-jeddah,88,Tech Economy,COOP Training Program,38.5,38.77369853100191,gradient_boosting
ds-scientist-jeddah,89,SAMI Advanced Electronics (SAMI-AEC),Coop Trainee,38.5,38.77369853100191,gradient_boosting
ds-scientist-jeddah,90,NHC,COOP Trainee,43.5,43.85571698689882,gradient_boosting
ds-scientist-jeddah,91,REMAT ADVANCED,Cooperative Training Program,43.0,43.12300644749906,gradient_boosting
ds-scientist-jeddah,92,SDM,AI COOP,49.67,50.88917076644402,gradient_boosting
ds-scientist-jeddah,93,HUED,HUED COOP Program 2026,43.0,43.12300644749906,gradient_boosting
ds-scientist-jeddah,94,Araamis • أرامس,Araamis COOP Program 2026,47.5,47.81067127166845,gradient_boosting
ds-scientist-jeddah,95,ARDARA,COOP Training for Students,38.5,38.77369853100191,gradient_boosting
ds-scientist-jeddah,96,flynas,COOP Trainee / Internship Program,43.0,43.12300644749906,gradient_boosting
ds-scientist-jeddah,97,Saudi Motorsport Company (SMC),COOP Trainee (IT Asset Project Management),53.0,53.34793230799481,gradient_boosting
ds-scientist-jeddah,98,Saudi Motorsport Company (SMC),COOP Trainee (Supply Chain Excellence Associate),57.5,57.091269464898126,gradient_boosting
ds-scientist-jeddah,99,Mobily,Cooperative Training Program,38.5,38.77369853100191,gradient_boosting
ds-scientist-jeddah,100,Saudi Awwal Bank (SAB),Student Opportunities: Cooperative / Practical Training,38.5,38.77369853100191,gradient_boosting
ds-scientist-jeddah,101,Alvarez & Marsal,COOP Training Program,38.5,38.77369853100191,gradient_boosting
ds-scientist-jeddah,102,Visa,COOP Trainee (Jan 2026),38.5,38.77369853100191,gradient_boosting
ds-scientist-jeddah,103,Zain KSA,Evolve Program (Fresh Graduates),28.5,28.929537737933536,gradient_boosting
ds-scientist-jeddah,104,Zain KSA,Zain Pioneers Program,33.0,33.30379760750649,gradient_boosting
ds-scientist-jeddah,105,Savvy Games Group,Cooperative Training Program (Co-op),38.5,38.77369853100191,gradient_boosting
ds-scientist-jeddah,106,Bank AlJazira,Tamheer Program,28.5,28.929537737933536,gradient_boosting
ds-scientist-jeddah,107,sirar by stc,Cooperative Training Program,43.0,43.12300644749906,gradient_boosting
ds-scientist-jeddah,108,Gathern,Co-op Program,53.5,52.67992057179364,gradient_boosting
ds-scientist-jeddah,109,Elm Company (شركة علم),Coop Training - Computer Science (Jan/Mar/Jun/Aug 2025 Intake),43.0,43.12300644749906,gradient_boosting
ds-scientist-jeddah,110,Elm Company (شركة علم),Co-Op Training - Information Technology (Jun & Aug 2025 Intake),43.0,43.12300644749906,gradient_boosting
ds-scientist-jeddah,111,EJADA,COOP Administration & Support Engineer,38.5,38.77369853100191,gradient_boosting
ds-scientist-jeddah,112,Emdad By Elm,Network Cooperative Training (Network Intern),53.0,53.34793230799481,gradient_boosting
ds-scientist-jeddah,113,AILA,Co-op Training Programme,48.0,47.914320042133156,gradient_boosting
ds-scientist-jeddah,114,Foodics,Foodics 360 Internship Program,33.0,33.30379760750649,gradient_boosting
ds-scientist-jeddah,115,Salla,برنامج التدريب التعاوني (Coop Training) – Salla,43.0,43.12300644749906,gradient_boosting
ds-scientist-jeddah,116,Lucidya,Technical Internship or Coop – Lucidya,53.0,53.34793230799481,gradient_boosting
ds-scientist-jeddah,117,Diriyah Company,Diriyah Co-op Training Program,38.5,38.77369853100191,gradient_boosting
ds-scientist-jeddah,118,Riyadh Air,Co-op – Riyadh Air,38.5,38.77369853100191,gradient_boosting
ds-scientist-jeddah,119,Jahez Group,Jahez Internship Program (as described in Sustainability Report),28.5,28.929537737933536,gradient_boosting
ds-scientist-jeddah,120,Lumi | لومي,COOP Intern 2025 – Lumi,38.5,38.77369853100191,gradient_boosting
ds-scientist-jeddah,121,webook.com,COOP Trainee Opportunities – webook.com,38.5,38.77369853100191,gradient_boosting
ds-scientist-jeddah,122,moneymoon,Tech & AI Co-op Program 2025,49.67,50.88917076644402,gradient_boosting
ds-scientist-jeddah,123,EjadTech - إيجاد التقنية,"Summer Internship Program 2025 (Computer, Data, and AI Majors)",48.17,47.36929039644466,gradient_boosting
ds-scientist-jeddah,124,InnovationTeam,Java Microservices Internship Programme (Saudi Nationals),37.67,37.470538245858,gradient_boosting
ds-scientist-jeddah,125,Tamkeen Technologies,On the Job Training (Internship Program) — Technology field,33.0,33.30379760750649,gradient_boosting
ds-scientist-jeddah,126,Trendyol Group,Trendyol Tech Talent - Bootcamp & COOP Internship Program (Saudi Students Only),41.0,40.84345326140724,gradient_boosting
ds-scientist-jeddah,127,Ninja نينجا,COOP Training Program,41.0,40.84345326140724,gradient_boosting
ds-scientist-jeddah,128,SCAI | سكاي,CO-OP Training Opportunities (Intern),49.67,50.88917076644402,gradient_boosting
ds-scientist-jeddah,129,WalaPlus,Coop & Tamheer Opportunities,43.0,43.12300644749906,gradient_boosting
ds-scientist-jeddah,130,Aon,IT Co-op Trainee 2026,43.0,43.12300644749906,gradient_boosting
ds-scientist-jeddah,131,Hewlett Packard Enterprise (HPE),College Intern (Coop),43.0,43.12300644749906,gradient_boosting
ds-scientist-jeddah,132,Signify,KSA Coop Internship Program,43.0,43.12300644749906,gradient_boosting
ds-scientist-jeddah,133,Help AG (e& enterprise),Cybersecurity Intern,28.5,28.929537737933536,gradient_boosting
ds-scientist-jeddah,134,TrendAI (Trend Micro),CyberGATE Internship Program,33.0,33.30379760750649,gradient_boosting
ds-scientist-jeddah,135,Golf Saudi,IT Co-op Trainee,43.0,43.12300644749906,gradient_boosting
ds-scientist-jeddah,136,Siemens Healthineers,Healthineers Early Talent Program – IT (Riyadh),33.0,33.30379760750649,gradient_boosting
ds-scientist-jeddah,137,1957 Ventures,Internship / Co-Op Program,43.0,43.12300644749906,gradient_boosting
ds-scientist-jeddah,138,Nokia,Graduate Trainee (Saudi Arabia) – Fledgers Program,44.17,44.645991612678344,gradient_boosting
ds-scientist-jeddah,139,Ericsson,Summer Interns (Ericsson Saudi),33.0,33.30379760750649,gradient_boosting
ds-scientist-jeddah,140,Bosch Middle East,Software Development Intern (AI/Cloud),50.17,50.334746239860216,gradient_boosting
ds-scientist-jeddah,141,Saudi Payments | المدفوعات السعودية,COOP Training – August 2024,47.5,47.81067127166845,gradient_boosting
ds-scientist-jeddah,142,Saudi Tadawul Group | تداول,Cooperative Training Program (COOP),43.0,43.12300644749906,gradient_boosting
ds-scientist-jeddah,143,Lean Technologies,Software Engineering Intern – KSA,46.33,47.50613741584989,gradient_boosting
ds-scientist-jeddah,144,Mirai (Scopely) | مِراي,AI Engineering Intern (GenAI),39.67,39.732712081497596,gradient_boosting
ds-scientist-jeddah,145,HungerStation | هنقرستيشن,"Co-OP Trainee, Data Analysis – Info Sec",60.83,62.26946092582897,gradient_boosting
ds-scientist-jeddah,146,NCGR | المركز الوطني لنظم الموارد الحكومية,Coop Training Program,43.0,43.12300644749906,gradient_boosting
ds-scientist-jeddah,147,nybl,nybl Graduate Programme – Saudi Nationals (AI Bootcamp),28.5,28.929537737933536,gradient_boosting
ds-scientist-jeddah,148,Procter & Gamble (P&G),P&G LEADgen Internship Program 2026 (Riyadh),33.0,33.30379760750649,gradient_boosting
ds-scientist-jeddah,149,New Murabba | المربع الجديد,New Murabba Co-op Training Program,43.0,43.12300644749906,gradient_boosting
ds-scientist-jeddah,150,Boeing Saudi Arabia Limited,Intern - Info Technology & Data Analytics (Riyadh),37.5,37.38063332531635,gradient_boosting
ds-scientist-jeddah,151,Motorola Solutions,Deployment Engineer Intern (KSA National - Tamheer Program),33.0,33.30379760750649,gradient_boosting
ds-scientist-jeddah,152,Schneider Electric,Co-op Intern (Engineering) - Al Khobar (Jan–Aug 2026),43.0,43.12300644749906,gradient_boosting
ds-scientist-jeddah,153,Lockheed Martin,Tamheer Space Internship (Riyadh),33.0,33.30379760750649,gradient_boosting
ds-scientist-jeddah,154,Markaba | مركبة,Start-up Software Intern – TAMHEER (Saudi nationals only),31.0,31.10971262733552,gradient_boosting
ds-scientist-jeddah,155,Laverne Group | مجموعة لافيرن,Data Analyst / Data Engineer Intern (IT Department),44.17,44.645991612678344,gradient_boosting
ds-scientist-jeddah,156,Meel | ميل,"Software Developer Internship (Remote, min 2 months)",38.0,38.05381655172115,gradient_boosting
ds-scientist-jeddah,157,Nahdi Medical Co.,IT Internship / COOP Program (6 months),48.0,47.914320042133156,gradient_boosting
ds-scientist-jeddah,158,SMART Technology Solutions | سمارت لحلول التقنية,R&D Intern (Riyadh),33.0,33.30379760750649,gradient_boosting
ds-scientist-jeddah,159,Knodemy Inc.,AI Developer & Tech Trainer Intern - Riyadh,39.67,39.732712081497596,gradient_boosting
ds-scientist-jeddah,160,Water Transmission Company | شركة نقل المياه,Tamheer Internship Program (HRIS / Engineering & PM - Riyadh),33.0,33.30379760750649,gradient_boosting
ds-scientist-jeddah,161,AFNOYS,"AI Automation Intern - KSA (Remote, 4 weeks)",38.0,38.05381655172115,gradient_boosting
ds-scientist-jeddah,162,SAS,CareerStart@SAS 2026 - Presales Customer Intelligence Intern (Riyadh),39.0,38.67982656197456,gradient_boosting
ds-scientist-jeddah,163,Devoteam,Trainee - Future Leaders Program (Co-op/Fresh Graduate),41.0,40.84345326140724,gradient_boosting
ds-scientist-jeddah,164,ضالتي Dhallaty,Tech Intern: Fresh Grad or Student,34.5,34.43809313337674,gradient_boosting
ds-scientist-jeddah,165,Innovative Solutions SA,Presales - Tamheer,26.5,26.672339656130042,gradient_boosting
ds-scientist-jeddah,166,HUMAIN,Tamheer Program (Software Engineer / Cybersecurity / MIS),31.0,31.10971262733552,gradient_boosting
ds-scientist-jeddah,167,TAM | تام,"Tamheer Opportunity, Advisory",26.5,26.672339656130042,gradient_boosting
ds-scientist-jeddah,168,هيئة التأمين | Insurance Authority,Tamheer Opportunity - Specialist of Information Security,26.5,26.672339656130042,gradient_boosting
ds-scientist-jeddah,169,Snbla | سنبله,Paid Internship Program (FinTech),34.5,34.43809313337674,gradient_boosting
ds-scientist-jeddah,170,2P Perfect Presentation,Data Analyst (Tamheer),35.5,35.087572418631716,gradient_boosting
ds-scientist-jeddah,171,Infosys,Summer Intern (Infosys InStep ’26 – Bangalore),31.5,32.05265001529392,gradient_boosting
ds-scientist-jeddah,172,شركة الخدمات المدارة | Managed Services Company,Intern Cybersecurity Engineer,31.0,31.10971262733552,gradient_boosting
ds-scientist-jeddah,173,Abunayyan Holding,Data Analyst (Tamheer),35.5,35.087572418631716,gradient_boosting
ds-remote-coop,1,Saudi Aramco,University Internship Program (UIP),40.0,40.01654294012637,gradient_boosting
ds-remote-coop,2,SABIC,COOP Training Program,38.0,38.07244036828731,gradient_boosting
ds-remote-coop,3,stc (Saudi Telecom Company),Cooperative Training Program (COOP),40.0,40.01654294012637,gradient_boosting
ds-remote-coop,4,Saudi National Bank (SNB),SNB Cooperative Training Program,40.0,40.01654294012637,gradient_boosting
ds-remote-coop,5,Al Rajhi Bank,Cooperative Training Program,40.0,40.01654294012637,gradient_boosting
ds-remote-coop,6,Capital Market Authority (CMA),COOP Program,40.0,40.01654294012637,gradient_boosting
ds-remote-coop,7,Digital Government Authority (DGA),Maidan Cooperative Training Program,40.0,40.01654294012637,gradient_boosting
ds-remote-coop,8,KPMG Saudi Arabia,COOP & Internship Programs,40.0,40.01654294012637,gradient_boosting
ds-remote-coop,9,PwC Middle East,"Deals, COOP and Summer Internship Programme (2026)",44.5,44.335192582498735,gradient_boosting
ds-remote-coop,10,Deloitte Middle East (KSA),Jusoor Al Sharqiyah Internship Program,34.5,34.55845288957915,gradient_boosting
ds-remote-coop,11,Bank Albilad,Cooperative & Summer Training Program,44.5,44.335192582498735,gradient_boosting
ds-remote-coop,12,Tamara,Tamara Builders Program,44.5,44.335192582498735,gradient_boosting
ds-remote-coop,13,Bupa Arabia,Cooperative Training Program,40.0,40.01654294012637,gradient_boosting
ds-remote-coop,14,Saudi Exports (Saudi Export Development Authority),COOP & Summer Training (FAQ-confirmed),40.0,40.01654294012637,gradient_boosting
ds-remote-coop,15,Local Content and Government Procurement Authority (LCGPA),COOP Training (role posting),40.0,40.01654294012637,gradient_boosting
ds-remote-coop,16,McKinsey & Company (Maqdira),Maqdira Fellowship Program,44.5,44.335192582498735,gradient_boosting
ds-remote-coop,17,Boston Consulting Group (BCG),Visiting Associate Internship (Riyadh),40.0,40.01654294012637,gradient_boosting
ds-remote-coop,18,Bain & Company,COOP Training Program (Riyadh),40.0,40.01654294012637,gradient_boosting
ds-remote-coop,19,Amazon Web Services (AWS),IT/Computer Hardware Internship (Intern-to-FTE Pathway),34.5,34.55845288957915,gradient_boosting
ds-remote-coop,20,Amazon Web Services (AWS) - Associate Solutions Architect Intern,Associate Solutions Architect Intern (2026),34.5,34.55845288957915,gradient_boosting
ds-remote-coop,21,Google (Saudi Arabia),Google Careers (Saudi location filter),38.0,38.05381655172115,gradient_boosting
ds-remote-coop,22,BlackRock,Client & Product Summer Internship Programme (EMEA) - includes Riyadh,34.5,34.55845288957915,gradient_boosting
ds-remote-coop,23,noon,Student Internship,30.0,30.063525580578528,gradient_boosting
ds-remote-coop,24,MOZN,Data Science Intern,51.67,50.47165039004943,gradient_boosting
ds-remote-coop,25,Elm,Elm Co-op Training Program (March 2026 Intake),40.0,40.01654294012637,gradient_boosting
ds-remote-coop,26,Yasref,Yasref Cooperative Training Program,42.5,42.485171027565954,gradient_boosting
ds-remote-coop,27,"Saudi Standards, Metrology and Quality Organization (SASO)",Cooperative Training (Collaborative Training),44.5,44.335192582498735,gradient_boosting
ds-remote-coop,28,"Zakat, Tax and Customs Authority (ZATCA)",Binaa-Alkafaat Program,30.0,30.063525580578528,gradient_boosting
ds-remote-coop,29,Human Resources Development Fund (HRDF) – Cooperative Training Product,Cooperative Training (HRDF product),20.5,20.59421780810066,gradient_boosting
ds-remote-coop,30,EXPRO,COOP Training (Future Makers Program),40.0,40.01654294012637,gradient_boosting
ds-remote-coop,31,Ministry of Industry and Mineral Resources (MIM) – Cooperative Training Initiative,Cooperative Training Initiative,20.5,20.59421780810066,gradient_boosting
ds-remote-coop,32,TBC (The Beauty Company),Cooperative Training Program,40.0,40.01654294012637,gradient_boosting
ds-remote-coop,33,National Center for Vegetation Cover Development & Combating Desertification (NCVC),COOP Training Program,40.0,40.01654294012637,gradient_boosting
ds-remote-coop,34,Saudi Power Procurement Company (SPPC),Future Power – COOP Training Program,40.0,40.01654294012637,gradient_boosting
ds-remote-coop,35,TBC (Tatweer Building Company),Cooperative Training Program,40.0,40.01654294012637,gradient_boosting
ds-remote-coop,36,PwC Middle East (Assurance COOP & Summer Internship Programme 2026),"Assurance, COOP and Summer Internship Programme 2026 – Middle East",44.5,44.335192582498735,gradient_boosting
ds-remote-coop,37,KAPSARC,Intern (Coop- Trainee),44.5,44.335192582498735,gradient_boosting
ds-remote-coop,38,BSF (Banque Saudi Fransi),COOP / Internship,40.0,40.01654294012637,gradient_boosting
ds-remote-coop,39,Saudi Food & Drug Authority (SFDA),COOP training (First semester 2025-2026 intake),40.0,40.01654294012637,gradient_boosting
ds-remote-coop,40,Saudi Power Procurement Company (SPPC) – Future Power (Business Admin COOP),Future Power – Business Administration COOP Training Program,40.0,40.01654294012637,gradient_boosting
ds-remote-coop,41,Bank Albilad,Cooperative and Summer Training Program,40.0,40.01654294012637,gradient_boosting
ds-remote-coop,42,The Saudi National Bank (SNB),SNB Rowad Program,30.0,30.063525580578528,gradient_boosting
ds-remote-coop,43,National Cybersecurity Authority (NCA) – Academy,Cybersecurity training programs (academy),35.0,36.688519077674734,gradient_boosting
ds-remote-coop,44,PIF | Graduate Development Program,Graduate Development Program (GDP),34.5,34.55845288957915,gradient_boosting
ds-remote-coop,45,NEOM | GrOW (Graduates Opportunities in Work),GrOW (Graduates Opportunities in Work),36.0,36.03590825492308,gradient_boosting
ds-remote-coop,46,ROSHN | COOP Trainee Program,COOP Trainee Program,40.0,40.01654294012637,gradient_boosting
ds-remote-coop,47,Microsoft | Ru'aa Program (Riyadh),Ru'aa Program Internship (Solution Engineering),34.5,34.55845288957915,gradient_boosting
ds-remote-coop,48,Oracle | Business Development Intern (KSA market),Business Development Intern (KSA market),31.5,31.237356665636177,gradient_boosting
ds-remote-coop,49,SAP | Student Internship (Riyadh),Student Internship - Riyadh,30.0,30.063525580578528,gradient_boosting
ds-remote-coop,50,SAB (Saudi Awwal Bank) | Cooperative Training Programme (COOP),SAB Cooperative Training Programme (COOP),40.0,40.01654294012637,gradient_boosting
ds-remote-coop,51,Ministry of Finance (Saudi Arabia) | Cooperative Training Program,Cooperative Training Program,41.5,40.93899479505066,gradient_boosting
ds-remote-coop,52,Ministry of Industry and Mineral Resources | Cooperative Training,Cooperative Training Initiative,41.5,40.93899479505066,gradient_boosting
ds-remote-coop,53,King Fahd Causeway Authority | Internship Program,Internship Program,36.0,36.03590825492308,gradient_boosting
ds-remote-coop,54,Tawuniya | Tamheer Program (Fresh Graduates),Tamheer Program,37.5,37.54802744037876,gradient_boosting
ds-remote-coop,55,SAMA | SAMA Professional Program (SPP),SAMA Professional Program (SPP),31.5,31.237356665636177,gradient_boosting
ds-remote-coop,56,HRDF | Cooperative Training Product,Cooperative Training Product,41.5,40.93899479505066,gradient_boosting
ds-remote-coop,57,IBM,"Automation, Data & AI – Intern",36.0,36.03590825492308,gradient_boosting
ds-remote-coop,58,Unifonic,Internship (Unifonic),34.5,34.55845288957915,gradient_boosting
ds-remote-coop,59,Misk Foundation,Misk Traineeship / Internship Program,33.0,34.32444370199883,gradient_boosting
ds-remote-coop,60,Cisco,Cisco NetVersity (Saudi Arabia),37.5,37.54802744037876,gradient_boosting
ds-remote-coop,61,KAUST,Visiting Student Research Program (VSRP) Internship,30.0,30.063525580578528,gradient_boosting
ds-remote-coop,62,General Authority for Statistics (GASTAT),Cooperative Training Program,44.5,44.335192582498735,gradient_boosting
ds-remote-coop,63,Saudi Center for Opinion Polling (SCOP),Cooperative Training Program,44.5,44.335192582498735,gradient_boosting
ds-remote-coop,64,Al Rajhi Takaful,Cooperative Training Program,40.0,40.01654294012637,gradient_boosting
ds-remote-coop,65,Expenditure & Projects Efficiency Authority (EXPRO),Future Makers (صنّاع المستقبل) – Cooperative Training,40.0,40.01654294012637,gradient_boosting
ds-remote-coop,66,Ministry of Finance (Saudi Arabia),Cooperative Training Program (Ministry of Finance),40.0,40.01654294012637,gradient_boosting
ds-remote-coop,67,General Entertainment Authority (GEA),GEA Cooperative Training Program,40.0,40.01654294012637,gradient_boosting
ds-remote-coop,68,Banque Saudi Fransi (BSF),COOP Training,40.0,40.01654294012637,gradient_boosting
ds-remote-coop,69,Arab National Bank (ANB),COOP Trainee,40.0,40.01654294012637,gradient_boosting
ds-remote-coop,70,Tamara,Builders Program,40.0,40.01654294012637,gradient_boosting
ds-remote-coop,71,OmniOps,Co‑op Training Program,55.0,54.635089378755104,gradient_boosting
ds-remote-coop,72,Tatweer Educational Technologies (TETCO),Cooperative Training Program,44.5,44.335192582498735,gradient_boosting
ds-remote-coop,73,The Saudi Investment Bank (SAIB),Cooperative Program,40.0,40.01654294012637,gradient_boosting
ds-remote-coop,74,Saudi Awwal Bank (SAB),COOP Program,40.0,40.01654294012637,gradient_boosting
ds-remote-coop,75,Riyad Bank,Internships and Coop Trainings (CSR 2019),40.0,40.01654294012637,gradient_boosting
ds-remote-coop,76,Tabby,Intern DevOps Engineer,39.5,39.27084509360062,gradient_boosting
ds-remote-coop,77,Tabby,Intern Backend (GO) Engineer,39.5,39.27084509360062,gradient_boosting
ds-remote-coop,78,Tabby,Intern Frontend Engineer,34.5,34.55845288957915,gradient_boosting
ds-remote-coop,79,Tabby,Intern Data Engineer,41.17,41.029309191082454,gradient_boosting
ds-remote-coop,80,Tabby,No-Code / AI Agents Engineering Intern,34.5,34.55845288957915,gradient_boosting
ds-remote-coop,81,Bank Albilad,Cooperative Training Program,40.0,40.01654294012637,gradient_boosting
ds-remote-coop,82,Saudi Ground Services (SGS),COOP Program,40.0,40.01654294012637,gradient_boosting
ds-remote-coop,83,CEER,Cooperative Training Program (COOP),40.0,40.01654294012637,gradient_boosting
ds-remote-coop,84,Al Rajhi Takaful,Coop Training Program,40.0,40.01654294012637,gradient_boosting
ds-remote-coop,85,TAWAL,COOP Training Program,44.5,44.335192582498735,gradient_boosting
ds-remote-coop,86,Wakeb_Data,COOP Training,44.5,44.335192582498735,gradient_boosting
ds-remote-coop,87,Banque Saudi Fransi (BSF),Coop Training Program,40.0,40.01654294012637,gradient_boosting
ds-remote-coop,88,Tech Economy,COOP Training Program,40.0,40.01654294012637,gradient_boosting
ds-remote-coop,89,SAMI Advanced Electronics (SAMI-AEC),Coop Trainee,40.0,40.01654294012637,gradient_boosting
ds-remote-coop,90,NHC,COOP Trainee,40.0,40.01654294012637,gradient_boosting
ds-remote-coop,91,REMAT ADVANCED,Cooperative Training Program,44.5,44.335192582498735,gradient_boosting
ds-remote-coop,92,SDM,AI COOP,51.17,52.47297586106462,gradient_boosting
ds-remote-coop,93,HUED,HUED COOP Program 2026,44.5,44.335192582498735,gradient_boosting
ds-remote-coop,94,Araamis • أرامس,Araamis COOP Program 2026,44.5,44.335192582498735,gradient_boosting
ds-remote-coop,95,ARDARA,COOP Training for Students,40.0,40.01654294012637,gradient_boosting
ds-remote-coop,96,flynas,COOP Trainee / Internship Program,44.5,44.335192582498735,gradient_boosting
ds-remote-coop,97,Saudi Motorsport Company (SMC),COOP Trainee (IT Asset Project Management),44.5,44.335192582498735,gradient_boosting
ds-remote-coop,98,Saudi Motorsport Company (SMC),COOP Trainee (Supply Chain Excellence Associate),44.5,44.335192582498735,gradient_boosting
ds-remote-coop,99,Mobily,Cooperative Training Program,40.0,40.01654294012637,gradient_boosting
ds-remote-coop,100,Saudi Awwal Bank (SAB),Student Opportunities: Cooperative / Practical Training,40.0,40.01654294012637,gradient_boosting
ds-remote-coop,101,Alvarez & Marsal,COOP Training Program,40.0,40.01654294012637,gradient_boosting
ds-remote-coop,102,Visa,COOP Trainee (Jan 2026),40.0,40.01654294012637,gradient_boosting
ds-remote-coop,103,Zain KSA,Evolve Program (Fresh Graduates),30.0,30.063525580578528,gradient_boosting
ds-remote-coop,104,Zain KSA,Zain Pioneers Program,34.5,34.55845288957915,gradient_boosting
ds-remote-coop,105,Savvy Games Group,Cooperative Training Program (Co-op),40.0,40.01654294012637,gradient_boosting
ds-remote-coop,106,Bank AlJazira,Tamheer Program,30.0,30.063525580578528,gradient_boosting
ds-remote-coop,107,sirar by stc,Cooperative Training Program,44.5,44.335192582498735,gradient_boosting
ds-remote-coop,108,Gathern,Co-op Program,55.0,54.635089378755104,gradient_boosting
ds-remote-coop,109,Elm Company (شركة علم),Coop Training - Computer Science (Jan/Mar/Jun/Aug 2025 Intake),44.5,44.335192582498735,gradient_boosting
ds-remote-coop,110,Elm Company (شركة علم),Co-Op Training - Information Technology (Jun & Aug 2025 Intake),44.5,44.335192582498735,gradient_boosting
ds-remote-coop,111,EJADA,COOP Administration & Support Engineer,40.0,40.01654294012637,gradient_boosting
ds-remote-coop,112,Emdad By Elm,Network Cooperative Training (Network Intern),44.5,44.335192582498735,gradient_boosting
ds-remote-coop,113,AILA,Co-op Training Programme,49.5,48.963199277231276,gradient_boosting
ds-remote-coop,114,Foodics,Foodics 360 Internship Program,34.5,34.55845288957915,gradient_boosting
ds-remote-coop,115,Salla,برنامج التدريب التعاوني (Coop Training) – Salla,44.5,44.335192582498735,gradient_boosting
ds-remote-coop,116,Lucidya,Technical Internship or Coop – Lucidya,44.5,44.335192582498735,gradient_boosting
ds-remote-coop,117,Diriyah Company,Diriyah Co-op Training Program,40.0,40.01654294012637,gradient_boosting
ds-remote-coop,118,Riyadh Air,Co-op – Riyadh Air,40.0,40.01654294012637,gradient_boosting
ds-remote-coop,119,Jahez Group,Jahez Internship Program (as described in Sustainability Report),30.0,30.063525580578528,gradient_boosting
ds-remote-coop,120,Lumi | لومي,COOP Intern 2025 – Lumi,40.0,40.01654294012637,gradient_boosting
ds-remote-coop,121,webook.com,COOP Trainee Opportunities – webook.com,40.0,40.01654294012637,gradient_boosting
ds-remote-coop,122,moneymoon,Tech & AI Co-op Program 2025,51.17,52.47297586106462,gradient_boosting
ds-remote-coop,123,EjadTech - إيجاد التقنية,"Summer Internship Program 2025 (Computer, Data, and AI Majors)",53.17,52.08299740653114,gradient_boosting
ds-remote-coop,124,InnovationTeam,Java Microservices Internship Programme (Saudi Nationals),36.0,36.03590825492308,gradient_boosting
ds-remote-coop,125,Tamkeen Technologies,On the Job Training (Internship Program) — Technology field,34.5,34.55845288957915,gradient_boosting
ds-remote-coop,126,Trendyol Group,Trendyol Tech Talent - Bootcamp & COOP Internship Program (Saudi Students Only),46.0,45.406592532887835,gradient_boosting
ds-remote-coop,127,Ninja نينجا,COOP Training Program,46.0,45.406592532887835,gradient_boosting
ds-remote-coop,128,SCAI | سكاي,CO-OP Training Opportunities (Intern),51.17,52.47297586106462,gradient_boosting
ds-remote-coop,129,WalaPlus,Coop & Tamheer Opportunities,44.5,44.335192582498735,gradient_boosting
ds-remote-coop,130,Aon,IT Co-op Trainee 2026,44.5,44.335192582498735,gradient_boosting
ds-remote-coop,131,Hewlett Packard Enterprise (HPE),College Intern (Coop),44.5,44.335192582498735,gradient_boosting
ds-remote-coop,132,Signify,KSA Coop Internship Program,44.5,44.335192582498735,gradient_boosting
ds-remote-coop,133,Help AG (e& enterprise),Cybersecurity Intern,30.0,30.063525580578528,gradient_boosting
ds-remote-coop,134,TrendAI (Trend Micro),CyberGATE Internship Program,34.5,34.55845288957915,gradient_boosting
ds-remote-coop,135,Golf Saudi,IT Co-op Trainee,44.5,44.335192582498735,gradient_boosting
ds-remote-coop,136,Siemens Healthineers,Healthineers Early Talent Program – IT (Riyadh),34.5,34.55845288957915,gradient_boosting
ds-remote-coop,137,1957 Ventures,Internship / Co-Op Program,44.5,44.335192582498735,gradient_boosting
ds-remote-coop,138,Nokia,Graduate Trainee (Saudi Arabia) – Fledgers Program,41.17,41.029309191082454,gradient_boosting
ds-remote-coop,139,Ericsson,Summer Interns (Ericsson Saudi),34.5,34.55845288957915,gradient_boosting
ds-remote-coop,140,Bosch Middle East,Software Development Intern (AI/Cloud),51.67,50.47165039004943,gradient_boosting
ds-remote-coop,141,Saudi Payments | المدفوعات السعودية,COOP Training – August 2024,44.5,44.335192582498735,gradient_boosting
ds-remote-coop,142,Saudi Tadawul Group | تداول,Cooperative Training Program (COOP),44.5,44.335192582498735,gradient_boosting
ds-remote-coop,143,Lean Technologies,Software Engineering Intern – KSA,41.17,41.029309191082454,gradient_boosting
ds-remote-coop,144,Mirai (Scopely) | مِراي,AI Engineering Intern (GenAI),41.17,41.029309191082454,gradient_boosting
ds-remote-coop,145,HungerStation | هنقرستيشن,"Co-OP Trainee, Data Analysis – Info Sec",51.17,52.47297586106462,gradient_boosting
ds-remote-coop,146,NCGR | المركز الوطني لنظم الموارد الحكومية,Coop Training Program,44.5,44.335192582498735,gradient_boosting
ds-remote-coop,147,nybl,nybl Graduate Programme – Saudi Nationals (AI Bootcamp),30.0,30.063525580578528,gradient_boosting
ds-remote-coop,148,Procter & Gamble (P&G),P&G LEADgen Internship Program 2026 (Riyadh),34.5,34.55845288957915,gradient_boosting
ds-remote-coop,149,New Murabba | المربع الجديد,New Murabba Co-op Training Program,44.5,44.335192582498735,gradient_boosting
ds-remote-coop,150,Boeing Saudi Arabia Limited,Intern - Info Technology & Data Analytics (Riyadh),34.5,34.55845288957915,gradient_boosting
ds-remote-coop,151,Motorola Solutions,Deployment Engineer Intern (KSA National - Tamheer Program),34.5,34.55845288957915,gradient_boosting
ds-remote-coop,152,Schneider Electric,Co-op Intern (Engineering) - Al Khobar (Jan–Aug 2026),44.5,44.335192582498735,gradient_boosting
ds-remote-coop,153,Lockheed Martin,Tamheer Space Internship (Riyadh),34.5,34.55845288957915,gradient_boosting
ds-remote-coop,154,Markaba | مركبة,Start-up Software Intern – TAMHEER (Saudi nationals only),36.0,36.03590825492308,gradient_boosting
ds-remote-coop,155,Laverne Group | مجموعة لافيرن,Data Analyst / Data Engineer Intern (IT Department),34.5,34.55845288957915,gradient_boosting
ds-remote-coop,156,Meel | ميل,"Software Developer Internship (Remote, min 2 months)",39.5,39.27084509360062,gradient_boosting
ds-remote-coop,157,Nahdi Medical Co.,IT Internship / COOP Program (6 months),44.5,44.335192582498735,gradient_boosting
ds-remote-coop,158,SMART Technology Solutions | سمارت لحلول التقنية,R&D Intern (Riyadh),34.5,34.55845288957915,gradient_boosting
ds-remote-coop,159,Knodemy Inc.,AI Developer & Tech Trainer Intern - Riyadh,41.17,41.029309191082454,gradient_boosting
ds-remote-coop,160,Water Transmission Company | شركة نقل المياه,Tamheer Internship Program (HRIS / Engineering & PM - Riyadh),34.5,34.55845288957915,gradient_boosting
ds-remote-coop,161,AFNOYS,"AI Automation Intern - KSA (Remote, 4 weeks)",39.5,39.27084509360062,gradient_boosting
ds-remote-coop,162,SAS,CareerStart@SAS 2026 - Presales Customer Intelligence Intern (Riyadh),38.0,38.05381655172115,gradient_boosting
ds-remote-coop,163,Devoteam,Trainee - Future Leaders Program (Co-op/Fresh Graduate),46.0,45.406592532887835,gradient_boosting
ds-remote-coop,164,ضالتي Dhallaty,Tech Intern: Fresh Grad or Student,38.0,38.05381655172115,gradient_boosting
ds-remote-coop,165,Innovative Solutions SA,Presales - Tamheer,31.5,31.237356665636177,gradient_boosting
ds-remote-coop,166,HUMAIN,Tamheer Program (Software Engineer / Cybersecurity / MIS),36.0,36.03590825492308,gradient_boosting
ds-remote-coop,167,TAM | تام,"Tamheer Opportunity, Advisory",31.5,31.237356665636177,gradient_boosting
ds-remote-coop,168,هيئة التأمين | Insurance Authority,Tamheer Opportunity - Specialist of Information Security,31.5,31.237356665636177,gradient_boosting
ds-remote-coop,169,Snbla | سنبله,Paid Internship Program (FinTech),38.0,38.05381655172115,gradient_boosting
ds-remote-coop,170,2P Perfect Presentation,Data Analyst (Tamheer),36.0,36.03590825492308,gradient_boosting
ds-remote-coop,171,Infosys,Summer Intern (Infosys InStep ’26 – Bangalore),28.0,28.2926798451651,gradient_boosting
ds-remote-coop,172,شركة الخدمات المدارة | Managed Services Company,Intern Cybersecurity Engineer,36.0,36.03590825492308,gradient_boosting
ds-remote-coop,173,Abunayyan Holding,Data Analyst (Tamheer),36.0,36.03590825492308,gradient_boosting
ds-gpa-ielts,1,Saudi Aramco,University Internship Program (UIP),33.33,32.52469346269103,gradient_boosting
ds-gpa-ielts,2,SABIC,COOP Training Program,36.33,35.74682426107333,gradient_boosting
ds-gpa-ielts,3,stc (Saudi Telecom Company),Cooperative Training Program (COOP),40.0,39.57360112639006,gradient_boosting
ds-gpa-ielts,4,Saudi National Bank (SNB),SNB Cooperative Training Program,38.33,37.495260716648545,gradient_boosting
ds-gpa-ielts,5,Al Rajhi Bank,Cooperative Training Program,35.0,34.74798369780113,gradient_boosting
ds-gpa-ielts,6,Capital Market Authority (CMA),COOP Program,40.0,39.57360112639006,gradient_boosting
ds-gpa-ielts,7,Digital Government Authority (DGA),Maidan Cooperative Training Program,40.0,39.57360112639006,gradient_boosting
ds-gpa-ielts,8,KPMG Saudi Arabia,COOP & Internship Programs,35.0,34.74798369780113,gradient_boosting
ds-gpa-ielts,9,PwC Middle East,"Deals, COOP and Summer Internship Programme (2026)",44.5,44.48890245478561,gradient_boosting
ds-gpa-ielts,10,Deloitte Middle East (KSA),Jusoor Al Sharqiyah Internship Program,44.5,44.24476557454932,gradient_boosting
ds-gpa-ielts,11,Bank Albilad,Cooperative & Summer Training Program,39.5,39.27084509360062,gradient_boosting
ds-gpa-ielts,12,Tamara,Tamara Builders Program,44.5,44.48890245478561,gradient_boosting
ds-gpa-ielts,13,Bupa Arabia,Cooperative Training Program,40.0,39.57360112639006,gradient_boosting
ds-gpa-ielts,14,Saudi Exports (Saudi Export Development Authority),COOP & Summer Training (FAQ-confirmed),35.0,34.74798369780113,gradient_boosting
ds-gpa-ielts,15,Local Content and Government Procurement Authority (LCGPA),COOP Training (role posting),40.0,39.57360112639006,gradient_boosting
ds-gpa-ielts,16,McKinsey & Company (Maqdira),Maqdira Fellowship Program,44.5,44.48890245478561,gradient_boosting
ds-gpa-ielts,17,Boston Consulting Group (BCG),Visiting Associate Internship (Riyadh),40.0,39.57360112639006,gradient_boosting
ds-gpa-ielts,18,Bain & Company,COOP Training Program (Riyadh),40.0,39.57360112639006,gradient_boosting
ds-gpa-ielts,19,Amazon Web Services (AWS),IT/Computer Hardware Internship (Intern-to-FTE Pathway),54.5,54.49657548009306,gradient_boosting
ds-gpa-ielts,20,Amazon Web Services (AWS) - Associate Solutions Architect Intern,Associate Solutions Architect Intern (2026),54.5,54.49657548009306,gradient_boosting
ds-gpa-ielts,21,Google (Saudi Arabia),Google Careers (Saudi location filter),43.0,43.17210997590601,gradient_boosting
ds-gpa-ielts,22,BlackRock,Client & Product Summer Internship Programme (EMEA) - includes Riyadh,62.33,62.45888776852174,gradient_boosting
ds-gpa-ielts,23,noon,Student Internship,50.0,49.96230983001893,gradient_boosting
ds-gpa-ielts,24,MOZN,Data Science Intern,65.67,65.9393870209852,gradient_boosting
ds-gpa-ielts,25,Elm,Elm Co-op Training Program (March 2026 Intake),40.0,39.57360112639006,gradient_boosting
ds-gpa-ielts,26,Yasref,Yasref Cooperative Training Program,37.5,37.12381787721278,gradient_boosting
ds-gpa-ielts,27,"Saudi Standards, Metrology and Quality Organization (SASO)",Cooperative Training (Collaborative Training),44.5,44.48890245478561,gradient_boosting
ds-gpa-ielts,28,"Zakat, Tax and Customs Authority (ZATCA)",Binaa-Alkafaat Program,35.0,34.74798369780113,gradient_boosting
ds-gpa-ielts,29,Human Resources Development Fund (HRDF) – Cooperative Training Product,Cooperative Training (HRDF product),10.5,10.404587120966623,gradient_boosting
ds-gpa-ielts,30,EXPRO,COOP Training (Future Makers Program),40.0,39.57360112639006,gradient_boosting
ds-gpa-ielts,31,Ministry of Industry and Mineral Resources (MIM) – Cooperative Training Initiative,Cooperative Training Initiative,10.5,10.404587120966623,gradient_boosting
ds-gpa-ielts,32,TBC (The Beauty Company),Cooperative Training Program,35.0,34.74798369780113,gradient_boosting
ds-gpa-ielts,33,National Center for Vegetation Cover Development & Combating Desertification (NCVC),COOP Training Program,40.0,39.57360112639006,gradient_boosting
ds-gpa-ielts,34,Saudi Power Procurement Company (SPPC),Future Power – COOP Training Program,40.0,39.57360112639006,gradient_boosting
ds-gpa-ielts,35,TBC (Tatweer Building Company),Cooperative Training Program,40.0,39.57360112639006,gradient_boosting
ds-gpa-ielts,36,PwC Middle East (Assurance COOP & Summer Internship Programme 2026),"Assurance, COOP and Summer Internship Programme 2026 – Middle East",44.5,44.48890245478561,gradient_boosting
ds-gpa-ielts,37,KAPSARC,Intern (Coop- Trainee),52.33,53.58029798376397,gradient_boosting
ds-gpa-ielts,38,BSF (Banque Saudi Fransi),COOP / Internship,33.33,32.52469346269103,gradient_boosting
ds-gpa-ielts,39,Saudi Food & Drug Authority (SFDA),COOP training (First semester 2025-2026 intake),35.0,34.74798369780113,gradient_boosting
ds-gpa-ielts,40,Saudi Power Procurement Company (SPPC) – Future Power (Business Admin COOP),Future Power – Business Administration COOP Training Program,43.33,42.858052196183365,gradient_boosting
ds-gpa-ielts,41,Bank Albilad,Cooperative and Summer Training Program,43.33,42.858052196183365,gradient_boosting
ds-gpa-ielts,42,The Saudi National Bank (SNB),SNB Rowad Program,40.0,39.57360112639006,gradient_boosting
ds-gpa-ielts,43,National Cybersecurity Authority (NCA) – Academy,Cybersecurity training programs (academy),45.0,45.164301406032884,gradient_boosting
ds-gpa-ielts,44,PIF | Graduate Development Program,Graduate Development Program (GDP),55.67,56.859236302889606,gradient_boosting
ds-gpa-ielts,45,NEOM | GrOW (Graduates Opportunities in Work),GrOW (Graduates Opportunities in Work),39.33,40.71978941665889,gradient_boosting
ds-gpa-ielts,46,ROSHN | COOP Trainee Program,COOP Trainee Program,43.33,42.858052196183365,gradient_boosting
ds-gpa-ielts,47,Microsoft | Ru'aa Program (Riyadh),Ru'aa Program Internship (Solution Engineering),54.5,54.49657548009306,gradient_boosting
ds-gpa-ielts,48,Oracle | Business Development Intern (KSA market),Business Development Intern (KSA market),41.5,40.93899479505066,gradient_boosting
ds-gpa-ielts,49,SAP | Student Internship (Riyadh),Student Internship - Riyadh,50.0,49.96230983001893,gradient_boosting
ds-gpa-ielts,50,SAB (Saudi Awwal Bank) | Cooperative Training Programme (COOP),SAB Cooperative Training Programme (COOP),40.0,39.57360112639006,gradient_boosting
ds-gpa-ielts,51,Ministry of Finance (Saudi Arabia) | Cooperative Training Program,Cooperative Training Program,39.83,39.605022649836485,gradient_boosting
ds-gpa-ielts,52,Ministry of Industry and Mineral Resources | Cooperative Training,Cooperative Training Initiative,31.5,31.237356665636177,gradient_boosting
ds-gpa-ielts,53,King Fahd Causeway Authority | Internship Program,Internship Program,49.33,51.33973516126694,gradient_boosting
ds-gpa-ielts,54,Tawuniya | Tamheer Program (Fresh Graduates),Tamheer Program,50.83,49.64266467442156,gradient_boosting
ds-gpa-ielts,55,SAMA | SAMA Professional Program (SPP),SAMA Professional Program (SPP),36.5,35.96321015722499,gradient_boosting
ds-gpa-ielts,56,HRDF | Cooperative Training Product,Cooperative Training Product,31.5,31.237356665636177,gradient_boosting
ds-gpa-ielts,57,IBM,"Automation, Data & AI – Intern",51.0,50.84020479874949,gradient_boosting
ds-gpa-ielts,58,Unifonic,Internship (Unifonic),54.5,54.49657548009306,gradient_boosting
ds-gpa-ielts,59,Misk Foundation,Misk Traineeship / Internship Program,46.33,45.28709997954949,gradient_boosting
ds-gpa-ielts,60,Cisco,Cisco NetVersity (Saudi Arabia),45.83,45.93468452899059,gradient_boosting
ds-gpa-ielts,61,KAUST,Visiting Student Research Program (VSRP) Internship,43.33,43.480888135639844,gradient_boosting
ds-gpa-ielts,62,General Authority for Statistics (GASTAT),Cooperative Training Program,52.33,53.58029798376397,gradient_boosting
ds-gpa-ielts,63,Saudi Center for Opinion Polling (SCOP),Cooperative Training Program,52.33,53.58029798376397,gradient_boosting
ds-gpa-ielts,64,Al Rajhi Takaful,Cooperative Training Program,43.33,42.858052196183365,gradient_boosting
ds-gpa-ielts,65,Expenditure & Projects Efficiency Authority (EXPRO),Future Makers (صنّاع المستقبل) – Cooperative Training,40.0,39.57360112639006,gradient_boosting
ds-gpa-ielts,66,Ministry of Finance (Saudi Arabia),Cooperative Training Program (Ministry of Finance),43.33,42.858052196183365,gradient_boosting
ds-gpa-ielts,67,General Entertainment Authority (GEA),GEA Cooperative Training Program,40.0,39.57360112639006,gradient_boosting
ds-gpa-ielts,68,Banque Saudi Fransi (BSF),COOP Training,43.33,42.858052196183365,gradient_boosting
ds-gpa-ielts,69,Arab National Bank (ANB),COOP Trainee,40.0,39.57360112639006,gradient_boosting
ds-gpa-ielts,70,Tamara,Builders Program,40.0,39.57360112639006,gradient_boosting
ds-gpa-ielts,71,OmniOps,Co‑op Training Program,49.0,49.25878556480934,gradient_boosting
ds-gpa-ielts,72,Tatweer Educational Technologies (TETCO),Cooperative Training Program,47.83,48.17376265119109,gradient_boosting
ds-gpa-ielts,73,The Saudi Investment Bank (SAIB),Cooperative Program,40.0,39.57360112639006,gradient_boosting
ds-gpa-ielts,74,Saudi Awwal Bank (SAB),COOP Program,40.0,39.57360112639006,gradient_boosting
ds-gpa-ielts,75,Riyad Bank,Internships and Coop Trainings (CSR 2019),40.0,39.57360112639006,gradient_boosting
ds-gpa-ielts,76,Tabby,Intern DevOps Engineer,49.5,49.8512081730508,gradient_boosting
ds-gpa-ielts,77,Tabby,Intern Backend (GO) Engineer,52.83,54.01395337672953,gradient_boosting
ds-gpa-ielts,78,Tabby,Intern Frontend Engineer,54.5,54.49657548009306,gradient_boosting
ds-gpa-ielts,79,Tabby,Intern Data Engineer,65.67,65.9393870209852,gradient_boosting
ds-gpa-ielts,80,Tabby,No-Code / AI Agents Engineering Intern,54.5,54.49657548009306,gradient_boosting
ds-gpa-ielts,81,Bank Albilad,Cooperative Training Program,38.33,37.495260716648545,gradient_boosting
ds-gpa-ielts,82,Saudi Ground Services (SGS),COOP Program,33.33,32.52469346269103,gradient_boosting
ds-gpa-ielts,83,CEER,Cooperative Training Program (COOP),43.33,42.858052196183365,gradient_boosting
ds-gpa-ielts,84,Al Rajhi Takaful,Coop Training Program,43.33,42.858052196183365,gradient_boosting
ds-gpa-ielts,85,TAWAL,COOP Training Program,47.83,48.17376265119109,gradient_boosting
ds-gpa-ielts,86,Wakeb_Data,COOP Training,47.83,48.17376265119109,gradient_boosting
ds-gpa-ielts,87,Banque Saudi Fransi (BSF),Coop Training Program,43.33,42.858052196183365,gradient_boosting
ds-gpa-ielts,88,Tech Economy,COOP Training Program,40.0,39.57360112639006,gradient_boosting
ds-gpa-ielts,89,SAMI Advanced Electronics (SAMI-AEC),Coop Trainee,43.33,42.858052196183365,gradient_boosting
ds-gpa-ielts,90,NHC,COOP Trainee,38.33,37.495260716648545,gradient_boosting
ds-gpa-ielts,91,REMAT ADVANCED,Cooperative Training Program,47.83,48.17376265119109,gradient_boosting
ds-gpa-ielts,92,SDM,AI COOP,47.83,48.17376265119109,gradient_boosting
ds-gpa-ielts,93,HUED,HUED COOP Program 2026,47.83,48.17376265119109,gradient_boosting
ds-gpa-ielts,94,Araamis • أرامس,Araamis COOP Program 2026,52.33,53.58029798376397,gradient_boosting
ds-gpa-ielts,95,ARDARA,COOP Training for Students,43.33,42.858052196183365,gradient_boosting
ds-gpa-ielts,96,flynas,COOP Trainee / Internship Program,44.5,44.48890245478561,gradient_boosting
ds-gpa-ielts,97,Saudi Motorsport Company (SMC),COOP Trainee (IT Asset Project Management),34.5,34.43809313337674,gradient_boosting
ds-gpa-ielts,98,Saudi Motorsport Company (SMC),COOP Trainee (Supply Chain Excellence Associate),39.0,38.67982656197456,gradient_boosting
ds-gpa-ielts,99,Mobily,Cooperative Training Program,40.0,39.57360112639006,gradient_boosting
ds-gpa-ielts,100,Saudi Awwal Bank (SAB),Student Opportunities: Cooperative / Practical Training,40.0,39.57360112639006,gradient_boosting
ds-gpa-ielts,101,Alvarez & Marsal,COOP Training Program,43.33,42.858052196183365,gradient_boosting
ds-gpa-ielts,102,Visa,COOP Trainee (Jan 2026),40.0,39.57360112639006,gradient_boosting
ds-gpa-ielts,103,Zain KSA,Evolve Program (Fresh Graduates),40.0,39.57360112639006,gradient_boosting
ds-gpa-ielts,104,Zain KSA,Zain Pioneers Program,44.5,44.48890245478561,gradient_boosting
ds-gpa-ielts,105,Savvy Games Group,Cooperative Training Program (Co-op),40.0,39.57360112639006,gradient_boosting
ds-gpa-ielts,106,Bank AlJazira,Tamheer Program,40.0,39.57360112639006,gradient_boosting
ds-gpa-ielts,107,sirar by stc,Cooperative Training Program,44.5,44.48890245478561,gradient_boosting
ds-gpa-ielts,108,Gathern,Co-op Program,49.0,49.25878556480934,gradient_boosting
ds-gpa-ielts,109,Elm Company (شركة علم),Coop Training - Computer Science (Jan/Mar/Jun/Aug 2025 Intake),47.83,48.17376265119109,gradient_boosting
ds-gpa-ielts,110,Elm Company (شركة علم),Co-Op Training - Information Technology (Jun & Aug 2025 Intake),47.83,48.17376265119109,gradient_boosting
ds-gpa-ielts,111,EJADA,COOP Administration & Support Engineer,40.0,39.57360112639006,gradient_boosting
ds-gpa-ielts,112,Emdad By Elm,Network Cooperative Training (Network Intern),34.5,34.43809313337674,gradient_boosting
ds-gpa-ielts,113,AILA,Co-op Training Programme,39.5,39.759149638454424,gradient_boosting
ds-gpa-ielts,114,Foodics,Foodics 360 Internship Program,54.5,54.49657548009306,gradient_boosting
ds-gpa-ielts,115,Salla,برنامج التدريب التعاوني (Coop Training) – Salla,34.5,34.43809313337674,gradient_boosting
ds-gpa-ielts,116,Lucidya,Technical Internship or Coop – Lucidya,34.5,34.43809313337674,gradient_boosting
ds-gpa-ielts,117,Diriyah Company,Diriyah Co-op Training Program,43.33,42.858052196183365,gradient_boosting
ds-gpa-ielts,118,Riyadh Air,Co-op – Riyadh Air,43.33,42.858052196183365,gradient_boosting
ds-gpa-ielts,119,Jahez Group,Jahez Internship Program (as described in Sustainability Report),50.0,49.96230983001893,gradient_boosting
ds-gpa-ielts,120,Lumi | لومي,COOP Intern 2025 – Lumi,43.33,42.858052196183365,gradient_boosting
ds-gpa-ielts,121,webook.com,COOP Trainee Opportunities – webook.com,40.0,39.57360112639006,gradient_boosting
ds-gpa-ielts,122,moneymoon,Tech & AI Co-op Program 2025,47.83,48.17376265119109,gradient_boosting
ds-gpa-ielts,123,EjadTech - إيجاد التقنية,"Summer Internship Program 2025 (Computer, Data, and AI Majors)",58.83,59.67309831268072,gradient_boosting
ds-gpa-ielts,124,InnovationTeam,Java Microservices Internship Programme (Saudi Nationals),54.33,55.15451334147856,gradient_boosting
ds-gpa-ielts,125,Tamkeen Technologies,On the Job Training (Internship Program) — Technology field,54.5,54.49657548009306,gradient_boosting
ds-gpa-ielts,126,Trendyol Group,Trendyol Tech Talent - Bootcamp & COOP Internship Program (Saudi Students Only),41.0,41.15420167910794,gradient_boosting
ds-gpa-ielts,127,Ninja نينجا,COOP Training Program,41.0,41.15420167910794,gradient_boosting
ds-gpa-ielts,128,SCAI | سكاي,CO-OP Training Opportunities (Intern),51.17,51.06683447534211,gradient_boosting
ds-gpa-ielts,129,WalaPlus,Coop & Tamheer Opportunities,44.5,44.48890245478561,gradient_boosting
ds-gpa-ielts,130,Aon,IT Co-op Trainee 2026,44.5,44.48890245478561,gradient_boosting
ds-gpa-ielts,131,Hewlett Packard Enterprise (HPE),College Intern (Coop),44.5,44.48890245478561,gradient_boosting
ds-gpa-ielts,132,Signify,KSA Coop Internship Program,44.5,44.48890245478561,gradient_boosting
ds-gpa-ielts,133,Help AG (e& enterprise),Cybersecurity Intern,50.0,49.96230983001893,gradient_boosting
ds-gpa-ielts,134,TrendAI (Trend Micro),CyberGATE Internship Program,54.5,54.49657548009306,gradient_boosting
ds-gpa-ielts,135,Golf Saudi,IT Co-op Trainee,44.5,44.48890245478561,gradient_boosting
ds-gpa-ielts,136,Siemens Healthineers,Healthineers Early Talent Program – IT (Riyadh),54.5,54.49657548009306,gradient_boosting
ds-gpa-ielts,137,1957 Ventures,Internship / Co-Op Program,47.83,48.17376265119109,gradient_boosting
ds-gpa-ielts,138,Nokia,Graduate Trainee (Saudi Arabia) – Fledgers Program,52.33,53.58029798376397,gradient_boosting
ds-gpa-ielts,139,Ericsson,Summer Interns (Ericsson Saudi),54.5,54.49657548009306,gradient_boosting
ds-gpa-ielts,140,Bosch Middle East,Software Development Intern (AI/Cloud),62.33,62.45888776852174,gradient_boosting
ds-gpa-ielts,141,Saudi Payments | المدفوعات السعودية,COOP Training – August 2024,52.33,53.58029798376397,gradient_boosting
ds-gpa-ielts,142,Saudi Tadawul Group | تداول,Cooperative Training Program (COOP),47.83,48.17376265119109,gradient_boosting
ds-gpa-ielts,143,Lean Technologies,Software Engineering Intern – KSA,61.17,61.44344972409985,gradient_boosting
ds-gpa-ielts,144,Mirai (Scopely) | مِراي,AI Engineering Intern (GenAI),57.83,58.26309556876084,gradient_boosting
ds-gpa-ielts,145,HungerStation | هنقرستيشن,"Co-OP Trainee, Data Analysis – Info Sec",55.67,56.859236302889606,gradient_boosting
ds-gpa-ielts,146,NCGR | المركز الوطني لنظم الموارد الحكومية,Coop Training Program,47.83,48.17376265119109,gradient_boosting
ds-gpa-ielts,147,nybl,nybl Graduate Programme – Saudi Nationals (AI Bootcamp),40.0,39.57360112639006,gradient_boosting
ds-gpa-ielts,148,Procter & Gamble (P&G),P&G LEADgen Internship Program 2026 (Riyadh),54.5,54.49657548009306,gradient_boosting
ds-gpa-ielts,149,New Murabba | المربع الجديد,New Murabba Co-op Training Program,47.83,48.17376265119109,gradient_boosting
ds-gpa-ielts,150,Boeing Saudi Arabia Limited,Intern - Info Technology & Data Analytics (Riyadh),59.0,58.563748549646,gradient_boosting
ds-gpa-ielts,151,Motorola Solutions,Deployment Engineer Intern (KSA National - Tamheer Program),44.5,44.48890245478561,gradient_boosting
ds-gpa-ielts,152,Schneider Electric,Co-op Intern (Engineering) - Al Khobar (Jan–Aug 2026),34.5,34.43809313337674,gradient_boosting
ds-gpa-ielts,153,Lockheed Martin,Tamheer Space Internship (Riyadh),44.5,44.48890245478561,gradient_boosting
ds-gpa-ielts,154,Markaba | مركبة,Start-up Software Intern – TAMHEER (Saudi nationals only),41.0,41.15420167910794,gradient_boosting
ds-gpa-ielts,155,Laverne Group | مجموعة لافيرن,Data Analyst / Data Engineer Intern (IT Department),68.33,67.73395571738214,gradient_boosting
ds-gpa-ielts,156,Meel | ميل,"Software Developer Internship (Remote, min 2 months)",44.5,44.335192582498735,gradient_boosting
ds-gpa-ielts,157,Nahdi Medical Co.,IT Internship / COOP Program (6 months),39.5,39.27084509360062,gradient_boosting
ds-gpa-ielts,158,SMART Technology Solutions | سمارت لحلول التقنية,R&D Intern (Riyadh),54.5,54.49657548009306,gradient_boosting
ds-gpa-ielts,159,Knodemy Inc.,AI Developer & Tech Trainer Intern - Riyadh,57.83,58.26309556876084,gradient_boosting
ds-gpa-ielts,160,Water Transmission Company | شركة نقل المياه,Tamheer Internship Program (HRIS / Engineering & PM - Riyadh),44.5,44.48890245478561,gradient_boosting
ds-gpa-ielts,161,AFNOYS,"AI Automation Intern - KSA (Remote, 4 weeks)",44.5,44.335192582498735,gradient_boosting
ds-gpa-ielts,162,SAS,CareerStart@SAS 2026 - Presales Customer Intelligence Intern (Riyadh),57.5,57.091269464898126,gradient_boosting
ds-gpa-ielts,163,Devoteam,Trainee - Future Leaders Program (Co-op/Fresh Graduate),44.33,45.43969585060837,gradient_boosting
ds-gpa-ielts,164,ضالتي Dhallaty,Tech Intern: Fresh Grad or Student,53.0,53.34793230799481,gradient_boosting
ds-gpa-ielts,165,Innovative Solutions SA,Presales - Tamheer,36.5,35.96321015722499,gradient_boosting
ds-gpa-ielts,166,HUMAIN,Tamheer Program (Software Engineer / Cybersecurity / MIS),41.0,41.15420167910794,gradient_boosting
ds-gpa-ielts,167,TAM | تام,"Tamheer Opportunity, Advisory",36.5,35.96321015722499,gradient_boosting
ds-gpa-ielts,168,هيئة التأمين | Insurance Authority,Tamheer Opportunity - Specialist of Information Security,36.5,35.96321015722499,gradient_boosting
ds-gpa-ielts,169,Snbla | سنبله,Paid Internship Program (FinTech),53.0,53.34793230799481,gradient_boosting
ds-gpa-ielts,170,2P Perfect Presentation,Data Analyst (Tamheer),51.5,51.51966931600983,gradient_boosting
ds-gpa-ielts,171,Infosys,Summer Intern (Infosys InStep ’26 – Bangalore),43.0,42.46285675584784,gradient_boosting
ds-gpa-ielts,172,شركة الخدمات المدارة | Managed Services Company,Intern Cybersecurity Engineer,51.0,50.84020479874949,gradient_boosting
ds-gpa-ielts,173,Abunayyan Holding,Data Analyst (Tamheer),51.5,51.51966931600983,gradient_boosting
de-cloud-dammam,1,Saudi Aramco,University Internship Program (UIP),40.5,40.25669065867172,gradient_boosting
de-cloud-dammam,2,SABIC,COOP Training Program,36.5,38.77147108710747,gradient_boosting
de-cloud-dammam,3,stc (Saudi Telecom Company),Cooperative Training Program (COOP),33.5,35.63411930160582,gradient_boosting
de-cloud-dammam,4,Saudi National Bank (SNB),SNB Cooperative Training Program,38.5,40.441955629293446,gradient_boosting
de-cloud-dammam,5,Al Rajhi Bank,Cooperative Training Program,38.5,40.441955629293446,gradient_boosting
de-cloud-dammam,6,Capital Market Authority (CMA),COOP Program,33.5,35.63411930160582,gradient_boosting
de-cloud-dammam,7,Digital Government Authority (DGA),Maidan Cooperative Training Program,33.5,35.63411930160582,gradient_boosting
de-cloud-dammam,8,KPMG Saudi Arabia,COOP & Internship Programs,38.5,40.441955629293446,gradient_boosting
de-cloud-dammam,9,PwC Middle East,"Deals, COOP and Summer Internship Programme (2026)",38.0,39.35374528824776,gradient_boosting
de-cloud-dammam,10,Deloitte Middle East (KSA),Jusoor Al Sharqiyah Internship Program,49.5,47.741301907596366,gradient_boosting
de-cloud-dammam,11,Bank Albilad,Cooperative & Summer Training Program,47.5,47.562499357724725,gradient_boosting
de-cloud-dammam,12,Tamara,Tamara Builders Program,42.5,43.11161251904034,gradient_boosting
de-cloud-dammam,13,Bupa Arabia,Cooperative Training Program,33.5,35.63411930160582,gradient_boosting
de-cloud-dammam,14,Saudi Exports (Saudi Export Development Authority),COOP & Summer Training (FAQ-confirmed),38.5,40.441955629293446,gradient_boosting
de-cloud-dammam,15,Local Content and Government Procurement Authority (LCGPA),COOP Training (role posting),33.5,35.63411930160582,gradient_boosting
de-cloud-dammam,16,McKinsey & Company (Maqdira),Maqdira Fellowship Program,38.0,39.35374528824776,gradient_boosting
de-cloud-dammam,17,Boston Consulting Group (BCG),Visiting Associate Internship (Riyadh),33.5,35.63411930160582,gradient_boosting
de-cloud-dammam,18,Bain & Company,COOP Training Program (Riyadh),33.5,35.63411930160582,gradient_boosting
de-cloud-dammam,19,Amazon Web Services (AWS),IT/Computer Hardware Internship (Intern-to-FTE Pathway),42.5,43.11161251904034,gradient_boosting
de-cloud-dammam,20,Amazon Web Services (AWS) - Associate Solutions Architect Intern,Associate Solutions Architect Intern (2026),49.17,51.31099273622711,gradient_boosting
de-cloud-dammam,21,Google (Saudi Arabia),Google Careers (Saudi location filter),39.0,38.67982656197456,gradient_boosting
de-cloud-dammam,22,BlackRock,Client & Product Summer Internship Programme (EMEA) - includes Riyadh,44.67,47.148450469792806,gradient_boosting
de-cloud-dammam,23,noon,Student Internship,33.5,35.63411930160582,gradient_boosting
de-cloud-dammam,24,MOZN,Data Science Intern,51.33,54.875720108870134,gradient_boosting
de-cloud-dammam,25,Elm,Elm Co-op Training Program (March 2026 Intake),33.5,35.63411930160582,gradient_boosting
de-cloud-dammam,26,Yasref,Yasref Cooperative Training Program,45.5,45.7429036160139,gradient_boosting
de-cloud-dammam,27,"Saudi Standards, Metrology and Quality Organization (SASO)",Cooperative Training (Collaborative Training),42.5,43.11161251904034,gradient_boosting
de-cloud-dammam,28,"Zakat, Tax and Customs Authority (ZATCA)",Binaa-Alkafaat Program,33.5,33.76925292300597,gradient_boosting
de-cloud-dammam,29,Human Resources Development Fund (HRDF) – Cooperative Training Product,Cooperative Training (HRDF product),15.5,14.98498316806595,gradient_boosting
de-cloud-dammam,30,EXPRO,COOP Training (Future Makers Program),33.5,35.63411930160582,gradient_boosting
de-cloud-dammam,31,Ministry of Industry and Mineral Resources (MIM) – Cooperative Training Initiative,Cooperative Training Initiative,15.5,14.98498316806595,gradient_boosting
de-cloud-dammam,32,TBC (The Beauty Company),Cooperative Training Program,38.5,40.441955629293446,gradient_boosting
de-cloud-dammam,33,National Center for Vegetation Cover Development & Combating Desertification (NCVC),COOP Training Program,33.5,35.63411930160582,gradient_boosting
de-cloud-dammam,34,Saudi Power Procurement Company (SPPC),Future Power – COOP Training Program,33.5,35.63411930160582,gradient_boosting
de-cloud-dammam,35,TBC (Tatweer Building Company),Cooperative Training Program,33.5,35.63411930160582,gradient_boosting
de-cloud-dammam,36,PwC Middle East (Assurance COOP & Summer Internship Programme 2026),"Assurance, COOP and Summer Internship Programme 2026 – Middle East",38.0,39.35374528824776,gradient_boosting
de-cloud-dammam,37,KAPSARC,Intern (Coop- Trainee),42.5,43.11161251904034,gradient_boosting
de-cloud-dammam,38,BSF (Banque Saudi Fransi),COOP / Internship,33.5,35.63411930160582,gradient_boosting
de-cloud-dammam,39,Saudi Food & Drug Authority (SFDA),COOP training (First semester 2025-2026 intake),38.5,40.441955629293446,gradient_boosting
de-cloud-dammam,40,Saudi Power Procurement Company (SPPC) – Future Power (Business Admin COOP),Future Power – Business Administration COOP Training Program,33.5,35.63411930160582,gradient_boosting
de-cloud-dammam,41,Bank Albilad,Cooperative and Summer Training Program,33.5,35.63411930160582,gradient_boosting
de-cloud-dammam,42,The Saudi National Bank (SNB),SNB Rowad Program,28.5,28.929537737933536,gradient_boosting
de-cloud-dammam,43,National Cybersecurity Authority (NCA) – Academy,Cybersecurity training programs (academy),38.5,38.77369853100191,gradient_boosting
de-cloud-dammam,44,PIF | Graduate Development Program,Graduate Development Program (GDP),39.67,39.732712081497596,gradient_boosting
de-cloud-dammam,45,NEOM | GrOW (Graduates Opportunities in Work),GrOW (Graduates Opportunities in Work),40.5,39.97693931237564,gradient_boosting
de-cloud-dammam,46,ROSHN | COOP Trainee Program,COOP Trainee Program,33.5,35.63411930160582,gradient_boosting
de-cloud-dammam,47,Microsoft | Ru'aa Program (Riyadh),Ru'aa Program Internship (Solution Engineering),42.5,43.11161251904034,gradient_boosting
de-cloud-dammam,48,Oracle | Business Development Intern (KSA market),Business Development Intern (KSA market),36.5,37.910059371923666,gradient_boosting
de-cloud-dammam,49,SAP | Student Internship (Riyadh),Student Internship - Riyadh,33.5,35.63411930160582,gradient_boosting
de-cloud-dammam,50,SAB (Saudi Awwal Bank) | Cooperative Training Programme (COOP),SAB Cooperative Training Programme (COOP),33.5,35.63411930160582,gradient_boosting
de-cloud-dammam,51,Ministry of Finance (Saudi Arabia) | Cooperative Training Program,Cooperative Training Program,31.5,33.391160727943614,gradient_boosting
de-cloud-dammam,52,Ministry of Industry and Mineral Resources | Cooperative Training,Cooperative Training Initiative,36.5,37.910059371923666,gradient_boosting
de-cloud-dammam,53,King Fahd Causeway Authority | Internship Program,Internship Program,45.5,45.2796638915193,gradient_boosting
de-cloud-dammam,54,Tawuniya | Tamheer Program (Fresh Graduates),Tamheer Program,40.5,40.08422800610739,gradient_boosting
de-cloud-dammam,55,SAMA | SAMA Professional Program (SPP),SAMA Professional Program (SPP),26.5,26.672339656130042,gradient_boosting
de-cloud-dammam,56,HRDF | Cooperative Training Product,Cooperative Training Product,36.5,37.910059371923666,gradient_boosting
de-cloud-dammam,57,IBM,"Automation, Data & AI – Intern",40.5,40.818551612355705,gradient_boosting
de-cloud-dammam,58,Unifonic,Internship (Unifonic),38.0,39.35374528824776,gradient_boosting
de-cloud-dammam,59,Misk Foundation,Misk Traineeship / Internship Program,31.5,33.17621635121257,gradient_boosting
de-cloud-dammam,60,Cisco,Cisco NetVersity (Saudi Arabia),41.0,41.031544621971484,gradient_boosting
de-cloud-dammam,61,KAUST,Visiting Student Research Program (VSRP) Internship,33.5,35.63411930160582,gradient_boosting
de-cloud-dammam,62,General Authority for Statistics (GASTAT),Cooperative Training Program,44.67,47.148450469792806,gradient_boosting
de-cloud-dammam,63,Saudi Center for Opinion Polling (SCOP),Cooperative Training Program,44.67,47.148450469792806,gradient_boosting
de-cloud-dammam,64,Al Rajhi Takaful,Cooperative Training Program,33.5,35.63411930160582,gradient_boosting
de-cloud-dammam,65,Expenditure & Projects Efficiency Authority (EXPRO),Future Makers (صنّاع المستقبل) – Cooperative Training,33.5,35.63411930160582,gradient_boosting
de-cloud-dammam,66,Ministry of Finance (Saudi Arabia),Cooperative Training Program (Ministry of Finance),33.5,35.63411930160582,gradient_boosting
de-cloud-dammam,67,General Entertainment Authority (GEA),GEA Cooperative Training Program,33.5,35.63411930160582,gradient_boosting
de-cloud-dammam,68,Banque Saudi Fransi (BSF),COOP Training,33.5,35.63411930160582,gradient_boosting
de-cloud-dammam,69,Arab National Bank (ANB),COOP Trainee,33.5,35.63411930160582,gradient_boosting
de-cloud-dammam,70,Tamara,Builders Program,33.5,35.63411930160582,gradient_boosting
de-cloud-dammam,71,OmniOps,Co‑op Training Program,42.5,43.11161251904034,gradient_boosting
de-cloud-dammam,72,Tatweer Educational Technologies (TETCO),Cooperative Training Program,42.5,43.11161251904034,gradient_boosting
de-cloud-dammam,73,The Saudi Investment Bank (SAIB),Cooperative Program,33.5,35.63411930160582,gradient_boosting
de-cloud-dammam,74,Saudi Awwal Bank (SAB),COOP Program,33.5,35.63411930160582,gradient_boosting
de-cloud-dammam,75,Riyad Bank,Internships and Coop Trainings (CSR 2019),33.5,35.63411930160582,gradient_boosting
de-cloud-dammam,76,Tabby,Intern DevOps Engineer,47.5,47.562499357724725,gradient_boosting
de-cloud-dammam,77,Tabby,Intern Backend (GO) Engineer,54.17,55.42567606359407,gradient_boosting
de-cloud-dammam,78,Tabby,Intern Frontend Engineer,42.5,43.11161251904034,gradient_boosting
de-cloud-dammam,79,Tabby,Intern Data Engineer,61.83,63.771127910167955,gradient_boosting
de-cloud-dammam,80,Tabby,No-Code / AI Agents Engineering Intern,42.5,43.11161251904034,gradient_boosting
de-cloud-dammam,81,Bank Albilad,Cooperative Training Program,38.5,40.441955629293446,gradient_boosting
de-cloud-dammam,82,Saudi Ground Services (SGS),COOP Program,33.5,35.63411930160582,gradient_boosting
de-cloud-dammam,83,CEER,Cooperative Training Program (COOP),33.5,35.63411930160582,gradient_boosting
de-cloud-dammam,84,Al Rajhi Takaful,Coop Training Program,33.5,35.63411930160582,gradient_boosting
de-cloud-dammam,85,TAWAL,COOP Training Program,42.5,43.11161251904034,gradient_boosting
de-cloud-dammam,86,Wakeb_Data,COOP Training,42.5,43.11161251904034,gradient_boosting
de-cloud-dammam,87,Banque Saudi Fransi (BSF),Coop Training Program,33.5,35.63411930160582,gradient_boosting
de-cloud-dammam,88,Tech Economy,COOP Training Program,33.5,35.63411930160582,gradient_boosting
de-cloud-dammam,89,SAMI Advanced Electronics (SAMI-AEC),Coop Trainee,33.5,35.63411930160582,gradient_boosting
de-cloud-dammam,90,NHC,COOP Trainee,38.5,40.441955629293446,gradient_boosting
de-cloud-dammam,91,REMAT ADVANCED,Cooperative Training Program,42.5,43.11161251904034,gradient_boosting
de-cloud-dammam,92,SDM,AI COOP,44.67,47.148450469792806,gradient_boosting
de-cloud-dammam,93,HUED,HUED COOP Program 2026,42.5,43.11161251904034,gradient_boosting
de-cloud-dammam,94,Araamis • أرامس,Araamis COOP Program 2026,42.5,43.11161251904034,gradient_boosting
de-cloud-dammam,95,ARDARA,COOP Training for Students,33.5,35.63411930160582,gradient_boosting
de-cloud-dammam,96,flynas,COOP Trainee / Internship Program,38.0,39.35374528824776,gradient_boosting
de-cloud-dammam,97,Saudi Motorsport Company (SMC),COOP Trainee (IT Asset Project Management),38.0,39.35374528824776,gradient_boosting
de-cloud-dammam,98,Saudi Motorsport Company (SMC),COOP Trainee (Supply Chain Excellence Associate),38.0,39.35374528824776,gradient_boosting
de-cloud-dammam,99,Mobily,Cooperative Training Program,33.5,35.63411930160582,gradient_boosting
de-cloud-dammam,100,Saudi Awwal Bank (SAB),Student Opportunities: Cooperative / Practical Training,33.5,35.63411930160582,gradient_boosting
de-cloud-dammam,101,Alvarez & Marsal,COOP Training Program,33.5,35.63411930160582,gradient_boosting
de-cloud-dammam,102,Visa,COOP Trainee (Jan 2026),33.5,35.63411930160582,gradient_boosting
de-cloud-dammam,103,Zain KSA,Evolve Program (Fresh Graduates),28.5,28.929537737933536,gradient_boosting
de-cloud-dammam,104,Zain KSA,Zain Pioneers Program,37.5,37.38063332531635,gradient_boosting
de-cloud-dammam,105,Savvy Games Group,Cooperative Training Program (Co-op),33.5,35.63411930160582,gradient_boosting
de-cloud-dammam,106,Bank AlJazira,Tamheer Program,28.5,28.929537737933536,gradient_boosting
de-cloud-dammam,107,sirar by stc,Cooperative Training Program,42.5,43.11161251904034,gradient_boosting
de-cloud-dammam,108,Gathern,Co-op Program,42.5,43.11161251904034,gradient_boosting
de-cloud-dammam,109,Elm Company (شركة علم),Coop Training - Computer Science (Jan/Mar/Jun/Aug 2025 Intake),38.0,39.35374528824776,gradient_boosting
de-cloud-dammam,110,Elm Company (شركة علم),Co-Op Training - Information Technology (Jun & Aug 2025 Intake),38.0,39.35374528824776,gradient_boosting
de-cloud-dammam,111,EJADA,COOP Administration & Support Engineer,33.5,35.63411930160582,gradient_boosting
de-cloud-dammam,112,Emdad By Elm,Network Cooperative Training (Network Intern),42.5,43.11161251904034,gradient_boosting
de-cloud-dammam,113,AILA,Co-op Training Programme,43.0,43.76184964888003,gradient_boosting
de-cloud-dammam,114,Foodics,Foodics 360 Internship Program,38.0,39.35374528824776,gradient_boosting
de-cloud-dammam,115,Salla,برنامج التدريب التعاوني (Coop Training) – Salla,38.0,39.35374528824776,gradient_boosting
de-cloud-dammam,116,Lucidya,Technical Internship or Coop – Lucidya,38.0,39.35374528824776,gradient_boosting
de-cloud-dammam,117,Diriyah Company,Diriyah Co-op Training Program,33.5,35.63411930160582,gradient_boosting
de-cloud-dammam,118,Riyadh Air,Co-op – Riyadh Air,33.5,35.63411930160582,gradient_boosting
de-cloud-dammam,119,Jahez Group,Jahez Internship Program (as described in Sustainability Report),33.5,35.63411930160582,gradient_boosting
de-cloud-dammam,120,Lumi | لومي,COOP Intern 2025 – Lumi,33.5,35.63411930160582,gradient_boosting
de-cloud-dammam,121,webook.com,COOP Trainee Opportunities – webook.com,33.5,35.63411930160582,gradient_boosting
de-cloud-dammam,122,moneymoon,Tech & AI Co-op Program 2025,49.17,51.31099273622711,gradient_boosting
de-cloud-dammam,123,EjadTech - إيجاد التقنية,"Summer Internship Program 2025 (Computer, Data, and AI Majors)",47.17,48.83925763740517,gradient_boosting
de-cloud-dammam,124,InnovationTeam,Java Microservices Internship Programme (Saudi Nationals),47.17,48.83925763740517,gradient_boosting
de-cloud-dammam,125,Tamkeen Technologies,On the Job Training (Internship Program) — Technology field,38.0,39.35374528824776,gradient_boosting
de-cloud-dammam,126,Trendyol Group,Trendyol Tech Talent - Bootcamp & COOP Internship Program (Saudi Students Only),36.0,37.159660308076795,gradient_boosting
de-cloud-dammam,127,Ninja نينجا,COOP Training Program,36.0,37.159660308076795,gradient_boosting
de-cloud-dammam,128,SCAI | سكاي,CO-OP Training Opportunities (Intern),49.17,51.31099273622711,gradient_boosting
de-cloud-dammam,129,WalaPlus,Coop & Tamheer Opportunities,42.5,43.11161251904034,gradient_boosting
de-cloud-dammam,130,Aon,IT Co-op Trainee 2026,42.5,43.11161251904034,gradient_boosting
de-cloud-dammam,131,Hewlett Packard Enterprise (HPE),College Intern (Coop),42.5,43.11161251904034,gradient_boosting
de-cloud-dammam,132,Signify,KSA Coop Internship Program,42.5,43.11161251904034,gradient_boosting
de-cloud-dammam,133,Help AG (e& enterprise),Cybersecurity Intern,33.5,35.63411930160582,gradient_boosting
de-cloud-dammam,134,TrendAI (Trend Micro),CyberGATE Internship Program,42.5,43.11161251904034,gradient_boosting
de-cloud-dammam,135,Golf Saudi,IT Co-op Trainee,42.5,43.11161251904034,gradient_boosting
de-cloud-dammam,136,Siemens Healthineers,Healthineers Early Talent Program – IT (Riyadh),42.5,43.11161251904034,gradient_boosting
de-cloud-dammam,137,1957 Ventures,Internship / Co-Op Program,42.5,43.11161251904034,gradient_boosting
de-cloud-dammam,138,Nokia,Graduate Trainee (Saudi Arabia) – Fledgers Program,44.17,44.645991612678344,gradient_boosting
de-cloud-dammam,139,Ericsson,Summer Interns (Ericsson Saudi),38.0,39.35374528824776,gradient_boosting
de-cloud-dammam,140,Bosch Middle East,Software Development Intern (AI/Cloud),49.17,51.31099273622711,gradient_boosting
de-cloud-dammam,141,Saudi Payments | المدفوعات السعودية,COOP Training – August 2024,38.0,39.35374528824776,gradient_boosting
de-cloud-dammam,142,Saudi Tadawul Group | تداول,Cooperative Training Program (COOP),42.5,43.11161251904034,gradient_boosting
de-cloud-dammam,143,Lean Technologies,Software Engineering Intern – KSA,55.83,58.469968923687944,gradient_boosting
de-cloud-dammam,144,Mirai (Scopely) | مِراي,AI Engineering Intern (GenAI),49.17,51.31099273622711,gradient_boosting
de-cloud-dammam,145,HungerStation | هنقرستيشن,"Co-OP Trainee, Data Analysis – Info Sec",51.33,54.875720108870134,gradient_boosting
de-cloud-dammam,146,NCGR | المركز الوطني لنظم الموارد الحكومية,Coop Training Program,38.0,39.35374528824776,gradient_boosting
de-cloud-dammam,147,nybl,nybl Graduate Programme – Saudi Nationals (AI Bootcamp),28.5,28.929537737933536,gradient_boosting
de-cloud-dammam,148,Procter & Gamble (P&G),P&G LEADgen Internship Program 2026 (Riyadh),38.0,39.35374528824776,gradient_boosting
de-cloud-dammam,149,New Murabba | المربع الجديد,New Murabba Co-op Training Program,42.5,43.11161251904034,gradient_boosting
de-cloud-dammam,150,Boeing Saudi Arabia Limited,Intern - Info Technology & Data Analytics (Riyadh),38.0,39.35374528824776,gradient_boosting
de-cloud-dammam,151,Motorola Solutions,Deployment Engineer Intern (KSA National - Tamheer Program),42.5,43.11161251904034,gradient_boosting
de-cloud-dammam,152,Schneider Electric,Co-op Intern (Engineering) - Al Khobar (Jan–Aug 2026),49.5,47.741301907596366,gradient_boosting
de-cloud-dammam,153,Lockheed Martin,Tamheer Space Internship (Riyadh),42.5,43.11161251904034,gradient_boosting
de-cloud-dammam,154,Markaba | مركبة,Start-up Software Intern – TAMHEER (Saudi nationals only),40.5,40.818551612355705,gradient_boosting
de-cloud-dammam,155,Laverne Group | مجموعة لافيرن,Data Analyst / Data Engineer Intern (IT Department),55.17,57.14207664394173,gradient_boosting
de-cloud-dammam,156,Meel | ميل,"Software Developer Internship (Remote, min 2 months)",47.5,47.562499357724725,gradient_boosting
de-cloud-dammam,157,Nahdi Medical Co.,IT Internship / COOP Program (6 months),43.0,43.76184964888003,gradient_boosting
de-cloud-dammam,158,SMART Technology Solutions | سمارت لحلول التقنية,R&D Intern (Riyadh),42.5,43.11161251904034,gradient_boosting
de-cloud-dammam,159,Knodemy Inc.,AI Developer & Tech Trainer Intern - Riyadh,49.17,51.31099273622711,gradient_boosting
de-cloud-dammam,160,Water Transmission Company | شركة نقل المياه,Tamheer Internship Program (HRIS / Engineering & PM - Riyadh),42.5,43.11161251904034,gradient_boosting
de-cloud-dammam,161,AFNOYS,"AI Automation Intern - KSA (Remote, 4 weeks)",43.0,43.76184964888003,gradient_boosting
de-cloud-dammam,162,SAS,CareerStart@SAS 2026 - Presales Customer Intelligence Intern (Riyadh),39.5,40.11481697574019,gradient_boosting
de-cloud-dammam,163,Devoteam,Trainee - Future Leaders Program (Co-op/Fresh Graduate),40.5,40.818551612355705,gradient_boosting
de-cloud-dammam,164,ضالتي Dhallaty,Tech Intern: Fresh Grad or Student,39.5,40.11481697574019,gradient_boosting
de-cloud-dammam,165,Innovative Solutions SA,Presales - Tamheer,31.5,33.391160727943614,gradient_boosting
de-cloud-dammam,166,HUMAIN,Tamheer Program (Software Engineer / Cybersecurity / MIS),40.5,40.818551612355705,gradient_boosting
de-cloud-dammam,167,TAM | تام,"Tamheer Opportunity, Advisory",10.5,10.44407559750457,gradient_boosting
de-cloud-dammam,168,هيئة التأمين | Insurance Authority,Tamheer Opportunity - Specialist of Information Security,31.5,33.391160727943614,gradient_boosting
de-cloud-dammam,169,Snbla | سنبله,Paid Internship Program (FinTech),39.5,40.11481697574019,gradient_boosting
de-cloud-dammam,170,2P Perfect Presentation,Data Analyst (Tamheer),36.0,37.159660308076795,gradient_boosting
de-cloud-dammam,171,Infosys,Summer Intern (Infosys InStep ’26 – Bangalore),36.5,38.77147108710747,gradient_boosting
de-cloud-dammam,172,شركة الخدمات المدارة | Managed Services Company,Intern Cybersecurity Engineer,40.5,40.818551612355705,gradient_boosting
de-cloud-dammam,173,Abunayyan Holding,Data Analyst (Tamheer),36.0,37.159660308076795,gradient_boosting
ce-network-dhahran,1,Saudi Aramco,University Internship Program (UIP),50.0,49.96230983001893,gradient_boosting
ce-network-dhahran,2,SABIC,COOP Training Program,43.0,42.46285675584784,gradient_boosting
ce-network-dhahran,3,stc (Saudi Telecom Company),Cooperative Training Program (COOP),40.0,39.91702287059091,gradient_boosting
ce-network-dhahran,4,Saudi National Bank (SNB),SNB Cooperative Training Program,45.0,44.961404517352626,gradient_boosting
ce-network-dhahran,5,Al Rajhi Bank,Cooperative Training Program,45.0,44.961404517352626,gradient_boosting
ce-network-dhahran,6,Capital Market Authority (CMA),COOP Program,40.0,39.91702287059091,gradient_boosting
ce-network-dhahran,7,Digital Government Authority (DGA),Maidan Cooperative Training Program,40.0,39.91702287059091,gradient_boosting
ce-network-dhahran,8,KPMG Saudi Arabia,COOP & Internship Programs,45.0,44.961404517352626,gradient_boosting
ce-network-dhahran,9,PwC Middle East,"Deals, COOP and Summer Internship Programme (2026)",44.5,44.24476557454932,gradient_boosting
ce-network-dhahran,10,Deloitte Middle East (KSA),Jusoor Al Sharqiyah Internship Program,52.0,51.04313481135411,gradient_boosting
ce-network-dhahran,11,Bank Albilad,Cooperative & Summer Training Program,60.0,58.90735955620171,gradient_boosting
ce-network-dhahran,12,Tamara,Tamara Builders Program,49.0,49.2458681498855,gradient_boosting
ce-network-dhahran,13,Bupa Arabia,Cooperative Training Program,40.0,39.91702287059091,gradient_boosting
ce-network-dhahran,14,Saudi Exports (Saudi Export Development Authority),COOP & Summer Training (FAQ-confirmed),45.0,44.961404517352626,gradient_boosting
ce-network-dhahran,15,Local Content and Government Procurement Authority (LCGPA),COOP Training (role posting),40.0,39.91702287059091,gradient_boosting
ce-network-dhahran,16,McKinsey & Company (Maqdira),Maqdira Fellowship Program,44.5,44.24476557454932,gradient_boosting
ce-network-dhahran,17,Boston Consulting Group (BCG),Visiting Associate Internship (Riyadh),40.0,39.91702287059091,gradient_boosting
ce-network-dhahran,18,Bain & Company,COOP Training Program (Riyadh),40.0,39.91702287059091,gradient_boosting
ce-network-dhahran,19,Amazon Web Services (AWS),IT/Computer Hardware Internship (Intern-to-FTE Pathway),55.0,53.527465798715625,gradient_boosting
ce-network-dhahran,20,Amazon Web Services (AWS) - Associate Solutions Architect Intern,Associate Solutions Architect Intern (2026),45.0,44.03653771611606,gradient_boosting
ce-network-dhahran,21,Google (Saudi Arabia),Google Careers (Saudi location filter),33.0,33.30379760750649,gradient_boosting
ce-network-dhahran,22,BlackRock,Client & Product Summer Internship Programme (EMEA) - includes Riyadh,34.5,34.43809313337674,gradient_boosting
ce-network-dhahran,23,noon,Student Internship,30.0,30.123849072627262,gradient_boosting
ce-network-dhahran,24,MOZN,Data Science Intern,34.5,34.43809313337674,gradient_boosting
ce-network-dhahran,25,Elm,Elm Co-op Training Program (March 2026 Intake),40.0,39.91702287059091,gradient_boosting
ce-network-dhahran,26,Yasref,Yasref Cooperative Training Program,58.0,56.57211923771187,gradient_boosting
ce-network-dhahran,27,"Saudi Standards, Metrology and Quality Organization (SASO)",Cooperative Training (Collaborative Training),55.0,53.71553703819244,gradient_boosting
ce-network-dhahran,28,"Zakat, Tax and Customs Authority (ZATCA)",Binaa-Alkafaat Program,35.0,34.74798369780113,gradient_boosting
ce-network-dhahran,29,Human Resources Development Fund (HRDF) – Cooperative Training Product,Cooperative Training (HRDF product),20.5,20.59421780810066,gradient_boosting
ce-network-dhahran,30,EXPRO,COOP Training (Future Makers Program),40.0,39.91702287059091,gradient_boosting
ce-network-dhahran,31,Ministry of Industry and Mineral Resources (MIM) – Cooperative Training Initiative,Cooperative Training Initiative,20.5,20.59421780810066,gradient_boosting
ce-network-dhahran,32,TBC (The Beauty Company),Cooperative Training Program,45.0,44.961404517352626,gradient_boosting
ce-network-dhahran,33,National Center for Vegetation Cover Development & Combating Desertification (NCVC),COOP Training Program,40.0,39.91702287059091,gradient_boosting
ce-network-dhahran,34,Saudi Power Procurement Company (SPPC),Future Power – COOP Training Program,40.0,39.91702287059091,gradient_boosting
ce-network-dhahran,35,TBC (Tatweer Building Company),Cooperative Training Program,40.0,39.91702287059091,gradient_boosting
ce-network-dhahran,36,PwC Middle East (Assurance COOP & Summer Internship Programme 2026),"Assurance, COOP and Summer Internship Programme 2026 – Middle East",44.5,44.24476557454932,gradient_boosting
ce-network-dhahran,37,KAPSARC,Intern (Coop- Trainee),49.0,49.2458681498855,gradient_boosting
ce-network-dhahran,38,BSF (Banque Saudi Fransi),COOP / Internship,40.0,39.91702287059091,gradient_boosting
ce-network-dhahran,39,Saudi Food & Drug Authority (SFDA),COOP training (First semester 2025-2026 intake),45.0,44.961404517352626,gradient_boosting
ce-network-dhahran,40,Saudi Power Procurement Company (SPPC) – Future Power (Business Admin COOP),Future Power – Business Administration COOP Training Program,40.0,39.91702287059091,gradient_boosting
ce-network-dhahran,41,Bank Albilad,Cooperative and Summer Training Program,40.0,39.91702287059091,gradient_boosting
ce-network-dhahran,42,The Saudi National Bank (SNB),SNB Rowad Program,30.0,30.123849072627262,gradient_boosting
ce-network-dhahran,43,National Cybersecurity Authority (NCA) – Academy,Cybersecurity training programs (academy),35.0,36.43383435600608,gradient_boosting
ce-network-dhahran,44,PIF | Graduate Development Program,Graduate Development Program (GDP),34.5,34.43809313337674,gradient_boosting
ce-network-dhahran,45,NEOM | GrOW (Graduates Opportunities in Work),GrOW (Graduates Opportunities in Work),46.5,45.56011848223791,gradient_boosting
ce-network-dhahran,46,ROSHN | COOP Trainee Program,COOP Trainee Program,40.0,39.91702287059091,gradient_boosting
ce-network-dhahran,47,Microsoft | Ru'aa Program (Riyadh),Ru'aa Program Internship (Solution Engineering),39.0,38.67982656197456,gradient_boosting
ce-network-dhahran,48,Oracle | Business Development Intern (KSA market),Business Development Intern (KSA market),31.5,31.237356665636177,gradient_boosting
ce-network-dhahran,49,SAP | Student Internship (Riyadh),Student Internship - Riyadh,30.0,30.123849072627262,gradient_boosting
ce-network-dhahran,50,SAB (Saudi Awwal Bank) | Cooperative Training Programme (COOP),SAB Cooperative Training Programme (COOP),40.0,39.91702287059091,gradient_boosting
ce-network-dhahran,51,Ministry of Finance (Saudi Arabia) | Cooperative Training Program,Cooperative Training Program,36.5,36.766758056102496,gradient_boosting
ce-network-dhahran,52,Ministry of Industry and Mineral Resources | Cooperative Training,Cooperative Training Initiative,41.5,40.93899479505066,gradient_boosting
ce-network-dhahran,53,King Fahd Causeway Authority | Internship Program,Internship Program,46.5,45.56011848223791,gradient_boosting
ce-network-dhahran,54,Tawuniya | Tamheer Program (Fresh Graduates),Tamheer Program,48.0,46.70889570294126,gradient_boosting
ce-network-dhahran,55,SAMA | SAMA Professional Program (SPP),SAMA Professional Program (SPP),26.5,26.672339656130042,gradient_boosting
ce-network-dhahran,56,HRDF | Cooperative Training Product,Cooperative Training Product,41.5,40.93899479505066,gradient_boosting
ce-network-dhahran,57,IBM,"Automation, Data & AI – Intern",35.5,35.087572418631716,gradient_boosting
ce-network-dhahran,58,Unifonic,Internship (Unifonic),34.5,34.43809313337674,gradient_boosting
ce-network-dhahran,59,Misk Foundation,Misk Traineeship / Internship Program,33.0,34.45949604496657,gradient_boosting
ce-network-dhahran,60,Cisco,Cisco NetVersity (Saudi Arabia),42.5,42.324122273957606,gradient_boosting
ce-network-dhahran,61,KAUST,Visiting Student Research Program (VSRP) Internship,30.0,30.123849072627262,gradient_boosting
ce-network-dhahran,62,General Authority for Statistics (GASTAT),Cooperative Training Program,44.5,44.24476557454932,gradient_boosting
ce-network-dhahran,63,Saudi Center for Opinion Polling (SCOP),Cooperative Training Program,44.5,44.24476557454932,gradient_boosting
ce-network-dhahran,64,Al Rajhi Takaful,Cooperative Training Program,40.0,39.91702287059091,gradient_boosting
ce-network-dhahran,65,Expenditure & Projects Efficiency Authority (EXPRO),Future Makers (صنّاع المستقبل) – Cooperative Training,40.0,39.91702287059091,gradient_boosting
ce-network-dhahran,66,Ministry of Finance (Saudi Arabia),Cooperative Training Program (Ministry of Finance),40.0,39.91702287059091,gradient_boosting
ce-network-dhahran,67,General Entertainment Authority (GEA),GEA Cooperative Training Program,40.0,39.91702287059091,gradient_boosting
ce-network-dhahran,68,Banque Saudi Fransi (BSF),COOP Training,40.0,39.91702287059091,gradient_boosting
ce-network-dhahran,69,Arab National Bank (ANB),COOP Trainee,40.0,39.91702287059091,gradient_boosting
ce-network-dhahran,70,Tamara,Builders Program,40.0,39.91702287059091,gradient_boosting
ce-network-dhahran,71,OmniOps,Co‑op Training Program,49.0,49.2458681498855,gradient_boosting
ce-network-dhahran,72,Tatweer Educational Technologies (TETCO),Cooperative Training Program,55.0,53.71553703819244,gradient_boosting
ce-network-dhahran,73,The Saudi Investment Bank (SAIB),Cooperative Program,40.0,39.91702287059091,gradient_boosting
ce-network-dhahran,74,Saudi Awwal Bank (SAB),COOP Program,40.0,39.91702287059091,gradient_boosting
ce-network-dhahran,75,Riyad Bank,Internships and Coop Trainings (CSR 2019),40.0,39.91702287059091,gradient_boosting
ce-network-dhahran,76,Tabby,Intern DevOps Engineer,34.5,34.55845288957915,gradient_boosting
ce-network-dhahran,77,Tabby,Intern Backend (GO) Engineer,39.0,38.654730777643586,gradient_boosting
ce-network-dhahran,78,Tabby,Intern Frontend Engineer,39.0,38.67982656197456,gradient_boosting
ce-network-dhahran,79,Tabby,Intern Data Engineer,39.0,38.67982656197456,gradient_boosting
ce-network-dhahran,80,Tabby,No-Code / AI Agents Engineering Intern,39.0,38.67982656197456,gradient_boosting
ce-network-dhahran,81,Bank Albilad,Cooperative Training Program,45.0,44.961404517352626,gradient_boosting
ce-network-dhahran,82,Saudi Ground Services (SGS),COOP Program,40.0,39.91702287059091,gradient_boosting
ce-network-dhahran,83,CEER,Cooperative Training Program (COOP),40.0,39.91702287059091,gradient_boosting
ce-network-dhahran,84,Al Rajhi Takaful,Coop Training Program,40.0,39.91702287059091,gradient_boosting
ce-network-dhahran,85,TAWAL,COOP Training Program,49.0,49.2458681498855,gradient_boosting
ce-network-dhahran,86,Wakeb_Data,COOP Training,49.0,49.2458681498855,gradient_boosting
ce-network-dhahran,87,Banque Saudi Fransi (BSF),Coop Training Program,40.0,39.91702287059091,gradient_boosting
ce-network-dhahran,88,Tech Economy,COOP Training Program,40.0,39.91702287059091,gradient_boosting
ce-network-dhahran,89,SAMI Advanced Electronics (SAMI-AEC),Coop Trainee,40.0,39.91702287059091,gradient_boosting
ce-network-dhahran,90,NHC,COOP Trainee,45.0,44.961404517352626,gradient_boosting
ce-network-dhahran,91,REMAT ADVANCED,Cooperative Training Program,55.0,53.71553703819244,gradient_boosting
ce-network-dhahran,92,SDM,AI COOP,44.5,44.24476557454932,gradient_boosting
ce-network-dhahran,93,HUED,HUED COOP Program 2026,49.0,49.2458681498855,gradient_boosting
ce-network-dhahran,94,Araamis • أرامس,Araamis COOP Program 2026,49.0,49.2458681498855,gradient_boosting
ce-network-dhahran,95,ARDARA,COOP Training for Students,40.0,39.91702287059091,gradient_boosting
ce-network-dhahran,96,flynas,COOP Trainee / Internship Program,44.5,44.24476557454932,gradient_boosting
ce-network-dhahran,97,Saudi Motorsport Company (SMC),COOP Trainee (IT Asset Project Management),44.5,44.24476557454932,gradient_boosting
ce-network-dhahran,98,Saudi Motorsport Company (SMC),COOP Trainee (Supply Chain Excellence Associate),44.5,44.24476557454932,gradient_boosting
ce-network-dhahran,99,Mobily,Cooperative Training Program,40.0,39.91702287059091,gradient_boosting
ce-network-dhahran,100,Saudi Awwal Bank (SAB),Student Opportunities: Cooperative / Practical Training,40.0,39.91702287059091,gradient_boosting
ce-network-dhahran,101,Alvarez & Marsal,COOP Training Program,40.0,39.91702287059091,gradient_boosting
ce-network-dhahran,102,Visa,COOP Trainee (Jan 2026),40.0,39.91702287059091,gradient_boosting
ce-network-dhahran,103,Zain KSA,Evolve Program (Fresh Graduates),30.0,30.123849072627262,gradient_boosting
ce-network-dhahran,104,Zain KSA,Zain Pioneers Program,45.0,44.03653771611606,gradient_boosting
ce-network-dhahran,105,Savvy Games Group,Cooperative Training Program (Co-op),40.0,39.91702287059091,gradient_boosting
ce-network-dhahran,106,Bank AlJazira,Tamheer Program,30.0,30.123849072627262,gradient_boosting
ce-network-dhahran,107,sirar by stc,Cooperative Training Program,49.0,49.2458681498855,gradient_boosting
ce-network-dhahran,108,Gathern,Co-op Program,49.0,49.2458681498855,gradient_boosting
ce-network-dhahran,109,Elm Company (شركة علم),Coop Training - Computer Science (Jan/Mar/Jun/Aug 2025 Intake),44.5,44.24476557454932,gradient_boosting
ce-network-dhahran,110,Elm Company (شركة علم),Co-Op Training - Information Technology (Jun & Aug 2025 Intake),44.5,44.24476557454932,gradient_boosting
ce-network-dhahran,111,EJADA,COOP Administration & Support Engineer,40.0,39.91702287059091,gradient_boosting
ce-network-dhahran,112,Emdad By Elm,Network Cooperative Training (Network Intern),55.0,53.71553703819244,gradient_boosting
ce-network-dhahran,113,AILA,Co-op Training Programme,44.5,44.335192582498735,gradient_boosting
ce-network-dhahran,114,Foodics,Foodics 360 Internship Program,34.5,34.43809313337674,gradient_boosting
ce-network-dhahran,115,Salla,برنامج التدريب التعاوني (Coop Training) – Salla,44.5,44.24476557454932,gradient_boosting
ce-network-dhahran,116,Lucidya,Technical Internship or Coop – Lucidya,44.5,44.24476557454932,gradient_boosting
ce-network-dhahran,117,Diriyah Company,Diriyah Co-op Training Program,40.0,39.91702287059091,gradient_boosting
ce-network-dhahran,118,Riyadh Air,Co-op – Riyadh Air,40.0,39.91702287059091,gradient_boosting
ce-network-dhahran,119,Jahez Group,Jahez Internship Program (as described in Sustainability Report),30.0,30.123849072627262,gradient_boosting
ce-network-dhahran,120,Lumi | لومي,COOP Intern 2025 – Lumi,40.0,39.91702287059091,gradient_boosting
ce-network-dhahran,121,webook.com,COOP Trainee Opportunities – webook.com,40.0,39.91702287059091,gradient_boosting
ce-network-dhahran,122,moneymoon,Tech & AI Co-op Program 2025,44.5,44.24476557454932,gradient_boosting
ce-network-dhahran,123,EjadTech - إيجاد التقنية,"Summer Internship Program 2025 (Computer, Data, and AI Majors)",35.5,35.087572418631716,gradient_boosting
ce-network-dhahran,124,InnovationTeam,Java Microservices Internship Programme (Saudi Nationals),35.5,35.087572418631716,gradient_boosting
ce-network-dhahran,125,Tamkeen Technologies,On the Job Training (Internship Program) — Technology field,34.5,34.43809313337674,gradient_boosting
ce-network-dhahran,126,Trendyol Group,Trendyol Tech Talent - Bootcamp & COOP Internship Program (Saudi Students Only),41.0,40.84345326140724,gradient_boosting
ce-network-dhahran,127,Ninja نينجا,COOP Training Program,41.0,40.84345326140724,gradient_boosting
ce-network-dhahran,128,SCAI | سكاي,CO-OP Training Opportunities (Intern),49.0,49.2458681498855,gradient_boosting
ce-network-dhahran,129,WalaPlus,Coop & Tamheer Opportunities,55.0,53.71553703819244,gradient_boosting
ce-network-dhahran,130,Aon,IT Co-op Trainee 2026,55.0,53.71553703819244,gradient_boosting
ce-network-dhahran,131,Hewlett Packard Enterprise (HPE),College Intern (Coop),55.0,53.71553703819244,gradient_boosting
ce-network-dhahran,132,Signify,KSA Coop Internship Program,55.0,53.71553703819244,gradient_boosting
ce-network-dhahran,133,Help AG (e& enterprise),Cybersecurity Intern,30.0,30.123849072627262,gradient_boosting
ce-network-dhahran,134,TrendAI (Trend Micro),CyberGATE Internship Program,34.5,34.43809313337674,gradient_boosting
ce-network-dhahran,135,Golf Saudi,IT Co-op Trainee,55.0,53.71553703819244,gradient_boosting
ce-network-dhahran,136,Siemens Healthineers,Healthineers Early Talent Program – IT (Riyadh),45.0,44.03653771611606,gradient_boosting
ce-network-dhahran,137,1957 Ventures,Internship / Co-Op Program,49.0,49.2458681498855,gradient_boosting
ce-network-dhahran,138,Nokia,Graduate Trainee (Saudi Arabia) – Fledgers Program,34.5,34.43809313337674,gradient_boosting
ce-network-dhahran,139,Ericsson,Summer Interns (Ericsson Saudi),34.5,34.43809313337674,gradient_boosting
ce-network-dhahran,140,Bosch Middle East,Software Development Intern (AI/Cloud),39.0,38.67982656197456,gradient_boosting
ce-network-dhahran,141,Saudi Payments | المدفوعات السعودية,COOP Training – August 2024,44.5,44.24476557454932,gradient_boosting
ce-network-dhahran,142,Saudi Tadawul Group | تداول,Cooperative Training Program (COOP),55.0,53.71553703819244,gradient_boosting
ce-network-dhahran,143,Lean Technologies,Software Engineering Intern – KSA,49.0,48.61719225879271,gradient_boosting
ce-network-dhahran,144,Mirai (Scopely) | مِراي,AI Engineering Intern (GenAI),39.0,38.67982656197456,gradient_boosting
ce-network-dhahran,145,HungerStation | هنقرستيشن,"Co-OP Trainee, Data Analysis – Info Sec",44.5,44.24476557454932,gradient_boosting
ce-network-dhahran,146,NCGR | المركز الوطني لنظم الموارد الحكومية,Coop Training Program,44.5,44.24476557454932,gradient_boosting
ce-network-dhahran,147,nybl,nybl Graduate Programme – Saudi Nationals (AI Bootcamp),30.0,30.123849072627262,gradient_boosting
ce-network-dhahran,148,Procter & Gamble (P&G),P&G LEADgen Internship Program 2026 (Riyadh),34.5,34.43809313337674,gradient_boosting
ce-network-dhahran,149,New Murabba | المربع الجديد,New Murabba Co-op Training Program,49.0,49.2458681498855,gradient_boosting
ce-network-dhahran,150,Boeing Saudi Arabia Limited,Intern - Info Technology & Data Analytics (Riyadh),34.5,34.43809313337674,gradient_boosting
ce-network-dhahran,151,Motorola Solutions,Deployment Engineer Intern (KSA National - Tamheer Program),55.0,53.527465798715625,gradient_boosting
ce-network-dhahran,152,Schneider Electric,Co-op Intern (Engineering) - Al Khobar (Jan–Aug 2026),62.0,58.66411404545986,gradient_boosting
ce-network-dhahran,153,Lockheed Martin,Tamheer Space Internship (Riyadh),39.0,38.67982656197456,gradient_boosting
ce-network-dhahran,154,Markaba | مركبة,Start-up Software Intern – TAMHEER (Saudi nationals only),35.5,35.087572418631716,gradient_boosting
ce-network-dhahran,155,Laverne Group | مجموعة لافيرن,Data Analyst / Data Engineer Intern (IT Department),39.0,38.67982656197456,gradient_boosting
ce-network-dhahran,156,Meel | ميل,"Software Developer Internship (Remote, min 2 months)",39.0,38.654730777643586,gradient_boosting
ce-network-dhahran,157,Nahdi Medical Co.,IT Internship / COOP Program (6 months),49.5,48.963199277231276,gradient_boosting
ce-network-dhahran,158,SMART Technology Solutions | سمارت لحلول التقنية,R&D Intern (Riyadh),39.0,38.67982656197456,gradient_boosting
ce-network-dhahran,159,Knodemy Inc.,AI Developer & Tech Trainer Intern - Riyadh,39.0,38.67982656197456,gradient_boosting
ce-network-dhahran,160,Water Transmission Company | شركة نقل المياه,Tamheer Internship Program (HRIS / Engineering & PM - Riyadh),39.0,38.67982656197456,gradient_boosting
ce-network-dhahran,161,AFNOYS,"AI Automation Intern - KSA (Remote, 4 weeks)",34.5,34.55845288957915,gradient_boosting
ce-network-dhahran,162,SAS,CareerStart@SAS 2026 - Presales Customer Intelligence Intern (Riyadh),33.0,33.30379760750649,gradient_boosting
ce-network-dhahran,163,Devoteam,Trainee - Future Leaders Program (Co-op/Fresh Graduate),45.5,46.00703194596045,gradient_boosting
ce-network-dhahran,164,ضالتي Dhallaty,Tech Intern: Fresh Grad or Student,33.0,33.30379760750649,gradient_boosting
ce-network-dhahran,165,Innovative Solutions SA,Presales - Tamheer,26.5,26.672339656130042,gradient_boosting
ce-network-dhahran,166,HUMAIN,Tamheer Program (Software Engineer / Cybersecurity / MIS),35.5,35.087572418631716,gradient_boosting
ce-network-dhahran,167,TAM | تام,"Tamheer Opportunity, Advisory",5.5,5.817561184879166,gradient_boosting
ce-network-dhahran,168,هيئة التأمين | Insurance Authority,Tamheer Opportunity - Specialist of Information Security,26.5,26.672339656130042,gradient_boosting
ce-network-dhahran,169,Snbla | سنبله,Paid Internship Program (FinTech),33.0,33.30379760750649,gradient_boosting
ce-network-dhahran,170,2P Perfect Presentation,Data Analyst (Tamheer),31.0,31.10971262733552,gradient_boosting
ce-network-dhahran,171,Infosys,Summer Intern (Infosys InStep ’26 – Bangalore),33.0,32.94894848306991,gradient_boosting
ce-network-dhahran,172,شركة الخدمات المدارة | Managed Services Company,Intern Cybersecurity Engineer,35.5,35.087572418631716,gradient_boosting
ce-network-dhahran,173,Abunayyan Holding,Data Analyst (Tamheer),31.0,31.10971262733552,gradient_boosting
eastern-province-cys,1,Saudi Aramco,University Internship Program (UIP),64.0,63.93371918543067,gradient_boosting
eastern-province-cys,2,SABIC,COOP Training Program,57.0,56.941359955266655,gradient_boosting
eastern-province-cys,3,stc (Saudi Telecom Company),Cooperative Training Program (COOP),54.0,53.99438293402824,gradient_boosting
eastern-province-cys,4,Saudi National Bank (SNB),SNB Cooperative Training Program,59.0,58.95258401082587,gradient_boosting
eastern-province-cys,5,Al Rajhi Bank,Cooperative Training Program,59.0,58.95258401082587,gradient_boosting
eastern-province-cys,6,Capital Market Authority (CMA),COOP Program,54.0,53.99438293402824,gradient_boosting
eastern-province-cys,7,Digital Government Authority (DGA),Maidan Cooperative Training Program,54.0,53.99438293402824,gradient_boosting
eastern-province-cys,8,KPMG Saudi Arabia,COOP & Internship Programs,45.0,44.961404517352626,gradient_boosting
eastern-province-cys,9,PwC Middle East,"Deals, COOP and Summer Internship Programme (2026)",44.5,44.24476557454932,gradient_boosting
eastern-province-cys,10,Deloitte Middle East (KSA),Jusoor Al Sharqiyah Internship Program,44.5,44.48890245478561,gradient_boosting
eastern-province-cys,11,Bank Albilad,Cooperative & Summer Training Program,49.5,48.963199277231276,gradient_boosting
eastern-province-cys,12,Tamara,Tamara Builders Program,58.5,58.626793756047554,gradient_boosting
eastern-province-cys,13,Bupa Arabia,Cooperative Training Program,40.0,39.91702287059091,gradient_boosting
eastern-province-cys,14,Saudi Exports (Saudi Export Development Authority),COOP & Summer Training (FAQ-confirmed),45.0,44.961404517352626,gradient_boosting
eastern-province-cys,15,Local Content and Government Procurement Authority (LCGPA),COOP Training (role posting),40.0,39.91702287059091,gradient_boosting
eastern-province-cys,16,McKinsey & Company (Maqdira),Maqdira Fellowship Program,44.5,44.24476557454932,gradient_boosting
eastern-province-cys,17,Boston Consulting Group (BCG),Visiting Associate Internship (Riyadh),49.0,49.2458681498855,gradient_boosting
eastern-province-cys,18,Bain & Company,COOP Training Program (Riyadh),40.0,39.91702287059091,gradient_boosting
eastern-province-cys,19,Amazon Web Services (AWS),IT/Computer Hardware Internship (Intern-to-FTE Pathway),54.5,52.67713629310898,gradient_boosting
eastern-province-cys,20,Amazon Web Services (AWS) - Associate Solutions Architect Intern,Associate Solutions Architect Intern (2026),39.0,38.67982656197456,gradient_boosting
eastern-province-cys,21,Google (Saudi Arabia),Google Careers (Saudi location filter),47.0,46.942354486891375,gradient_boosting
eastern-province-cys,22,BlackRock,Client & Product Summer Internship Programme (EMEA) - includes Riyadh,34.5,34.43809313337674,gradient_boosting
eastern-province-cys,23,noon,Student Internship,30.0,30.123849072627262,gradient_boosting
eastern-province-cys,24,MOZN,Data Science Intern,34.5,34.43809313337674,gradient_boosting
eastern-province-cys,25,Elm,Elm Co-op Training Program (March 2026 Intake),40.0,39.91702287059091,gradient_boosting
eastern-province-cys,26,Yasref,Yasref Cooperative Training Program,61.5,61.56739825246903,gradient_boosting
eastern-province-cys,27,"Saudi Standards, Metrology and Quality Organization (SASO)",Cooperative Training (Collaborative Training),44.5,44.24476557454932,gradient_boosting
eastern-province-cys,28,"Zakat, Tax and Customs Authority (ZATCA)",Binaa-Alkafaat Program,35.0,34.74798369780113,gradient_boosting
eastern-province-cys,29,Human Resources Development Fund (HRDF) – Cooperative Training Product,Cooperative Training (HRDF product),20.5,20.59421780810066,gradient_boosting
eastern-province-cys,30,EXPRO,COOP Training (Future Makers Program),40.0,39.91702287059091,gradient_boosting
eastern-province-cys,31,Ministry of Industry and Mineral Resources (MIM) – Cooperative Training Initiative,Cooperative Training Initiative,20.5,20.59421780810066,gradient_boosting
eastern-province-cys,32,TBC (The Beauty Company),Cooperative Training Program,45.0,44.961404517352626,gradient_boosting
eastern-province-cys,33,National Center for Vegetation Cover Development & Combating Desertification (NCVC),COOP Training Program,40.0,39.91702287059091,gradient_boosting
eastern-province-cys,34,Saudi Power Procurement Company (SPPC),Future Power – COOP Training Program,40.0,39.91702287059091,gradient_boosting
eastern-province-cys,35,TBC (Tatweer Building Company),Cooperative Training Program,40.0,39.91702287059091,gradient_boosting
eastern-province-cys,36,PwC Middle East (Assurance COOP & Summer Internship Programme 2026),"Assurance, COOP and Summer Internship Programme 2026 – Middle East",44.5,44.24476557454932,gradient_boosting
eastern-province-cys,37,KAPSARC,Intern (Coop- Trainee),44.5,44.24476557454932,gradient_boosting
eastern-province-cys,38,BSF (Banque Saudi Fransi),COOP / Internship,63.0,62.97363606769202,gradient_boosting
eastern-province-cys,39,Saudi Food & Drug Authority (SFDA),COOP training (First semester 2025-2026 intake),68.0,67.94280418183729,gradient_boosting
eastern-province-cys,40,Saudi Power Procurement Company (SPPC) – Future Power (Business Admin COOP),Future Power – Business Administration COOP Training Program,40.0,39.91702287059091,gradient_boosting
eastern-province-cys,41,Bank Albilad,Cooperative and Summer Training Program,63.0,62.97363606769202,gradient_boosting
eastern-province-cys,42,The Saudi National Bank (SNB),SNB Rowad Program,44.0,43.708577588214595,gradient_boosting
eastern-province-cys,43,National Cybersecurity Authority (NCA) – Academy,Cybersecurity training programs (academy),58.0,56.89384935882873,gradient_boosting
eastern-province-cys,44,PIF | Graduate Development Program,Graduate Development Program (GDP),34.5,34.43809313337674,gradient_boosting
eastern-province-cys,45,NEOM | GrOW (Graduates Opportunities in Work),GrOW (Graduates Opportunities in Work),36.0,36.03590825492308,gradient_boosting
eastern-province-cys,46,ROSHN | COOP Trainee Program,COOP Trainee Program,40.0,39.91702287059091,gradient_boosting
eastern-province-cys,47,Microsoft | Ru'aa Program (Riyadh),Ru'aa Program Internship (Solution Engineering),34.5,34.43809313337674,gradient_boosting
eastern-province-cys,48,Oracle | Business Development Intern (KSA market),Business Development Intern (KSA market),31.5,31.237356665636177,gradient_boosting
eastern-province-cys,49,SAP | Student Internship (Riyadh),Student Internship - Riyadh,30.0,30.123849072627262,gradient_boosting
eastern-province-cys,50,SAB (Saudi Awwal Bank) | Cooperative Training Programme (COOP),SAB Cooperative Training Programme (COOP),40.0,39.91702287059091,gradient_boosting
eastern-province-cys,51,Ministry of Finance (Saudi Arabia) | Cooperative Training Program,Cooperative Training Program,50.5,51.00965036307791,gradient_boosting
eastern-province-cys,52,Ministry of Industry and Mineral Resources | Cooperative Training,Cooperative Training Initiative,55.5,55.55645846309802,gradient_boosting
eastern-province-cys,53,King Fahd Causeway Authority | Internship Program,Internship Program,40.5,39.97693931237564,gradient_boosting
eastern-province-cys,54,Tawuniya | Tamheer Program (Fresh Graduates),Tamheer Program,56.0,55.92376316020983,gradient_boosting
eastern-province-cys,55,SAMA | SAMA Professional Program (SPP),SAMA Professional Program (SPP),40.5,40.09124472015388,gradient_boosting
eastern-province-cys,56,HRDF | Cooperative Training Product,Cooperative Training Product,55.5,55.55645846309802,gradient_boosting
eastern-province-cys,57,IBM,"Automation, Data & AI – Intern",49.5,49.87738829294481,gradient_boosting
eastern-province-cys,58,Unifonic,Internship (Unifonic),48.5,48.30985052467577,gradient_boosting
eastern-province-cys,59,Misk Foundation,Misk Traineeship / Internship Program,47.0,47.05287318396764,gradient_boosting
eastern-province-cys,60,Cisco,Cisco NetVersity (Saudi Arabia),61.0,60.431207253108035,gradient_boosting
eastern-province-cys,61,KAUST,Visiting Student Research Program (VSRP) Internship,44.0,43.708577588214595,gradient_boosting
eastern-province-cys,62,General Authority for Statistics (GASTAT),Cooperative Training Program,58.5,58.626793756047554,gradient_boosting
eastern-province-cys,63,Saudi Center for Opinion Polling (SCOP),Cooperative Training Program,58.5,58.626793756047554,gradient_boosting
eastern-province-cys,64,Al Rajhi Takaful,Cooperative Training Program,63.0,62.97363606769202,gradient_boosting
eastern-province-cys,65,Expenditure & Projects Efficiency Authority (EXPRO),Future Makers (صنّاع المستقبل) – Cooperative Training,54.0,53.99438293402824,gradient_boosting
eastern-province-cys,66,Ministry of Finance (Saudi Arabia),Cooperative Training Program (Ministry of Finance),54.0,53.99438293402824,gradient_boosting
eastern-province-cys,67,General Entertainment Authority (GEA),GEA Cooperative Training Program,54.0,53.99438293402824,gradient_boosting
eastern-province-cys,68,Banque Saudi Fransi (BSF),COOP Training,63.0,62.97363606769202,gradient_boosting
eastern-province-cys,69,Arab National Bank (ANB),COOP Trainee,63.0,62.97363606769202,gradient_boosting
eastern-province-cys,70,Tamara,Builders Program,63.0,62.97363606769202,gradient_boosting
eastern-province-cys,71,OmniOps,Co‑op Training Program,63.0,62.97363606769202,gradient_boosting
eastern-province-cys,72,Tatweer Educational Technologies (TETCO),Cooperative Training Program,63.0,62.97363606769202,gradient_boosting
eastern-province-cys,73,The Saudi Investment Bank (SAIB),Cooperative Program,63.0,62.97363606769202,gradient_boosting
eastern-province-cys,74,Saudi Awwal Bank (SAB),COOP Program,63.0,62.97363606769202,gradient_boosting
eastern-province-cys,75,Riyad Bank,Internships and Coop Trainings (CSR 2019),63.0,62.97363606769202,gradient_boosting
eastern-province-cys,76,Tabby,Intern DevOps Engineer,48.5,48.56053023716527,gradient_boosting
eastern-province-cys,77,Tabby,Intern Backend (GO) Engineer,48.5,48.56053023716527,gradient_boosting
eastern-province-cys,78,Tabby,Intern Frontend Engineer,48.5,48.30985052467577,gradient_boosting
eastern-province-cys,79,Tabby,Intern Data Engineer,48.5,48.30985052467577,gradient_boosting
eastern-province-cys,80,Tabby,No-Code / AI Agents Engineering Intern,48.5,48.30985052467577,gradient_boosting
eastern-province-cys,81,Bank Albilad,Cooperative Training Program,68.0,67.94280418183729,gradient_boosting
eastern-province-cys,82,Saudi Ground Services (SGS),COOP Program,54.0,53.99438293402824,gradient_boosting
eastern-province-cys,83,CEER,Cooperative Training Program (COOP),54.0,53.99438293402824,gradient_boosting
eastern-province-cys,84,Al Rajhi Takaful,Coop Training Program,63.0,62.97363606769202,gradient_boosting
eastern-province-cys,85,TAWAL,COOP Training Program,58.5,58.626793756047554,gradient_boosting
eastern-province-cys,86,Wakeb_Data,COOP Training,58.5,58.626793756047554,gradient_boosting
eastern-province-cys,87,Banque Saudi Fransi (BSF),Coop Training Program,63.0,62.97363606769202,gradient_boosting
eastern-province-cys,88,Tech Economy,COOP Training Program,63.0,62.97363606769202,gradient_boosting
eastern-province-cys,89,SAMI Advanced Electronics (SAMI-AEC),Coop Trainee,63.0,62.97363606769202,gradient_boosting
eastern-province-cys,90,NHC,COOP Trainee,68.0,67.94280418183729,gradient_boosting
eastern-province-cys,91,REMAT ADVANCED,Cooperative Training Program,58.5,58.626793756047554,gradient_boosting
eastern-province-cys,92,SDM,AI COOP,58.5,58.626793756047554,gradient_boosting
eastern-province-cys,93,HUED,HUED COOP Program 2026,58.5,58.626793756047554,gradient_boosting
eastern-province-cys,94,Araamis • أرامس,Araamis COOP Program 2026,58.5,58.626793756047554,gradient_boosting
eastern-province-cys,95,ARDARA,COOP Training for Students,54.0,53.99438293402824,gradient_boosting
eastern-province-cys,96,flynas,COOP Trainee / Internship Program,58.5,58.626793756047554,gradient_boosting
eastern-province-cys,97,Saudi Motorsport Company (SMC),COOP Trainee (IT Asset Project Management),58.5,58.626793756047554,gradient_boosting
eastern-province-cys,98,Saudi Motorsport Company (SMC),COOP Trainee (Supply Chain Excellence Associate),63.0,62.97363606769202,gradient_boosting
eastern-province-cys,99,Mobily,Cooperative Training Program,63.0,62.97363606769202,gradient_boosting
eastern-province-cys,100,Saudi Awwal Bank (SAB),Student Opportunities: Cooperative / Practical Training,63.0,62.97363606769202,gradient_boosting
eastern-province-cys,101,Alvarez & Marsal,COOP Training Program,63.0,62.97363606769202,gradient_boosting
eastern-province-cys,102,Visa,COOP Trainee (Jan 2026),54.0,53.99438293402824,gradient_boosting
eastern-province-cys,103,Zain KSA,Evolve Program (Fresh Graduates),53.0,53.0957923226959,gradient_boosting
eastern-province-cys,104,Zain KSA,Zain Pioneers Program,48.5,48.30985052467577,gradient_boosting
eastern-province-cys,105,Savvy Games Group,Cooperative Training Program (Co-op),63.0,62.97363606769202,gradient_boosting
eastern-province-cys,106,Bank AlJazira,Tamheer Program,44.0,43.708577588214595,gradient_boosting
eastern-province-cys,107,sirar by stc,Cooperative Training Program,63.0,62.97363606769202,gradient_boosting
eastern-province-cys,108,Gathern,Co-op Program,58.5,58.626793756047554,gradient_boosting
eastern-province-cys,109,Elm Company (شركة علم),Coop Training - Computer Science (Jan/Mar/Jun/Aug 2025 Intake),58.5,58.626793756047554,gradient_boosting
eastern-province-cys,110,Elm Company (شركة علم),Co-Op Training - Information Technology (Jun & Aug 2025 Intake),58.5,58.626793756047554,gradient_boosting
eastern-province-cys,111,EJADA,COOP Administration & Support Engineer,63.0,62.97363606769202,gradient_boosting
eastern-province-cys,112,Emdad By Elm,Network Cooperative Training (Network Intern),58.5,58.626793756047554,gradient_boosting
eastern-province-cys,113,AILA,Co-op Training Programme,58.5,58.25058534864222,gradient_boosting
eastern-province-cys,114,Foodics,Foodics 360 Internship Program,48.5,48.30985052467577,gradient_boosting
eastern-province-cys,115,Salla,برنامج التدريب التعاوني (Coop Training) – Salla,58.5,58.626793756047554,gradient_boosting
eastern-province-cys,116,Lucidya,Technical Internship or Coop – Lucidya,63.0,62.97363606769202,gradient_boosting
eastern-province-cys,117,Diriyah Company,Diriyah Co-op Training Program,54.0,53.99438293402824,gradient_boosting
eastern-province-cys,118,Riyadh Air,Co-op – Riyadh Air,54.0,53.99438293402824,gradient_boosting
eastern-province-cys,119,Jahez Group,Jahez Internship Program (as described in Sustainability Report),44.0,43.708577588214595,gradient_boosting
eastern-province-cys,120,Lumi | لومي,COOP Intern 2025 – Lumi,54.0,53.99438293402824,gradient_boosting
eastern-province-cys,121,webook.com,COOP Trainee Opportunities – webook.com,54.0,53.99438293402824,gradient_boosting
eastern-province-cys,122,moneymoon,Tech & AI Co-op Program 2025,63.0,62.97363606769202,gradient_boosting
eastern-province-cys,123,EjadTech - إيجاد التقنية,"Summer Internship Program 2025 (Computer, Data, and AI Majors)",31.0,31.10971262733552,gradient_boosting
eastern-province-cys,124,InnovationTeam,Java Microservices Internship Programme (Saudi Nationals),35.5,35.087572418631716,gradient_boosting
eastern-province-cys,125,Tamkeen Technologies,On the Job Training (Internship Program) — Technology field,48.5,48.30985052467577,gradient_boosting
eastern-province-cys,126,Trendyol Group,Trendyol Tech Talent - Bootcamp & COOP Internship Program (Saudi Students Only),41.0,40.84345326140724,gradient_boosting
eastern-province-cys,127,Ninja نينجا,COOP Training Program,41.0,40.84345326140724,gradient_boosting
eastern-province-cys,128,SCAI | سكاي,CO-OP Training Opportunities (Intern),58.5,58.626793756047554,gradient_boosting
eastern-province-cys,129,WalaPlus,Coop & Tamheer Opportunities,44.5,44.24476557454932,gradient_boosting
eastern-province-cys,130,Aon,IT Co-op Trainee 2026,44.5,44.24476557454932,gradient_boosting
eastern-province-cys,131,Hewlett Packard Enterprise (HPE),College Intern (Coop),44.5,44.24476557454932,gradient_boosting
eastern-province-cys,132,Signify,KSA Coop Internship Program,44.5,44.24476557454932,gradient_boosting
eastern-province-cys,133,Help AG (e& enterprise),Cybersecurity Intern,53.0,53.0957923226959,gradient_boosting
eastern-province-cys,134,TrendAI (Trend Micro),CyberGATE Internship Program,53.0,53.0957923226959,gradient_boosting
eastern-province-cys,135,Golf Saudi,IT Co-op Trainee,44.5,44.24476557454932,gradient_boosting
eastern-province-cys,136,Siemens Healthineers,Healthineers Early Talent Program – IT (Riyadh),34.5,34.43809313337674,gradient_boosting
eastern-province-cys,137,1957 Ventures,Internship / Co-Op Program,44.5,44.24476557454932,gradient_boosting
eastern-province-cys,138,Nokia,Graduate Trainee (Saudi Arabia) – Fledgers Program,34.5,34.43809313337674,gradient_boosting
eastern-province-cys,139,Ericsson,Summer Interns (Ericsson Saudi),34.5,34.43809313337674,gradient_boosting
eastern-province-cys,140,Bosch Middle East,Software Development Intern (AI/Cloud),39.0,38.67982656197456,gradient_boosting
eastern-province-cys,141,Saudi Payments | المدفوعات السعودية,COOP Training – August 2024,63.0,62.97363606769202,gradient_boosting
eastern-province-cys,142,Saudi Tadawul Group | تداول,Cooperative Training Program (COOP),63.0,62.97363606769202,gradient_boosting
eastern-province-cys,143,Lean Technologies,Software Engineering Intern – KSA,34.5,34.43809313337674,gradient_boosting
eastern-province-cys,144,Mirai (Scopely) | مِراي,AI Engineering Intern (GenAI),34.5,34.43809313337674,gradient_boosting
eastern-province-cys,145,HungerStation | هنقرستيشن,"Co-OP Trainee, Data Analysis – Info Sec",63.0,62.97363606769202,gradient_boosting
eastern-province-cys,146,NCGR | المركز الوطني لنظم الموارد الحكومية,Coop Training Program,63.0,62.97363606769202,gradient_boosting
eastern-province-cys,147,nybl,nybl Graduate Programme – Saudi Nationals (AI Bootcamp),30.0,30.123849072627262,gradient_boosting
eastern-province-cys,148,Procter & Gamble (P&G),P&G LEADgen Internship Program 2026 (Riyadh),34.5,34.43809313337674,gradient_boosting
eastern-province-cys,149,New Murabba | المربع الجديد,New Murabba Co-op Training Program,58.5,58.626793756047554,gradient_boosting
eastern-province-cys,150,Boeing Saudi Arabia Limited,Intern - Info Technology & Data Analytics (Riyadh),53.0,53.0957923226959,gradient_boosting
eastern-province-cys,151,Motorola Solutions,Deployment Engineer Intern (KSA National - Tamheer Program),68.5,68.12232415411759,gradient_boosting
eastern-province-cys,152,Schneider Electric,Co-op Intern (Engineering) - Al Khobar (Jan–Aug 2026),68.5,68.55957856976288,gradient_boosting
eastern-province-cys,153,Lockheed Martin,Tamheer Space Internship (Riyadh),48.5,48.30985052467577,gradient_boosting
eastern-province-cys,154,Markaba | مركبة,Start-up Software Intern – TAMHEER (Saudi nationals only),45.0,45.11570004628307,gradient_boosting
eastern-province-cys,155,Laverne Group | مجموعة لافيرن,Data Analyst / Data Engineer Intern (IT Department),53.0,53.0957923226959,gradient_boosting
eastern-province-cys,156,Meel | ميل,"Software Developer Internship (Remote, min 2 months)",48.5,48.56053023716527,gradient_boosting
eastern-province-cys,157,Nahdi Medical Co.,IT Internship / COOP Program (6 months),63.5,63.085868308270996,gradient_boosting
eastern-province-cys,158,SMART Technology Solutions | سمارت لحلول التقنية,R&D Intern (Riyadh),48.5,48.30985052467577,gradient_boosting
eastern-province-cys,159,Knodemy Inc.,AI Developer & Tech Trainer Intern - Riyadh,48.5,48.30985052467577,gradient_boosting
eastern-province-cys,160,Water Transmission Company | شركة نقل المياه,Tamheer Internship Program (HRIS / Engineering & PM - Riyadh),48.5,48.30985052467577,gradient_boosting
eastern-province-cys,161,AFNOYS,"AI Automation Intern - KSA (Remote, 4 weeks)",48.5,48.56053023716527,gradient_boosting
eastern-province-cys,162,SAS,CareerStart@SAS 2026 - Presales Customer Intelligence Intern (Riyadh),33.0,33.30379760750649,gradient_boosting
eastern-province-cys,163,Devoteam,Trainee - Future Leaders Program (Co-op/Fresh Graduate),59.5,59.449089502260684,gradient_boosting
eastern-province-cys,164,ضالتي Dhallaty,Tech Intern: Fresh Grad or Student,47.0,46.942354486891375,gradient_boosting
eastern-province-cys,165,Innovative Solutions SA,Presales - Tamheer,49.5,49.87738829294481,gradient_boosting
eastern-province-cys,166,HUMAIN,Tamheer Program (Software Engineer / Cybersecurity / MIS),49.5,49.87738829294481,gradient_boosting
eastern-province-cys,167,TAM | تام,"Tamheer Opportunity, Advisory",5.5,5.817561184879166,gradient_boosting
eastern-province-cys,168,هيئة التأمين | Insurance Authority,Tamheer Opportunity - Specialist of Information Security,49.5,49.87738829294481,gradient_boosting
eastern-province-cys,169,Snbla | سنبله,Paid Internship Program (FinTech),33.0,33.30379760750649,gradient_boosting
eastern-province-cys,170,2P Perfect Presentation,Data Analyst (Tamheer),31.0,31.10971262733552,gradient_boosting
eastern-province-cys,171,Infosys,Summer Intern (Infosys InStep ’26 – Bangalore),33.0,32.94894848306991,gradient_boosting
eastern-province-cys,172,شركة الخدمات المدارة | Managed Services Company,Intern Cybersecurity Engineer,49.5,49.87738829294481,gradient_boosting
eastern-province-cys,173,Abunayyan Holding,Data Analyst (Tamheer),31.0,31.10971262733552,gradient_boosting
remote-only-de,1,Saudi Aramco,University Internship Program (UIP),34.5,35.71073119940079,gradient_boosting
remote-only-de,2,SABIC,COOP Training Program,37.5,38.39659116793512,gradient_boosting
remote-only-de,3,stc (Saudi Telecom Company),Cooperative Training Program (COOP),34.5,35.71073119940079,gradient_boosting
remote-only-de,4,Saudi National Bank (SNB),SNB Cooperative Training Program,44.5,45.04373390850082,gradient_boosting
remote-only-de,5,Al Rajhi Bank,Cooperative Training Program,44.5,45.04373390850082,gradient_boosting
remote-only-de,6,Capital Market Authority (CMA),COOP Program,34.5,35.71073119940079,gradient_boosting
remote-only-de,7,Digital Government Authority (DGA),Maidan Cooperative Training Program,34.5,35.71073119940079,gradient_boosting
remote-only-de,8,KPMG Saudi Arabia,COOP & Internship Programs,44.5,45.04373390850082,gradient_boosting
remote-only-de,9,PwC Middle East,"Deals, COOP and Summer Internship Programme (2026)",34.5,35.71073119940079,gradient_boosting
remote-only-de,10,Deloitte Middle East (KSA),Jusoor Al Sharqiyah Internship Program,34.5,35.71073119940079,gradient_boosting
remote-only-de,11,Bank Albilad,Cooperative & Summer Training Program,44.5,45.04373390850082,gradient_boosting
remote-only-de,12,Tamara,Tamara Builders Program,34.5,35.71073119940079,gradient_boosting
remote-only-de,13,Bupa Arabia,Cooperative Training Program,34.5,35.71073119940079,gradient_boosting
remote-only-de,14,Saudi Exports (Saudi Export Development Authority),COOP & Summer Training (FAQ-confirmed),44.5,45.04373390850082,gradient_boosting
remote-only-de,15,Local Content and Government Procurement Authority (LCGPA),COOP Training (role posting),34.5,35.71073119940079,gradient_boosting
remote-only-de,16,McKinsey & Company (Maqdira),Maqdira Fellowship Program,34.5,35.71073119940079,gradient_boosting
remote-only-de,17,Boston Consulting Group (BCG),Visiting Associate Internship (Riyadh),34.5,35.71073119940079,gradient_boosting
remote-only-de,18,Bain & Company,COOP Training Program (Riyadh),34.5,35.71073119940079,gradient_boosting
remote-only-de,19,Amazon Web Services (AWS),IT/Computer Hardware Internship (Intern-to-FTE Pathway),34.5,35.71073119940079,gradient_boosting
remote-only-de,20,Amazon Web Services (AWS) - Associate Solutions Architect Intern,Associate Solutions Architect Intern (2026),34.5,35.71073119940079,gradient_boosting
remote-only-de,21,Google (Saudi Arabia),Google Careers (Saudi location filter),33.0,33.30379760750649,gradient_boosting
remote-only-de,22,BlackRock,Client & Product Summer Internship Programme (EMEA) - includes Riyadh,44.5,47.91448973723954,gradient_boosting
remote-only-de,23,noon,Student Internship,34.5,35.71073119940079,gradient_boosting
remote-only-de,24,MOZN,Data Science Intern,54.5,56.11675681503661,gradient_boosting
remote-only-de,25,Elm,Elm Co-op Training Program (March 2026 Intake),34.5,35.71073119940079,gradient_boosting
remote-only-de,26,Yasref,Yasref Cooperative Training Program,37.5,38.39659116793512,gradient_boosting
remote-only-de,27,"Saudi Standards, Metrology and Quality Organization (SASO)",Cooperative Training (Collaborative Training),34.5,35.71073119940079,gradient_boosting
remote-only-de,28,"Zakat, Tax and Customs Authority (ZATCA)",Binaa-Alkafaat Program,39.5,39.759149638454424,gradient_boosting
remote-only-de,29,Human Resources Development Fund (HRDF) – Cooperative Training Product,Cooperative Training (HRDF product),25.0,26.266057078638067,gradient_boosting
remote-only-de,30,EXPRO,COOP Training (Future Makers Program),34.5,35.71073119940079,gradient_boosting
remote-only-de,31,Ministry of Industry and Mineral Resources (MIM) – Cooperative Training Initiative,Cooperative Training Initiative,25.0,26.266057078638067,gradient_boosting
remote-only-de,32,TBC (The Beauty Company),Cooperative Training Program,44.5,45.04373390850082,gradient_boosting
remote-only-de,33,National Center for Vegetation Cover Development & Combating Desertification (NCVC),COOP Training Program,34.5,35.71073119940079,gradient_boosting
remote-only-de,34,Saudi Power Procurement Company (SPPC),Future Power – COOP Training Program,34.5,35.71073119940079,gradient_boosting
remote-only-de,35,TBC (Tatweer Building Company),Cooperative Training Program,34.5,35.71073119940079,gradient_boosting
remote-only-de,36,PwC Middle East (Assurance COOP & Summer Internship Programme 2026),"Assurance, COOP and Summer Internship Programme 2026 – Middle East",34.5,35.71073119940079,gradient_boosting
remote-only-de,37,KAPSARC,Intern (Coop- Trainee),34.5,35.71073119940079,gradient_boosting
remote-only-de,38,BSF (Banque Saudi Fransi),COOP / Internship,34.5,35.71073119940079,gradient_boosting
remote-only-de,39,Saudi Food & Drug Authority (SFDA),COOP training (First semester 2025-2026 intake),44.5,45.04373390850082,gradient_boosting
remote-only-de,40,Saudi Power Procurement Company (SPPC) – Future Power (Business Admin COOP),Future Power – Business Administration COOP Training Program,34.5,35.71073119940079,gradient_boosting
remote-only-de,41,Bank Albilad,Cooperative and Summer Training Program,34.5,35.71073119940079,gradient_boosting
remote-only-de,42,The Saudi National Bank (SNB),SNB Rowad Program,29.5,29.69664624730153,gradient_boosting
remote-only-de,43,National Cybersecurity Authority (NCA) – Academy,Cybersecurity training programs (academy),39.5,39.49605782069655,gradient_boosting
remote-only-de,44,PIF | Graduate Development Program,Graduate Development Program (GDP),39.5,40.53676809394796,gradient_boosting
remote-only-de,45,NEOM | GrOW (Graduates Opportunities in Work),GrOW (Graduates Opportunities in Work),41.0,41.15420167910794,gradient_boosting
remote-only-de,46,ROSHN | COOP Trainee Program,COOP Trainee Program,34.5,35.71073119940079,gradient_boosting
remote-only-de,47,Microsoft | Ru'aa Program (Riyadh),Ru'aa Program Internship (Solution Engineering),34.5,35.71073119940079,gradient_boosting
remote-only-de,48,Oracle | Business Development Intern (KSA market),Business Development Intern (KSA market),46.0,46.47464867779633,gradient_boosting
remote-only-de,49,SAP | Student Internship (Riyadh),Student Internship - Riyadh,34.5,35.71073119940079,gradient_boosting
remote-only-de,50,SAB (Saudi Awwal Bank) | Cooperative Training Programme (COOP),SAB Cooperative Training Programme (COOP),34.5,35.71073119940079,gradient_boosting
remote-only-de,51,Ministry of Finance (Saudi Arabia) | Cooperative Training Program,Cooperative Training Program,36.0,37.159660308076795,gradient_boosting
remote-only-de,52,Ministry of Industry and Mineral Resources | Cooperative Training,Cooperative Training Initiative,46.0,46.47464867779633,gradient_boosting
remote-only-de,53,King Fahd Causeway Authority | Internship Program,Internship Program,41.0,41.743941352081954,gradient_boosting
remote-only-de,54,Tawuniya | Tamheer Program (Fresh Graduates),Tamheer Program,32.5,32.70412311744126,gradient_boosting
remote-only-de,55,SAMA | SAMA Professional Program (SPP),SAMA Professional Program (SPP),31.0,31.10971262733552,gradient_boosting
remote-only-de,56,HRDF | Cooperative Training Product,Cooperative Training Product,46.0,46.47464867779633,gradient_boosting
remote-only-de,57,IBM,"Automation, Data & AI – Intern",36.0,37.159660308076795,gradient_boosting
remote-only-de,58,Unifonic,Internship (Unifonic),34.5,35.71073119940079,gradient_boosting
remote-only-de,59,Misk Foundation,Misk Traineeship / Internship Program,32.5,32.70412311744126,gradient_boosting
remote-only-de,60,Cisco,Cisco NetVersity (Saudi Arabia),42.5,41.63989702401063,gradient_boosting
remote-only-de,61,KAUST,Visiting Student Research Program (VSRP) Internship,34.5,35.71073119940079,gradient_boosting
remote-only-de,62,General Authority for Statistics (GASTAT),Cooperative Training Program,44.5,47.91448973723954,gradient_boosting
remote-only-de,63,Saudi Center for Opinion Polling (SCOP),Cooperative Training Program,44.5,47.91448973723954,gradient_boosting
remote-only-de,64,Al Rajhi Takaful,Cooperative Training Program,34.5,35.71073119940079,gradient_boosting
remote-only-de,65,Expenditure & Projects Efficiency Authority (EXPRO),Future Makers (صنّاع المستقبل) – Cooperative Training,34.5,35.71073119940079,gradient_boosting
remote-only-de,66,Ministry of Finance (Saudi Arabia),Cooperative Training Program (Ministry of Finance),34.5,35.71073119940079,gradient_boosting
remote-only-de,67,General Entertainment Authority (GEA),GEA Cooperative Training Program,34.5,35.71073119940079,gradient_boosting
remote-only-de,68,Banque Saudi Fransi (BSF),COOP Training,34.5,35.71073119940079,gradient_boosting
remote-only-de,69,Arab National Bank (ANB),COOP Trainee,34.5,35.71073119940079,gradient_boosting
remote-only-de,70,Tamara,Builders Program,34.5,35.71073119940079,gradient_boosting
remote-only-de,71,OmniOps,Co‑op Training Program,34.5,35.71073119940079,gradient_boosting
remote-only-de,72,Tatweer Educational Technologies (TETCO),Cooperative Training Program,34.5,35.71073119940079,gradient_boosting
remote-only-de,73,The Saudi Investment Bank (SAIB),Cooperative Program,34.5,35.71073119940079,gradient_boosting
remote-only-de,74,Saudi Awwal Bank (SAB),COOP Program,34.5,35.71073119940079,gradient_boosting
remote-only-de,75,Riyad Bank,Internships and Coop Trainings (CSR 2019),34.5,35.71073119940079,gradient_boosting
remote-only-de,76,Tabby,Intern DevOps Engineer,44.5,44.58647758178003,gradient_boosting
remote-only-de,77,Tabby,Intern Backend (GO) Engineer,54.5,54.19775479387744,gradient_boosting
remote-only-de,78,Tabby,Intern Frontend Engineer,34.5,35.71073119940079,gradient_boosting
remote-only-de,79,Tabby,Intern Data Engineer,54.5,56.11675681503661,gradient_boosting
remote-only-de,80,Tabby,No-Code / AI Agents Engineering Intern,34.5,35.71073119940079,gradient_boosting
remote-only-de,81,Bank Albilad,Cooperative Training Program,44.5,45.04373390850082,gradient_boosting
remote-only-de,82,Saudi Ground Services (SGS),COOP Program,34.5,35.71073119940079,gradient_boosting
remote-only-de,83,CEER,Cooperative Training Program (COOP),34.5,35.71073119940079,gradient_boosting
remote-only-de,84,Al Rajhi Takaful,Coop Training Program,34.5,35.71073119940079,gradient_boosting
remote-only-de,85,TAWAL,COOP Training Program,34.5,35.71073119940079,gradient_boosting
remote-only-de,86,Wakeb_Data,COOP Training,34.5,35.71073119940079,gradient_boosting
remote-only-de,87,Banque Saudi Fransi (BSF),Coop Training Program,34.5,35.71073119940079,gradient_boosting
remote-only-de,88,Tech Economy,COOP Training Program,34.5,35.71073119940079,gradient_boosting
remote-only-de,89,SAMI Advanced Electronics (SAMI-AEC),Coop Trainee,34.5,35.71073119940079,gradient_boosting
remote-only-de,90,NHC,COOP Trainee,44.5,45.04373390850082,gradient_boosting
remote-only-de,91,REMAT ADVANCED,Cooperative Training Program,34.5,35.71073119940079,gradient_boosting
remote-only-de,92,SDM,AI COOP,44.5,47.91448973723954,gradient_boosting
remote-only-de,93,HUED,HUED COOP Program 2026,34.5,35.71073119940079,gradient_boosting
remote-only-de,94,Araamis • أرامس,Araamis COOP Program 2026,34.5,35.71073119940079,gradient_boosting
remote-only-de,95,ARDARA,COOP Training for Students,34.5,35.71073119940079,gradient_boosting
remote-only-de,96,flynas,COOP Trainee / Internship Program,34.5,35.71073119940079,gradient_boosting
remote-only-de,97,Saudi Motorsport Company (SMC),COOP Trainee (IT Asset Project Management),34.5,35.71073119940079,gradient_boosting
remote-only-de,98,Saudi Motorsport Company (SMC),COOP Trainee (Supply Chain Excellence Associate),34.5,35.71073119940079,gradient_boosting
remote-only-de,99,Mobily,Cooperative Training Program,34.5,35.71073119940079,gradient_boosting
remote-only-de,100,Saudi Awwal Bank (SAB),Student Opportunities: Cooperative / Practical Training,34.5,35.71073119940079,gradient_boosting
remote-only-de,101,Alvarez & Marsal,COOP Training Program,34.5,35.71073119940079,gradient_boosting
remote-only-de,102,Visa,COOP Trainee (Jan 2026),34.5,35.71073119940079,gradient_boosting
remote-only-de,103,Zain KSA,Evolve Program (Fresh Graduates),29.5,29.69664624730153,gradient_boosting
remote-only-de,104,Zain KSA,Zain Pioneers Program,29.5,29.69664624730153,gradient_boosting
remote-only-de,105,Savvy Games Group,Cooperative Training Program (Co-op),34.5,35.71073119940079,gradient_boosting
remote-only-de,106,Bank AlJazira,Tamheer Program,29.5,29.69664624730153,gradient_boosting
remote-only-de,107,sirar by stc,Cooperative Training Program,34.5,35.71073119940079,gradient_boosting
remote-only-de,108,Gathern,Co-op Program,34.5,35.71073119940079,gradient_boosting
remote-only-de,109,Elm Company (شركة علم),Coop Training - Computer Science (Jan/Mar/Jun/Aug 2025 Intake),34.5,35.71073119940079,gradient_boosting
remote-only-de,110,Elm Company (شركة علم),Co-Op Training - Information Technology (Jun & Aug 2025 Intake),34.5,35.71073119940079,gradient_boosting
remote-only-de,111,EJADA,COOP Administration & Support Engineer,34.5,35.71073119940079,gradient_boosting
remote-only-de,112,Emdad By Elm,Network Cooperative Training (Network Intern),34.5,35.71073119940079,gradient_boosting
remote-only-de,113,AILA,Co-op Training Programme,44.5,44.58647758178003,gradient_boosting
remote-only-de,114,Foodics,Foodics 360 Internship Program,34.5,35.71073119940079,gradient_boosting
remote-only-de,115,Salla,برنامج التدريب التعاوني (Coop Training) – Salla,34.5,35.71073119940079,gradient_boosting
remote-only-de,116,Lucidya,Technical Internship or Coop – Lucidya,34.5,35.71073119940079,gradient_boosting
remote-only-de,117,Diriyah Company,Diriyah Co-op Training Program,34.5,35.71073119940079,gradient_boosting
remote-only-de,118,Riyadh Air,Co-op – Riyadh Air,34.5,35.71073119940079,gradient_boosting
remote-only-de,119,Jahez Group,Jahez Internship Program (as described in Sustainability Report),34.5,35.71073119940079,gradient_boosting
remote-only-de,120,Lumi | لومي,COOP Intern 2025 – Lumi,34.5,35.71073119940079,gradient_boosting
remote-only-de,121,webook.com,COOP Trainee Opportunities – webook.com,34.5,35.71073119940079,gradient_boosting
remote-only-de,122,moneymoon,Tech & AI Co-op Program 2025,44.5,47.91448973723954,gradient_boosting
remote-only-de,123,EjadTech - إيجاد التقنية,"Summer Internship Program 2025 (Computer, Data, and AI Majors)",46.0,48.398878856274294,gradient_boosting
remote-only-de,124,InnovationTeam,Java Microservices Internship Programme (Saudi Nationals),46.0,48.398878856274294,gradient_boosting
remote-only-de,125,Tamkeen Technologies,On the Job Training (Internship Program) — Technology field,34.5,35.71073119940079,gradient_boosting
remote-only-de,126,Trendyol Group,Trendyol Tech Talent - Bootcamp & COOP Internship Program (Saudi Students Only),36.0,37.159660308076795,gradient_boosting
remote-only-de,127,Ninja نينجا,COOP Training Program,36.0,37.159660308076795,gradient_boosting
remote-only-de,128,SCAI | سكاي,CO-OP Training Opportunities (Intern),44.5,47.91448973723954,gradient_boosting
remote-only-de,129,WalaPlus,Coop & Tamheer Opportunities,34.5,35.71073119940079,gradient_boosting
remote-only-de,130,Aon,IT Co-op Trainee 2026,34.5,35.71073119940079,gradient_boosting
remote-only-de,131,Hewlett Packard Enterprise (HPE),College Intern (Coop),34.5,35.71073119940079,gradient_boosting
remote-only-de,132,Signify,KSA Coop Internship Program,34.5,35.71073119940079,gradient_boosting
remote-only-de,133,Help AG (e& enterprise),Cybersecurity Intern,34.5,35.71073119940079,gradient_boosting
remote-only-de,134,TrendAI (Trend Micro),CyberGATE Internship Program,34.5,35.71073119940079,gradient_boosting
remote-only-de,135,Golf Saudi,IT Co-op Trainee,34.5,35.71073119940079,gradient_boosting
remote-only-de,136,Siemens Healthineers,Healthineers Early Talent Program – IT (Riyadh),34.5,35.71073119940079,gradient_boosting
remote-only-de,137,1957 Ventures,Internship / Co-Op Program,34.5,35.71073119940079,gradient_boosting
remote-only-de,138,Nokia,Graduate Trainee (Saudi Arabia) – Fledgers Program,39.5,40.53676809394796,gradient_boosting
remote-only-de,139,Ericsson,Summer Interns (Ericsson Saudi),34.5,35.71073119940079,gradient_boosting
remote-only-de,140,Bosch Middle East,Software Development Intern (AI/Cloud),44.5,47.91448973723954,gradient_boosting
remote-only-de,141,Saudi Payments | المدفوعات السعودية,COOP Training – August 2024,34.5,35.71073119940079,gradient_boosting
remote-only-de,142,Saudi Tadawul Group | تداول,Cooperative Training Program (COOP),34.5,35.71073119940079,gradient_boosting
remote-only-de,143,Lean Technologies,Software Engineering Intern – KSA,54.5,56.11675681503661,gradient_boosting
remote-only-de,144,Mirai (Scopely) | مِراي,AI Engineering Intern (GenAI),44.5,47.91448973723954,gradient_boosting
remote-only-de,145,HungerStation | هنقرستيشن,"Co-OP Trainee, Data Analysis – Info Sec",54.5,56.11675681503661,gradient_boosting
remote-only-de,146,NCGR | المركز الوطني لنظم الموارد الحكومية,Coop Training Program,34.5,35.71073119940079,gradient_boosting
remote-only-de,147,nybl,nybl Graduate Programme – Saudi Nationals (AI Bootcamp),29.5,29.69664624730153,gradient_boosting
remote-only-de,148,Procter & Gamble (P&G),P&G LEADgen Internship Program 2026 (Riyadh),34.5,35.71073119940079,gradient_boosting
remote-only-de,149,New Murabba | المربع الجديد,New Murabba Co-op Training Program,34.5,35.71073119940079,gradient_boosting
remote-only-de,150,Boeing Saudi Arabia Limited,Intern - Info Technology & Data Analytics (Riyadh),34.5,35.71073119940079,gradient_boosting
remote-only-de,151,Motorola Solutions,Deployment Engineer Intern (KSA National - Tamheer Program),34.5,35.71073119940079,gradient_boosting
remote-only-de,152,Schneider Electric,Co-op Intern (Engineering) - Al Khobar (Jan–Aug 2026),34.5,35.71073119940079,gradient_boosting
remote-only-de,153,Lockheed Martin,Tamheer Space Internship (Riyadh),34.5,35.71073119940079,gradient_boosting
remote-only-de,154,Markaba | مركبة,Start-up Software Intern – TAMHEER (Saudi nationals only),36.0,37.159660308076795,gradient_boosting
remote-only-de,155,Laverne Group | مجموعة لافيرن,Data Analyst / Data Engineer Intern (IT Department),44.5,47.91448973723954,gradient_boosting
remote-only-de,156,Meel | ميل,"Software Developer Internship (Remote, min 2 months)",49.5,49.538564471973814,gradient_boosting
remote-only-de,157,Nahdi Medical Co.,IT Internship / COOP Program (6 months),44.5,45.04373390850082,gradient_boosting
remote-only-de,158,SMART Technology Solutions | سمارت لحلول التقنية,R&D Intern (Riyadh),34.5,35.71073119940079,gradient_boosting
remote-only-de,159,Knodemy Inc.,AI Developer & Tech Trainer Intern - Riyadh,44.5,47.91448973723954,gradient_boosting
remote-only-de,160,Water Transmission Company | شركة نقل المياه,Tamheer Internship Program (HRIS / Engineering & PM - Riyadh),34.5,35.71073119940079,gradient_boosting
remote-only-de,161,AFNOYS,"AI Automation Intern - KSA (Remote, 4 weeks)",49.5,49.538564471973814,gradient_boosting
remote-only-de,162,SAS,CareerStart@SAS 2026 - Presales Customer Intelligence Intern (Riyadh),38.0,39.35374528824776,gradient_boosting
remote-only-de,163,Devoteam,Trainee - Future Leaders Program (Co-op/Fresh Graduate),36.0,37.159660308076795,gradient_boosting
remote-only-de,164,ضالتي Dhallaty,Tech Intern: Fresh Grad or Student,38.0,39.35374528824776,gradient_boosting
remote-only-de,165,Innovative Solutions SA,Presales - Tamheer,36.0,37.159660308076795,gradient_boosting
remote-only-de,166,HUMAIN,Tamheer Program (Software Engineer / Cybersecurity / MIS),36.0,37.159660308076795,gradient_boosting
remote-only-de,167,TAM | تام,"Tamheer Opportunity, Advisory",15.0,19.207161059783747,gradient_boosting
remote-only-de,168,هيئة التأمين | Insurance Authority,Tamheer Opportunity - Specialist of Information Security,36.0,37.159660308076795,gradient_boosting
remote-only-de,169,Snbla | سنبله,Paid Internship Program (FinTech),38.0,39.35374528824776,gradient_boosting
remote-only-de,170,2P Perfect Presentation,Data Analyst (Tamheer),36.0,37.159660308076795,gradient_boosting
remote-only-de,171,Infosys,Summer Intern (Infosys InStep ’26 – Bangalore),37.5,38.39659116793512,gradient_boosting
remote-only-de,172,شركة الخدمات المدارة | Managed Services Company,Intern Cybersecurity Engineer,36.0,37.159660308076795,gradient_boosting
remote-only-de,173,Abunayyan Holding,Data Analyst (Tamheer),36.0,37.159660308076795,gradient_boosting
no-interview-ft,1,Saudi Aramco,University Internship Program (UIP),29.5,29.69664624730153,gradient_boosting
no-interview-ft,2,SABIC,COOP Training Program,32.5,32.400408535175984,gradient_boosting
no-interview-ft,3,stc (Saudi Telecom Company),Cooperative Training Program (COOP),39.5,39.759149638454424,gradient_boosting
no-interview-ft,4,Saudi National Bank (SNB),SNB Cooperative Training Program,34.5,34.55845288957915,gradient_boosting
no-interview-ft,5,Al Rajhi Bank,Cooperative Training Program,34.5,34.55845288957915,gradient_boosting
no-interview-ft,6,Capital Market Authority (CMA),COOP Program,39.5,39.759149638454424,gradient_boosting
no-interview-ft,7,Digital Government Authority (DGA),Maidan Cooperative Training Program,39.5,39.759149638454424,gradient_boosting
no-interview-ft,8,KPMG Saudi Arabia,COOP & Internship Programs,34.5,34.55845288957915,gradient_boosting
no-interview-ft,9,PwC Middle East,"Deals, COOP and Summer Internship Programme (2026)",39.5,39.759149638454424,gradient_boosting
no-interview-ft,10,Deloitte Middle East (KSA),Jusoor Al Sharqiyah Internship Program,39.5,39.49605782069655,gradient_boosting
no-interview-ft,11,Bank Albilad,Cooperative & Summer Training Program,34.5,34.55845288957915,gradient_boosting
no-interview-ft,12,Tamara,Tamara Builders Program,39.5,39.759149638454424,gradient_boosting
no-interview-ft,13,Bupa Arabia,Cooperative Training Program,39.5,39.759149638454424,gradient_boosting
no-interview-ft,14,Saudi Exports (Saudi Export Development Authority),COOP & Summer Training (FAQ-confirmed),34.5,34.55845288957915,gradient_boosting
no-interview-ft,15,Local Content and Government Procurement Authority (LCGPA),COOP Training (role posting),39.5,39.759149638454424,gradient_boosting
no-interview-ft,16,McKinsey & Company (Maqdira),Maqdira Fellowship Program,39.5,39.759149638454424,gradient_boosting
no-interview-ft,17,Boston Consulting Group (BCG),Visiting Associate Internship (Riyadh),39.5,39.759149638454424,gradient_boosting
no-interview-ft,18,Bain & Company,COOP Training Program (Riyadh),39.5,39.759149638454424,gradient_boosting
no-interview-ft,19,Amazon Web Services (AWS),IT/Computer Hardware Internship (Intern-to-FTE Pathway),49.5,49.8512081730508,gradient_boosting
no-interview-ft,20,Amazon Web Services (AWS) - Associate Solutions Architect Intern,Associate Solutions Architect Intern (2026),49.5,49.8512081730508,gradient_boosting
no-interview-ft,21,Google (Saudi Arabia),Google Careers (Saudi location filter),39.5,39.759149638454424,gradient_boosting
no-interview-ft,22,BlackRock,Client & Product Summer Internship Programme (EMEA) - includes Riyadh,69.5,70.01542146343563,gradient_boosting
no-interview-ft,23,noon,Student Internship,49.5,49.8512081730508,gradient_boosting
no-interview-ft,24,MOZN,Data Science Intern,69.5,70.01542146343563,gradient_boosting
no-interview-ft,25,Elm,Elm Co-op Training Program (March 2026 Intake),39.5,39.759149638454424,gradient_boosting
no-interview-ft,26,Yasref,Yasref Cooperative Training Program,32.5,32.400408535175984,gradient_boosting
no-interview-ft,27,"Saudi Standards, Metrology and Quality Organization (SASO)",Cooperative Training (Collaborative Training),39.5,39.759149638454424,gradient_boosting
no-interview-ft,28,"Zakat, Tax and Customs Authority (ZATCA)",Binaa-Alkafaat Program,34.5,34.55845288957915,gradient_boosting
no-interview-ft,29,Human Resources Development Fund (HRDF) – Cooperative Training Product,Cooperative Training (HRDF product),15.0,15.126122883342932,gradient_boosting
no-interview-ft,30,EXPRO,COOP Training (Future Makers Program),39.5,39.759149638454424,gradient_boosting
no-interview-ft,31,Ministry of Industry and Mineral Resources (MIM) – Cooperative Training Initiative,Cooperative Training Initiative,15.0,15.126122883342932,gradient_boosting
no-interview-ft,32,TBC (The Beauty Company),Cooperative Training Program,34.5,34.55845288957915,gradient_boosting
no-interview-ft,33,National Center for Vegetation Cover Development & Combating Desertification (NCVC),COOP Training Program,39.5,39.759149638454424,gradient_boosting
no-interview-ft,34,Saudi Power Procurement Company (SPPC),Future Power – COOP Training Program,39.5,39.759149638454424,gradient_boosting
no-interview-ft,35,TBC (Tatweer Building Company),Cooperative Training Program,39.5,39.759149638454424,gradient_boosting
no-interview-ft,36,PwC Middle East (Assurance COOP & Summer Internship Programme 2026),"Assurance, COOP and Summer Internship Programme 2026 – Middle East",39.5,39.759149638454424,gradient_boosting
no-interview-ft,37,KAPSARC,Intern (Coop- Trainee),39.5,39.759149638454424,gradient_boosting
no-interview-ft,38,BSF (Banque Saudi Fransi),COOP / Internship,29.5,29.69664624730153,gradient_boosting
no-interview-ft,39,Saudi Food & Drug Authority (SFDA),COOP training (First semester 2025-2026 intake),34.5,34.55845288957915,gradient_boosting
no-interview-ft,40,Saudi Power Procurement Company (SPPC) – Future Power (Business Admin COOP),Future Power – Business Administration COOP Training Program,39.5,39.759149638454424,gradient_boosting
no-interview-ft,41,Bank Albilad,Cooperative and Summer Training Program,39.5,39.759149638454424,gradient_boosting
no-interview-ft,42,The Saudi National Bank (SNB),SNB Rowad Program,39.5,39.759149638454424,gradient_boosting
no-interview-ft,43,National Cybersecurity Authority (NCA) – Academy,Cybersecurity training programs (academy),44.5,45.04373390850082,gradient_boosting
no-interview-ft,44,PIF | Graduate Development Program,Graduate Development Program (GDP),59.5,59.42632612610192,gradient_boosting
no-interview-ft,45,NEOM | GrOW (Graduates Opportunities in Work),GrOW (Graduates Opportunities in Work),36.0,36.03590825492308,gradient_boosting
no-interview-ft,46,ROSHN | COOP Trainee Program,COOP Trainee Program,39.5,39.759149638454424,gradient_boosting
no-interview-ft,47,Microsoft | Ru'aa Program (Riyadh),Ru'aa Program Internship (Solution Engineering),49.5,49.8512081730508,gradient_boosting
no-interview-ft,48,Oracle | Business Development Intern (KSA market),Business Development Intern (KSA market),46.0,45.406592532887835,gradient_boosting
no-interview-ft,49,SAP | Student Internship (Riyadh),Student Internship - Riyadh,49.5,49.8512081730508,gradient_boosting
no-interview-ft,50,SAB (Saudi Awwal Bank) | Cooperative Training Programme (COOP),SAB Cooperative Training Programme (COOP),39.5,39.759149638454424,gradient_boosting
no-interview-ft,51,Ministry of Finance (Saudi Arabia) | Cooperative Training Program,Cooperative Training Program,41.0,41.15420167910794,gradient_boosting
no-interview-ft,52,Ministry of Industry and Mineral Resources | Cooperative Training,Cooperative Training Initiative,36.0,36.03590825492308,gradient_boosting
no-interview-ft,53,King Fahd Causeway Authority | Internship Program,Internship Program,46.0,45.406592532887835,gradient_boosting
no-interview-ft,54,Tawuniya | Tamheer Program (Fresh Graduates),Tamheer Program,42.5,41.63989702401063,gradient_boosting
no-interview-ft,55,SAMA | SAMA Professional Program (SPP),SAMA Professional Program (SPP),41.0,41.15420167910794,gradient_boosting
no-interview-ft,56,HRDF | Cooperative Training Product,Cooperative Training Product,36.0,36.03590825492308,gradient_boosting
no-interview-ft,57,IBM,"Automation, Data & AI – Intern",51.0,50.84020479874949,gradient_boosting
no-interview-ft,58,Unifonic,Internship (Unifonic),49.5,49.8512081730508,gradient_boosting
no-interview-ft,59,Misk Foundation,Misk Traineeship / Internship Program,42.5,41.63989702401063,gradient_boosting
no-interview-ft,60,Cisco,Cisco NetVersity (Saudi Arabia),37.5,37.54802744037876,gradient_boosting
no-interview-ft,61,KAUST,Visiting Student Research Program (VSRP) Internship,39.5,39.49605782069655,gradient_boosting
no-interview-ft,62,General Authority for Statistics (GASTAT),Cooperative Training Program,59.5,59.42632612610192,gradient_boosting
no-interview-ft,63,Saudi Center for Opinion Polling (SCOP),Cooperative Training Program,59.5,59.42632612610192,gradient_boosting
no-interview-ft,64,Al Rajhi Takaful,Cooperative Training Program,39.5,39.759149638454424,gradient_boosting
no-interview-ft,65,Expenditure & Projects Efficiency Authority (EXPRO),Future Makers (صنّاع المستقبل) – Cooperative Training,39.5,39.759149638454424,gradient_boosting
no-interview-ft,66,Ministry of Finance (Saudi Arabia),Cooperative Training Program (Ministry of Finance),39.5,39.759149638454424,gradient_boosting
no-interview-ft,67,General Entertainment Authority (GEA),GEA Cooperative Training Program,39.5,39.759149638454424,gradient_boosting
no-interview-ft,68,Banque Saudi Fransi (BSF),COOP Training,39.5,39.759149638454424,gradient_boosting
no-interview-ft,69,Arab National Bank (ANB),COOP Trainee,39.5,39.759149638454424,gradient_boosting
no-interview-ft,70,Tamara,Builders Program,39.5,39.759149638454424,gradient_boosting
no-interview-ft,71,OmniOps,Co‑op Training Program,39.5,39.759149638454424,gradient_boosting
no-interview-ft,72,Tatweer Educational Technologies (TETCO),Cooperative Training Program,39.5,39.759149638454424,gradient_boosting
no-interview-ft,73,The Saudi Investment Bank (SAIB),Cooperative Program,39.5,39.759149638454424,gradient_boosting
no-interview-ft,74,Saudi Awwal Bank (SAB),COOP Program,39.5,39.759149638454424,gradient_boosting
no-interview-ft,75,Riyad Bank,Internships and Coop Trainings (CSR 2019),39.5,39.759149638454424,gradient_boosting
no-interview-ft,76,Tabby,Intern DevOps Engineer,49.5,49.8512081730508,gradient_boosting
no-interview-ft,77,Tabby,Intern Backend (GO) Engineer,69.5,70.01542146343563,gradient_boosting
no-interview-ft,78,Tabby,Intern Frontend Engineer,49.5,49.8512081730508,gradient_boosting
no-interview-ft,79,Tabby,Intern Data Engineer,69.5,70.01542146343563,gradient_boosting
no-interview-ft,80,Tabby,No-Code / AI Agents Engineering Intern,49.5,49.8512081730508,gradient_boosting
no-interview-ft,81,Bank Albilad,Cooperative Training Program,34.5,34.55845288957915,gradient_boosting
no-interview-ft,82,Saudi Ground Services (SGS),COOP Program,29.5,29.69664624730153,gradient_boosting
no-interview-ft,83,CEER,Cooperative Training Program (COOP),39.5,39.759149638454424,gradient_boosting
no-interview-ft,84,Al Rajhi Takaful,Coop Training Program,39.5,39.759149638454424,gradient_boosting
no-interview-ft,85,TAWAL,COOP Training Program,39.5,39.759149638454424,gradient_boosting
no-interview-ft,86,Wakeb_Data,COOP Training,39.5,39.759149638454424,gradient_boosting
no-interview-ft,87,Banque Saudi Fransi (BSF),Coop Training Program,39.5,39.759149638454424,gradient_boosting
no-interview-ft,88,Tech Economy,COOP Training Program,39.5,39.759149638454424,gradient_boosting
no-interview-ft,89,SAMI Advanced Electronics (SAMI-AEC),Coop Trainee,39.5,39.759149638454424,gradient_boosting
no-interview-ft,90,NHC,COOP Trainee,34.5,34.55845288957915,gradient_boosting
no-interview-ft,91,REMAT ADVANCED,Cooperative Training Program,39.5,39.759149638454424,gradient_boosting
no-interview-ft,92,SDM,AI COOP,39.5,39.759149638454424,gradient_boosting
no-interview-ft,93,HUED,HUED COOP Program 2026,39.5,39.759149638454424,gradient_boosting
no-interview-ft,94,Araamis • أرامس,Araamis COOP Program 2026,39.5,39.759149638454424,gradient_boosting
no-interview-ft,95,ARDARA,COOP Training for Students,39.5,39.759149638454424,gradient_boosting
no-interview-ft,96,flynas,COOP Trainee / Internship Program,39.5,39.759149638454424,gradient_boosting
no-interview-ft,97,Saudi Motorsport Company (SMC),COOP Trainee (IT Asset Project Management),29.5,29.69664624730153,gradient_boosting
no-interview-ft,98,Saudi Motorsport Company (SMC),COOP Trainee (Supply Chain Excellence Associate),29.5,29.69664624730153,gradient_boosting
no-interview-ft,99,Mobily,Cooperative Training Program,39.5,39.759149638454424,gradient_boosting
no-interview-ft,100,Saudi Awwal Bank (SAB),Student Opportunities: Cooperative / Practical Training,39.5,39.759149638454424,gradient_boosting
no-interview-ft,101,Alvarez & Marsal,COOP Training Program,39.5,39.759149638454424,gradient_boosting
no-interview-ft,102,Visa,COOP Trainee (Jan 2026),39.5,39.759149638454424,gradient_boosting
no-interview-ft,103,Zain KSA,Evolve Program (Fresh Graduates),39.5,39.759149638454424,gradient_boosting
no-interview-ft,104,Zain KSA,Zain Pioneers Program,39.5,39.759149638454424,gradient_boosting
no-interview-ft,105,Savvy Games Group,Cooperative Training Program (Co-op),39.5,39.759149638454424,gradient_boosting
no-interview-ft,106,Bank AlJazira,Tamheer Program,39.5,39.759149638454424,gradient_boosting
no-interview-ft,107,sirar by stc,Cooperative Training Program,39.5,39.759149638454424,gradient_boosting
no-interview-ft,108,Gathern,Co-op Program,39.5,39.759149638454424,gradient_boosting
no-interview-ft,109,Elm Company (شركة علم),Coop Training - Computer Science (Jan/Mar/Jun/Aug 2025 Intake),39.5,39.759149638454424,gradient_boosting
no-interview-ft,110,Elm Company (شركة علم),Co-Op Training - Information Technology (Jun & Aug 2025 Intake),39.5,39.759149638454424,gradient_boosting
no-interview-ft,111,EJADA,COOP Administration & Support Engineer,39.5,39.759149638454424,gradient_boosting
no-interview-ft,112,Emdad By Elm,Network Cooperative Training (Network Intern),29.5,29.69664624730153,gradient_boosting
no-interview-ft,113,AILA,Co-op Training Programme,39.5,39.759149638454424,gradient_boosting
no-interview-ft,114,Foodics,Foodics 360 Internship Program,49.5,49.8512081730508,gradient_boosting
no-interview-ft,115,Salla,برنامج التدريب التعاوني (Coop Training) – Salla,29.5,29.69664624730153,gradient_boosting
no-interview-ft,116,Lucidya,Technical Internship or Coop – Lucidya,29.5,29.69664624730153,gradient_boosting
no-interview-ft,117,Diriyah Company,Diriyah Co-op Training Program,39.5,39.759149638454424,gradient_boosting
no-interview-ft,118,Riyadh Air,Co-op – Riyadh Air,39.5,39.759149638454424,gradient_boosting
no-interview-ft,119,Jahez Group,Jahez Internship Program (as described in Sustainability Report),49.5,49.8512081730508,gradient_boosting
no-interview-ft,120,Lumi | لومي,COOP Intern 2025 – Lumi,39.5,39.759149638454424,gradient_boosting
no-interview-ft,121,webook.com,COOP Trainee Opportunities – webook.com,39.5,39.759149638454424,gradient_boosting
no-interview-ft,122,moneymoon,Tech & AI Co-op Program 2025,39.5,39.759149638454424,gradient_boosting
no-interview-ft,123,EjadTech - إيجاد التقنية,"Summer Internship Program 2025 (Computer, Data, and AI Majors)",51.0,50.84020479874949,gradient_boosting
no-interview-ft,124,InnovationTeam,Java Microservices Internship Programme (Saudi Nationals),71.0,70.97310651166514,gradient_boosting
no-interview-ft,125,Tamkeen Technologies,On the Job Training (Internship Program) — Technology field,49.5,49.8512081730508,gradient_boosting
no-interview-ft,126,Trendyol Group,Trendyol Tech Talent - Bootcamp & COOP Internship Program (Saudi Students Only),41.0,41.15420167910794,gradient_boosting
no-interview-ft,127,Ninja نينجا,COOP Training Program,41.0,41.15420167910794,gradient_boosting
no-interview-ft,128,SCAI | سكاي,CO-OP Training Opportunities (Intern),39.5,39.759149638454424,gradient_boosting
no-interview-ft,129,WalaPlus,Coop & Tamheer Opportunities,39.5,39.759149638454424,gradient_boosting
no-interview-ft,130,Aon,IT Co-op Trainee 2026,39.5,39.759149638454424,gradient_boosting
no-interview-ft,131,Hewlett Packard Enterprise (HPE),College Intern (Coop),39.5,39.759149638454424,gradient_boosting
no-interview-ft,132,Signify,KSA Coop Internship Program,39.5,39.759149638454424,gradient_boosting
no-interview-ft,133,Help AG (e& enterprise),Cybersecurity Intern,49.5,49.8512081730508,gradient_boosting
no-interview-ft,134,TrendAI (Trend Micro),CyberGATE Internship Program,49.5,49.8512081730508,gradient_boosting
no-interview-ft,135,Golf Saudi,IT Co-op Trainee,39.5,39.759149638454424,gradient_boosting
no-interview-ft,136,Siemens Healthineers,Healthineers Early Talent Program – IT (Riyadh),49.5,49.8512081730508,gradient_boosting
no-interview-ft,137,1957 Ventures,Internship / Co-Op Program,39.5,39.759149638454424,gradient_boosting
no-interview-ft,138,Nokia,Graduate Trainee (Saudi Arabia) – Fledgers Program,39.5,39.759149638454424,gradient_boosting
no-interview-ft,139,Ericsson,Summer Interns (Ericsson Saudi),49.5,49.8512081730508,gradient_boosting
no-interview-ft,140,Bosch Middle East,Software Development Intern (AI/Cloud),49.5,49.8512081730508,gradient_boosting
no-interview-ft,141,Saudi Payments | المدفوعات السعودية,COOP Training – August 2024,39.5,39.759149638454424,gradient_boosting
no-interview-ft,142,Saudi Tadawul Group | تداول,Cooperative Training Program (COOP),39.5,39.759149638454424,gradient_boosting
no-interview-ft,143,Lean Technologies,Software Engineering Intern – KSA,69.5,70.01542146343563,gradient_boosting
no-interview-ft,144,Mirai (Scopely) | مِراي,AI Engineering Intern (GenAI),49.5,49.8512081730508,gradient_boosting
no-interview-ft,145,HungerStation | هنقرستيشن,"Co-OP Trainee, Data Analysis – Info Sec",59.5,59.42632612610192,gradient_boosting
no-interview-ft,146,NCGR | المركز الوطني لنظم الموارد الحكومية,Coop Training Program,39.5,39.759149638454424,gradient_boosting
no-interview-ft,147,nybl,nybl Graduate Programme – Saudi Nationals (AI Bootcamp),39.5,39.759149638454424,gradient_boosting
no-interview-ft,148,Procter & Gamble (P&G),P&G LEADgen Internship Program 2026 (Riyadh),49.5,49.8512081730508,gradient_boosting
no-interview-ft,149,New Murabba | المربع الجديد,New Murabba Co-op Training Program,39.5,39.759149638454424,gradient_boosting
no-interview-ft,150,Boeing Saudi Arabia Limited,Intern - Info Technology & Data Analytics (Riyadh),49.5,49.8512081730508,gradient_boosting
no-interview-ft,151,Motorola Solutions,Deployment Engineer Intern (KSA National - Tamheer Program),39.5,39.759149638454424,gradient_boosting
no-interview-ft,152,Schneider Electric,Co-op Intern (Engineering) - Al Khobar (Jan–Aug 2026),29.5,29.69664624730153,gradient_boosting
no-interview-ft,153,Lockheed Martin,Tamheer Space Internship (Riyadh),39.5,39.759149638454424,gradient_boosting
no-interview-ft,154,Markaba | مركبة,Start-up Software Intern – TAMHEER (Saudi nationals only),41.0,41.15420167910794,gradient_boosting
no-interview-ft,155,Laverne Group | مجموعة لافيرن,Data Analyst / Data Engineer Intern (IT Department),69.5,70.01542146343563,gradient_boosting
no-interview-ft,156,Meel | ميل,"Software Developer Internship (Remote, min 2 months)",44.5,44.335192582498735,gradient_boosting
no-interview-ft,157,Nahdi Medical Co.,IT Internship / COOP Program (6 months),34.5,34.55845288957915,gradient_boosting
no-interview-ft,158,SMART Technology Solutions | سمارت لحلول التقنية,R&D Intern (Riyadh),49.5,49.8512081730508,gradient_boosting
no-interview-ft,159,Knodemy Inc.,AI Developer & Tech Trainer Intern - Riyadh,49.5,49.8512081730508,gradient_boosting
no-interview-ft,160,Water Transmission Company | شركة نقل المياه,Tamheer Internship Program (HRIS / Engineering & PM - Riyadh),39.5,39.759149638454424,gradient_boosting
no-interview-ft,161,AFNOYS,"AI Automation Intern - KSA (Remote, 4 weeks)",44.5,44.335192582498735,gradient_boosting
no-interview-ft,162,SAS,CareerStart@SAS 2026 - Presales Customer Intelligence Intern (Riyadh),49.5,49.8512081730508,gradient_boosting
no-interview-ft,163,Devoteam,Trainee - Future Leaders Program (Co-op/Fresh Graduate),41.0,41.15420167910794,gradient_boosting
no-interview-ft,164,ضالتي Dhallaty,Tech Intern: Fresh Grad or Student,49.5,49.8512081730508,gradient_boosting
no-interview-ft,165,Innovative Solutions SA,Presales - Tamheer,41.0,41.15420167910794,gradient_boosting
no-interview-ft,166,HUMAIN,Tamheer Program (Software Engineer / Cybersecurity / MIS),41.0,41.15420167910794,gradient_boosting
no-interview-ft,167,TAM | تام,"Tamheer Opportunity, Advisory",41.0,41.15420167910794,gradient_boosting
no-interview-ft,168,هيئة التأمين | Insurance Authority,Tamheer Opportunity - Specialist of Information Security,41.0,41.15420167910794,gradient_boosting
no-interview-ft,169,Snbla | سنبله,Paid Internship Program (FinTech),49.5,49.8512081730508,gradient_boosting
no-interview-ft,170,2P Perfect Presentation,Data Analyst (Tamheer),41.0,41.15420167910794,gradient_boosting
no-interview-ft,171,Infosys,Summer Intern (Infosys InStep ’26 – Bangalore),42.5,42.485171027565954,gradient_boosting
no-interview-ft,172,شركة الخدمات المدارة | Managed Services Company,Intern Cybersecurity Engineer,51.0,50.84020479874949,gradient_boosting
no-interview-ft,173,Abunayyan Holding,Data Analyst (Tamheer),41.0,41.15420167910794,gradient_boosting
qual-ielts-intern,1,Saudi Aramco,University Internship Program (UIP),44.0,43.708577588214595,gradient_boosting
qual-ielts-intern,2,SABIC,COOP Training Program,47.0,46.84556772462785,gradient_boosting
qual-ielts-intern,3,stc (Saudi Telecom Company),Cooperative Training Program (COOP),44.0,43.708577588214595,gradient_boosting
qual-ielts-intern,4,Saudi National Bank (SNB),SNB Cooperative Training Program,49.0,48.68647457333684,gradient_boosting
qual-ielts-intern,5,Al Rajhi Bank,Cooperative Training Program,49.0,48.68647457333684,gradient_boosting
qual-ielts-intern,6,Capital Market Authority (CMA),COOP Program,44.0,43.708577588214595,gradient_boosting
qual-ielts-intern,7,Digital Government Authority (DGA),Maidan Cooperative Training Program,44.0,43.708577588214595,gradient_boosting
qual-ielts-intern,8,KPMG Saudi Arabia,COOP & Internship Programs,49.0,48.68647457333684,gradient_boosting
qual-ielts-intern,9,PwC Middle East,"Deals, COOP and Summer Internship Programme (2026)",48.5,48.30985052467577,gradient_boosting
qual-ielts-intern,10,Deloitte Middle East (KSA),Jusoor Al Sharqiyah Internship Program,58.5,58.626793756047554,gradient_boosting
qual-ielts-intern,11,Bank Albilad,Cooperative & Summer Training Program,53.5,53.32536090778689,gradient_boosting
qual-ielts-intern,12,Tamara,Tamara Builders Program,48.5,48.30985052467577,gradient_boosting
qual-ielts-intern,13,Bupa Arabia,Cooperative Training Program,44.0,43.708577588214595,gradient_boosting
qual-ielts-intern,14,Saudi Exports (Saudi Export Development Authority),COOP & Summer Training (FAQ-confirmed),49.0,48.68647457333684,gradient_boosting
qual-ielts-intern,15,Local Content and Government Procurement Authority (LCGPA),COOP Training (role posting),44.0,43.708577588214595,gradient_boosting
qual-ielts-intern,16,McKinsey & Company (Maqdira),Maqdira Fellowship Program,48.5,48.30985052467577,gradient_boosting
qual-ielts-intern,17,Boston Consulting Group (BCG),Visiting Associate Internship (Riyadh),44.0,43.708577588214595,gradient_boosting
qual-ielts-intern,18,Bain & Company,COOP Training Program (Riyadh),44.0,43.708577588214595,gradient_boosting
qual-ielts-intern,19,Amazon Web Services (AWS),IT/Computer Hardware Internship (Intern-to-FTE Pathway),58.5,58.626793756047554,gradient_boosting
qual-ielts-intern,20,Amazon Web Services (AWS) - Associate Solutions Architect Intern,Associate Solutions Architect Intern (2026),58.5,58.626793756047554,gradient_boosting
qual-ielts-intern,21,Google (Saudi Arabia),Google Careers (Saudi location filter),47.0,46.942354486891375,gradient_boosting
qual-ielts-intern,22,BlackRock,Client & Product Summer Internship Programme (EMEA) - includes Riyadh,65.17,64.86842627137722,gradient_boosting
qual-ielts-intern,23,noon,Student Internship,54.0,53.99438293402824,gradient_boosting
qual-ielts-intern,24,MOZN,Data Science Intern,51.17,51.91173461762618,gradient_boosting
qual-ielts-intern,25,Elm,Elm Co-op Training Program (March 2026 Intake),44.0,43.708577588214595,gradient_boosting
qual-ielts-intern,26,Yasref,Yasref Cooperative Training Program,51.5,51.26592466942821,gradient_boosting
qual-ielts-intern,27,"Saudi Standards, Metrology and Quality Organization (SASO)",Cooperative Training (Collaborative Training),48.5,48.30985052467577,gradient_boosting
qual-ielts-intern,28,"Zakat, Tax and Customs Authority (ZATCA)",Binaa-Alkafaat Program,49.0,48.68647457333684,gradient_boosting
qual-ielts-intern,29,Human Resources Development Fund (HRDF) – Cooperative Training Product,Cooperative Training (HRDF product),10.5,10.404587120966623,gradient_boosting
qual-ielts-intern,30,EXPRO,COOP Training (Future Makers Program),44.0,43.708577588214595,gradient_boosting
qual-ielts-intern,31,Ministry of Industry and Mineral Resources (MIM) – Cooperative Training Initiative,Cooperative Training Initiative,10.5,10.404587120966623,gradient_boosting
qual-ielts-intern,32,TBC (The Beauty Company),Cooperative Training Program,49.0,48.68647457333684,gradient_boosting
qual-ielts-intern,33,National Center for Vegetation Cover Development & Combating Desertification (NCVC),COOP Training Program,44.0,43.708577588214595,gradient_boosting
qual-ielts-intern,34,Saudi Power Procurement Company (SPPC),Future Power – COOP Training Program,44.0,43.708577588214595,gradient_boosting
qual-ielts-intern,35,TBC (Tatweer Building Company),Cooperative Training Program,50.67,51.59547625631198,gradient_boosting
qual-ielts-intern,36,PwC Middle East (Assurance COOP & Summer Internship Programme 2026),"Assurance, COOP and Summer Internship Programme 2026 – Middle East",55.17,56.616054870965314,gradient_boosting
qual-ielts-intern,37,KAPSARC,Intern (Coop- Trainee),48.5,48.30985052467577,gradient_boosting
qual-ielts-intern,38,BSF (Banque Saudi Fransi),COOP / Internship,54.0,54.34575964598153,gradient_boosting
qual-ielts-intern,39,Saudi Food & Drug Authority (SFDA),COOP training (First semester 2025-2026 intake),49.0,48.68647457333684,gradient_boosting
qual-ielts-intern,40,Saudi Power Procurement Company (SPPC) – Future Power (Business Admin COOP),Future Power – Business Administration COOP Training Program,44.0,43.708577588214595,gradient_boosting
qual-ielts-intern,41,Bank Albilad,Cooperative and Summer Training Program,44.0,43.708577588214595,gradient_boosting
qual-ielts-intern,42,The Saudi National Bank (SNB),SNB Rowad Program,44.0,43.708577588214595,gradient_boosting
qual-ielts-intern,43,National Cybersecurity Authority (NCA) – Academy,Cybersecurity training programs (academy),49.0,48.874788447115655,gradient_boosting
qual-ielts-intern,44,PIF | Graduate Development Program,Graduate Development Program (GDP),61.83,61.716810150742766,gradient_boosting
qual-ielts-intern,45,NEOM | GrOW (Graduates Opportunities in Work),GrOW (Graduates Opportunities in Work),50.0,50.20857164984937,gradient_boosting
qual-ielts-intern,46,ROSHN | COOP Trainee Program,COOP Trainee Program,44.0,43.708577588214595,gradient_boosting
qual-ielts-intern,47,Microsoft | Ru'aa Program (Riyadh),Ru'aa Program Internship (Solution Engineering),58.5,58.626793756047554,gradient_boosting
qual-ielts-intern,48,Oracle | Business Development Intern (KSA market),Business Development Intern (KSA market),55.5,55.55645846309802,gradient_boosting
qual-ielts-intern,49,SAP | Student Internship (Riyadh),Student Internship - Riyadh,54.0,53.99438293402824,gradient_boosting
qual-ielts-intern,50,SAB (Saudi Awwal Bank) | Cooperative Training Programme (COOP),SAB Cooperative Training Programme (COOP),44.0,43.708577588214595,gradient_boosting
qual-ielts-intern,51,Ministry of Finance (Saudi Arabia) | Cooperative Training Program,Cooperative Training Program,40.5,40.09124472015388,gradient_boosting
qual-ielts-intern,52,Ministry of Industry and Mineral Resources | Cooperative Training,Cooperative Training Initiative,45.5,45.30581478063456,gradient_boosting
qual-ielts-intern,53,King Fahd Causeway Authority | Internship Program,Internship Program,60.0,59.59264864941723,gradient_boosting
qual-ielts-intern,54,Tawuniya | Tamheer Program (Fresh Graduates),Tamheer Program,51.5,52.76760040491009,gradient_boosting
qual-ielts-intern,55,SAMA | SAMA Professional Program (SPP),SAMA Professional Program (SPP),40.5,40.09124472015388,gradient_boosting
qual-ielts-intern,56,HRDF | Cooperative Training Product,Cooperative Training Product,45.5,45.30581478063456,gradient_boosting
qual-ielts-intern,57,IBM,"Automation, Data & AI – Intern",55.0,55.13998973529376,gradient_boosting
qual-ielts-intern,58,Unifonic,Internship (Unifonic),58.5,58.626793756047554,gradient_boosting
qual-ielts-intern,59,Misk Foundation,Misk Traineeship / Internship Program,47.0,47.05287318396764,gradient_boosting
qual-ielts-intern,60,Cisco,Cisco NetVersity (Saudi Arabia),56.5,57.11327951044191,gradient_boosting
qual-ielts-intern,61,KAUST,Visiting Student Research Program (VSRP) Internship,54.0,53.99438293402824,gradient_boosting
qual-ielts-intern,62,General Authority for Statistics (GASTAT),Cooperative Training Program,55.17,56.616054870965314,gradient_boosting
qual-ielts-intern,63,Saudi Center for Opinion Polling (SCOP),Cooperative Training Program,55.17,56.616054870965314,gradient_boosting
qual-ielts-intern,64,Al Rajhi Takaful,Cooperative Training Program,44.0,43.708577588214595,gradient_boosting
qual-ielts-intern,65,Expenditure & Projects Efficiency Authority (EXPRO),Future Makers (صنّاع المستقبل) – Cooperative Training,44.0,43.708577588214595,gradient_boosting
qual-ielts-intern,66,Ministry of Finance (Saudi Arabia),Cooperative Training Program (Ministry of Finance),44.0,43.708577588214595,gradient_boosting
qual-ielts-intern,67,General Entertainment Authority (GEA),GEA Cooperative Training Program,44.0,43.708577588214595,gradient_boosting
qual-ielts-intern,68,Banque Saudi Fransi (BSF),COOP Training,44.0,43.708577588214595,gradient_boosting
qual-ielts-intern,69,Arab National Bank (ANB),COOP Trainee,44.0,43.708577588214595,gradient_boosting
qual-ielts-intern,70,Tamara,Builders Program,44.0,43.708577588214595,gradient_boosting
qual-ielts-intern,71,OmniOps,Co‑op Training Program,48.5,48.30985052467577,gradient_boosting
qual-ielts-intern,72,Tatweer Educational Technologies (TETCO),Cooperative Training Program,48.5,48.30985052467577,gradient_boosting
qual-ielts-intern,73,The Saudi Investment Bank (SAIB),Cooperative Program,44.0,43.708577588214595,gradient_boosting
qual-ielts-intern,74,Saudi Awwal Bank (SAB),COOP Program,44.0,43.708577588214595,gradient_boosting
qual-ielts-intern,75,Riyad Bank,Internships and Coop Trainings (CSR 2019),44.0,43.708577588214595,gradient_boosting
qual-ielts-intern,76,Tabby,Intern DevOps Engineer,58.5,58.25058534864222,gradient_boosting
qual-ielts-intern,77,Tabby,Intern Backend (GO) Engineer,65.17,65.21564330344323,gradient_boosting
qual-ielts-intern,78,Tabby,Intern Frontend Engineer,58.5,58.626793756047554,gradient_boosting
qual-ielts-intern,79,Tabby,Intern Data Engineer,65.17,64.86842627137722,gradient_boosting
qual-ielts-intern,80,Tabby,No-Code / AI Agents Engineering Intern,58.5,58.626793756047554,gradient_boosting
qual-ielts-intern,81,Bank Albilad,Cooperative Training Program,49.0,48.68647457333684,gradient_boosting
qual-ielts-intern,82,Saudi Ground Services (SGS),COOP Program,54.0,54.34575964598153,gradient_boosting
qual-ielts-intern,83,CEER,Cooperative Training Program (COOP),44.0,43.708577588214595,gradient_boosting
qual-ielts-intern,84,Al Rajhi Takaful,Coop Training Program,44.0,43.708577588214595,gradient_boosting
qual-ielts-intern,85,TAWAL,COOP Training Program,48.5,48.30985052467577,gradient_boosting
qual-ielts-intern,86,Wakeb_Data,COOP Training,55.17,56.616054870965314,gradient_boosting
qual-ielts-intern,87,Banque Saudi Fransi (BSF),Coop Training Program,44.0,43.708577588214595,gradient_boosting
qual-ielts-intern,88,Tech Economy,COOP Training Program,44.0,43.708577588214595,gradient_boosting
qual-ielts-intern,89,SAMI Advanced Electronics (SAMI-AEC),Coop Trainee,44.0,43.708577588214595,gradient_boosting
qual-ielts-intern,90,NHC,COOP Trainee,49.0,48.68647457333684,gradient_boosting
qual-ielts-intern,91,REMAT ADVANCED,Cooperative Training Program,48.5,48.30985052467577,gradient_boosting
qual-ielts-intern,92,SDM,AI COOP,48.5,48.30985052467577,gradient_boosting
qual-ielts-intern,93,HUED,HUED COOP Program 2026,48.5,48.30985052467577,gradient_boosting
qual-ielts-intern,94,Araamis • أرامس,Araamis COOP Program 2026,48.5,48.30985052467577,gradient_boosting
qual-ielts-intern,95,ARDARA,COOP Training for Students,44.0,43.708577588214595,gradient_boosting
qual-ielts-intern,96,flynas,COOP Trainee / Internship Program,48.5,48.30985052467577,gradient_boosting
qual-ielts-intern,97,Saudi Motorsport Company (SMC),COOP Trainee (IT Asset Project Management),65.17,65.25810142156436,gradient_boosting
qual-ielts-intern,98,Saudi Motorsport Company (SMC),COOP Trainee (Supply Chain Excellence Associate),65.17,65.25810142156436,gradient_boosting
qual-ielts-intern,99,Mobily,Cooperative Training Program,44.0,43.708577588214595,gradient_boosting
qual-ielts-intern,100,Saudi Awwal Bank (SAB),Student Opportunities: Cooperative / Practical Training,44.0,43.708577588214595,gradient_boosting
qual-ielts-intern,101,Alvarez & Marsal,COOP Training Program,44.0,43.708577588214595,gradient_boosting
qual-ielts-intern,102,Visa,COOP Trainee (Jan 2026),50.67,51.59547625631198,gradient_boosting
qual-ielts-intern,103,Zain KSA,Evolve Program (Fresh Graduates),44.0,43.708577588214595,gradient_boosting
qual-ielts-intern,104,Zain KSA,Zain Pioneers Program,48.5,48.30985052467577,gradient_boosting
qual-ielts-intern,105,Savvy Games Group,Cooperative Training Program (Co-op),44.0,43.708577588214595,gradient_boosting
qual-ielts-intern,106,Bank AlJazira,Tamheer Program,44.0,43.708577588214595,gradient_boosting
qual-ielts-intern,107,sirar by stc,Cooperative Training Program,48.5,48.30985052467577,gradient_boosting
qual-ielts-intern,108,Gathern,Co-op Program,48.5,48.30985052467577,gradient_boosting
qual-ielts-intern,109,Elm Company (شركة علم),Coop Training - Computer Science (Jan/Mar/Jun/Aug 2025 Intake),48.5,48.30985052467577,gradient_boosting
qual-ielts-intern,110,Elm Company (شركة علم),Co-Op Training - Information Technology (Jun & Aug 2025 Intake),48.5,48.30985052467577,gradient_boosting
qual-ielts-intern,111,EJADA,COOP Administration & Support Engineer,44.0,43.708577588214595,gradient_boosting
qual-ielts-intern,112,Emdad By Elm,Network Cooperative Training (Network Intern),58.5,58.618568708541076,gradient_boosting
qual-ielts-intern,113,AILA,Co-op Training Programme,48.5,48.56053023716527,gradient_boosting
qual-ielts-intern,114,Foodics,Foodics 360 Internship Program,58.5,58.626793756047554,gradient_boosting
qual-ielts-intern,115,Salla,برنامج التدريب التعاوني (Coop Training) – Salla,48.5,48.30985052467577,gradient_boosting
qual-ielts-intern,116,Lucidya,Technical Internship or Coop – Lucidya,58.5,58.618568708541076,gradient_boosting
qual-ielts-intern,117,Diriyah Company,Diriyah Co-op Training Program,44.0,43.708577588214595,gradient_boosting
qual-ielts-intern,118,Riyadh Air,Co-op – Riyadh Air,44.0,43.708577588214595,gradient_boosting
qual-ielts-intern,119,Jahez Group,Jahez Internship Program (as described in Sustainability Report),54.0,53.99438293402824,gradient_boosting
qual-ielts-intern,120,Lumi | لومي,COOP Intern 2025 – Lumi,44.0,43.708577588214595,gradient_boosting
qual-ielts-intern,121,webook.com,COOP Trainee Opportunities – webook.com,44.0,43.708577588214595,gradient_boosting
qual-ielts-intern,122,moneymoon,Tech & AI Co-op Program 2025,48.5,48.30985052467577,gradient_boosting
qual-ielts-intern,123,EjadTech - إيجاد التقنية,"Summer Internship Program 2025 (Computer, Data, and AI Majors)",55.0,55.13998973529376,gradient_boosting
qual-ielts-intern,124,InnovationTeam,Java Microservices Internship Programme (Saudi Nationals),61.67,61.883255054750855,gradient_boosting
qual-ielts-intern,125,Tamkeen Technologies,On the Job Training (Internship Program) — Technology field,65.17,64.86842627137722,gradient_boosting
qual-ielts-intern,126,Trendyol Group,Trendyol Tech Talent - Bootcamp & COOP Internship Program (Saudi Students Only),45.0,45.11570004628307,gradient_boosting
qual-ielts-intern,127,Ninja نينجا,COOP Training Program,51.67,53.343351887718285,gradient_boosting
qual-ielts-intern,128,SCAI | سكاي,CO-OP Training Opportunities (Intern),48.5,48.30985052467577,gradient_boosting
qual-ielts-intern,129,WalaPlus,Coop & Tamheer Opportunities,48.5,48.30985052467577,gradient_boosting
qual-ielts-intern,130,Aon,IT Co-op Trainee 2026,48.5,48.30985052467577,gradient_boosting
qual-ielts-intern,131,Hewlett Packard Enterprise (HPE),College Intern (Coop),48.5,48.30985052467577,gradient_boosting
qual-ielts-intern,132,Signify,KSA Coop Internship Program,48.5,48.30985052467577,gradient_boosting
qual-ielts-intern,133,Help AG (e& enterprise),Cybersecurity Intern,54.0,53.99438293402824,gradient_boosting
qual-ielts-intern,134,TrendAI (Trend Micro),CyberGATE Internship Program,58.5,58.626793756047554,gradient_boosting
qual-ielts-intern,135,Golf Saudi,IT Co-op Trainee,48.5,48.30985052467577,gradient_boosting
qual-ielts-intern,136,Siemens Healthineers,Healthineers Early Talent Program – IT (Riyadh),58.5,58.626793756047554,gradient_boosting
qual-ielts-intern,137,1957 Ventures,Internship / Co-Op Program,41.17,40.62260068284504,gradient_boosting
qual-ielts-intern,138,Nokia,Graduate Trainee (Saudi Arabia) – Fledgers Program,34.5,34.43809313337674,gradient_boosting
qual-ielts-intern,139,Ericsson,Summer Interns (Ericsson Saudi),51.17,51.91173461762618,gradient_boosting
qual-ielts-intern,140,Bosch Middle East,Software Development Intern (AI/Cloud),44.5,44.24476557454932,gradient_boosting
qual-ielts-intern,141,Saudi Payments | المدفوعات السعودية,COOP Training – August 2024,48.5,48.30985052467577,gradient_boosting
qual-ielts-intern,142,Saudi Tadawul Group | تداول,Cooperative Training Program (COOP),48.5,48.30985052467577,gradient_boosting
qual-ielts-intern,143,Lean Technologies,Software Engineering Intern – KSA,65.17,64.86842627137722,gradient_boosting
qual-ielts-intern,144,Mirai (Scopely) | مِراي,AI Engineering Intern (GenAI),44.5,44.24476557454932,gradient_boosting
qual-ielts-intern,145,HungerStation | هنقرستيشن,"Co-OP Trainee, Data Analysis – Info Sec",55.17,56.616054870965314,gradient_boosting
qual-ielts-intern,146,NCGR | المركز الوطني لنظم الموارد الحكومية,Coop Training Program,48.5,48.30985052467577,gradient_boosting
qual-ielts-intern,147,nybl,nybl Graduate Programme – Saudi Nationals (AI Bootcamp),30.0,30.123849072627262,gradient_boosting
qual-ielts-intern,148,Procter & Gamble (P&G),P&G LEADgen Internship Program 2026 (Riyadh),58.5,58.626793756047554,gradient_boosting
qual-ielts-intern,149,New Murabba | المربع الجديد,New Murabba Co-op Training Program,48.5,48.30985052467577,gradient_boosting
qual-ielts-intern,150,Boeing Saudi Arabia Limited,Intern - Info Technology & Data Analytics (Riyadh),58.5,58.626793756047554,gradient_boosting
qual-ielts-intern,151,Motorola Solutions,Deployment Engineer Intern (KSA National - Tamheer Program),48.5,48.30985052467577,gradient_boosting
qual-ielts-intern,152,Schneider Electric,Co-op Intern (Engineering) - Al Khobar (Jan–Aug 2026),48.5,48.30985052467577,gradient_boosting
qual-ielts-intern,153,Lockheed Martin,Tamheer Space Internship (Riyadh),48.5,48.30985052467577,gradient_boosting
qual-ielts-intern,154,Markaba | مركبة,Start-up Software Intern – TAMHEER (Saudi nationals only),45.0,45.11570004628307,gradient_boosting
qual-ielts-intern,155,Laverne Group | مجموعة لافيرن,Data Analyst / Data Engineer Intern (IT Department),65.17,64.86842627137722,gradient_boosting
qual-ielts-intern,156,Meel | ميل,"Software Developer Internship (Remote, min 2 months)",58.5,58.25058534864222,gradient_boosting
qual-ielts-intern,157,Nahdi Medical Co.,IT Internship / COOP Program (6 months),53.5,53.32536090778689,gradient_boosting
qual-ielts-intern,158,SMART Technology Solutions | سمارت لحلول التقنية,R&D Intern (Riyadh),58.5,58.626793756047554,gradient_boosting
qual-ielts-intern,159,Knodemy Inc.,AI Developer & Tech Trainer Intern - Riyadh,58.5,58.626793756047554,gradient_boosting
qual-ielts-intern,160,Water Transmission Company | شركة نقل المياه,Tamheer Internship Program (HRIS / Engineering & PM - Riyadh),55.17,56.616054870965314,gradient_boosting
qual-ielts-intern,161,AFNOYS,"AI Automation Intern - KSA (Remote, 4 weeks)",58.5,58.25058534864222,gradient_boosting
qual-ielts-intern,162,SAS,CareerStart@SAS 2026 - Presales Customer Intelligence Intern (Riyadh),57.0,57.0627484905729,gradient_boosting
qual-ielts-intern,163,Devoteam,Trainee - Future Leaders Program (Co-op/Fresh Graduate),51.67,53.343351887718285,gradient_boosting
qual-ielts-intern,164,ضالتي Dhallaty,Tech Intern: Fresh Grad or Student,57.0,57.0627484905729,gradient_boosting
qual-ielts-intern,165,Innovative Solutions SA,Presales - Tamheer,40.5,40.09124472015388,gradient_boosting
qual-ielts-intern,166,HUMAIN,Tamheer Program (Software Engineer / Cybersecurity / MIS),45.0,45.11570004628307,gradient_boosting
qual-ielts-intern,167,TAM | تام,"Tamheer Opportunity, Advisory",40.5,40.09124472015388,gradient_boosting
qual-ielts-intern,168,هيئة التأمين | Insurance Authority,Tamheer Opportunity - Specialist of Information Security,40.5,40.09124472015388,gradient_boosting
qual-ielts-intern,169,Snbla | سنبله,Paid Internship Program (FinTech),57.0,57.0627484905729,gradient_boosting
qual-ielts-intern,170,2P Perfect Presentation,Data Analyst (Tamheer),51.67,53.343351887718285,gradient_boosting
qual-ielts-intern,171,Infosys,Summer Intern (Infosys InStep ’26 – Bangalore),57.0,56.941359955266655,gradient_boosting
qual-ielts-intern,172,شركة الخدمات المدارة | Managed Services Company,Intern Cybersecurity Engineer,55.0,55.13998973529376,gradient_boosting
qual-ielts-intern,173,Abunayyan Holding,Data Analyst (Tamheer),51.67,53.343351887718285,gradient_boosting
