profile_id,opportunity_id,company_name,program_name,chat_message,major,city,skills,interest,program_type,work_mode,target_score,predicted_score,score_difference,absolute_difference,rank_by_rubric,rank_by_ml
ce-network-dhahran,152,Schneider Electric,Co-op Intern (Engineering) - Al Khobar (Jan–Aug 2026),Computer engineering student at KFUPM in Dhahran seeking network engineer COOP.,CE,Dhahran,linux; c++,Computer Engineering,COOP,On-site,69.0,59.91387430805401,-9.086125691945988,9.086125691945988,1,28
ce-network-dhahran,11,Bank Albilad,Cooperative & Summer Training Program,Computer engineering student at KFUPM in Dhahran seeking network engineer COOP.,CE,Dhahran,linux; c++,Computer Engineering,COOP,On-site,67.0,61.36573519805561,-5.63426480194439,5.63426480194439,2,21
ce-network-dhahran,26,Yasref,Yasref Cooperative Training Program,Computer engineering student at KFUPM in Dhahran seeking network engineer COOP.,CE,Dhahran,linux; c++,Computer Engineering,COOP,On-site,65.0,56.15507279818541,-8.844927201814592,8.844927201814592,3,52
ce-network-dhahran,27,"Saudi Standards, Metrology and Quality Organization (SASO)",Cooperative Training (Collaborative Training),Computer engineering student at KFUPM in Dhahran seeking network engineer COOP.,CE,Dhahran,linux; c++,Computer Engineering,COOP,On-site,62.0,56.15507279818541,-5.844927201814592,5.844927201814592,4,53
ce-network-dhahran,72,Tatweer Educational Technologies (TETCO),Cooperative Training Program,Computer engineering student at KFUPM in Dhahran seeking network engineer COOP.,CE,Dhahran,linux; c++,Computer Engineering,COOP,On-site,62.0,63.94808110477679,1.94808110477679,1.94808110477679,5,9
ce-network-dhahran,91,REMAT ADVANCED,Cooperative Training Program,Computer engineering student at KFUPM in Dhahran seeking network engineer COOP.,CE,Dhahran,linux; c++,Computer Engineering,COOP,On-site,62.0,56.18962982392996,-5.8103701760700375,5.8103701760700375,6,50
ce-network-dhahran,112,Emdad By Elm,Network Cooperative Training (Network Intern),Computer engineering student at KFUPM in Dhahran seeking network engineer COOP.,CE,Dhahran,linux; c++,Computer Engineering,COOP,On-site,62.0,61.26136497253427,-0.7386350274657332,0.7386350274657332,7,22
ce-network-dhahran,129,WalaPlus,Coop & Tamheer Opportunities,Computer engineering student at KFUPM in Dhahran seeking network engineer COOP.,CE,Dhahran,linux; c++,Computer Engineering,COOP,On-site,62.0,56.21584987092918,-5.784150129070817,5.784150129070817,8,49
ce-network-dhahran,130,Aon,IT Co-op Trainee 2026,Computer engineering student at KFUPM in Dhahran seeking network engineer COOP.,CE,Dhahran,linux; c++,Computer Engineering,COOP,On-site,62.0,59.91387430805401,-2.0861256919459876,2.0861256919459876,9,26
ce-network-dhahran,131,Hewlett Packard Enterprise (HPE),College Intern (Coop),Computer engineering student at KFUPM in Dhahran seeking network engineer COOP.,CE,Dhahran,linux; c++,Computer Engineering,COOP,On-site,62.0,59.91387430805401,-2.0861256919459876,2.0861256919459876,10,27
ce-network-dhahran,132,Signify,KSA Coop Internship Program,Computer engineering student at KFUPM in Dhahran seeking network engineer COOP.,CE,Dhahran,linux; c++,Computer Engineering,COOP,On-site,62.0,56.18962982392996,-5.8103701760700375,5.8103701760700375,11,51
ce-network-dhahran,135,Golf Saudi,IT Co-op Trainee,Computer engineering student at KFUPM in Dhahran seeking network engineer COOP.,CE,Dhahran,linux; c++,Computer Engineering,COOP,On-site,62.0,61.26136497253427,-0.7386350274657332,0.7386350274657332,12,23
ce-network-dhahran,142,Saudi Tadawul Group | تداول,Cooperative Training Program (COOP),Computer engineering student at KFUPM in Dhahran seeking network engineer COOP.,CE,Dhahran,linux; c++,Computer Engineering,COOP,On-site,62.0,67.39506890346306,5.395068903463056,5.395068903463056,13,5
ce-network-dhahran,10,Deloitte Middle East (KSA),Jusoor Al Sharqiyah Internship Program,Computer engineering student at KFUPM in Dhahran seeking network engineer COOP.,CE,Dhahran,linux; c++,Computer Engineering,COOP,On-site,59.0,53.3381002885583,-5.6618997114416985,5.6618997114416985,14,76
ce-network-dhahran,64,Al Rajhi Takaful,Cooperative Training Program,Computer engineering student at KFUPM in Dhahran seeking network engineer COOP.,CE,Dhahran,linux; c++,Computer Engineering,COOP,On-site,56.0,61.58177421099042,5.581774210990417,5.581774210990417,15,13
ce-network-dhahran,71,OmniOps,Co‑op Training Program,Computer engineering student at KFUPM in Dhahran seeking network engineer COOP.,CE,Dhahran,linux; c++,Computer Engineering,COOP,On-site,56.0,65.0449113546036,9.044911354603599,9.044911354603599,16,8
ce-network-dhahran,85,TAWAL,COOP Training Program,Computer engineering student at KFUPM in Dhahran seeking network engineer COOP.,CE,Dhahran,linux; c++,Computer Engineering,COOP,On-site,56.0,63.94808110477679,7.94808110477679,7.94808110477679,17,10
ce-network-dhahran,107,sirar by stc,Cooperative Training Program,Computer engineering student at KFUPM in Dhahran seeking network engineer COOP.,CE,Dhahran,linux; c++,Computer Engineering,COOP,On-site,56.0,65.72221372154708,9.722213721547078,9.722213721547078,18,7
ce-network-dhahran,128,SCAI | سكاي,CO-OP Training Opportunities (Intern),Computer engineering student at KFUPM in Dhahran seeking network engineer COOP.,CE,Dhahran,linux; c++,Computer Engineering,COOP,On-site,56.0,68.18393998599593,12.183939985995934,12.183939985995934,19,3
ce-network-dhahran,19,Amazon Web Services (AWS),IT/Computer Hardware Internship (Intern-to-FTE Pathway),Computer engineering student at KFUPM in Dhahran seeking network engineer COOP.,CE,Dhahran,linux; c++,Computer Engineering,COOP,On-site,55.0,51.893701545600166,-3.106298454399834,3.106298454399834,20,90
ce-network-dhahran,54,Tawuniya | Tamheer Program (Fresh Graduates),Tamheer Program,Computer engineering student at KFUPM in Dhahran seeking network engineer COOP.,CE,Dhahran,linux; c++,Computer Engineering,COOP,On-site,55.0,52.21135487042796,-2.788645129572039,2.788645129572039,21,87
ce-network-dhahran,151,Motorola Solutions,Deployment Engineer Intern (KSA National - Tamheer Program),Computer engineering student at KFUPM in Dhahran seeking network engineer COOP.,CE,Dhahran,linux; c++,Computer Engineering,COOP,On-site,55.0,51.0821006615065,-3.9178993384934984,3.9178993384934984,22,97
ce-network-dhahran,60,Cisco,Cisco NetVersity (Saudi Arabia),Computer engineering student at KFUPM in Dhahran seeking network engineer COOP.,CE,Dhahran,linux; c++,Computer Engineering,COOP,On-site,54.0,53.90777626996167,-0.09222373003832729,0.09222373003832729,23,71
ce-network-dhahran,45,NEOM | GrOW (Graduates Opportunities in Work),GrOW (Graduates Opportunities in Work),Computer engineering student at KFUPM in Dhahran seeking network engineer COOP.,CE,Dhahran,linux; c++,Computer Engineering,COOP,On-site,53.5,42.03945833658925,-11.460541663410751,11.460541663410751,24,157
ce-network-dhahran,53,King Fahd Causeway Authority | Internship Program,Internship Program,Computer engineering student at KFUPM in Dhahran seeking network engineer COOP.,CE,Dhahran,linux; c++,Computer Engineering,COOP,On-site,53.5,46.47326045125746,-7.02673954874254,7.02673954874254,25,136
ce-network-dhahran,163,Devoteam,Trainee - Future Leaders Program (Co-op/Fresh Graduate),Computer engineering student at KFUPM in Dhahran seeking network engineer COOP.,CE,Dhahran,linux; c++,Computer Engineering,COOP,On-site,52.5,58.73024886731548,6.230248867315481,6.230248867315481,26,35
ce-network-dhahran,20,Amazon Web Services (AWS) - Associate Solutions Architect Intern,Associate Solutions Architect Intern (2026),Computer engineering student at KFUPM in Dhahran seeking network engineer COOP.,CE,Dhahran,linux; c++,Computer Engineering,COOP,On-site,52.0,51.00747222558494,-0.9925277744150591,0.9925277744150591,27,98
ce-network-dhahran,39,Saudi Food & Drug Authority (SFDA),COOP training (First semester 2025-2026 intake),Computer engineering student at KFUPM in Dhahran seeking network engineer COOP.,CE,Dhahran,linux; c++,Computer Engineering,COOP,On-site,52.0,54.45340015262728,2.4534001526272817,2.4534001526272817,28,59
ce-network-dhahran,81,Bank Albilad,Cooperative Training Program,Computer engineering student at KFUPM in Dhahran seeking network engineer COOP.,CE,Dhahran,linux; c++,Computer Engineering,COOP,On-site,52.0,61.58177421099042,9.581774210990417,9.581774210990417,29,16
ce-network-dhahran,90,NHC,COOP Trainee,Computer engineering student at KFUPM in Dhahran seeking network engineer COOP.,CE,Dhahran,linux; c++,Computer Engineering,COOP,On-site,52.0,54.45340015262728,2.4534001526272817,2.4534001526272817,30,62
ce-network-dhahran,104,Zain KSA,Zain Pioneers Program,Computer engineering student at KFUPM in Dhahran seeking network engineer COOP.,CE,Dhahran,linux; c++,Computer Engineering,COOP,On-site,52.0,49.03180266577183,-2.9681973342281722,2.9681973342281722,31,113
ce-network-dhahran,136,Siemens Healthineers,Healthineers Early Talent Program – IT (Riyadh),Computer engineering student at KFUPM in Dhahran seeking network engineer COOP.,CE,Dhahran,linux; c++,Computer Engineering,COOP,On-site,52.0,51.00747222558494,-0.9925277744150591,0.9925277744150591,32,99
ce-network-dhahran,98,Saudi Motorsport Company (SMC),COOP Trainee (Supply Chain Excellence Associate),Computer engineering student at KFUPM in Dhahran seeking network engineer COOP.,CE,Dhahran,linux; c++,Computer Engineering,COOP,On-site,51.5,60.766982864009314,9.266982864009314,9.266982864009314,33,24
ce-network-dhahran,116,Lucidya,Technical Internship or Coop – Lucidya,Computer engineering student at KFUPM in Dhahran seeking network engineer COOP.,CE,Dhahran,linux; c++,Computer Engineering,COOP,On-site,51.5,67.58077180760681,16.08077180760681,16.08077180760681,34,4
ce-network-dhahran,122,moneymoon,Tech & AI Co-op Program 2025,Computer engineering student at KFUPM in Dhahran seeking network engineer COOP.,CE,Dhahran,linux; c++,Computer Engineering,COOP,On-site,51.5,68.59547231026379,17.095472310263787,17.095472310263787,35,2
ce-network-dhahran,141,Saudi Payments | المدفوعات السعودية,COOP Training – August 2024,Computer engineering student at KFUPM in Dhahran seeking network engineer COOP.,CE,Dhahran,linux; c++,Computer Engineering,COOP,On-site,51.5,66.01023478327991,14.510234783279913,14.510234783279913,36,6
ce-network-dhahran,145,HungerStation | هنقرستيشن,"Co-OP Trainee, Data Analysis – Info Sec",Computer engineering student at KFUPM in Dhahran seeking network engineer COOP.,CE,Dhahran,linux; c++,Computer Engineering,COOP,On-site,51.5,68.63484786603343,17.134847866033425,17.134847866033425,37,1
ce-network-dhahran,146,NCGR | المركز الوطني لنظم الموارد الحكومية,Coop Training Program,Computer engineering student at KFUPM in Dhahran seeking network engineer COOP.,CE,Dhahran,linux; c++,Computer Engineering,COOP,On-site,51.5,61.58177421099042,10.081774210990417,10.081774210990417,38,19
ce-network-dhahran,43,National Cybersecurity Authority (NCA) – Academy,Cybersecurity training programs (academy),Computer engineering student at KFUPM in Dhahran seeking network engineer COOP.,CE,Dhahran,linux; c++,Computer Engineering,COOP,On-site,51.0,50.76241231085822,-0.2375876891417832,0.2375876891417832,39,102
ce-network-dhahran,1,Saudi Aramco,University Internship Program (UIP),Computer engineering student at KFUPM in Dhahran seeking network engineer COOP.,CE,Dhahran,linux; c++,Computer Engineering,COOP,On-site,50.0,49.85043124294122,-0.14956875705878048,0.14956875705878048,40,105
ce-network-dhahran,157,Nahdi Medical Co.,IT Internship / COOP Program (6 months),Computer engineering student at KFUPM in Dhahran seeking network engineer COOP.,CE,Dhahran,linux; c++,Computer Engineering,COOP,On-site,49.5,53.119835545301,3.619835545301001,3.619835545301001,41,83
ce-network-dhahran,12,Tamara,Tamara Builders Program,Computer engineering student at KFUPM in Dhahran seeking network engineer COOP.,CE,Dhahran,linux; c++,Computer Engineering,COOP,On-site,49.0,56.32902551900603,7.329025519006031,7.329025519006031,42,47
ce-network-dhahran,37,KAPSARC,Intern (Coop- Trainee),Computer engineering student at KFUPM in Dhahran seeking network engineer COOP.,CE,Dhahran,linux; c++,Computer Engineering,COOP,On-site,49.0,61.54301326006088,12.543013260060881,12.543013260060881,43,20
ce-network-dhahran,86,Wakeb_Data,COOP Training,Computer engineering student at KFUPM in Dhahran seeking network engineer COOP.,CE,Dhahran,linux; c++,Computer Engineering,COOP,On-site,49.0,56.94711933707773,7.94711933707773,7.94711933707773,44,43
ce-network-dhahran,93,HUED,HUED COOP Program 2026,Computer engineering student at KFUPM in Dhahran seeking network engineer COOP.,CE,Dhahran,linux; c++,Computer Engineering,COOP,On-site,49.0,58.16318599069478,9.163185990694778,9.163185990694778,45,36
ce-network-dhahran,94,Araamis • أرامس,Araamis COOP Program 2026,Computer engineering student at KFUPM in Dhahran seeking network engineer COOP.,CE,Dhahran,linux; c++,Computer Engineering,COOP,On-site,49.0,56.94711933707773,7.94711933707773,7.94711933707773,46,44
ce-network-dhahran,108,Gathern,Co-op Program,Computer engineering student at KFUPM in Dhahran seeking network engineer COOP.,CE,Dhahran,linux; c++,Computer Engineering,COOP,On-site,49.0,63.94808110477679,14.94808110477679,14.94808110477679,47,11
ce-network-dhahran,137,1957 Ventures,Internship / Co-Op Program,Computer engineering student at KFUPM in Dhahran seeking network engineer COOP.,CE,Dhahran,linux; c++,Computer Engineering,COOP,On-site,49.0,56.98167636282229,7.9816763628222915,7.9816763628222915,48,40
ce-network-dhahran,143,Lean Technologies,Software Engineering Intern – KSA,Computer engineering student at KFUPM in Dhahran seeking network engineer COOP.,CE,Dhahran,linux; c++,Computer Engineering,COOP,On-site,49.0,53.9489029727493,4.948902972749302,4.948902972749302,49,70
ce-network-dhahran,149,New Murabba | المربع الجديد,New Murabba Co-op Training Program,Computer engineering student at KFUPM in Dhahran seeking network engineer COOP.,CE,Dhahran,linux; c++,Computer Engineering,COOP,On-site,49.0,53.119835545301,4.119835545301001,4.119835545301001,50,82
ce-network-dhahran,3,stc (Saudi Telecom Company),Cooperative Training Program (COOP),Computer engineering student at KFUPM in Dhahran seeking network engineer COOP.,CE,Dhahran,linux; c++,Computer Engineering,COOP,On-site,47.0,56.94711933707773,9.94711933707773,9.94711933707773,51,41
ce-network-dhahran,17,Boston Consulting Group (BCG),Visiting Associate Internship (Riyadh),Computer engineering student at KFUPM in Dhahran seeking network engineer COOP.,CE,Dhahran,linux; c++,Computer Engineering,COOP,On-site,47.0,56.94711933707773,9.94711933707773,9.94711933707773,52,42
ce-network-dhahran,38,BSF (Banque Saudi Fransi),COOP / Internship,Computer engineering student at KFUPM in Dhahran seeking network engineer COOP.,CE,Dhahran,linux; c++,Computer Engineering,COOP,On-site,47.0,55.30338808740192,8.30338808740192,8.30338808740192,53,56
ce-network-dhahran,41,Bank Albilad,Cooperative and Summer Training Program,Computer engineering student at KFUPM in Dhahran seeking network engineer COOP.,CE,Dhahran,linux; c++,Computer Engineering,COOP,On-site,47.0,61.58177421099042,14.581774210990417,14.581774210990417,54,12
ce-network-dhahran,68,Banque Saudi Fransi (BSF),COOP Training,Computer engineering student at KFUPM in Dhahran seeking network engineer COOP.,CE,Dhahran,linux; c++,Computer Engineering,COOP,On-site,47.0,55.61147029143768,8.611470291437683,8.611470291437683,55,54
ce-network-dhahran,69,Arab National Bank (ANB),COOP Trainee,Computer engineering student at KFUPM in Dhahran seeking network engineer COOP.,CE,Dhahran,linux; c++,Computer Engineering,COOP,On-site,47.0,58.80850315410826,11.808503154108259,11.808503154108259,56,32
ce-network-dhahran,70,Tamara,Builders Program,Computer engineering student at KFUPM in Dhahran seeking network engineer COOP.,CE,Dhahran,linux; c++,Computer Engineering,COOP,On-site,47.0,58.80850315410826,11.808503154108259,11.808503154108259,57,33
ce-network-dhahran,73,The Saudi Investment Bank (SAIB),Cooperative Program,Computer engineering student at KFUPM in Dhahran seeking network engineer COOP.,CE,Dhahran,linux; c++,Computer Engineering,COOP,On-site,47.0,61.58177421099042,14.581774210990417,14.581774210990417,58,14
ce-network-dhahran,74,Saudi Awwal Bank (SAB),COOP Program,Computer engineering student at KFUPM in Dhahran seeking network engineer COOP.,CE,Dhahran,linux; c++,Computer Engineering,COOP,On-site,47.0,61.58177421099042,14.581774210990417,14.581774210990417,59,15
ce-network-dhahran,75,Riyad Bank,Internships and Coop Trainings (CSR 2019),Computer engineering student at KFUPM in Dhahran seeking network engineer COOP.,CE,Dhahran,linux; c++,Computer Engineering,COOP,On-site,47.0,58.80850315410826,11.808503154108259,11.808503154108259,60,34
ce-network-dhahran,84,Al Rajhi Takaful,Coop Training Program,Computer engineering student at KFUPM in Dhahran seeking network engineer COOP.,CE,Dhahran,linux; c++,Computer Engineering,COOP,On-site,47.0,61.58177421099042,14.581774210990417,14.581774210990417,61,17
ce-network-dhahran,87,Banque Saudi Fransi (BSF),Coop Training Program,Computer engineering student at KFUPM in Dhahran seeking network engineer COOP.,CE,Dhahran,linux; c++,Computer Engineering,COOP,On-site,47.0,55.61147029143768,8.611470291437683,8.611470291437683,62,55
ce-network-dhahran,88,Tech Economy,COOP Training Program,Computer engineering student at KFUPM in Dhahran seeking network engineer COOP.,CE,Dhahran,linux; c++,Computer Engineering,COOP,On-site,47.0,54.45340015262728,7.453400152627282,7.453400152627282,63,60
ce-network-dhahran,89,SAMI Advanced Electronics (SAMI-AEC),Coop Trainee,Computer engineering student at KFUPM in Dhahran seeking network engineer COOP.,CE,Dhahran,linux; c++,Computer Engineering,COOP,On-site,47.0,54.45340015262728,7.453400152627282,7.453400152627282,64,61
ce-network-dhahran,99,Mobily,Cooperative Training Program,Computer engineering student at KFUPM in Dhahran seeking network engineer COOP.,CE,Dhahran,linux; c++,Computer Engineering,COOP,On-site,47.0,54.45340015262728,7.453400152627282,7.453400152627282,65,63
ce-network-dhahran,100,Saudi Awwal Bank (SAB),Student Opportunities: Cooperative / Practical Training,Computer engineering student at KFUPM in Dhahran seeking network engineer COOP.,CE,Dhahran,linux; c++,Computer Engineering,COOP,On-site,47.0,61.58177421099042,14.581774210990417,14.581774210990417,66,18
ce-network-dhahran,101,Alvarez & Marsal,COOP Training Program,Computer engineering student at KFUPM in Dhahran seeking network engineer COOP.,CE,Dhahran,linux; c++,Computer Engineering,COOP,On-site,47.0,54.45340015262728,7.453400152627282,7.453400152627282,67,64
ce-network-dhahran,105,Savvy Games Group,Cooperative Training Program (Co-op),Computer engineering student at KFUPM in Dhahran seeking network engineer COOP.,CE,Dhahran,linux; c++,Computer Engineering,COOP,On-site,47.0,54.45340015262728,7.453400152627282,7.453400152627282,68,65
ce-network-dhahran,111,EJADA,COOP Administration & Support Engineer,Computer engineering student at KFUPM in Dhahran seeking network engineer COOP.,CE,Dhahran,linux; c++,Computer Engineering,COOP,On-site,47.0,57.52828141945539,10.52828141945539,10.52828141945539,69,38
ce-network-dhahran,133,Help AG (e& enterprise),Cybersecurity Intern,Computer engineering student at KFUPM in Dhahran seeking network engineer COOP.,CE,Dhahran,linux; c++,Computer Engineering,COOP,On-site,46.0,51.16995944261034,5.169959442610342,5.169959442610342,70,94
ce-network-dhahran,134,TrendAI (Trend Micro),CyberGATE Internship Program,Computer engineering student at KFUPM in Dhahran seeking network engineer COOP.,CE,Dhahran,linux; c++,Computer Engineering,COOP,On-site,46.0,51.16995944261034,5.169959442610342,5.169959442610342,71,95
ce-network-dhahran,140,Bosch Middle East,Software Development Intern (AI/Cloud),Computer engineering student at KFUPM in Dhahran seeking network engineer COOP.,CE,Dhahran,linux; c++,Computer Engineering,COOP,On-site,46.0,59.30131540710353,13.30131540710353,13.30131540710353,72,29
ce-network-dhahran,155,Laverne Group | مجموعة لافيرن,Data Analyst / Data Engineer Intern (IT Department),Computer engineering student at KFUPM in Dhahran seeking network engineer COOP.,CE,Dhahran,linux; c++,Computer Engineering,COOP,On-site,46.0,58.98359194608943,12.983591946089433,12.983591946089433,73,31
ce-network-dhahran,4,Saudi National Bank (SNB),SNB Cooperative Training Program,Computer engineering student at KFUPM in Dhahran seeking network engineer COOP.,CE,Dhahran,linux; c++,Computer Engineering,COOP,On-site,45.0,56.32902551900603,11.32902551900603,11.32902551900603,74,46
ce-network-dhahran,5,Al Rajhi Bank,Cooperative Training Program,Computer engineering student at KFUPM in Dhahran seeking network engineer COOP.,CE,Dhahran,linux; c++,Computer Engineering,COOP,On-site,45.0,54.71500738726055,9.715007387260549,9.715007387260549,75,57
ce-network-dhahran,8,KPMG Saudi Arabia,COOP & Internship Programs,Computer engineering student at KFUPM in Dhahran seeking network engineer COOP.,CE,Dhahran,linux; c++,Computer Engineering,COOP,On-site,45.0,47.033995958584136,2.0339959585841356,2.0339959585841356,76,121
ce-network-dhahran,14,Saudi Exports (Saudi Export Development Authority),COOP & Summer Training (FAQ-confirmed),Computer engineering student at KFUPM in Dhahran seeking network engineer COOP.,CE,Dhahran,linux; c++,Computer Engineering,COOP,On-site,45.0,46.63357280830997,1.633572808309971,1.633572808309971,77,135
ce-network-dhahran,32,TBC (The Beauty Company),Cooperative Training Program,Computer engineering student at KFUPM in Dhahran seeking network engineer COOP.,CE,Dhahran,linux; c++,Computer Engineering,COOP,On-site,45.0,45.930266895515125,0.9302668955151248,0.9302668955151248,78,142
ce-network-dhahran,9,PwC Middle East,"Deals, COOP and Summer Internship Programme (2026)",Computer engineering student at KFUPM in Dhahran seeking network engineer COOP.,CE,Dhahran,linux; c++,Computer Engineering,COOP,On-site,44.5,49.85043124294122,5.3504312429412195,5.3504312429412195,79,106
ce-network-dhahran,16,McKinsey & Company (Maqdira),Maqdira Fellowship Program,Computer engineering student at KFUPM in Dhahran seeking network engineer COOP.,CE,Dhahran,linux; c++,Computer Engineering,COOP,On-site,44.5,47.033995958584136,2.5339959585841356,2.5339959585841356,80,123
ce-network-dhahran,36,PwC Middle East (Assurance COOP & Summer Internship Programme 2026),"Assurance, COOP and Summer Internship Programme 2026 – Middle East",Computer engineering student at KFUPM in Dhahran seeking network engineer COOP.,CE,Dhahran,linux; c++,Computer Engineering,COOP,On-site,44.5,53.119835545301,8.619835545301001,8.619835545301001,81,81
ce-network-dhahran,62,General Authority for Statistics (GASTAT),Cooperative Training Program,Computer engineering student at KFUPM in Dhahran seeking network engineer COOP.,CE,Dhahran,linux; c++,Computer Engineering,COOP,On-site,44.5,54.2004223241528,9.700422324152797,9.700422324152797,82,67
ce-network-dhahran,63,Saudi Center for Opinion Polling (SCOP),Cooperative Training Program,Computer engineering student at KFUPM in Dhahran seeking network engineer COOP.,CE,Dhahran,linux; c++,Computer Engineering,COOP,On-site,44.5,54.2004223241528,9.700422324152797,9.700422324152797,83,68
ce-network-dhahran,92,SDM,AI COOP,Computer engineering student at KFUPM in Dhahran seeking network engineer COOP.,CE,Dhahran,linux; c++,Computer Engineering,COOP,On-site,44.5,57.405577545519705,12.905577545519705,12.905577545519705,84,39
ce-network-dhahran,96,flynas,COOP Trainee / Internship Program,Computer engineering student at KFUPM in Dhahran seeking network engineer COOP.,CE,Dhahran,linux; c++,Computer Engineering,COOP,On-site,44.5,47.033995958584136,2.5339959585841356,2.5339959585841356,85,130
ce-network-dhahran,97,Saudi Motorsport Company (SMC),COOP Trainee (IT Asset Project Management),Computer engineering student at KFUPM in Dhahran seeking network engineer COOP.,CE,Dhahran,linux; c++,Computer Engineering,COOP,On-site,44.5,56.94711933707773,12.44711933707773,12.44711933707773,86,45
ce-network-dhahran,109,Elm Company (شركة علم),Coop Training - Computer Science (Jan/Mar/Jun/Aug 2025 Intake),Computer engineering student at KFUPM in Dhahran seeking network engineer COOP.,CE,Dhahran,linux; c++,Computer Engineering,COOP,On-site,44.5,49.85043124294122,5.3504312429412195,5.3504312429412195,87,109
ce-network-dhahran,110,Elm Company (شركة علم),Co-Op Training - Information Technology (Jun & Aug 2025 Intake),Computer engineering student at KFUPM in Dhahran seeking network engineer COOP.,CE,Dhahran,linux; c++,Computer Engineering,COOP,On-site,44.5,49.85043124294122,5.3504312429412195,5.3504312429412195,88,110
ce-network-dhahran,113,AILA,Co-op Training Programme,Computer engineering student at KFUPM in Dhahran seeking network engineer COOP.,CE,Dhahran,linux; c++,Computer Engineering,COOP,On-site,44.5,59.9152379989584,15.415237998958403,15.415237998958403,89,25
ce-network-dhahran,115,Salla,برنامج التدريب التعاوني (Coop Training) – Salla,Computer engineering student at KFUPM in Dhahran seeking network engineer COOP.,CE,Dhahran,linux; c++,Computer Engineering,COOP,On-site,44.5,47.033995958584136,2.5339959585841356,2.5339959585841356,90,131
ce-network-dhahran,2,SABIC,COOP Training Program,Computer engineering student at KFUPM in Dhahran seeking network engineer COOP.,CE,Dhahran,linux; c++,Computer Engineering,COOP,On-site,43.0,46.414701460246285,3.4147014602462846,3.4147014602462846,91,137
ce-network-dhahran,57,IBM,"Automation, Data & AI – Intern",Computer engineering student at KFUPM in Dhahran seeking network engineer COOP.,CE,Dhahran,linux; c++,Computer Engineering,COOP,On-site,42.5,53.47923060703869,10.979230607038687,10.979230607038687,92,73
ce-network-dhahran,124,InnovationTeam,Java Microservices Internship Programme (Saudi Nationals),Computer engineering student at KFUPM in Dhahran seeking network engineer COOP.,CE,Dhahran,linux; c++,Computer Engineering,COOP,On-site,42.5,54.23765193373834,11.737651933738341,11.737651933738341,93,66
ce-network-dhahran,166,HUMAIN,Tamheer Program (Software Engineer / Cybersecurity / MIS),Computer engineering student at KFUPM in Dhahran seeking network engineer COOP.,CE,Dhahran,linux; c++,Computer Engineering,COOP,On-site,42.5,47.66319040828298,5.163190408282979,5.163190408282979,94,118
ce-network-dhahran,172,شركة الخدمات المدارة | Managed Services Company,Intern Cybersecurity Engineer,Computer engineering student at KFUPM in Dhahran seeking network engineer COOP.,CE,Dhahran,linux; c++,Computer Engineering,COOP,On-site,42.5,43.52825194546585,1.028251945465847,1.028251945465847,95,149
ce-network-dhahran,52,Ministry of Industry and Mineral Resources | Cooperative Training,Cooperative Training Initiative,Computer engineering student at KFUPM in Dhahran seeking network engineer COOP.,CE,Dhahran,linux; c++,Computer Engineering,COOP,On-site,41.5,33.501420122894025,-7.998579877105975,7.998579877105975,96,169
ce-network-dhahran,56,HRDF | Cooperative Training Product,Cooperative Training Product,Computer engineering student at KFUPM in Dhahran seeking network engineer COOP.,CE,Dhahran,linux; c++,Computer Engineering,COOP,On-site,41.5,33.501420122894025,-7.998579877105975,7.998579877105975,97,170
ce-network-dhahran,76,Tabby,Intern DevOps Engineer,Computer engineering student at KFUPM in Dhahran seeking network engineer COOP.,CE,Dhahran,linux; c++,Computer Engineering,COOP,On-site,41.5,52.493100259442535,10.993100259442535,10.993100259442535,98,85
ce-network-dhahran,138,Nokia,Graduate Trainee (Saudi Arabia) – Fledgers Program,Computer engineering student at KFUPM in Dhahran seeking network engineer COOP.,CE,Dhahran,linux; c++,Computer Engineering,COOP,On-site,41.5,53.44397200547349,11.94397200547349,11.94397200547349,99,74
ce-network-dhahran,139,Ericsson,Summer Interns (Ericsson Saudi),Computer engineering student at KFUPM in Dhahran seeking network engineer COOP.,CE,Dhahran,linux; c++,Computer Engineering,COOP,On-site,41.5,53.20644558636687,11.706445586366868,11.706445586366868,100,79
ce-network-dhahran,150,Boeing Saudi Arabia Limited,Intern - Info Technology & Data Analytics (Riyadh),Computer engineering student at KFUPM in Dhahran seeking network engineer COOP.,CE,Dhahran,linux; c++,Computer Engineering,COOP,On-site,41.5,58.98359194608943,17.483591946089433,17.483591946089433,101,30
ce-network-dhahran,126,Trendyol Group,Trendyol Tech Talent - Bootcamp & COOP Internship Program (Saudi Students Only),Computer engineering student at KFUPM in Dhahran seeking network engineer COOP.,CE,Dhahran,linux; c++,Computer Engineering,COOP,On-site,41.0,50.51091240473004,9.510912404730043,9.510912404730043,102,104
ce-network-dhahran,127,Ninja نينجا,COOP Training Program,Computer engineering student at KFUPM in Dhahran seeking network engineer COOP.,CE,Dhahran,linux; c++,Computer Engineering,COOP,On-site,41.0,43.20906878226147,2.2090687822614683,2.2090687822614683,103,150
ce-network-dhahran,6,Capital Market Authority (CMA),COOP Program,Computer engineering student at KFUPM in Dhahran seeking network engineer COOP.,CE,Dhahran,linux; c++,Computer Engineering,COOP,On-site,40.0,54.71500738726055,14.715007387260549,14.715007387260549,104,58
ce-network-dhahran,7,Digital Government Authority (DGA),Maidan Cooperative Training Program,Computer engineering student at KFUPM in Dhahran seeking network engineer COOP.,CE,Dhahran,linux; c++,Computer Engineering,COOP,On-site,40.0,47.033995958584136,7.033995958584136,7.033995958584136,105,120
ce-network-dhahran,13,Bupa Arabia,Cooperative Training Program,Computer engineering student at KFUPM in Dhahran seeking network engineer COOP.,CE,Dhahran,linux; c++,Computer Engineering,COOP,On-site,40.0,46.27310651688954,6.273106516889541,6.273106516889541,106,139
ce-network-dhahran,15,Local Content and Government Procurement Authority (LCGPA),COOP Training (role posting),Computer engineering student at KFUPM in Dhahran seeking network engineer COOP.,CE,Dhahran,linux; c++,Computer Engineering,COOP,On-site,40.0,47.033995958584136,7.033995958584136,7.033995958584136,107,122
ce-network-dhahran,18,Bain & Company,COOP Training Program (Riyadh),Computer engineering student at KFUPM in Dhahran seeking network engineer COOP.,CE,Dhahran,linux; c++,Computer Engineering,COOP,On-site,40.0,47.033995958584136,7.033995958584136,7.033995958584136,108,124
ce-network-dhahran,21,Google (Saudi Arabia),Google Careers (Saudi location filter),Computer engineering student at KFUPM in Dhahran seeking network engineer COOP.,CE,Dhahran,linux; c++,Computer Engineering,COOP,On-site,40.0,43.069271008445824,3.069271008445824,3.069271008445824,109,151
ce-network-dhahran,25,Elm,Elm Co-op Training Program (March 2026 Intake),Computer engineering student at KFUPM in Dhahran seeking network engineer COOP.,CE,Dhahran,linux; c++,Computer Engineering,COOP,On-site,40.0,45.930266895515125,5.930266895515125,5.930266895515125,110,141
ce-network-dhahran,30,EXPRO,COOP Training (Future Makers Program),Computer engineering student at KFUPM in Dhahran seeking network engineer COOP.,CE,Dhahran,linux; c++,Computer Engineering,COOP,On-site,40.0,47.033995958584136,7.033995958584136,7.033995958584136,111,125
ce-network-dhahran,33,National Center for Vegetation Cover Development & Combating Desertification (NCVC),COOP Training Program,Computer engineering student at KFUPM in Dhahran seeking network engineer COOP.,CE,Dhahran,linux; c++,Computer Engineering,COOP,On-site,40.0,49.09485196485726,9.094851964857263,9.094851964857263,112,111
ce-network-dhahran,34,Saudi Power Procurement Company (SPPC),Future Power – COOP Training Program,Computer engineering student at KFUPM in Dhahran seeking network engineer COOP.,CE,Dhahran,linux; c++,Computer Engineering,COOP,On-site,40.0,47.33042711163683,7.33042711163683,7.33042711163683,113,119
ce-network-dhahran,35,TBC (Tatweer Building Company),Cooperative Training Program,Computer engineering student at KFUPM in Dhahran seeking network engineer COOP.,CE,Dhahran,linux; c++,Computer Engineering,COOP,On-site,40.0,48.37879574005512,8.378795740055118,8.378795740055118,114,114
ce-network-dhahran,40,Saudi Power Procurement Company (SPPC) – Future Power (Business Admin COOP),Future Power – Business Administration COOP Training Program,Computer engineering student at KFUPM in Dhahran seeking network engineer COOP.,CE,Dhahran,linux; c++,Computer Engineering,COOP,On-site,40.0,50.65497552941453,10.654975529414529,10.654975529414529,115,103
ce-network-dhahran,46,ROSHN | COOP Trainee Program,COOP Trainee Program,Computer engineering student at KFUPM in Dhahran seeking network engineer COOP.,CE,Dhahran,linux; c++,Computer Engineering,COOP,On-site,40.0,49.85043124294122,9.85043124294122,9.85043124294122,116,107
ce-network-dhahran,50,SAB (Saudi Awwal Bank) | Cooperative Training Programme (COOP),SAB Cooperative Training Programme (COOP),Computer engineering student at KFUPM in Dhahran seeking network engineer COOP.,CE,Dhahran,linux; c++,Computer Engineering,COOP,On-site,40.0,56.32902551900603,16.32902551900603,16.32902551900603,117,48
ce-network-dhahran,65,Expenditure & Projects Efficiency Authority (EXPRO),Future Makers (صنّاع المستقبل) – Cooperative Training,Computer engineering student at KFUPM in Dhahran seeking network engineer COOP.,CE,Dhahran,linux; c++,Computer Engineering,COOP,On-site,40.0,48.37879574005512,8.378795740055118,8.378795740055118,118,115
ce-network-dhahran,66,Ministry of Finance (Saudi Arabia),Cooperative Training Program (Ministry of Finance),Computer engineering student at KFUPM in Dhahran seeking network engineer COOP.,CE,Dhahran,linux; c++,Computer Engineering,COOP,On-site,40.0,49.09485196485726,9.094851964857263,9.094851964857263,119,112
ce-network-dhahran,67,General Entertainment Authority (GEA),GEA Cooperative Training Program,Computer engineering student at KFUPM in Dhahran seeking network engineer COOP.,CE,Dhahran,linux; c++,Computer Engineering,COOP,On-site,40.0,47.033995958584136,7.033995958584136,7.033995958584136,120,126
ce-network-dhahran,82,Saudi Ground Services (SGS),COOP Program,Computer engineering student at KFUPM in Dhahran seeking network engineer COOP.,CE,Dhahran,linux; c++,Computer Engineering,COOP,On-site,40.0,47.033995958584136,7.033995958584136,7.033995958584136,121,127
ce-network-dhahran,83,CEER,Cooperative Training Program (COOP),Computer engineering student at KFUPM in Dhahran seeking network engineer COOP.,CE,Dhahran,linux; c++,Computer Engineering,COOP,On-site,40.0,47.033995958584136,7.033995958584136,7.033995958584136,122,128
ce-network-dhahran,95,ARDARA,COOP Training for Students,Computer engineering student at KFUPM in Dhahran seeking network engineer COOP.,CE,Dhahran,linux; c++,Computer Engineering,COOP,On-site,40.0,47.033995958584136,7.033995958584136,7.033995958584136,123,129
ce-network-dhahran,102,Visa,COOP Trainee (Jan 2026),Computer engineering student at KFUPM in Dhahran seeking network engineer COOP.,CE,Dhahran,linux; c++,Computer Engineering,COOP,On-site,40.0,49.85043124294122,9.85043124294122,9.85043124294122,124,108
ce-network-dhahran,117,Diriyah Company,Diriyah Co-op Training Program,Computer engineering student at KFUPM in Dhahran seeking network engineer COOP.,CE,Dhahran,linux; c++,Computer Engineering,COOP,On-site,40.0,46.27310651688954,6.273106516889541,6.273106516889541,125,140
ce-network-dhahran,118,Riyadh Air,Co-op – Riyadh Air,Computer engineering student at KFUPM in Dhahran seeking network engineer COOP.,CE,Dhahran,linux; c++,Computer Engineering,COOP,On-site,40.0,47.033995958584136,7.033995958584136,7.033995958584136,126,132
ce-network-dhahran,120,Lumi | لومي,COOP Intern 2025 – Lumi,Computer engineering student at KFUPM in Dhahran seeking network engineer COOP.,CE,Dhahran,linux; c++,Computer Engineering,COOP,On-site,40.0,46.414701460246285,6.414701460246285,6.414701460246285,127,138
ce-network-dhahran,121,webook.com,COOP Trainee Opportunities – webook.com,Computer engineering student at KFUPM in Dhahran seeking network engineer COOP.,CE,Dhahran,linux; c++,Computer Engineering,COOP,On-site,40.0,47.033995958584136,7.033995958584136,7.033995958584136,128,133
ce-network-dhahran,47,Microsoft | Ru'aa Program (Riyadh),Ru'aa Program Internship (Solution Engineering),Computer engineering student at KFUPM in Dhahran seeking network engineer COOP.,CE,Dhahran,linux; c++,Computer Engineering,COOP,On-site,39.0,52.70849727708739,13.708497277087389,13.708497277087389,129,84
ce-network-dhahran,77,Tabby,Intern Backend (GO) Engineer,Computer engineering student at KFUPM in Dhahran seeking network engineer COOP.,CE,Dhahran,linux; c++,Computer Engineering,COOP,On-site,39.0,53.999171569028725,14.999171569028725,14.999171569028725,130,69
ce-network-dhahran,78,Tabby,Intern Frontend Engineer,Computer engineering student at KFUPM in Dhahran seeking network engineer COOP.,CE,Dhahran,linux; c++,Computer Engineering,COOP,On-site,39.0,53.24440180116456,14.244401801164557,14.244401801164557,131,78
ce-network-dhahran,79,Tabby,Intern Data Engineer,Computer engineering student at KFUPM in Dhahran seeking network engineer COOP.,CE,Dhahran,linux; c++,Computer Engineering,COOP,On-site,39.0,57.8438751353671,18.8438751353671,18.8438751353671,132,37
ce-network-dhahran,80,Tabby,No-Code / AI Agents Engineering Intern,Computer engineering student at KFUPM in Dhahran seeking network engineer COOP.,CE,Dhahran,linux; c++,Computer Engineering,COOP,On-site,39.0,51.92969356134212,12.92969356134212,12.92969356134212,133,88
ce-network-dhahran,144,Mirai (Scopely) | مِراي,AI Engineering Intern (GenAI),Computer engineering student at KFUPM in Dhahran seeking network engineer COOP.,CE,Dhahran,linux; c++,Computer Engineering,COOP,On-site,39.0,53.87215495997425,14.872154959974253,14.872154959974253,134,72
ce-network-dhahran,153,Lockheed Martin,Tamheer Space Internship (Riyadh),Computer engineering student at KFUPM in Dhahran seeking network engineer COOP.,CE,Dhahran,linux; c++,Computer Engineering,COOP,On-site,39.0,41.59021491267596,2.590214912675961,2.590214912675961,135,159
ce-network-dhahran,156,Meel | ميل,"Software Developer Internship (Remote, min 2 months)",Computer engineering student at KFUPM in Dhahran seeking network engineer COOP.,CE,Dhahran,linux; c++,Computer Engineering,COOP,On-site,39.0,53.38107775095703,14.381077750957033,14.381077750957033,136,75
ce-network-dhahran,158,SMART Technology Solutions | سمارت لحلول التقنية,R&D Intern (Riyadh),Computer engineering student at KFUPM in Dhahran seeking network engineer COOP.,CE,Dhahran,linux; c++,Computer Engineering,COOP,On-site,39.0,51.31159974327042,12.31159974327042,12.31159974327042,137,93
ce-network-dhahran,159,Knodemy Inc.,AI Developer & Tech Trainer Intern - Riyadh,Computer engineering student at KFUPM in Dhahran seeking network engineer COOP.,CE,Dhahran,linux; c++,Computer Engineering,COOP,On-site,39.0,53.20644558636687,14.206445586366868,14.206445586366868,138,80
ce-network-dhahran,160,Water Transmission Company | شركة نقل المياه,Tamheer Internship Program (HRIS / Engineering & PM - Riyadh),Computer engineering student at KFUPM in Dhahran seeking network engineer COOP.,CE,Dhahran,linux; c++,Computer Engineering,COOP,On-site,39.0,51.34313637694888,12.343136376948877,12.343136376948877,139,92
ce-network-dhahran,103,Zain KSA,Evolve Program (Fresh Graduates),Computer engineering student at KFUPM in Dhahran seeking network engineer COOP.,CE,Dhahran,linux; c++,Computer Engineering,COOP,On-site,37.0,47.02002684962519,10.02002684962519,10.02002684962519,140,134
ce-network-dhahran,51,Ministry of Finance (Saudi Arabia) | Cooperative Training Program,Cooperative Training Program,Computer engineering student at KFUPM in Dhahran seeking network engineer COOP.,CE,Dhahran,linux; c++,Computer Engineering,COOP,On-site,36.5,42.251385604132544,5.751385604132544,5.751385604132544,141,156
ce-network-dhahran,123,EjadTech - إيجاد التقنية,"Summer Internship Program 2025 (Computer, Data, and AI Majors)",Computer engineering student at KFUPM in Dhahran seeking network engineer COOP.,CE,Dhahran,linux; c++,Computer Engineering,COOP,On-site,35.5,51.91454148060426,16.414541480604257,16.414541480604257,142,89
ce-network-dhahran,154,Markaba | مركبة,Start-up Software Intern – TAMHEER (Saudi nationals only),Computer engineering student at KFUPM in Dhahran seeking network engineer COOP.,CE,Dhahran,linux; c++,Computer Engineering,COOP,On-site,35.5,45.56862741380845,10.06862741380845,10.06862741380845,143,144
ce-network-dhahran,28,"Zakat, Tax and Customs Authority (ZATCA)",Binaa-Alkafaat Program,Computer engineering student at KFUPM in Dhahran seeking network engineer COOP.,CE,Dhahran,linux; c++,Computer Engineering,COOP,On-site,35.0,35.98765405467034,0.9876540546703367,0.9876540546703367,144,166
ce-network-dhahran,22,BlackRock,Client & Product Summer Internship Programme (EMEA) - includes Riyadh,Computer engineering student at KFUPM in Dhahran seeking network engineer COOP.,CE,Dhahran,linux; c++,Computer Engineering,COOP,On-site,34.5,45.618332715050855,11.118332715050855,11.118332715050855,145,143
ce-network-dhahran,24,MOZN,Data Science Intern,Computer engineering student at KFUPM in Dhahran seeking network engineer COOP.,CE,Dhahran,linux; c++,Computer Engineering,COOP,On-site,34.5,53.24586265664952,18.74586265664952,18.74586265664952,146,77
ce-network-dhahran,44,PIF | Graduate Development Program,Graduate Development Program (GDP),Computer engineering student at KFUPM in Dhahran seeking network engineer COOP.,CE,Dhahran,linux; c++,Computer Engineering,COOP,On-site,34.5,43.97339302017848,9.473393020178477,9.473393020178477,147,147
ce-network-dhahran,58,Unifonic,Internship (Unifonic),Computer engineering student at KFUPM in Dhahran seeking network engineer COOP.,CE,Dhahran,linux; c++,Computer Engineering,COOP,On-site,34.5,40.60656198564422,6.10656198564422,6.10656198564422,148,163
ce-network-dhahran,114,Foodics,Foodics 360 Internship Program,Computer engineering student at KFUPM in Dhahran seeking network engineer COOP.,CE,Dhahran,linux; c++,Computer Engineering,COOP,On-site,34.5,42.33540328476917,7.835403284769171,7.835403284769171,149,153
ce-network-dhahran,125,Tamkeen Technologies,On the Job Training (Internship Program) — Technology field,Computer engineering student at KFUPM in Dhahran seeking network engineer COOP.,CE,Dhahran,linux; c++,Computer Engineering,COOP,On-site,34.5,42.33540328476917,7.835403284769171,7.835403284769171,150,154
ce-network-dhahran,148,Procter & Gamble (P&G),P&G LEADgen Internship Program 2026 (Riyadh),Computer engineering student at KFUPM in Dhahran seeking network engineer COOP.,CE,Dhahran,linux; c++,Computer Engineering,COOP,On-site,34.5,45.2589006484939,10.7589006484939,10.7589006484939,151,145
ce-network-dhahran,161,AFNOYS,"AI Automation Intern - KSA (Remote, 4 weeks)",Computer engineering student at KFUPM in Dhahran seeking network engineer COOP.,CE,Dhahran,linux; c++,Computer Engineering,COOP,On-site,34.5,52.333412375510704,17.833412375510704,17.833412375510704,152,86
ce-network-dhahran,165,Innovative Solutions SA,Presales - Tamheer,Computer engineering student at KFUPM in Dhahran seeking network engineer COOP.,CE,Dhahran,linux; c++,Computer Engineering,COOP,On-site,33.5,41.95181811227089,8.451818112270892,8.451818112270892,153,158
ce-network-dhahran,168,هيئة التأمين | Insurance Authority,Tamheer Opportunity - Specialist of Information Security,Computer engineering student at KFUPM in Dhahran seeking network engineer COOP.,CE,Dhahran,linux; c++,Computer Engineering,COOP,On-site,33.5,41.04692204180531,7.54692204180531,7.54692204180531,154,161
ce-network-dhahran,59,Misk Foundation,Misk Traineeship / Internship Program,Computer engineering student at KFUPM in Dhahran seeking network engineer COOP.,CE,Dhahran,linux; c++,Computer Engineering,COOP,On-site,33.0,41.054548821401525,8.054548821401525,8.054548821401525,155,160
ce-network-dhahran,162,SAS,CareerStart@SAS 2026 - Presales Customer Intelligence Intern (Riyadh),Computer engineering student at KFUPM in Dhahran seeking network engineer COOP.,CE,Dhahran,linux; c++,Computer Engineering,COOP,On-site,33.0,51.49419075762892,18.49419075762892,18.49419075762892,156,91
ce-network-dhahran,164,ضالتي Dhallaty,Tech Intern: Fresh Grad or Student,Computer engineering student at KFUPM in Dhahran seeking network engineer COOP.,CE,Dhahran,linux; c++,Computer Engineering,COOP,On-site,33.0,50.87609693955722,17.876096939557222,17.876096939557222,157,101
ce-network-dhahran,169,Snbla | سنبله,Paid Internship Program (FinTech),Computer engineering student at KFUPM in Dhahran seeking network engineer COOP.,CE,Dhahran,linux; c++,Computer Engineering,COOP,On-site,33.0,51.16846110212997,18.168461102129967,18.168461102129967,158,96
ce-network-dhahran,171,Infosys,Summer Intern (Infosys InStep ’26 – Bangalore),Computer engineering student at KFUPM in Dhahran seeking network engineer COOP.,CE,Dhahran,linux; c++,Computer Engineering,COOP,On-site,33.0,42.33540328476917,9.335403284769171,9.335403284769171,159,155
ce-network-dhahran,48,Oracle | Business Development Intern (KSA market),Business Development Intern (KSA market),Computer engineering student at KFUPM in Dhahran seeking network engineer COOP.,CE,Dhahran,linux; c++,Computer Engineering,COOP,On-site,31.5,34.8057290939167,3.305729093916703,3.305729093916703,160,167
ce-network-dhahran,170,2P Perfect Presentation,Data Analyst (Tamheer),Computer engineering student at KFUPM in Dhahran seeking network engineer COOP.,CE,Dhahran,linux; c++,Computer Engineering,COOP,On-site,31.0,45.19786497148005,14.197864971480051,14.197864971480051,161,146
ce-network-dhahran,173,Abunayyan Holding,Data Analyst (Tamheer),Computer engineering student at KFUPM in Dhahran seeking network engineer COOP.,CE,Dhahran,linux; c++,Computer Engineering,COOP,On-site,31.0,42.8696352992398,11.869635299239803,11.869635299239803,162,152
ce-network-dhahran,23,noon,Student Internship,Computer engineering student at KFUPM in Dhahran seeking network engineer COOP.,CE,Dhahran,linux; c++,Computer Engineering,COOP,On-site,30.0,40.016205946959936,10.016205946959936,10.016205946959936,163,165
ce-network-dhahran,42,The Saudi National Bank (SNB),SNB Rowad Program,Computer engineering student at KFUPM in Dhahran seeking network engineer COOP.,CE,Dhahran,linux; c++,Computer Engineering,COOP,On-site,30.0,43.96423344125456,13.964233441254557,13.964233441254557,164,148
ce-network-dhahran,49,SAP | Student Internship (Riyadh),Student Internship - Riyadh,Computer engineering student at KFUPM in Dhahran seeking network engineer COOP.,CE,Dhahran,linux; c++,Computer Engineering,COOP,On-site,30.0,40.567336628830375,10.567336628830375,10.567336628830375,165,164
ce-network-dhahran,61,KAUST,Visiting Student Research Program (VSRP) Internship,Computer engineering student at KFUPM in Dhahran seeking network engineer COOP.,CE,Dhahran,linux; c++,Computer Engineering,COOP,On-site,30.0,50.9224482075849,20.9224482075849,20.9224482075849,166,100
ce-network-dhahran,106,Bank AlJazira,Tamheer Program,Computer engineering student at KFUPM in Dhahran seeking network engineer COOP.,CE,Dhahran,linux; c++,Computer Engineering,COOP,On-site,30.0,48.10720899440987,18.107208994409874,18.107208994409874,167,116
ce-network-dhahran,119,Jahez Group,Jahez Internship Program (as described in Sustainability Report),Computer engineering student at KFUPM in Dhahran seeking network engineer COOP.,CE,Dhahran,linux; c++,Computer Engineering,COOP,On-site,30.0,40.86376778188307,10.86376778188307,10.86376778188307,168,162
ce-network-dhahran,147,nybl,nybl Graduate Programme – Saudi Nationals (AI Bootcamp),Computer engineering student at KFUPM in Dhahran seeking network engineer COOP.,CE,Dhahran,linux; c++,Computer Engineering,COOP,On-site,30.0,47.7882283451164,17.7882283451164,17.7882283451164,169,117
ce-network-dhahran,55,SAMA | SAMA Professional Program (SPP),SAMA Professional Program (SPP),Computer engineering student at KFUPM in Dhahran seeking network engineer COOP.,CE,Dhahran,linux; c++,Computer Engineering,COOP,On-site,26.5,33.628437317939465,7.128437317939465,7.128437317939465,170,168
ce-network-dhahran,29,Human Resources Development Fund (HRDF) – Cooperative Training Product,Cooperative Training (HRDF product),Computer engineering student at KFUPM in Dhahran seeking network engineer COOP.,CE,Dhahran,linux; c++,Computer Engineering,COOP,On-site,20.5,13.900355249851051,-6.599644750148949,6.599644750148949,171,172
ce-network-dhahran,31,Ministry of Industry and Mineral Resources (MIM) – Cooperative Training Initiative,Cooperative Training Initiative,Computer engineering student at KFUPM in Dhahran seeking network engineer COOP.,CE,Dhahran,linux; c++,Computer Engineering,COOP,On-site,20.5,21.52837943035848,1.0283794303584806,1.0283794303584806,172,171
ce-network-dhahran,167,TAM | تام,"Tamheer Opportunity, Advisory",Computer engineering student at KFUPM in Dhahran seeking network engineer COOP.,CE,Dhahran,linux; c++,Computer Engineering,COOP,On-site,5.5,8.196577185184166,2.6965771851841662,2.6965771851841662,173,173
cs-iau-backend,79,Tabby,Intern Data Engineer,CS student at IAU with Python and SQL seeking backend developer internship in Riyadh or Dammam.,CS,Riyadh,python; sql,,Internship,Hybrid,91.5,81.35057036133954,-10.149429638660465,10.149429638660465,1,3
cs-iau-backend,143,Lean Technologies,Software Engineering Intern – KSA,CS student at IAU with Python and SQL seeking backend developer internship in Riyadh or Dammam.,CS,Riyadh,python; sql,,Internship,Hybrid,91.5,79.81548180337643,-11.684518196623571,11.684518196623571,2,4
cs-iau-backend,77,Tabby,Intern Backend (GO) Engineer,CS student at IAU with Python and SQL seeking backend developer internship in Riyadh or Dammam.,CS,Riyadh,python; sql,,Internship,Hybrid,88.5,78.37583776770376,-10.124162232296243,10.124162232296243,3,10
cs-iau-backend,140,Bosch Middle East,Software Development Intern (AI/Cloud),CS student at IAU with Python and SQL seeking backend developer internship in Riyadh or Dammam.,CS,Riyadh,python; sql,,Internship,Hybrid,88.5,83.11741814545789,-5.38258185454211,5.38258185454211,4,2
cs-iau-backend,144,Mirai (Scopely) | مِراي,AI Engineering Intern (GenAI),CS student at IAU with Python and SQL seeking backend developer internship in Riyadh or Dammam.,CS,Riyadh,python; sql,,Internship,Hybrid,88.5,74.0347190209974,-14.4652809790026,14.4652809790026,5,22
cs-iau-backend,155,Laverne Group | مجموعة لافيرن,Data Analyst / Data Engineer Intern (IT Department),CS student at IAU with Python and SQL seeking backend developer internship in Riyadh or Dammam.,CS,Riyadh,python; sql,,Internship,Hybrid,88.5,78.95676109459829,-9.543238905401708,9.543238905401708,6,8
cs-iau-backend,159,Knodemy Inc.,AI Developer & Tech Trainer Intern - Riyadh,CS student at IAU with Python and SQL seeking backend developer internship in Riyadh or Dammam.,CS,Riyadh,python; sql,,Internship,Hybrid,88.5,72.11180836252177,-16.38819163747823,16.38819163747823,7,26
cs-iau-backend,24,MOZN,Data Science Intern,CS student at IAU with Python and SQL seeking backend developer internship in Riyadh or Dammam.,CS,Riyadh,python; sql,,Internship,Hybrid,87.0,74.69455491652195,-12.305445083478048,12.305445083478048,8,16
cs-iau-backend,123,EjadTech - إيجاد التقنية,"Summer Internship Program 2025 (Computer, Data, and AI Majors)",CS student at IAU with Python and SQL seeking backend developer internship in Riyadh or Dammam.,CS,Riyadh,python; sql,,Internship,Hybrid,86.5,79.71675519927312,-6.783244800726877,6.783244800726877,9,5
cs-iau-backend,124,InnovationTeam,Java Microservices Internship Programme (Saudi Nationals),CS student at IAU with Python and SQL seeking backend developer internship in Riyadh or Dammam.,CS,Riyadh,python; sql,,Internship,Hybrid,86.5,83.25783173716607,-3.2421682628339283,3.2421682628339283,10,1
cs-iau-backend,156,Meel | ميل,"Software Developer Internship (Remote, min 2 months)",CS student at IAU with Python and SQL seeking backend developer internship in Riyadh or Dammam.,CS,Riyadh,python; sql,,Internship,Hybrid,86.5,78.37583776770376,-8.124162232296243,8.124162232296243,11,11
cs-iau-backend,47,Microsoft | Ru'aa Program (Riyadh),Ru'aa Program Internship (Solution Engineering),CS student at IAU with Python and SQL seeking backend developer internship in Riyadh or Dammam.,CS,Riyadh,python; sql,,Internship,Hybrid,85.5,69.92262192507802,-15.577378074921981,15.577378074921981,12,37
cs-iau-backend,78,Tabby,Intern Frontend Engineer,CS student at IAU with Python and SQL seeking backend developer internship in Riyadh or Dammam.,CS,Riyadh,python; sql,,Internship,Hybrid,85.5,79.62889819573981,-5.871101804260192,5.871101804260192,13,6
cs-iau-backend,80,Tabby,No-Code / AI Agents Engineering Intern,CS student at IAU with Python and SQL seeking backend developer internship in Riyadh or Dammam.,CS,Riyadh,python; sql,,Internship,Hybrid,85.5,70.27604150443779,-15.223958495562215,15.223958495562215,14,34
cs-iau-backend,158,SMART Technology Solutions | سمارت لحلول التقنية,R&D Intern (Riyadh),CS student at IAU with Python and SQL seeking backend developer internship in Riyadh or Dammam.,CS,Riyadh,python; sql,,Internship,Hybrid,85.5,70.27604150443779,-15.223958495562215,15.223958495562215,15,35
cs-iau-backend,57,IBM,"Automation, Data & AI – Intern",CS student at IAU with Python and SQL seeking backend developer internship in Riyadh or Dammam.,CS,Riyadh,python; sql,,Internship,Hybrid,83.5,71.94327298176484,-11.556727018235165,11.556727018235165,16,28
cs-iau-backend,162,SAS,CareerStart@SAS 2026 - Presales Customer Intelligence Intern (Riyadh),CS student at IAU with Python and SQL seeking backend developer internship in Riyadh or Dammam.,CS,Riyadh,python; sql,,Internship,Hybrid,82.5,70.35931240843266,-12.140687591567342,12.140687591567342,17,32
cs-iau-backend,164,ضالتي Dhallaty,Tech Intern: Fresh Grad or Student,CS student at IAU with Python and SQL seeking backend developer internship in Riyadh or Dammam.,CS,Riyadh,python; sql,,Internship,Hybrid,82.5,70.35931240843266,-12.140687591567342,12.140687591567342,18,33
cs-iau-backend,169,Snbla | سنبله,Paid Internship Program (FinTech),CS student at IAU with Python and SQL seeking backend developer internship in Riyadh or Dammam.,CS,Riyadh,python; sql,,Internship,Hybrid,82.5,69.91035483824889,-12.589645161751108,12.589645161751108,19,38
cs-iau-backend,76,Tabby,Intern DevOps Engineer,CS student at IAU with Python and SQL seeking backend developer internship in Riyadh or Dammam.,CS,Riyadh,python; sql,,Internship,Hybrid,81.0,75.97396810568087,-5.026031894319132,5.026031894319132,20,15
cs-iau-backend,139,Ericsson,Summer Interns (Ericsson Saudi),CS student at IAU with Python and SQL seeking backend developer internship in Riyadh or Dammam.,CS,Riyadh,python; sql,,Internship,Hybrid,81.0,74.33774709293343,-6.6622529070665735,6.6622529070665735,21,19
cs-iau-backend,150,Boeing Saudi Arabia Limited,Intern - Info Technology & Data Analytics (Riyadh),CS student at IAU with Python and SQL seeking backend developer internship in Riyadh or Dammam.,CS,Riyadh,python; sql,,Internship,Hybrid,81.0,78.95676109459829,-2.043238905401708,2.043238905401708,22,7
cs-iau-backend,128,SCAI | سكاي,CO-OP Training Opportunities (Intern),CS student at IAU with Python and SQL seeking backend developer internship in Riyadh or Dammam.,CS,Riyadh,python; sql,,Internship,Hybrid,78.5,78.70488634453572,0.20488634453572274,0.20488634453572274,23,9
cs-iau-backend,22,BlackRock,Client & Product Summer Internship Programme (EMEA) - includes Riyadh,CS student at IAU with Python and SQL seeking backend developer internship in Riyadh or Dammam.,CS,Riyadh,python; sql,,Internship,Hybrid,77.0,64.36396593781792,-12.636034062182077,12.636034062182077,24,54
cs-iau-backend,145,HungerStation | هنقرستيشن,"Co-OP Trainee, Data Analysis – Info Sec",CS student at IAU with Python and SQL seeking backend developer internship in Riyadh or Dammam.,CS,Riyadh,python; sql,,Internship,Hybrid,77.0,72.17742228797799,-4.82257771202201,4.82257771202201,25,25
cs-iau-backend,161,AFNOYS,"AI Automation Intern - KSA (Remote, 4 weeks)",CS student at IAU with Python and SQL seeking backend developer internship in Riyadh or Dammam.,CS,Riyadh,python; sql,,Internship,Hybrid,76.0,72.10969498916202,-3.8903050108379773,3.8903050108379773,26,27
cs-iau-backend,12,Tamara,Tamara Builders Program,CS student at IAU with Python and SQL seeking backend developer internship in Riyadh or Dammam.,CS,Riyadh,python; sql,,Internship,Hybrid,75.5,64.35782100081859,-11.14217899918141,11.14217899918141,27,57
cs-iau-backend,37,KAPSARC,Intern (Coop- Trainee),CS student at IAU with Python and SQL seeking backend developer internship in Riyadh or Dammam.,CS,Riyadh,python; sql,,Internship,Hybrid,75.5,74.55050591301772,-0.9494940869822841,0.9494940869822841,28,17
cs-iau-backend,71,OmniOps,Co‑op Training Program,CS student at IAU with Python and SQL seeking backend developer internship in Riyadh or Dammam.,CS,Riyadh,python; sql,,Internship,Hybrid,75.5,72.67778550474212,-2.8222144952578816,2.8222144952578816,29,23
cs-iau-backend,72,Tatweer Educational Technologies (TETCO),Cooperative Training Program,CS student at IAU with Python and SQL seeking backend developer internship in Riyadh or Dammam.,CS,Riyadh,python; sql,,Internship,Hybrid,75.5,76.63773619037096,1.1377361903709584,1.1377361903709584,30,13
cs-iau-backend,85,TAWAL,COOP Training Program,CS student at IAU with Python and SQL seeking backend developer internship in Riyadh or Dammam.,CS,Riyadh,python; sql,,Internship,Hybrid,75.5,74.13549891046398,-1.3645010895360201,1.3645010895360201,31,21
cs-iau-backend,86,Wakeb_Data,COOP Training,CS student at IAU with Python and SQL seeking backend developer internship in Riyadh or Dammam.,CS,Riyadh,python; sql,,Internship,Hybrid,75.5,64.53169241570025,-10.968307584299751,10.968307584299751,32,53
cs-iau-backend,93,HUED,HUED COOP Program 2026,CS student at IAU with Python and SQL seeking backend developer internship in Riyadh or Dammam.,CS,Riyadh,python; sql,,Internship,Hybrid,75.5,74.26403869302966,-1.2359613069703386,1.2359613069703386,33,20
cs-iau-backend,94,Araamis • أرامس,Araamis COOP Program 2026,CS student at IAU with Python and SQL seeking backend developer internship in Riyadh or Dammam.,CS,Riyadh,python; sql,,Internship,Hybrid,75.5,64.35782100081859,-11.14217899918141,11.14217899918141,34,60
cs-iau-backend,107,sirar by stc,Cooperative Training Program,CS student at IAU with Python and SQL seeking backend developer internship in Riyadh or Dammam.,CS,Riyadh,python; sql,,Internship,Hybrid,75.5,76.50368515321586,1.003685153215855,1.003685153215855,35,14
cs-iau-backend,108,Gathern,Co-op Program,CS student at IAU with Python and SQL seeking backend developer internship in Riyadh or Dammam.,CS,Riyadh,python; sql,,Internship,Hybrid,75.5,74.3843717655522,-1.1156282344477972,1.1156282344477972,36,18
cs-iau-backend,135,Golf Saudi,IT Co-op Trainee,CS student at IAU with Python and SQL seeking backend developer internship in Riyadh or Dammam.,CS,Riyadh,python; sql,,Internship,Hybrid,75.5,66.6291622790598,-8.870837720940202,8.870837720940202,37,45
cs-iau-backend,137,1957 Ventures,Internship / Co-Op Program,CS student at IAU with Python and SQL seeking backend developer internship in Riyadh or Dammam.,CS,Riyadh,python; sql,,Internship,Hybrid,75.5,64.55732269646951,-10.942677303530488,10.942677303530488,38,52
cs-iau-backend,142,Saudi Tadawul Group | تداول,Cooperative Training Program (COOP),CS student at IAU with Python and SQL seeking backend developer internship in Riyadh or Dammam.,CS,Riyadh,python; sql,,Internship,Hybrid,75.5,77.8471301902579,2.3471301902579,2.3471301902579,39,12
cs-iau-backend,160,Water Transmission Company | شركة نقل المياه,Tamheer Internship Program (HRIS / Engineering & PM - Riyadh),CS student at IAU with Python and SQL seeking backend developer internship in Riyadh or Dammam.,CS,Riyadh,python; sql,,Internship,Hybrid,75.5,65.94494766457298,-9.555052335427021,9.555052335427021,40,49
cs-iau-backend,92,SDM,AI COOP,CS student at IAU with Python and SQL seeking backend developer internship in Riyadh or Dammam.,CS,Riyadh,python; sql,,Internship,Hybrid,74.0,64.2517349713719,-9.748265028628097,9.748265028628097,41,62
cs-iau-backend,122,moneymoon,Tech & AI Co-op Program 2025,CS student at IAU with Python and SQL seeking backend developer internship in Riyadh or Dammam.,CS,Riyadh,python; sql,,Internship,Hybrid,74.0,72.18960829182255,-1.8103917081774483,1.8103917081774483,42,24
cs-iau-backend,138,Nokia,Graduate Trainee (Saudi Arabia) – Fledgers Program,CS student at IAU with Python and SQL seeking backend developer internship in Riyadh or Dammam.,CS,Riyadh,python; sql,,Internship,Hybrid,74.0,69.89988334757128,-4.100116652428724,4.100116652428724,43,39
cs-iau-backend,154,Markaba | مركبة,Start-up Software Intern – TAMHEER (Saudi nationals only),CS student at IAU with Python and SQL seeking backend developer internship in Riyadh or Dammam.,CS,Riyadh,python; sql,,Internship,Hybrid,73.5,62.41688583105368,-11.083114168946317,11.083114168946317,44,78
cs-iau-backend,163,Devoteam,Trainee - Future Leaders Program (Co-op/Fresh Graduate),CS student at IAU with Python and SQL seeking backend developer internship in Riyadh or Dammam.,CS,Riyadh,python; sql,,Internship,Hybrid,73.5,63.86911131028634,-9.630888689713657,9.630888689713657,45,64
cs-iau-backend,166,HUMAIN,Tamheer Program (Software Engineer / Cybersecurity / MIS),CS student at IAU with Python and SQL seeking backend developer internship in Riyadh or Dammam.,CS,Riyadh,python; sql,,Internship,Hybrid,73.5,71.29803206348204,-2.20196793651796,2.20196793651796,46,29
cs-iau-backend,19,Amazon Web Services (AWS),IT/Computer Hardware Internship (Intern-to-FTE Pathway),CS student at IAU with Python and SQL seeking backend developer internship in Riyadh or Dammam.,CS,Riyadh,python; sql,,Internship,Hybrid,71.5,66.82640697251664,-4.6735930274833635,4.6735930274833635,47,43
cs-iau-backend,20,Amazon Web Services (AWS) - Associate Solutions Architect Intern,Associate Solutions Architect Intern (2026),CS student at IAU with Python and SQL seeking backend developer internship in Riyadh or Dammam.,CS,Riyadh,python; sql,,Internship,Hybrid,71.5,70.42993378267425,-1.0700662173257456,1.0700662173257456,48,30
cs-iau-backend,136,Siemens Healthineers,Healthineers Early Talent Program – IT (Riyadh),CS student at IAU with Python and SQL seeking backend developer internship in Riyadh or Dammam.,CS,Riyadh,python; sql,,Internship,Hybrid,71.5,70.42993378267425,-1.0700662173257456,1.0700662173257456,49,31
cs-iau-backend,113,AILA,Co-op Training Programme,CS student at IAU with Python and SQL seeking backend developer internship in Riyadh or Dammam.,CS,Riyadh,python; sql,,Internship,Hybrid,71.0,65.77361810755927,-5.2263818924407275,5.2263818924407275,50,50
cs-iau-backend,141,Saudi Payments | المدفوعات السعودية,COOP Training – August 2024,CS student at IAU with Python and SQL seeking backend developer internship in Riyadh or Dammam.,CS,Riyadh,python; sql,,Internship,Hybrid,71.0,66.35816440424317,-4.641835595756831,4.641835595756831,51,47
cs-iau-backend,11,Bank Albilad,Cooperative & Summer Training Program,CS student at IAU with Python and SQL seeking backend developer internship in Riyadh or Dammam.,CS,Riyadh,python; sql,,Internship,Hybrid,70.5,62.50341781630937,-7.996582183690627,7.996582183690627,52,74
cs-iau-backend,172,شركة الخدمات المدارة | Managed Services Company,Intern Cybersecurity Engineer,CS student at IAU with Python and SQL seeking backend developer internship in Riyadh or Dammam.,CS,Riyadh,python; sql,,Internship,Hybrid,69.5,60.3659623141468,-9.134037685853201,9.134037685853201,53,93
cs-iau-backend,170,2P Perfect Presentation,Data Analyst (Tamheer),CS student at IAU with Python and SQL seeking backend developer internship in Riyadh or Dammam.,CS,Riyadh,python; sql,,Internship,Hybrid,69.0,62.44638884809591,-6.553611151904093,6.553611151904093,54,77
cs-iau-backend,173,Abunayyan Holding,Data Analyst (Tamheer),CS student at IAU with Python and SQL seeking backend developer internship in Riyadh or Dammam.,CS,Riyadh,python; sql,,Internship,Hybrid,69.0,59.66980412995651,-9.33019587004349,9.33019587004349,55,105
cs-iau-backend,44,PIF | Graduate Development Program,Graduate Development Program (GDP),CS student at IAU with Python and SQL seeking backend developer internship in Riyadh or Dammam.,CS,Riyadh,python; sql,,Internship,Hybrid,67.0,58.24527744778252,-8.75472255221748,8.75472255221748,56,116
cs-iau-backend,58,Unifonic,Internship (Unifonic),CS student at IAU with Python and SQL seeking backend developer internship in Riyadh or Dammam.,CS,Riyadh,python; sql,,Internship,Hybrid,67.0,60.69228278060865,-6.30771721939135,6.30771721939135,57,92
cs-iau-backend,62,General Authority for Statistics (GASTAT),Cooperative Training Program,CS student at IAU with Python and SQL seeking backend developer internship in Riyadh or Dammam.,CS,Riyadh,python; sql,,Internship,Hybrid,67.0,59.34525436207174,-7.654745637928258,7.654745637928258,58,107
cs-iau-backend,63,Saudi Center for Opinion Polling (SCOP),Cooperative Training Program,CS student at IAU with Python and SQL seeking backend developer internship in Riyadh or Dammam.,CS,Riyadh,python; sql,,Internship,Hybrid,67.0,59.34525436207174,-7.654745637928258,7.654745637928258,59,108
cs-iau-backend,114,Foodics,Foodics 360 Internship Program,CS student at IAU with Python and SQL seeking backend developer internship in Riyadh or Dammam.,CS,Riyadh,python; sql,,Internship,Hybrid,67.0,63.369256174369504,-3.6307438256304962,3.6307438256304962,60,67
cs-iau-backend,125,Tamkeen Technologies,On the Job Training (Internship Program) — Technology field,CS student at IAU with Python and SQL seeking backend developer internship in Riyadh or Dammam.,CS,Riyadh,python; sql,,Internship,Hybrid,67.0,66.24232459104411,-0.7576754089558904,0.7576754089558904,61,48
cs-iau-backend,134,TrendAI (Trend Micro),CyberGATE Internship Program,CS student at IAU with Python and SQL seeking backend developer internship in Riyadh or Dammam.,CS,Riyadh,python; sql,,Internship,Hybrid,67.0,67.30368754016152,0.3036875401615191,0.3036875401615191,62,42
cs-iau-backend,148,Procter & Gamble (P&G),P&G LEADgen Internship Program 2026 (Riyadh),CS student at IAU with Python and SQL seeking backend developer internship in Riyadh or Dammam.,CS,Riyadh,python; sql,,Internship,Hybrid,67.0,66.53283894639364,-0.46716105360636107,0.46716105360636107,63,46
cs-iau-backend,6,Capital Market Authority (CMA),COOP Program,CS student at IAU with Python and SQL seeking backend developer internship in Riyadh or Dammam.,CS,Riyadh,python; sql,,Internship,Hybrid,66.5,63.09888770319262,-3.4011122968073835,3.4011122968073835,64,70
cs-iau-backend,41,Bank Albilad,Cooperative and Summer Training Program,CS student at IAU with Python and SQL seeking backend developer internship in Riyadh or Dammam.,CS,Riyadh,python; sql,,Internship,Hybrid,66.5,60.15374960955541,-6.346250390444588,6.346250390444588,65,94
cs-iau-backend,42,The Saudi National Bank (SNB),SNB Rowad Program,CS student at IAU with Python and SQL seeking backend developer internship in Riyadh or Dammam.,CS,Riyadh,python; sql,,Internship,Hybrid,66.5,58.65967253042418,-7.8403274695758185,7.8403274695758185,66,111
cs-iau-backend,50,SAB (Saudi Awwal Bank) | Cooperative Training Programme (COOP),SAB Cooperative Training Programme (COOP),CS student at IAU with Python and SQL seeking backend developer internship in Riyadh or Dammam.,CS,Riyadh,python; sql,,Internship,Hybrid,66.5,64.35782100081859,-2.142178999181411,2.142178999181411,67,59
cs-iau-backend,61,KAUST,Visiting Student Research Program (VSRP) Internship,CS student at IAU with Python and SQL seeking backend developer internship in Riyadh or Dammam.,CS,Riyadh,python; sql,,Internship,Hybrid,66.5,68.75466667364724,2.254666673647236,2.254666673647236,68,40
cs-iau-backend,64,Al Rajhi Takaful,Cooperative Training Program,CS student at IAU with Python and SQL seeking backend developer internship in Riyadh or Dammam.,CS,Riyadh,python; sql,,Internship,Hybrid,66.5,63.22178803327327,-3.2782119667267295,3.2782119667267295,69,69
cs-iau-backend,69,Arab National Bank (ANB),COOP Trainee,CS student at IAU with Python and SQL seeking backend developer internship in Riyadh or Dammam.,CS,Riyadh,python; sql,,Internship,Hybrid,66.5,60.15163623619567,-6.348363763804329,6.348363763804329,70,97
cs-iau-backend,70,Tamara,Builders Program,CS student at IAU with Python and SQL seeking backend developer internship in Riyadh or Dammam.,CS,Riyadh,python; sql,,Internship,Hybrid,66.5,60.15374960955541,-6.346250390444588,6.346250390444588,71,95
cs-iau-backend,73,The Saudi Investment Bank (SAIB),Cooperative Program,CS student at IAU with Python and SQL seeking backend developer internship in Riyadh or Dammam.,CS,Riyadh,python; sql,,Internship,Hybrid,66.5,59.9048767544672,-6.595123245532797,6.595123245532797,72,98
cs-iau-backend,74,Saudi Awwal Bank (SAB),COOP Program,CS student at IAU with Python and SQL seeking backend developer internship in Riyadh or Dammam.,CS,Riyadh,python; sql,,Internship,Hybrid,66.5,60.15374960955541,-6.346250390444588,6.346250390444588,73,96
cs-iau-backend,75,Riyad Bank,Internships and Coop Trainings (CSR 2019),CS student at IAU with Python and SQL seeking backend developer internship in Riyadh or Dammam.,CS,Riyadh,python; sql,,Internship,Hybrid,66.5,59.69761183657219,-6.802388163427807,6.802388163427807,74,104
cs-iau-backend,84,Al Rajhi Takaful,Coop Training Program,CS student at IAU with Python and SQL seeking backend developer internship in Riyadh or Dammam.,CS,Riyadh,python; sql,,Internship,Hybrid,66.5,59.9048767544672,-6.595123245532797,6.595123245532797,75,100
cs-iau-backend,100,Saudi Awwal Bank (SAB),Student Opportunities: Cooperative / Practical Training,CS student at IAU with Python and SQL seeking backend developer internship in Riyadh or Dammam.,CS,Riyadh,python; sql,,Internship,Hybrid,66.5,59.9048767544672,-6.595123245532797,6.595123245532797,76,101
cs-iau-backend,106,Bank AlJazira,Tamheer Program,CS student at IAU with Python and SQL seeking backend developer internship in Riyadh or Dammam.,CS,Riyadh,python; sql,,Internship,Hybrid,66.5,63.5208021934631,-2.9791978065369022,2.9791978065369022,77,66
cs-iau-backend,147,nybl,nybl Graduate Programme – Saudi Nationals (AI Bootcamp),CS student at IAU with Python and SQL seeking backend developer internship in Riyadh or Dammam.,CS,Riyadh,python; sql,,Internship,Hybrid,66.5,62.28616567944165,-4.213834320558348,4.213834320558348,78,79
cs-iau-backend,53,King Fahd Causeway Authority | Internship Program,Internship Program,CS student at IAU with Python and SQL seeking backend developer internship in Riyadh or Dammam.,CS,Riyadh,python; sql,,Internship,Hybrid,64.5,63.63155538165854,-0.8684446183414565,0.8684446183414565,79,65
cs-iau-backend,54,Tawuniya | Tamheer Program (Fresh Graduates),Tamheer Program,CS student at IAU with Python and SQL seeking backend developer internship in Riyadh or Dammam.,CS,Riyadh,python; sql,,Internship,Hybrid,64.5,63.32089753730666,-1.1791024626933435,1.1791024626933435,80,68
cs-iau-backend,23,noon,Student Internship,CS student at IAU with Python and SQL seeking backend developer internship in Riyadh or Dammam.,CS,Riyadh,python; sql,,Internship,Hybrid,62.5,59.46208974197273,-3.037910258027267,3.037910258027267,81,106
cs-iau-backend,49,SAP | Student Internship (Riyadh),Student Internship - Riyadh,CS student at IAU with Python and SQL seeking backend developer internship in Riyadh or Dammam.,CS,Riyadh,python; sql,,Internship,Hybrid,62.5,60.86546492538548,-1.6345350746145186,1.6345350746145186,82,90
cs-iau-backend,119,Jahez Group,Jahez Internship Program (as described in Sustainability Report),CS student at IAU with Python and SQL seeking backend developer internship in Riyadh or Dammam.,CS,Riyadh,python; sql,,Internship,Hybrid,62.5,61.8371882388584,-0.6628117611415973,0.6628117611415973,83,86
cs-iau-backend,133,Help AG (e& enterprise),Cybersecurity Intern,CS student at IAU with Python and SQL seeking backend developer internship in Riyadh or Dammam.,CS,Riyadh,python; sql,,Internship,Hybrid,62.5,67.30368754016152,4.803687540161519,4.803687540161519,84,41
cs-iau-backend,4,Saudi National Bank (SNB),SNB Cooperative Training Program,CS student at IAU with Python and SQL seeking backend developer internship in Riyadh or Dammam.,CS,Riyadh,python; sql,,Internship,Hybrid,61.5,64.35782100081859,2.857821000818589,2.857821000818589,85,56
cs-iau-backend,5,Al Rajhi Bank,Cooperative Training Program,CS student at IAU with Python and SQL seeking backend developer internship in Riyadh or Dammam.,CS,Riyadh,python; sql,,Internship,Hybrid,61.5,63.87399505741804,2.3739950574180426,2.3739950574180426,86,63
cs-iau-backend,10,Deloitte Middle East (KSA),Jusoor Al Sharqiyah Internship Program,CS student at IAU with Python and SQL seeking backend developer internship in Riyadh or Dammam.,CS,Riyadh,python; sql,,Internship,Hybrid,61.5,66.7399996190036,5.239999619003598,5.239999619003598,87,44
cs-iau-backend,27,"Saudi Standards, Metrology and Quality Organization (SASO)",Cooperative Training (Collaborative Training),CS student at IAU with Python and SQL seeking backend developer internship in Riyadh or Dammam.,CS,Riyadh,python; sql,,Internship,Hybrid,61.5,61.97818798518353,0.47818798518353134,0.47818798518353134,88,85
cs-iau-backend,81,Bank Albilad,Cooperative Training Program,CS student at IAU with Python and SQL seeking backend developer internship in Riyadh or Dammam.,CS,Riyadh,python; sql,,Internship,Hybrid,61.5,59.9048767544672,-1.5951232455327968,1.5951232455327968,89,99
cs-iau-backend,91,REMAT ADVANCED,Cooperative Training Program,CS student at IAU with Python and SQL seeking backend developer internship in Riyadh or Dammam.,CS,Riyadh,python; sql,,Internship,Hybrid,61.5,62.03896505792731,0.5389650579273066,0.5389650579273066,90,83
cs-iau-backend,104,Zain KSA,Zain Pioneers Program,CS student at IAU with Python and SQL seeking backend developer internship in Riyadh or Dammam.,CS,Riyadh,python; sql,,Internship,Hybrid,61.5,61.02749230384775,-0.47250769615224897,0.47250769615224897,91,88
cs-iau-backend,129,WalaPlus,Coop & Tamheer Opportunities,CS student at IAU with Python and SQL seeking backend developer internship in Riyadh or Dammam.,CS,Riyadh,python; sql,,Internship,Hybrid,61.5,62.06459533869657,0.5645953386965701,0.5645953386965701,92,81
cs-iau-backend,130,Aon,IT Co-op Trainee 2026,CS student at IAU with Python and SQL seeking backend developer internship in Riyadh or Dammam.,CS,Riyadh,python; sql,,Internship,Hybrid,61.5,62.49768919370927,0.9976891937092702,0.9976891937092702,93,75
cs-iau-backend,131,Hewlett Packard Enterprise (HPE),College Intern (Coop),CS student at IAU with Python and SQL seeking backend developer internship in Riyadh or Dammam.,CS,Riyadh,python; sql,,Internship,Hybrid,61.5,62.49768919370927,0.9976891937092702,0.9976891937092702,94,76
cs-iau-backend,132,Signify,KSA Coop Internship Program,CS student at IAU with Python and SQL seeking backend developer internship in Riyadh or Dammam.,CS,Riyadh,python; sql,,Internship,Hybrid,61.5,62.06459533869657,0.5645953386965701,0.5645953386965701,95,82
cs-iau-backend,149,New Murabba | المربع الجديد,New Murabba Co-op Training Program,CS student at IAU with Python and SQL seeking backend developer internship in Riyadh or Dammam.,CS,Riyadh,python; sql,,Internship,Hybrid,61.5,58.41551293017688,-3.084487069823119,3.084487069823119,96,114
cs-iau-backend,151,Motorola Solutions,Deployment Engineer Intern (KSA National - Tamheer Program),CS student at IAU with Python and SQL seeking backend developer internship in Riyadh or Dammam.,CS,Riyadh,python; sql,,Internship,Hybrid,61.5,62.69973214904088,1.1997321490408765,1.1997321490408765,97,72
cs-iau-backend,153,Lockheed Martin,Tamheer Space Internship (Riyadh),CS student at IAU with Python and SQL seeking backend developer internship in Riyadh or Dammam.,CS,Riyadh,python; sql,,Internship,Hybrid,61.5,55.220140032124526,-6.279859967875474,6.279859967875474,98,132
cs-iau-backend,97,Saudi Motorsport Company (SMC),COOP Trainee (IT Asset Project Management),CS student at IAU with Python and SQL seeking backend developer internship in Riyadh or Dammam.,CS,Riyadh,python; sql,,Internship,Hybrid,61.0,64.35782100081859,3.357821000818589,3.357821000818589,99,61
cs-iau-backend,116,Lucidya,Technical Internship or Coop – Lucidya,CS student at IAU with Python and SQL seeking backend developer internship in Riyadh or Dammam.,CS,Riyadh,python; sql,,Internship,Hybrid,61.0,70.24274427937858,9.242744279378584,9.242744279378584,100,36
cs-iau-backend,21,Google (Saudi Arabia),Google Careers (Saudi location filter),CS student at IAU with Python and SQL seeking backend developer internship in Riyadh or Dammam.,CS,Riyadh,python; sql,,Internship,Hybrid,58.5,61.213752208389614,2.7137522083896144,2.7137522083896144,101,87
cs-iau-backend,43,National Cybersecurity Authority (NCA) – Academy,Cybersecurity training programs (academy),CS student at IAU with Python and SQL seeking backend developer internship in Riyadh or Dammam.,CS,Riyadh,python; sql,,Internship,Hybrid,57.5,58.71625150906616,1.2162515090661614,1.2162515090661614,102,110
cs-iau-backend,9,PwC Middle East,"Deals, COOP and Summer Internship Programme (2026)",CS student at IAU with Python and SQL seeking backend developer internship in Riyadh or Dammam.,CS,Riyadh,python; sql,,Internship,Hybrid,57.0,55.16201392129067,-1.8379860787093278,1.8379860787093278,103,133
cs-iau-backend,16,McKinsey & Company (Maqdira),Maqdira Fellowship Program,CS student at IAU with Python and SQL seeking backend developer internship in Riyadh or Dammam.,CS,Riyadh,python; sql,,Internship,Hybrid,57.0,53.52281789688139,-3.477182103118608,3.477182103118608,104,151
cs-iau-backend,36,PwC Middle East (Assurance COOP & Summer Internship Programme 2026),"Assurance, COOP and Summer Internship Programme 2026 – Middle East",CS student at IAU with Python and SQL seeking backend developer internship in Riyadh or Dammam.,CS,Riyadh,python; sql,,Internship,Hybrid,57.0,58.41551293017688,1.415512930176881,1.415512930176881,105,113
cs-iau-backend,96,flynas,COOP Trainee / Internship Program,CS student at IAU with Python and SQL seeking backend developer internship in Riyadh or Dammam.,CS,Riyadh,python; sql,,Internship,Hybrid,57.0,53.52281789688139,-3.477182103118608,3.477182103118608,106,157
cs-iau-backend,109,Elm Company (شركة علم),Coop Training - Computer Science (Jan/Mar/Jun/Aug 2025 Intake),CS student at IAU with Python and SQL seeking backend developer internship in Riyadh or Dammam.,CS,Riyadh,python; sql,,Internship,Hybrid,57.0,55.16201392129067,-1.8379860787093278,1.8379860787093278,107,138
cs-iau-backend,110,Elm Company (شركة علم),Co-Op Training - Information Technology (Jun & Aug 2025 Intake),CS student at IAU with Python and SQL seeking backend developer internship in Riyadh or Dammam.,CS,Riyadh,python; sql,,Internship,Hybrid,57.0,56.40220618018178,-0.5977938198182216,0.5977938198182216,108,128
cs-iau-backend,146,NCGR | المركز الوطني لنظم الموارد الحكومية,Coop Training Program,CS student at IAU with Python and SQL seeking backend developer internship in Riyadh or Dammam.,CS,Riyadh,python; sql,,Internship,Hybrid,57.0,59.9048767544672,2.904876754467203,2.904876754467203,109,102
cs-iau-backend,48,Oracle | Business Development Intern (KSA market),Business Development Intern (KSA market),CS student at IAU with Python and SQL seeking backend developer internship in Riyadh or Dammam.,CS,Riyadh,python; sql,,Internship,Hybrid,55.5,55.77227958452187,0.2722795845218684,0.2722795845218684,110,130
cs-iau-backend,59,Misk Foundation,Misk Traineeship / Internship Program,CS student at IAU with Python and SQL seeking backend developer internship in Riyadh or Dammam.,CS,Riyadh,python; sql,,Internship,Hybrid,55.5,56.03565963300997,0.5356596330099705,0.5356596330099705,111,129
cs-iau-backend,171,Infosys,Summer Intern (Infosys InStep ’26 – Bangalore),CS student at IAU with Python and SQL seeking backend developer internship in Riyadh or Dammam.,CS,Riyadh,python; sql,,Internship,Hybrid,55.5,62.62117248307484,7.121172483074837,7.121172483074837,112,73
cs-iau-backend,60,Cisco,Cisco NetVersity (Saudi Arabia),CS student at IAU with Python and SQL seeking backend developer internship in Riyadh or Dammam.,CS,Riyadh,python; sql,,Internship,Hybrid,55.0,59.13482322777968,4.134823227779677,4.134823227779677,113,109
cs-iau-backend,126,Trendyol Group,Trendyol Tech Talent - Bootcamp & COOP Internship Program (Saudi Students Only),CS student at IAU with Python and SQL seeking backend developer internship in Riyadh or Dammam.,CS,Riyadh,python; sql,,Internship,Hybrid,55.0,60.76038771934307,5.760387719343072,5.760387719343072,114,91
cs-iau-backend,127,Ninja نينجا,COOP Training Program,CS student at IAU with Python and SQL seeking backend developer internship in Riyadh or Dammam.,CS,Riyadh,python; sql,,Internship,Hybrid,55.0,54.36943821420101,-0.6305617857989887,0.6305617857989887,115,140
cs-iau-backend,26,Yasref,Yasref Cooperative Training Program,CS student at IAU with Python and SQL seeking backend developer internship in Riyadh or Dammam.,CS,Riyadh,python; sql,,Internship,Hybrid,54.5,61.97818798518353,7.478187985183531,7.478187985183531,116,84
cs-iau-backend,45,NEOM | GrOW (Graduates Opportunities in Work),GrOW (Graduates Opportunities in Work),CS student at IAU with Python and SQL seeking backend developer internship in Riyadh or Dammam.,CS,Riyadh,python; sql,,Internship,Hybrid,54.5,57.25644128436794,2.756441284367938,2.756441284367938,117,120
cs-iau-backend,3,stc (Saudi Telecom Company),Cooperative Training Program (COOP),CS student at IAU with Python and SQL seeking backend developer internship in Riyadh or Dammam.,CS,Riyadh,python; sql,,Internship,Hybrid,52.5,64.35782100081859,11.85782100081859,11.85782100081859,118,55
cs-iau-backend,7,Digital Government Authority (DGA),Maidan Cooperative Training Program,CS student at IAU with Python and SQL seeking backend developer internship in Riyadh or Dammam.,CS,Riyadh,python; sql,,Internship,Hybrid,52.5,53.52281789688139,1.0228178968813921,1.0228178968813921,119,147
cs-iau-backend,13,Bupa Arabia,Cooperative Training Program,CS student at IAU with Python and SQL seeking backend developer internship in Riyadh or Dammam.,CS,Riyadh,python; sql,,Internship,Hybrid,52.5,53.52281789688139,1.0228178968813921,1.0228178968813921,120,148
cs-iau-backend,15,Local Content and Government Procurement Authority (LCGPA),COOP Training (role posting),CS student at IAU with Python and SQL seeking backend developer internship in Riyadh or Dammam.,CS,Riyadh,python; sql,,Internship,Hybrid,52.5,53.52281789688139,1.0228178968813921,1.0228178968813921,121,150
cs-iau-backend,17,Boston Consulting Group (BCG),Visiting Associate Internship (Riyadh),CS student at IAU with Python and SQL seeking backend developer internship in Riyadh or Dammam.,CS,Riyadh,python; sql,,Internship,Hybrid,52.5,64.35782100081859,11.85782100081859,11.85782100081859,122,58
cs-iau-backend,18,Bain & Company,COOP Training Program (Riyadh),CS student at IAU with Python and SQL seeking backend developer internship in Riyadh or Dammam.,CS,Riyadh,python; sql,,Internship,Hybrid,52.5,53.52281789688139,1.0228178968813921,1.0228178968813921,123,152
cs-iau-backend,25,Elm,Elm Co-op Training Program (March 2026 Intake),CS student at IAU with Python and SQL seeking backend developer internship in Riyadh or Dammam.,CS,Riyadh,python; sql,,Internship,Hybrid,52.5,52.856577153891074,0.3565771538910738,0.3565771538910738,124,162
cs-iau-backend,30,EXPRO,COOP Training (Future Makers Program),CS student at IAU with Python and SQL seeking backend developer internship in Riyadh or Dammam.,CS,Riyadh,python; sql,,Internship,Hybrid,52.5,53.52281789688139,1.0228178968813921,1.0228178968813921,125,153
cs-iau-backend,33,National Center for Vegetation Cover Development & Combating Desertification (NCVC),COOP Training Program,CS student at IAU with Python and SQL seeking backend developer internship in Riyadh or Dammam.,CS,Riyadh,python; sql,,Internship,Hybrid,52.5,55.16201392129067,2.662013921290672,2.662013921290672,126,134
cs-iau-backend,34,Saudi Power Procurement Company (SPPC),Future Power – COOP Training Program,CS student at IAU with Python and SQL seeking backend developer internship in Riyadh or Dammam.,CS,Riyadh,python; sql,,Internship,Hybrid,52.5,53.69600004165822,1.1960000416582233,1.1960000416582233,127,142
cs-iau-backend,35,TBC (Tatweer Building Company),Cooperative Training Program,CS student at IAU with Python and SQL seeking backend developer internship in Riyadh or Dammam.,CS,Riyadh,python; sql,,Internship,Hybrid,52.5,53.69600004165822,1.1960000416582233,1.1960000416582233,128,143
cs-iau-backend,40,Saudi Power Procurement Company (SPPC) – Future Power (Business Admin COOP),Future Power – Business Administration COOP Training Program,CS student at IAU with Python and SQL seeking backend developer internship in Riyadh or Dammam.,CS,Riyadh,python; sql,,Internship,Hybrid,52.5,58.3098310753125,5.809831075312502,5.809831075312502,129,115
cs-iau-backend,46,ROSHN | COOP Trainee Program,COOP Trainee Program,CS student at IAU with Python and SQL seeking backend developer internship in Riyadh or Dammam.,CS,Riyadh,python; sql,,Internship,Hybrid,52.5,55.16201392129067,2.662013921290672,2.662013921290672,130,135
cs-iau-backend,65,Expenditure & Projects Efficiency Authority (EXPRO),Future Makers (صنّاع المستقبل) – Cooperative Training,CS student at IAU with Python and SQL seeking backend developer internship in Riyadh or Dammam.,CS,Riyadh,python; sql,,Internship,Hybrid,52.5,54.667723355131145,2.1677233551311446,2.1677233551311446,131,139
cs-iau-backend,66,Ministry of Finance (Saudi Arabia),Cooperative Training Program (Ministry of Finance),CS student at IAU with Python and SQL seeking backend developer internship in Riyadh or Dammam.,CS,Riyadh,python; sql,,Internship,Hybrid,52.5,55.16201392129067,2.662013921290672,2.662013921290672,132,136
cs-iau-backend,67,General Entertainment Authority (GEA),GEA Cooperative Training Program,CS student at IAU with Python and SQL seeking backend developer internship in Riyadh or Dammam.,CS,Riyadh,python; sql,,Internship,Hybrid,52.5,53.52281789688139,1.0228178968813921,1.0228178968813921,133,154
cs-iau-backend,68,Banque Saudi Fransi (BSF),COOP Training,CS student at IAU with Python and SQL seeking backend developer internship in Riyadh or Dammam.,CS,Riyadh,python; sql,,Internship,Hybrid,52.5,59.69761183657219,7.197611836572193,7.197611836572193,134,103
cs-iau-backend,83,CEER,Cooperative Training Program (COOP),CS student at IAU with Python and SQL seeking backend developer internship in Riyadh or Dammam.,CS,Riyadh,python; sql,,Internship,Hybrid,52.5,53.69600004165822,1.1960000416582233,1.1960000416582233,135,144
cs-iau-backend,87,Banque Saudi Fransi (BSF),Coop Training Program,CS student at IAU with Python and SQL seeking backend developer internship in Riyadh or Dammam.,CS,Riyadh,python; sql,,Internship,Hybrid,52.5,57.84367361945292,5.343673619452922,5.343673619452922,136,118
cs-iau-backend,88,Tech Economy,COOP Training Program,CS student at IAU with Python and SQL seeking backend developer internship in Riyadh or Dammam.,CS,Riyadh,python; sql,,Internship,Hybrid,52.5,56.68560348064251,4.185603480642513,4.185603480642513,137,123
cs-iau-backend,89,SAMI Advanced Electronics (SAMI-AEC),Coop Trainee,CS student at IAU with Python and SQL seeking backend developer internship in Riyadh or Dammam.,CS,Riyadh,python; sql,,Internship,Hybrid,52.5,57.509961134647895,5.009961134647895,5.009961134647895,138,119
cs-iau-backend,95,ARDARA,COOP Training for Students,CS student at IAU with Python and SQL seeking backend developer internship in Riyadh or Dammam.,CS,Riyadh,python; sql,,Internship,Hybrid,52.5,53.52281789688139,1.0228178968813921,1.0228178968813921,139,156
cs-iau-backend,99,Mobily,Cooperative Training Program,CS student at IAU with Python and SQL seeking backend developer internship in Riyadh or Dammam.,CS,Riyadh,python; sql,,Internship,Hybrid,52.5,56.68560348064251,4.185603480642513,4.185603480642513,140,125
cs-iau-backend,101,Alvarez & Marsal,COOP Training Program,CS student at IAU with Python and SQL seeking backend developer internship in Riyadh or Dammam.,CS,Riyadh,python; sql,,Internship,Hybrid,52.5,56.68560348064251,4.185603480642513,4.185603480642513,141,126
cs-iau-backend,102,Visa,COOP Trainee (Jan 2026),CS student at IAU with Python and SQL seeking backend developer internship in Riyadh or Dammam.,CS,Riyadh,python; sql,,Internship,Hybrid,52.5,55.16201392129067,2.662013921290672,2.662013921290672,142,137
cs-iau-backend,103,Zain KSA,Evolve Program (Fresh Graduates),CS student at IAU with Python and SQL seeking backend developer internship in Riyadh or Dammam.,CS,Riyadh,python; sql,,Internship,Hybrid,52.5,55.5199602278698,3.0199602278698023,3.0199602278698023,143,131
cs-iau-backend,105,Savvy Games Group,Cooperative Training Program (Co-op),CS student at IAU with Python and SQL seeking backend developer internship in Riyadh or Dammam.,CS,Riyadh,python; sql,,Internship,Hybrid,52.5,56.90969316941899,4.409693169418993,4.409693169418993,144,121
cs-iau-backend,111,EJADA,COOP Administration & Support Engineer,CS student at IAU with Python and SQL seeking backend developer internship in Riyadh or Dammam.,CS,Riyadh,python; sql,,Internship,Hybrid,52.5,60.999976975328345,8.499976975328345,8.499976975328345,145,89
cs-iau-backend,117,Diriyah Company,Diriyah Co-op Training Program,CS student at IAU with Python and SQL seeking backend developer internship in Riyadh or Dammam.,CS,Riyadh,python; sql,,Internship,Hybrid,52.5,53.52281789688139,1.0228178968813921,1.0228178968813921,146,159
cs-iau-backend,118,Riyadh Air,Co-op – Riyadh Air,CS student at IAU with Python and SQL seeking backend developer internship in Riyadh or Dammam.,CS,Riyadh,python; sql,,Internship,Hybrid,52.5,53.52281789688139,1.0228178968813921,1.0228178968813921,147,160
cs-iau-backend,120,Lumi | لومي,COOP Intern 2025 – Lumi,CS student at IAU with Python and SQL seeking backend developer internship in Riyadh or Dammam.,CS,Riyadh,python; sql,,Internship,Hybrid,52.5,53.52281789688139,1.0228178968813921,1.0228178968813921,148,161
cs-iau-backend,121,webook.com,COOP Trainee Opportunities – webook.com,CS student at IAU with Python and SQL seeking backend developer internship in Riyadh or Dammam.,CS,Riyadh,python; sql,,Internship,Hybrid,52.5,53.69600004165822,1.1960000416582233,1.1960000416582233,149,145
cs-iau-backend,157,Nahdi Medical Co.,IT Internship / COOP Program (6 months),CS student at IAU with Python and SQL seeking backend developer internship in Riyadh or Dammam.,CS,Riyadh,python; sql,,Internship,Hybrid,52.0,58.482969999399934,6.482969999399934,6.482969999399934,150,112
cs-iau-backend,112,Emdad By Elm,Network Cooperative Training (Network Intern),CS student at IAU with Python and SQL seeking backend developer internship in Riyadh or Dammam.,CS,Riyadh,python; sql,,Internship,Hybrid,51.5,62.25454496122116,10.754544961221157,10.754544961221157,151,80
cs-iau-backend,152,Schneider Electric,Co-op Intern (Engineering) - Al Khobar (Jan–Aug 2026),CS student at IAU with Python and SQL seeking backend developer internship in Riyadh or Dammam.,CS,Riyadh,python; sql,,Internship,Hybrid,51.5,62.783063065722736,11.283063065722736,11.283063065722736,152,71
cs-iau-backend,51,Ministry of Finance (Saudi Arabia) | Cooperative Training Program,Cooperative Training Program,CS student at IAU with Python and SQL seeking backend developer internship in Riyadh or Dammam.,CS,Riyadh,python; sql,,Internship,Hybrid,50.5,48.243749574781496,-2.2562504252185036,2.2562504252185036,153,168
cs-iau-backend,55,SAMA | SAMA Professional Program (SPP),SAMA Professional Program (SPP),CS student at IAU with Python and SQL seeking backend developer internship in Riyadh or Dammam.,CS,Riyadh,python; sql,,Internship,Hybrid,50.5,49.30352315115347,-1.1964768488465296,1.1964768488465296,154,167
cs-iau-backend,165,Innovative Solutions SA,Presales - Tamheer,CS student at IAU with Python and SQL seeking backend developer internship in Riyadh or Dammam.,CS,Riyadh,python; sql,,Internship,Hybrid,50.5,51.934333212924464,1.4343332129244644,1.4343332129244644,155,164
cs-iau-backend,168,هيئة التأمين | Insurance Authority,Tamheer Opportunity - Specialist of Information Security,CS student at IAU with Python and SQL seeking backend developer internship in Riyadh or Dammam.,CS,Riyadh,python; sql,,Internship,Hybrid,50.5,50.76581689282309,0.2658168928230893,0.2658168928230893,156,166
cs-iau-backend,8,KPMG Saudi Arabia,COOP & Internship Programs,CS student at IAU with Python and SQL seeking backend developer internship in Riyadh or Dammam.,CS,Riyadh,python; sql,,Internship,Hybrid,47.5,53.69600004165822,6.196000041658223,6.196000041658223,157,141
cs-iau-backend,14,Saudi Exports (Saudi Export Development Authority),COOP & Summer Training (FAQ-confirmed),CS student at IAU with Python and SQL seeking backend developer internship in Riyadh or Dammam.,CS,Riyadh,python; sql,,Internship,Hybrid,47.5,53.52281789688139,6.022817896881392,6.022817896881392,158,149
cs-iau-backend,28,"Zakat, Tax and Customs Authority (ZATCA)",Binaa-Alkafaat Program,CS student at IAU with Python and SQL seeking backend developer internship in Riyadh or Dammam.,CS,Riyadh,python; sql,,Internship,Hybrid,47.5,51.32731067557757,3.8273106755775714,3.8273106755775714,159,165
cs-iau-backend,32,TBC (The Beauty Company),Cooperative Training Program,CS student at IAU with Python and SQL seeking backend developer internship in Riyadh or Dammam.,CS,Riyadh,python; sql,,Internship,Hybrid,47.5,52.856577153891074,5.356577153891074,5.356577153891074,160,163
cs-iau-backend,39,Saudi Food & Drug Authority (SFDA),COOP training (First semester 2025-2026 intake),CS student at IAU with Python and SQL seeking backend developer internship in Riyadh or Dammam.,CS,Riyadh,python; sql,,Internship,Hybrid,47.5,56.68560348064251,9.185603480642513,9.185603480642513,161,122
cs-iau-backend,90,NHC,COOP Trainee,CS student at IAU with Python and SQL seeking backend developer internship in Riyadh or Dammam.,CS,Riyadh,python; sql,,Internship,Hybrid,47.5,56.68560348064251,9.185603480642513,9.185603480642513,162,124
cs-iau-backend,98,Saudi Motorsport Company (SMC),COOP Trainee (Supply Chain Excellence Associate),CS student at IAU with Python and SQL seeking backend developer internship in Riyadh or Dammam.,CS,Riyadh,python; sql,,Internship,Hybrid,47.0,64.686314828329,17.686314828329003,17.686314828329003,163,51
cs-iau-backend,115,Salla,برنامج التدريب التعاوني (Coop Training) – Salla,CS student at IAU with Python and SQL seeking backend developer internship in Riyadh or Dammam.,CS,Riyadh,python; sql,,Internship,Hybrid,47.0,53.52281789688139,6.522817896881392,6.522817896881392,164,158
cs-iau-backend,2,SABIC,COOP Training Program,CS student at IAU with Python and SQL seeking backend developer internship in Riyadh or Dammam.,CS,Riyadh,python; sql,,Internship,Hybrid,45.5,53.52281789688139,8.022817896881392,8.022817896881392,165,146
cs-iau-backend,52,Ministry of Industry and Mineral Resources | Cooperative Training,Cooperative Training Initiative,CS student at IAU with Python and SQL seeking backend developer internship in Riyadh or Dammam.,CS,Riyadh,python; sql,,Internship,Hybrid,45.5,48.243749574781496,2.7437495747814964,2.7437495747814964,166,169
cs-iau-backend,56,HRDF | Cooperative Training Product,Cooperative Training Product,CS student at IAU with Python and SQL seeking backend developer internship in Riyadh or Dammam.,CS,Riyadh,python; sql,,Internship,Hybrid,45.5,48.243749574781496,2.7437495747814964,2.7437495747814964,167,170
cs-iau-backend,1,Saudi Aramco,University Internship Program (UIP),CS student at IAU with Python and SQL seeking backend developer internship in Riyadh or Dammam.,CS,Riyadh,python; sql,,Internship,Hybrid,42.5,56.40220618018178,13.902206180181778,13.902206180181778,168,127
cs-iau-backend,38,BSF (Banque Saudi Fransi),COOP / Internship,CS student at IAU with Python and SQL seeking backend developer internship in Riyadh or Dammam.,CS,Riyadh,python; sql,,Internship,Hybrid,42.5,57.84367361945292,15.343673619452922,15.343673619452922,169,117
cs-iau-backend,82,Saudi Ground Services (SGS),COOP Program,CS student at IAU with Python and SQL seeking backend developer internship in Riyadh or Dammam.,CS,Riyadh,python; sql,,Internship,Hybrid,42.5,53.52281789688139,11.022817896881392,11.022817896881392,170,155
cs-iau-backend,167,TAM | تام,"Tamheer Opportunity, Advisory",CS student at IAU with Python and SQL seeking backend developer internship in Riyadh or Dammam.,CS,Riyadh,python; sql,,Internship,Hybrid,36.5,32.12825243580906,-4.37174756419094,4.37174756419094,171,171
cs-iau-backend,29,Human Resources Development Fund (HRDF) – Cooperative Training Product,Cooperative Training (HRDF product),CS student at IAU with Python and SQL seeking backend developer internship in Riyadh or Dammam.,CS,Riyadh,python; sql,,Internship,Hybrid,10.5,29.939555235455305,19.439555235455305,19.439555235455305,172,173
cs-iau-backend,31,Ministry of Industry and Mineral Resources (MIM) – Cooperative Training Initiative,Cooperative Training Initiative,CS student at IAU with Python and SQL seeking backend developer internship in Riyadh or Dammam.,CS,Riyadh,python; sql,,Internship,Hybrid,10.5,31.15589763124169,20.65589763124169,20.65589763124169,173,172
de-cloud-dammam,79,Tabby,Intern Data Engineer,Data engineer student in Dammam targeting cloud and big data training with AWS.,DE,Dammam,python; sql,,Training,Hybrid,61.83,57.14806975104921,-4.681930248950785,4.681930248950785,1,6
de-cloud-dammam,155,Laverne Group | مجموعة لافيرن,Data Analyst / Data Engineer Intern (IT Department),Data engineer student in Dammam targeting cloud and big data training with AWS.,DE,Dammam,python; sql,,Training,Hybrid,59.83,57.5444639158239,-2.285536084176101,2.285536084176101,2,5
de-cloud-dammam,76,Tabby,Intern DevOps Engineer,Data engineer student in Dammam targeting cloud and big data training with AWS.,DE,Dammam,python; sql,,Training,Hybrid,59.5,57.74167683661343,-1.7583231633865708,1.7583231633865708,3,3
de-cloud-dammam,77,Tabby,Intern Backend (GO) Engineer,Data engineer student in Dammam targeting cloud and big data training with AWS.,DE,Dammam,python; sql,,Training,Hybrid,58.83,56.30758367011992,-2.5224163298800804,2.5224163298800804,4,10
de-cloud-dammam,11,Bank Albilad,Cooperative & Summer Training Program,Data engineer student in Dammam targeting cloud and big data training with AWS.,DE,Dammam,python; sql,,Training,Hybrid,56.83,45.28922047522714,-11.540779524772859,11.540779524772859,5,69
de-cloud-dammam,156,Meel | ميل,"Software Developer Internship (Remote, min 2 months)",Data engineer student in Dammam targeting cloud and big data training with AWS.,DE,Dammam,python; sql,,Training,Hybrid,56.83,56.30758367011992,-0.5224163298800804,0.5224163298800804,6,11
de-cloud-dammam,140,Bosch Middle East,Software Development Intern (AI/Cloud),Data engineer student in Dammam targeting cloud and big data training with AWS.,DE,Dammam,python; sql,,Training,Hybrid,56.5,58.48455934008931,1.9845593400893122,1.9845593400893122,7,1
de-cloud-dammam,143,Lean Technologies,Software Engineering Intern – KSA,Data engineer student in Dammam targeting cloud and big data training with AWS.,DE,Dammam,python; sql,,Training,Hybrid,55.83,50.0702931076159,-5.759706892384095,5.759706892384095,8,28
de-cloud-dammam,122,moneymoon,Tech & AI Co-op Program 2025,Data engineer student in Dammam targeting cloud and big data training with AWS.,DE,Dammam,python; sql,,Training,Hybrid,53.83,55.85642600462356,2.026426004623559,2.026426004623559,9,12
de-cloud-dammam,128,SCAI | سكاي,CO-OP Training Opportunities (Intern),Data engineer student in Dammam targeting cloud and big data training with AWS.,DE,Dammam,python; sql,,Training,Hybrid,53.83,56.87716759584795,3.0471675958479523,3.0471675958479523,10,7
de-cloud-dammam,144,Mirai (Scopely) | مِراي,AI Engineering Intern (GenAI),Data engineer student in Dammam targeting cloud and big data training with AWS.,DE,Dammam,python; sql,,Training,Hybrid,53.83,51.1174330390037,-2.7125669609962983,2.7125669609962983,11,25
de-cloud-dammam,159,Knodemy Inc.,AI Developer & Tech Trainer Intern - Riyadh,Data engineer student in Dammam targeting cloud and big data training with AWS.,DE,Dammam,python; sql,,Training,Hybrid,53.83,51.59635224119452,-2.233647758805475,2.233647758805475,12,24
de-cloud-dammam,113,AILA,Co-op Training Programme,Data engineer student in Dammam targeting cloud and big data training with AWS.,DE,Dammam,python; sql,,Training,Hybrid,52.33,55.21253104288196,2.882531042881965,2.882531042881965,13,15
de-cloud-dammam,161,AFNOYS,"AI Automation Intern - KSA (Remote, 4 weeks)",Data engineer student in Dammam targeting cloud and big data training with AWS.,DE,Dammam,python; sql,,Training,Hybrid,52.33,54.50917868640559,2.179178686405592,2.179178686405592,14,18
de-cloud-dammam,12,Tamara,Tamara Builders Program,Data engineer student in Dammam targeting cloud and big data training with AWS.,DE,Dammam,python; sql,,Training,Hybrid,51.83,46.67653406827307,-5.153465931726927,5.153465931726927,15,62
de-cloud-dammam,37,KAPSARC,Intern (Coop- Trainee),Data engineer student in Dammam targeting cloud and big data training with AWS.,DE,Dammam,python; sql,,Training,Hybrid,51.83,48.95316136680563,-2.8768386331943674,2.8768386331943674,16,42
de-cloud-dammam,47,Microsoft | Ru'aa Program (Riyadh),Ru'aa Program Internship (Solution Engineering),Data engineer student in Dammam targeting cloud and big data training with AWS.,DE,Dammam,python; sql,,Training,Hybrid,51.83,48.26965050785434,-3.5603494921456615,3.5603494921456615,17,48
de-cloud-dammam,71,OmniOps,Co‑op Training Program,Data engineer student in Dammam targeting cloud and big data training with AWS.,DE,Dammam,python; sql,,Training,Hybrid,51.83,55.70035268991796,3.870352689917965,3.870352689917965,18,13
de-cloud-dammam,72,Tatweer Educational Technologies (TETCO),Cooperative Training Program,Data engineer student in Dammam targeting cloud and big data training with AWS.,DE,Dammam,python; sql,,Training,Hybrid,51.83,53.755230845912905,1.9252308459129068,1.9252308459129068,19,21
de-cloud-dammam,78,Tabby,Intern Frontend Engineer,Data engineer student in Dammam targeting cloud and big data training with AWS.,DE,Dammam,python; sql,,Training,Hybrid,51.83,49.88443555177796,-1.9455644482220364,1.9455644482220364,20,29
de-cloud-dammam,80,Tabby,No-Code / AI Agents Engineering Intern,Data engineer student in Dammam targeting cloud and big data training with AWS.,DE,Dammam,python; sql,,Training,Hybrid,51.83,48.63547536790727,-3.1945246320927296,3.1945246320927296,21,44
de-cloud-dammam,85,TAWAL,COOP Training Program,Data engineer student in Dammam targeting cloud and big data training with AWS.,DE,Dammam,python; sql,,Training,Hybrid,51.83,53.998638598222506,2.1686385982225076,2.1686385982225076,22,19
de-cloud-dammam,86,Wakeb_Data,COOP Training,Data engineer student in Dammam targeting cloud and big data training with AWS.,DE,Dammam,python; sql,,Training,Hybrid,51.83,46.8361715771118,-4.9938284228882,4.9938284228882,23,56
de-cloud-dammam,93,HUED,HUED COOP Program 2026,Data engineer student in Dammam targeting cloud and big data training with AWS.,DE,Dammam,python; sql,,Training,Hybrid,51.83,47.75255683251065,-4.077443167489349,4.077443167489349,24,52
de-cloud-dammam,94,Araamis • أرامس,Araamis COOP Program 2026,Data engineer student in Dammam targeting cloud and big data training with AWS.,DE,Dammam,python; sql,,Training,Hybrid,51.83,46.8361715771118,-4.9938284228882,4.9938284228882,25,57
de-cloud-dammam,107,sirar by stc,Cooperative Training Program,Data engineer student in Dammam targeting cloud and big data training with AWS.,DE,Dammam,python; sql,,Training,Hybrid,51.83,55.23480380965366,3.4048038096536644,3.4048038096536644,26,14
de-cloud-dammam,108,Gathern,Co-op Program,Data engineer student in Dammam targeting cloud and big data training with AWS.,DE,Dammam,python; sql,,Training,Hybrid,51.83,53.998638598222506,2.1686385982225076,2.1686385982225076,27,20
de-cloud-dammam,123,EjadTech - إيجاد التقنية,"Summer Internship Program 2025 (Computer, Data, and AI Majors)",Data engineer student in Dammam targeting cloud and big data training with AWS.,DE,Dammam,python; sql,,Training,Hybrid,51.83,52.59633832669864,0.7663383266986443,0.7663383266986443,28,22
de-cloud-dammam,124,InnovationTeam,Java Microservices Internship Programme (Saudi Nationals),Data engineer student in Dammam targeting cloud and big data training with AWS.,DE,Dammam,python; sql,,Training,Hybrid,51.83,54.52972882880291,2.699728828802911,2.699728828802911,29,17
de-cloud-dammam,135,Golf Saudi,IT Co-op Trainee,Data engineer student in Dammam targeting cloud and big data training with AWS.,DE,Dammam,python; sql,,Training,Hybrid,51.83,49.13961720110599,-2.6903827988940066,2.6903827988940066,30,41
de-cloud-dammam,137,1957 Ventures,Internship / Co-Op Program,Data engineer student in Dammam targeting cloud and big data training with AWS.,DE,Dammam,python; sql,,Training,Hybrid,51.83,46.8361715771118,-4.9938284228882,4.9938284228882,31,59
de-cloud-dammam,142,Saudi Tadawul Group | تداول,Cooperative Training Program (COOP),Data engineer student in Dammam targeting cloud and big data training with AWS.,DE,Dammam,python; sql,,Training,Hybrid,51.83,56.53511350474329,4.705113504743295,4.705113504743295,32,8
de-cloud-dammam,158,SMART Technology Solutions | سمارت لحلول التقنية,R&D Intern (Riyadh),Data engineer student in Dammam targeting cloud and big data training with AWS.,DE,Dammam,python; sql,,Training,Hybrid,51.83,48.47583785906854,-3.3541621409314573,3.3541621409314573,33,47
de-cloud-dammam,160,Water Transmission Company | شركة نقل المياه,Tamheer Internship Program (HRIS / Engineering & PM - Riyadh),Data engineer student in Dammam targeting cloud and big data training with AWS.,DE,Dammam,python; sql,,Training,Hybrid,51.83,44.990302570458894,-6.839697429541104,6.839697429541104,34,78
de-cloud-dammam,24,MOZN,Data Science Intern,Data engineer student in Dammam targeting cloud and big data training with AWS.,DE,Dammam,python; sql,,Training,Hybrid,51.33,50.93679581143122,-0.3932041885687809,0.3932041885687809,35,26
de-cloud-dammam,145,HungerStation | هنقرستيشن,"Co-OP Trainee, Data Analysis – Info Sec",Data engineer student in Dammam targeting cloud and big data training with AWS.,DE,Dammam,python; sql,,Training,Hybrid,51.33,58.40148453865788,7.071484538657884,7.071484538657884,36,2
de-cloud-dammam,57,IBM,"Automation, Data & AI – Intern",Data engineer student in Dammam targeting cloud and big data training with AWS.,DE,Dammam,python; sql,,Training,Hybrid,49.83,50.49255062328536,0.6625506232853624,0.6625506232853624,37,27
de-cloud-dammam,154,Markaba | مركبة,Start-up Software Intern – TAMHEER (Saudi nationals only),Data engineer student in Dammam targeting cloud and big data training with AWS.,DE,Dammam,python; sql,,Training,Hybrid,49.83,43.007666813393584,-6.822333186606414,6.822333186606414,38,90
de-cloud-dammam,163,Devoteam,Trainee - Future Leaders Program (Co-op/Fresh Graduate),Data engineer student in Dammam targeting cloud and big data training with AWS.,DE,Dammam,python; sql,,Training,Hybrid,49.83,49.77743470649181,-0.05256529350818795,0.05256529350818795,39,30
de-cloud-dammam,166,HUMAIN,Tamheer Program (Software Engineer / Cybersecurity / MIS),Data engineer student in Dammam targeting cloud and big data training with AWS.,DE,Dammam,python; sql,,Training,Hybrid,49.83,45.43344584191844,-4.396554158081557,4.396554158081557,40,68
de-cloud-dammam,10,Deloitte Middle East (KSA),Jusoor Al Sharqiyah Internship Program,Data engineer student in Dammam targeting cloud and big data training with AWS.,DE,Dammam,python; sql,,Training,Hybrid,49.5,45.20314461217776,-4.296855387822241,4.296855387822241,41,76
de-cloud-dammam,152,Schneider Electric,Co-op Intern (Engineering) - Al Khobar (Jan–Aug 2026),Data engineer student in Dammam targeting cloud and big data training with AWS.,DE,Dammam,python; sql,,Training,Hybrid,49.5,45.28922047522714,-4.21077952477286,4.21077952477286,42,72
de-cloud-dammam,92,SDM,AI COOP,Data engineer student in Dammam targeting cloud and big data training with AWS.,DE,Dammam,python; sql,,Training,Hybrid,49.33,46.717680266971975,-2.6123197330280234,2.6123197330280234,43,60
de-cloud-dammam,20,Amazon Web Services (AWS) - Associate Solutions Architect Intern,Associate Solutions Architect Intern (2026),Data engineer student in Dammam targeting cloud and big data training with AWS.,DE,Dammam,python; sql,,Training,Hybrid,49.17,48.15827545884671,-1.011724541153292,1.011724541153292,44,49
de-cloud-dammam,138,Nokia,Graduate Trainee (Saudi Arabia) – Fledgers Program,Data engineer student in Dammam targeting cloud and big data training with AWS.,DE,Dammam,python; sql,,Training,Hybrid,48.83,47.76669257865854,-1.063307421341456,1.063307421341456,45,51
de-cloud-dammam,162,SAS,CareerStart@SAS 2026 - Presales Customer Intelligence Intern (Riyadh),Data engineer student in Dammam targeting cloud and big data training with AWS.,DE,Dammam,python; sql,,Training,Hybrid,48.83,48.71874627190215,-0.11125372809785006,0.11125372809785006,46,43
de-cloud-dammam,164,ضالتي Dhallaty,Tech Intern: Fresh Grad or Student,Data engineer student in Dammam targeting cloud and big data training with AWS.,DE,Dammam,python; sql,,Training,Hybrid,48.83,48.55910876306342,-0.2708912369365777,0.2708912369365777,47,46
de-cloud-dammam,169,Snbla | سنبله,Paid Internship Program (FinTech),Data engineer student in Dammam targeting cloud and big data training with AWS.,DE,Dammam,python; sql,,Training,Hybrid,48.83,48.58039009475647,-0.24960990524353122,0.24960990524353122,48,45
de-cloud-dammam,4,Saudi National Bank (SNB),SNB Cooperative Training Program,Data engineer student in Dammam targeting cloud and big data training with AWS.,DE,Dammam,python; sql,,Training,Hybrid,47.83,46.67653406827307,-1.1534659317269274,1.1534659317269274,49,61
de-cloud-dammam,5,Al Rajhi Bank,Cooperative Training Program,Data engineer student in Dammam targeting cloud and big data training with AWS.,DE,Dammam,python; sql,,Training,Hybrid,47.83,46.37119964475375,-1.4588003552462467,1.4588003552462467,50,64
de-cloud-dammam,81,Bank Albilad,Cooperative Training Program,Data engineer student in Dammam targeting cloud and big data training with AWS.,DE,Dammam,python; sql,,Training,Hybrid,47.83,49.20640873759669,1.376408737596691,1.376408737596691,51,36
de-cloud-dammam,97,Saudi Motorsport Company (SMC),COOP Trainee (IT Asset Project Management),Data engineer student in Dammam targeting cloud and big data training with AWS.,DE,Dammam,python; sql,,Training,Hybrid,47.33,46.8361715771118,-0.4938284228881997,0.4938284228881997,52,58
de-cloud-dammam,116,Lucidya,Technical Internship or Coop – Lucidya,Data engineer student in Dammam targeting cloud and big data training with AWS.,DE,Dammam,python; sql,,Training,Hybrid,47.33,56.35645598203926,9.02645598203926,9.02645598203926,53,9
de-cloud-dammam,139,Ericsson,Summer Interns (Ericsson Saudi),Data engineer student in Dammam targeting cloud and big data training with AWS.,DE,Dammam,python; sql,,Training,Hybrid,47.33,51.59635224119452,4.266352241194525,4.266352241194525,54,23
de-cloud-dammam,141,Saudi Payments | المدفوعات السعودية,COOP Training – August 2024,Data engineer student in Dammam targeting cloud and big data training with AWS.,DE,Dammam,python; sql,,Training,Hybrid,47.33,54.68171937380197,7.35171937380197,7.35171937380197,55,16
de-cloud-dammam,150,Boeing Saudi Arabia Limited,Intern - Info Technology & Data Analytics (Riyadh),Data engineer student in Dammam targeting cloud and big data training with AWS.,DE,Dammam,python; sql,,Training,Hybrid,47.33,57.5444639158239,10.214463915823899,10.214463915823899,56,4
de-cloud-dammam,26,Yasref,Yasref Cooperative Training Program,Data engineer student in Dammam targeting cloud and big data training with AWS.,DE,Dammam,python; sql,,Training,Hybrid,45.5,42.58473337869314,-2.9152666213068628,2.9152666213068628,57,93
de-cloud-dammam,53,King Fahd Causeway Authority | Internship Program,Internship Program,Data engineer student in Dammam targeting cloud and big data training with AWS.,DE,Dammam,python; sql,,Training,Hybrid,45.5,44.921047284150085,-0.5789527158499155,0.5789527158499155,58,81
de-cloud-dammam,170,2P Perfect Presentation,Data Analyst (Tamheer),Data engineer student in Dammam targeting cloud and big data training with AWS.,DE,Dammam,python; sql,,Training,Hybrid,45.33,43.353444823800544,-1.9765551761994544,1.9765551761994544,59,87
de-cloud-dammam,173,Abunayyan Holding,Data Analyst (Tamheer),Data engineer student in Dammam targeting cloud and big data training with AWS.,DE,Dammam,python; sql,,Training,Hybrid,45.33,41.347100988506384,-3.9828990114936147,3.9828990114936147,60,111
de-cloud-dammam,22,BlackRock,Client & Product Summer Internship Programme (EMEA) - includes Riyadh,Data engineer student in Dammam targeting cloud and big data training with AWS.,DE,Dammam,python; sql,,Training,Hybrid,44.67,44.08592548729779,-0.5840745127022089,0.5840745127022089,61,83
de-cloud-dammam,62,General Authority for Statistics (GASTAT),Cooperative Training Program,Data engineer student in Dammam targeting cloud and big data training with AWS.,DE,Dammam,python; sql,,Training,Hybrid,44.67,46.24577781015799,1.5757778101579873,1.5757778101579873,62,65
de-cloud-dammam,63,Saudi Center for Opinion Polling (SCOP),Cooperative Training Program,Data engineer student in Dammam targeting cloud and big data training with AWS.,DE,Dammam,python; sql,,Training,Hybrid,44.67,46.24577781015799,1.5757778101579873,1.5757778101579873,63,66
de-cloud-dammam,157,Nahdi Medical Co.,IT Internship / COOP Program (6 months),Data engineer student in Dammam targeting cloud and big data training with AWS.,DE,Dammam,python; sql,,Training,Hybrid,43.0,44.94570455807241,1.945704558072407,1.945704558072407,64,80
de-cloud-dammam,6,Capital Market Authority (CMA),COOP Program,Data engineer student in Dammam targeting cloud and big data training with AWS.,DE,Dammam,python; sql,,Training,Hybrid,42.83,46.09468855531344,3.264688555313441,3.264688555313441,65,67
de-cloud-dammam,41,Bank Albilad,Cooperative and Summer Training Program,Data engineer student in Dammam targeting cloud and big data training with AWS.,DE,Dammam,python; sql,,Training,Hybrid,42.83,49.20640873759669,6.376408737596691,6.376408737596691,66,32
de-cloud-dammam,50,SAB (Saudi Awwal Bank) | Cooperative Training Programme (COOP),SAB Cooperative Training Programme (COOP),Data engineer student in Dammam targeting cloud and big data training with AWS.,DE,Dammam,python; sql,,Training,Hybrid,42.83,46.67653406827307,3.8465340682730726,3.8465340682730726,67,63
de-cloud-dammam,61,KAUST,Visiting Student Research Program (VSRP) Internship,Data engineer student in Dammam targeting cloud and big data training with AWS.,DE,Dammam,python; sql,,Training,Hybrid,42.83,46.94205774758482,4.112057747584821,4.112057747584821,68,53
de-cloud-dammam,64,Al Rajhi Takaful,Cooperative Training Program,Data engineer student in Dammam targeting cloud and big data training with AWS.,DE,Dammam,python; sql,,Training,Hybrid,42.83,49.20640873759669,6.376408737596691,6.376408737596691,69,33
de-cloud-dammam,69,Arab National Bank (ANB),COOP Trainee,Data engineer student in Dammam targeting cloud and big data training with AWS.,DE,Dammam,python; sql,,Training,Hybrid,42.83,45.27085033714338,2.440850337143381,2.440850337143381,70,73
de-cloud-dammam,70,Tamara,Builders Program,Data engineer student in Dammam targeting cloud and big data training with AWS.,DE,Dammam,python; sql,,Training,Hybrid,42.83,45.27085033714338,2.440850337143381,2.440850337143381,71,74
de-cloud-dammam,73,The Saudi Investment Bank (SAIB),Cooperative Program,Data engineer student in Dammam targeting cloud and big data training with AWS.,DE,Dammam,python; sql,,Training,Hybrid,42.83,49.20640873759669,6.376408737596691,6.376408737596691,72,34
de-cloud-dammam,74,Saudi Awwal Bank (SAB),COOP Program,Data engineer student in Dammam targeting cloud and big data training with AWS.,DE,Dammam,python; sql,,Training,Hybrid,42.83,49.20640873759669,6.376408737596691,6.376408737596691,73,35
de-cloud-dammam,75,Riyad Bank,Internships and Coop Trainings (CSR 2019),Data engineer student in Dammam targeting cloud and big data training with AWS.,DE,Dammam,python; sql,,Training,Hybrid,42.83,45.27085033714338,2.440850337143381,2.440850337143381,74,75
de-cloud-dammam,84,Al Rajhi Takaful,Coop Training Program,Data engineer student in Dammam targeting cloud and big data training with AWS.,DE,Dammam,python; sql,,Training,Hybrid,42.83,49.20640873759669,6.376408737596691,6.376408737596691,75,37
de-cloud-dammam,100,Saudi Awwal Bank (SAB),Student Opportunities: Cooperative / Practical Training,Data engineer student in Dammam targeting cloud and big data training with AWS.,DE,Dammam,python; sql,,Training,Hybrid,42.83,49.20640873759669,6.376408737596691,6.376408737596691,76,38
de-cloud-dammam,19,Amazon Web Services (AWS),IT/Computer Hardware Internship (Intern-to-FTE Pathway),Data engineer student in Dammam targeting cloud and big data training with AWS.,DE,Dammam,python; sql,,Training,Hybrid,42.5,45.20314461217776,2.703144612177759,2.703144612177759,77,77
de-cloud-dammam,27,"Saudi Standards, Metrology and Quality Organization (SASO)",Cooperative Training (Collaborative Training),Data engineer student in Dammam targeting cloud and big data training with AWS.,DE,Dammam,python; sql,,Training,Hybrid,42.5,42.58473337869314,0.08473337869313724,0.08473337869313724,78,94
de-cloud-dammam,91,REMAT ADVANCED,Cooperative Training Program,Data engineer student in Dammam targeting cloud and big data training with AWS.,DE,Dammam,python; sql,,Training,Hybrid,42.5,42.58473337869314,0.08473337869313724,0.08473337869313724,79,95
de-cloud-dammam,112,Emdad By Elm,Network Cooperative Training (Network Intern),Data engineer student in Dammam targeting cloud and big data training with AWS.,DE,Dammam,python; sql,,Training,Hybrid,42.5,49.13961720110599,6.639617201105992,6.639617201105992,80,40
de-cloud-dammam,129,WalaPlus,Coop & Tamheer Opportunities,Data engineer student in Dammam targeting cloud and big data training with AWS.,DE,Dammam,python; sql,,Training,Hybrid,42.5,42.58473337869314,0.08473337869313724,0.08473337869313724,81,96
de-cloud-dammam,130,Aon,IT Co-op Trainee 2026,Data engineer student in Dammam targeting cloud and big data training with AWS.,DE,Dammam,python; sql,,Training,Hybrid,42.5,45.28922047522714,2.7892204752271397,2.7892204752271397,82,70
de-cloud-dammam,131,Hewlett Packard Enterprise (HPE),College Intern (Coop),Data engineer student in Dammam targeting cloud and big data training with AWS.,DE,Dammam,python; sql,,Training,Hybrid,42.5,45.28922047522714,2.7892204752271397,2.7892204752271397,83,71
de-cloud-dammam,132,Signify,KSA Coop Internship Program,Data engineer student in Dammam targeting cloud and big data training with AWS.,DE,Dammam,python; sql,,Training,Hybrid,42.5,42.58473337869314,0.08473337869313724,0.08473337869313724,84,97
de-cloud-dammam,134,TrendAI (Trend Micro),CyberGATE Internship Program,Data engineer student in Dammam targeting cloud and big data training with AWS.,DE,Dammam,python; sql,,Training,Hybrid,42.5,43.62773722450097,1.1277372245009687,1.1277372245009687,85,85
de-cloud-dammam,136,Siemens Healthineers,Healthineers Early Talent Program – IT (Riyadh),Data engineer student in Dammam targeting cloud and big data training with AWS.,DE,Dammam,python; sql,,Training,Hybrid,42.5,48.15827545884671,5.65827545884671,5.65827545884671,86,50
de-cloud-dammam,149,New Murabba | المربع الجديد,New Murabba Co-op Training Program,Data engineer student in Dammam targeting cloud and big data training with AWS.,DE,Dammam,python; sql,,Training,Hybrid,42.5,44.94570455807241,2.445704558072407,2.445704558072407,87,79
de-cloud-dammam,151,Motorola Solutions,Deployment Engineer Intern (KSA National - Tamheer Program),Data engineer student in Dammam targeting cloud and big data training with AWS.,DE,Dammam,python; sql,,Training,Hybrid,42.5,41.42092309337379,-1.079076906626213,1.079076906626213,88,110
de-cloud-dammam,153,Lockheed Martin,Tamheer Space Internship (Riyadh),Data engineer student in Dammam targeting cloud and big data training with AWS.,DE,Dammam,python; sql,,Training,Hybrid,42.5,37.146034452737545,-5.3539655472624545,5.3539655472624545,89,161
de-cloud-dammam,60,Cisco,Cisco NetVersity (Saudi Arabia),Data engineer student in Dammam targeting cloud and big data training with AWS.,DE,Dammam,python; sql,,Training,Hybrid,41.0,37.35543061606898,-3.644569383931021,3.644569383931021,90,160
de-cloud-dammam,1,Saudi Aramco,University Internship Program (UIP),Data engineer student in Dammam targeting cloud and big data training with AWS.,DE,Dammam,python; sql,,Training,Hybrid,40.5,42.55652129470749,2.056521294707487,2.056521294707487,91,98
de-cloud-dammam,45,NEOM | GrOW (Graduates Opportunities in Work),GrOW (Graduates Opportunities in Work),Data engineer student in Dammam targeting cloud and big data training with AWS.,DE,Dammam,python; sql,,Training,Hybrid,40.5,37.02953435193551,-3.47046564806449,3.47046564806449,92,162
de-cloud-dammam,54,Tawuniya | Tamheer Program (Fresh Graduates),Tamheer Program,Data engineer student in Dammam targeting cloud and big data training with AWS.,DE,Dammam,python; sql,,Training,Hybrid,40.5,43.09693621786101,2.596936217861007,2.596936217861007,93,89
de-cloud-dammam,172,شركة الخدمات المدارة | Managed Services Company,Intern Cybersecurity Engineer,Data engineer student in Dammam targeting cloud and big data training with AWS.,DE,Dammam,python; sql,,Training,Hybrid,40.5,39.75180149144366,-0.7481985085563423,0.7481985085563423,94,133
de-cloud-dammam,44,PIF | Graduate Development Program,Graduate Development Program (GDP),Data engineer student in Dammam targeting cloud and big data training with AWS.,DE,Dammam,python; sql,,Training,Hybrid,39.67,38.33717020205837,-1.3328297979416348,1.3328297979416348,95,150
de-cloud-dammam,21,Google (Saudi Arabia),Google Careers (Saudi location filter),Data engineer student in Dammam targeting cloud and big data training with AWS.,DE,Dammam,python; sql,,Training,Hybrid,39.0,41.03980209049856,2.0398020904985614,2.0398020904985614,96,115
de-cloud-dammam,8,KPMG Saudi Arabia,COOP & Internship Programs,Data engineer student in Dammam targeting cloud and big data training with AWS.,DE,Dammam,python; sql,,Training,Hybrid,38.5,39.87409364099336,1.3740936409933582,1.3740936409933582,97,120
de-cloud-dammam,14,Saudi Exports (Saudi Export Development Authority),COOP & Summer Training (FAQ-confirmed),Data engineer student in Dammam targeting cloud and big data training with AWS.,DE,Dammam,python; sql,,Training,Hybrid,38.5,39.070645803498,0.5706458034980031,0.5706458034980031,98,142
de-cloud-dammam,32,TBC (The Beauty Company),Cooperative Training Program,Data engineer student in Dammam targeting cloud and big data training with AWS.,DE,Dammam,python; sql,,Training,Hybrid,38.5,38.7931655990786,0.2931655990785984,0.2931655990785984,99,149
de-cloud-dammam,39,Saudi Food & Drug Authority (SFDA),COOP training (First semester 2025-2026 intake),Data engineer student in Dammam targeting cloud and big data training with AWS.,DE,Dammam,python; sql,,Training,Hybrid,38.5,38.25430105723818,-0.2456989427618197,0.2456989427618197,100,152
de-cloud-dammam,43,National Cybersecurity Authority (NCA) – Academy,Cybersecurity training programs (academy),Data engineer student in Dammam targeting cloud and big data training with AWS.,DE,Dammam,python; sql,,Training,Hybrid,38.5,39.03872124617169,0.5387212461716899,0.5387212461716899,101,145
de-cloud-dammam,90,NHC,COOP Trainee,Data engineer student in Dammam targeting cloud and big data training with AWS.,DE,Dammam,python; sql,,Training,Hybrid,38.5,38.25430105723818,-0.2456989427618197,0.2456989427618197,102,155
de-cloud-dammam,9,PwC Middle East,"Deals, COOP and Summer Internship Programme (2026)",Data engineer student in Dammam targeting cloud and big data training with AWS.,DE,Dammam,python; sql,,Training,Hybrid,38.0,42.55652129470749,4.556521294707487,4.556521294707487,103,99
de-cloud-dammam,16,McKinsey & Company (Maqdira),Maqdira Fellowship Program,Data engineer student in Dammam targeting cloud and big data training with AWS.,DE,Dammam,python; sql,,Training,Hybrid,38.0,39.87409364099336,1.8740936409933582,1.8740936409933582,104,121
de-cloud-dammam,36,PwC Middle East (Assurance COOP & Summer Internship Programme 2026),"Assurance, COOP and Summer Internship Programme 2026 – Middle East",Data engineer student in Dammam targeting cloud and big data training with AWS.,DE,Dammam,python; sql,,Training,Hybrid,38.0,42.99989010707583,4.999890107075828,4.999890107075828,105,91
de-cloud-dammam,58,Unifonic,Internship (Unifonic),Data engineer student in Dammam targeting cloud and big data training with AWS.,DE,Dammam,python; sql,,Training,Hybrid,38.0,39.24122400985853,1.2412240098585272,1.2412240098585272,106,137
de-cloud-dammam,96,flynas,COOP Trainee / Internship Program,Data engineer student in Dammam targeting cloud and big data training with AWS.,DE,Dammam,python; sql,,Training,Hybrid,38.0,39.87409364099336,1.8740936409933582,1.8740936409933582,107,128
de-cloud-dammam,98,Saudi Motorsport Company (SMC),COOP Trainee (Supply Chain Excellence Associate),Data engineer student in Dammam targeting cloud and big data training with AWS.,DE,Dammam,python; sql,,Training,Hybrid,38.0,49.580992544927504,11.580992544927504,11.580992544927504,108,31
de-cloud-dammam,109,Elm Company (شركة علم),Coop Training - Computer Science (Jan/Mar/Jun/Aug 2025 Intake),Data engineer student in Dammam targeting cloud and big data training with AWS.,DE,Dammam,python; sql,,Training,Hybrid,38.0,42.55652129470749,4.556521294707487,4.556521294707487,109,102
de-cloud-dammam,110,Elm Company (شركة علم),Co-Op Training - Information Technology (Jun & Aug 2025 Intake),Data engineer student in Dammam targeting cloud and big data training with AWS.,DE,Dammam,python; sql,,Training,Hybrid,38.0,42.55652129470749,4.556521294707487,4.556521294707487,110,103
de-cloud-dammam,114,Foodics,Foodics 360 Internship Program,Data engineer student in Dammam targeting cloud and big data training with AWS.,DE,Dammam,python; sql,,Training,Hybrid,38.0,41.32972299213425,3.3297229921342506,3.3297229921342506,111,112
de-cloud-dammam,115,Salla,برنامج التدريب التعاوني (Coop Training) – Salla,Data engineer student in Dammam targeting cloud and big data training with AWS.,DE,Dammam,python; sql,,Training,Hybrid,38.0,39.87409364099336,1.8740936409933582,1.8740936409933582,112,129
de-cloud-dammam,125,Tamkeen Technologies,On the Job Training (Internship Program) — Technology field,Data engineer student in Dammam targeting cloud and big data training with AWS.,DE,Dammam,python; sql,,Training,Hybrid,38.0,41.32972299213425,3.3297229921342506,3.3297229921342506,113,113
de-cloud-dammam,146,NCGR | المركز الوطني لنظم الموارد الحكومية,Coop Training Program,Data engineer student in Dammam targeting cloud and big data training with AWS.,DE,Dammam,python; sql,,Training,Hybrid,38.0,49.20640873759669,11.20640873759669,11.20640873759669,114,39
de-cloud-dammam,148,Procter & Gamble (P&G),P&G LEADgen Internship Program 2026 (Riyadh),Data engineer student in Dammam targeting cloud and big data training with AWS.,DE,Dammam,python; sql,,Training,Hybrid,38.0,43.380977886978044,5.3809778869780445,5.3809778869780445,115,86
de-cloud-dammam,42,The Saudi National Bank (SNB),SNB Rowad Program,Data engineer student in Dammam targeting cloud and big data training with AWS.,DE,Dammam,python; sql,,Training,Hybrid,37.83,38.27643186044901,0.4464318604490103,0.4464318604490103,116,151
de-cloud-dammam,106,Bank AlJazira,Tamheer Program,Data engineer student in Dammam targeting cloud and big data training with AWS.,DE,Dammam,python; sql,,Training,Hybrid,37.83,41.89366048773735,4.0636604877373514,4.0636604877373514,117,105
de-cloud-dammam,147,nybl,nybl Graduate Programme – Saudi Nationals (AI Bootcamp),Data engineer student in Dammam targeting cloud and big data training with AWS.,DE,Dammam,python; sql,,Training,Hybrid,37.83,40.21861923211121,2.3886192321112105,2.3886192321112105,118,118
de-cloud-dammam,104,Zain KSA,Zain Pioneers Program,Data engineer student in Dammam targeting cloud and big data training with AWS.,DE,Dammam,python; sql,,Training,Hybrid,37.5,39.17828107288759,1.678281072887593,1.678281072887593,119,138
de-cloud-dammam,2,SABIC,COOP Training Program,Data engineer student in Dammam targeting cloud and big data training with AWS.,DE,Dammam,python; sql,,Training,Hybrid,36.5,39.0737694576696,2.5737694576695986,2.5737694576695986,120,139
de-cloud-dammam,48,Oracle | Business Development Intern (KSA market),Business Development Intern (KSA market),Data engineer student in Dammam targeting cloud and big data training with AWS.,DE,Dammam,python; sql,,Training,Hybrid,36.5,37.751559516195634,1.251559516195634,1.251559516195634,121,159
de-cloud-dammam,52,Ministry of Industry and Mineral Resources | Cooperative Training,Cooperative Training Initiative,Data engineer student in Dammam targeting cloud and big data training with AWS.,DE,Dammam,python; sql,,Training,Hybrid,36.5,36.90003150373248,0.4000315037324782,0.4000315037324782,122,163
de-cloud-dammam,56,HRDF | Cooperative Training Product,Cooperative Training Product,Data engineer student in Dammam targeting cloud and big data training with AWS.,DE,Dammam,python; sql,,Training,Hybrid,36.5,36.90003150373248,0.4000315037324782,0.4000315037324782,123,164
de-cloud-dammam,171,Infosys,Summer Intern (Infosys InStep ’26 – Bangalore),Data engineer student in Dammam targeting cloud and big data training with AWS.,DE,Dammam,python; sql,,Training,Hybrid,36.5,41.32972299213425,4.829722992134251,4.829722992134251,124,114
de-cloud-dammam,126,Trendyol Group,Trendyol Tech Talent - Bootcamp & COOP Internship Program (Saudi Students Only),Data engineer student in Dammam targeting cloud and big data training with AWS.,DE,Dammam,python; sql,,Training,Hybrid,36.0,44.80993166891093,8.809931668910927,8.809931668910927,125,82
de-cloud-dammam,127,Ninja نينجا,COOP Training Program,Data engineer student in Dammam targeting cloud and big data training with AWS.,DE,Dammam,python; sql,,Training,Hybrid,36.0,39.8192883848898,3.819288384889802,3.819288384889802,126,132
de-cloud-dammam,3,stc (Saudi Telecom Company),Cooperative Training Program (COOP),Data engineer student in Dammam targeting cloud and big data training with AWS.,DE,Dammam,python; sql,,Training,Hybrid,33.5,46.8361715771118,13.336171577111799,13.336171577111799,127,54
de-cloud-dammam,7,Digital Government Authority (DGA),Maidan Cooperative Training Program,Data engineer student in Dammam targeting cloud and big data training with AWS.,DE,Dammam,python; sql,,Training,Hybrid,33.5,39.87409364099336,6.374093640993358,6.374093640993358,128,119
de-cloud-dammam,13,Bupa Arabia,Cooperative Training Program,Data engineer student in Dammam targeting cloud and big data training with AWS.,DE,Dammam,python; sql,,Training,Hybrid,33.5,39.070645803498,5.570645803498003,5.570645803498003,129,141
de-cloud-dammam,15,Local Content and Government Procurement Authority (LCGPA),COOP Training (role posting),Data engineer student in Dammam targeting cloud and big data training with AWS.,DE,Dammam,python; sql,,Training,Hybrid,33.5,39.0737694576696,5.573769457669599,5.573769457669599,130,140
de-cloud-dammam,17,Boston Consulting Group (BCG),Visiting Associate Internship (Riyadh),Data engineer student in Dammam targeting cloud and big data training with AWS.,DE,Dammam,python; sql,,Training,Hybrid,33.5,46.8361715771118,13.336171577111799,13.336171577111799,131,55
de-cloud-dammam,18,Bain & Company,COOP Training Program (Riyadh),Data engineer student in Dammam targeting cloud and big data training with AWS.,DE,Dammam,python; sql,,Training,Hybrid,33.5,39.87409364099336,6.374093640993358,6.374093640993358,132,122
de-cloud-dammam,23,noon,Student Internship,Data engineer student in Dammam targeting cloud and big data training with AWS.,DE,Dammam,python; sql,,Training,Hybrid,33.5,38.99001547564056,5.490015475640561,5.490015475640561,133,146
de-cloud-dammam,25,Elm,Elm Co-op Training Program (March 2026 Intake),Data engineer student in Dammam targeting cloud and big data training with AWS.,DE,Dammam,python; sql,,Training,Hybrid,33.5,38.7931655990786,5.293165599078598,5.293165599078598,134,148
de-cloud-dammam,28,"Zakat, Tax and Customs Authority (ZATCA)",Binaa-Alkafaat Program,Data engineer student in Dammam targeting cloud and big data training with AWS.,DE,Dammam,python; sql,,Training,Hybrid,33.5,30.90461795065453,-2.5953820493454707,2.5953820493454707,135,170
de-cloud-dammam,30,EXPRO,COOP Training (Future Makers Program),Data engineer student in Dammam targeting cloud and big data training with AWS.,DE,Dammam,python; sql,,Training,Hybrid,33.5,39.87409364099336,6.374093640993358,6.374093640993358,136,123
de-cloud-dammam,33,National Center for Vegetation Cover Development & Combating Desertification (NCVC),COOP Training Program,Data engineer student in Dammam targeting cloud and big data training with AWS.,DE,Dammam,python; sql,,Training,Hybrid,33.5,41.75838830745123,8.258388307451227,8.258388307451227,137,106
de-cloud-dammam,34,Saudi Power Procurement Company (SPPC),Future Power – COOP Training Program,Data engineer student in Dammam targeting cloud and big data training with AWS.,DE,Dammam,python; sql,,Training,Hybrid,33.5,40.27472642722645,6.774726427226447,6.774726427226447,138,117
de-cloud-dammam,35,TBC (Tatweer Building Company),Cooperative Training Program,Data engineer student in Dammam targeting cloud and big data training with AWS.,DE,Dammam,python; sql,,Training,Hybrid,33.5,41.57136218549615,8.071362185496149,8.071362185496149,139,107
de-cloud-dammam,38,BSF (Banque Saudi Fransi),COOP / Internship,Data engineer student in Dammam targeting cloud and big data training with AWS.,DE,Dammam,python; sql,,Training,Hybrid,33.5,39.312823444170114,5.812823444170114,5.812823444170114,140,135
de-cloud-dammam,40,Saudi Power Procurement Company (SPPC) – Future Power (Business Admin COOP),Future Power – Business Administration COOP Training Program,Data engineer student in Dammam targeting cloud and big data training with AWS.,DE,Dammam,python; sql,,Training,Hybrid,33.5,43.31368441712901,9.81368441712901,9.81368441712901,141,88
de-cloud-dammam,46,ROSHN | COOP Trainee Program,COOP Trainee Program,Data engineer student in Dammam targeting cloud and big data training with AWS.,DE,Dammam,python; sql,,Training,Hybrid,33.5,42.55652129470749,9.056521294707487,9.056521294707487,142,100
de-cloud-dammam,49,SAP | Student Internship (Riyadh),Student Internship - Riyadh,Data engineer student in Dammam targeting cloud and big data training with AWS.,DE,Dammam,python; sql,,Training,Hybrid,33.5,39.69566396683839,6.195663966838389,6.195663966838389,143,134
de-cloud-dammam,65,Expenditure & Projects Efficiency Authority (EXPRO),Future Makers (صنّاع المستقبل) – Cooperative Training,Data engineer student in Dammam targeting cloud and big data training with AWS.,DE,Dammam,python; sql,,Training,Hybrid,33.5,41.57136218549615,8.071362185496149,8.071362185496149,144,108
de-cloud-dammam,66,Ministry of Finance (Saudi Arabia),Cooperative Training Program (Ministry of Finance),Data engineer student in Dammam targeting cloud and big data training with AWS.,DE,Dammam,python; sql,,Training,Hybrid,33.5,41.57136218549615,8.071362185496149,8.071362185496149,145,109
de-cloud-dammam,67,General Entertainment Authority (GEA),GEA Cooperative Training Program,Data engineer student in Dammam targeting cloud and big data training with AWS.,DE,Dammam,python; sql,,Training,Hybrid,33.5,39.87409364099336,6.374093640993358,6.374093640993358,146,124
de-cloud-dammam,68,Banque Saudi Fransi (BSF),COOP Training,Data engineer student in Dammam targeting cloud and big data training with AWS.,DE,Dammam,python; sql,,Training,Hybrid,33.5,42.742238183840215,9.242238183840215,9.242238183840215,147,92
de-cloud-dammam,82,Saudi Ground Services (SGS),COOP Program,Data engineer student in Dammam targeting cloud and big data training with AWS.,DE,Dammam,python; sql,,Training,Hybrid,33.5,39.87409364099336,6.374093640993358,6.374093640993358,148,125
de-cloud-dammam,83,CEER,Cooperative Training Program (COOP),Data engineer student in Dammam targeting cloud and big data training with AWS.,DE,Dammam,python; sql,,Training,Hybrid,33.5,39.87409364099336,6.374093640993358,6.374093640993358,149,126
de-cloud-dammam,87,Banque Saudi Fransi (BSF),Coop Training Program,Data engineer student in Dammam targeting cloud and big data training with AWS.,DE,Dammam,python; sql,,Training,Hybrid,33.5,39.312823444170114,5.812823444170114,5.812823444170114,150,136
de-cloud-dammam,88,Tech Economy,COOP Training Program,Data engineer student in Dammam targeting cloud and big data training with AWS.,DE,Dammam,python; sql,,Training,Hybrid,33.5,38.25430105723818,4.75430105723818,4.75430105723818,151,153
de-cloud-dammam,89,SAMI Advanced Electronics (SAMI-AEC),Coop Trainee,Data engineer student in Dammam targeting cloud and big data training with AWS.,DE,Dammam,python; sql,,Training,Hybrid,33.5,38.25430105723818,4.75430105723818,4.75430105723818,152,154
de-cloud-dammam,95,ARDARA,COOP Training for Students,Data engineer student in Dammam targeting cloud and big data training with AWS.,DE,Dammam,python; sql,,Training,Hybrid,33.5,39.87409364099336,6.374093640993358,6.374093640993358,153,127
de-cloud-dammam,99,Mobily,Cooperative Training Program,Data engineer student in Dammam targeting cloud and big data training with AWS.,DE,Dammam,python; sql,,Training,Hybrid,33.5,38.25430105723818,4.75430105723818,4.75430105723818,154,156
de-cloud-dammam,101,Alvarez & Marsal,COOP Training Program,Data engineer student in Dammam targeting cloud and big data training with AWS.,DE,Dammam,python; sql,,Training,Hybrid,33.5,38.25430105723818,4.75430105723818,4.75430105723818,155,157
de-cloud-dammam,102,Visa,COOP Trainee (Jan 2026),Data engineer student in Dammam targeting cloud and big data training with AWS.,DE,Dammam,python; sql,,Training,Hybrid,33.5,42.55652129470749,9.056521294707487,9.056521294707487,156,101
de-cloud-dammam,105,Savvy Games Group,Cooperative Training Program (Co-op),Data engineer student in Dammam targeting cloud and big data training with AWS.,DE,Dammam,python; sql,,Training,Hybrid,33.5,38.25430105723818,4.75430105723818,4.75430105723818,157,158
de-cloud-dammam,111,EJADA,COOP Administration & Support Engineer,Data engineer student in Dammam targeting cloud and big data training with AWS.,DE,Dammam,python; sql,,Training,Hybrid,33.5,42.4679856319333,8.967985631933303,8.967985631933303,158,104
de-cloud-dammam,117,Diriyah Company,Diriyah Co-op Training Program,Data engineer student in Dammam targeting cloud and big data training with AWS.,DE,Dammam,python; sql,,Training,Hybrid,33.5,39.070645803498,5.570645803498003,5.570645803498003,159,143
de-cloud-dammam,118,Riyadh Air,Co-op – Riyadh Air,Data engineer student in Dammam targeting cloud and big data training with AWS.,DE,Dammam,python; sql,,Training,Hybrid,33.5,39.87409364099336,6.374093640993358,6.374093640993358,160,130
de-cloud-dammam,119,Jahez Group,Jahez Internship Program (as described in Sustainability Report),Data engineer student in Dammam targeting cloud and big data training with AWS.,DE,Dammam,python; sql,,Training,Hybrid,33.5,40.344563882922905,6.844563882922905,6.844563882922905,161,116
de-cloud-dammam,120,Lumi | لومي,COOP Intern 2025 – Lumi,Data engineer student in Dammam targeting cloud and big data training with AWS.,DE,Dammam,python; sql,,Training,Hybrid,33.5,39.070645803498,5.570645803498003,5.570645803498003,162,144
de-cloud-dammam,121,webook.com,COOP Trainee Opportunities – webook.com,Data engineer student in Dammam targeting cloud and big data training with AWS.,DE,Dammam,python; sql,,Training,Hybrid,33.5,39.87409364099336,6.374093640993358,6.374093640993358,163,131
de-cloud-dammam,133,Help AG (e& enterprise),Cybersecurity Intern,Data engineer student in Dammam targeting cloud and big data training with AWS.,DE,Dammam,python; sql,,Training,Hybrid,33.5,43.62773722450097,10.127737224500969,10.127737224500969,164,84
de-cloud-dammam,51,Ministry of Finance (Saudi Arabia) | Cooperative Training Program,Cooperative Training Program,Data engineer student in Dammam targeting cloud and big data training with AWS.,DE,Dammam,python; sql,,Training,Hybrid,31.5,38.90898637081267,7.40898637081267,7.40898637081267,165,147
de-cloud-dammam,59,Misk Foundation,Misk Traineeship / Internship Program,Data engineer student in Dammam targeting cloud and big data training with AWS.,DE,Dammam,python; sql,,Training,Hybrid,31.5,36.68814165611583,5.188141656115832,5.188141656115832,166,165
de-cloud-dammam,165,Innovative Solutions SA,Presales - Tamheer,Data engineer student in Dammam targeting cloud and big data training with AWS.,DE,Dammam,python; sql,,Training,Hybrid,31.5,34.57390624483544,3.0739062448354417,3.0739062448354417,167,166
de-cloud-dammam,168,هيئة التأمين | Insurance Authority,Tamheer Opportunity - Specialist of Information Security,Data engineer student in Dammam targeting cloud and big data training with AWS.,DE,Dammam,python; sql,,Training,Hybrid,31.5,33.66901017436986,2.169010174369859,2.169010174369859,168,168
de-cloud-dammam,103,Zain KSA,Evolve Program (Fresh Graduates),Data engineer student in Dammam targeting cloud and big data training with AWS.,DE,Dammam,python; sql,,Training,Hybrid,28.5,34.24132598828896,5.741325988288963,5.741325988288963,169,167
de-cloud-dammam,55,SAMA | SAMA Professional Program (SPP),SAMA Professional Program (SPP),Data engineer student in Dammam targeting cloud and big data training with AWS.,DE,Dammam,python; sql,,Training,Hybrid,26.5,32.79777865022673,6.297778650226732,6.297778650226732,170,169
de-cloud-dammam,29,Human Resources Development Fund (HRDF) – Cooperative Training Product,Cooperative Training (HRDF product),Data engineer student in Dammam targeting cloud and big data training with AWS.,DE,Dammam,python; sql,,Training,Hybrid,15.5,15.87936496942384,0.3793649694238397,0.3793649694238397,171,172
de-cloud-dammam,31,Ministry of Industry and Mineral Resources (MIM) – Cooperative Training Initiative,Cooperative Training Initiative,Data engineer student in Dammam targeting cloud and big data training with AWS.,DE,Dammam,python; sql,,Training,Hybrid,15.5,16.554364525029587,1.0543645250295874,1.0543645250295874,172,171
de-cloud-dammam,167,TAM | تام,"Tamheer Opportunity, Advisory",Data engineer student in Dammam targeting cloud and big data training with AWS.,DE,Dammam,python; sql,,Training,Hybrid,10.5,14.437600133137416,3.9376001331374155,3.9376001331374155,173,173
ds-gpa-ielts,155,Laverne Group | مجموعة لافيرن,Data Analyst / Data Engineer Intern (IT Department),Data science student with GPA 4.5 and IELTS looking for internship in Riyadh.,DS,Riyadh,sql; python,,Internship,On-site,70.67,64.15458071387773,-6.515419286122267,6.515419286122267,1,3
ds-gpa-ielts,24,MOZN,Data Science Intern,Data science student with GPA 4.5 and IELTS looking for internship in Riyadh.,DS,Riyadh,sql; python,,Internship,On-site,65.67,59.28684854083907,-6.383151459160935,6.383151459160935,2,6
ds-gpa-ielts,79,Tabby,Intern Data Engineer,Data science student with GPA 4.5 and IELTS looking for internship in Riyadh.,DS,Riyadh,sql; python,,Internship,On-site,65.67,62.50627090010074,-3.163729099899264,3.163729099899264,3,4
ds-gpa-ielts,140,Bosch Middle East,Software Development Intern (AI/Cloud),Data science student with GPA 4.5 and IELTS looking for internship in Riyadh.,DS,Riyadh,sql; python,,Internship,On-site,64.67,65.40628536805526,0.7362853680552632,0.7362853680552632,4,1
ds-gpa-ielts,150,Boeing Saudi Arabia Limited,Intern - Info Technology & Data Analytics (Riyadh),Data science student with GPA 4.5 and IELTS looking for internship in Riyadh.,DS,Riyadh,sql; python,,Internship,On-site,63.67,64.15458071387773,0.48458071387773316,0.48458071387773316,5,2
ds-gpa-ielts,22,BlackRock,Client & Product Summer Internship Programme (EMEA) - includes Riyadh,Data science student with GPA 4.5 and IELTS looking for internship in Riyadh.,DS,Riyadh,sql; python,,Internship,On-site,62.33,56.77774772144641,-5.552252278553588,5.552252278553588,6,13
ds-gpa-ielts,162,SAS,CareerStart@SAS 2026 - Presales Customer Intelligence Intern (Riyadh),Data science student with GPA 4.5 and IELTS looking for internship in Riyadh.,DS,Riyadh,sql; python,,Internship,On-site,62.17,54.24370535237389,-7.926294647626115,7.926294647626115,7,24
ds-gpa-ielts,123,EjadTech - إيجاد التقنية,"Summer Internship Program 2025 (Computer, Data, and AI Majors)",Data science student with GPA 4.5 and IELTS looking for internship in Riyadh.,DS,Riyadh,sql; python,,Internship,On-site,61.17,57.5910253108936,-3.5789746891064027,3.5789746891064027,8,9
ds-gpa-ielts,143,Lean Technologies,Software Engineering Intern – KSA,Data science student with GPA 4.5 and IELTS looking for internship in Riyadh.,DS,Riyadh,sql; python,,Internship,On-site,61.17,54.75168411851246,-6.418315881487544,6.418315881487544,9,18
ds-gpa-ielts,144,Mirai (Scopely) | مِراي,AI Engineering Intern (GenAI),Data science student with GPA 4.5 and IELTS looking for internship in Riyadh.,DS,Riyadh,sql; python,,Internship,On-site,60.17,55.9030556193794,-4.2669443806206,4.2669443806206,10,15
ds-gpa-ielts,159,Knodemy Inc.,AI Developer & Tech Trainer Intern - Riyadh,Data science student with GPA 4.5 and IELTS looking for internship in Riyadh.,DS,Riyadh,sql; python,,Internship,On-site,60.17,56.80435451574122,-3.365645484258785,3.365645484258785,11,12
ds-gpa-ielts,47,Microsoft | Ru'aa Program (Riyadh),Ru'aa Program Internship (Solution Engineering),Data science student with GPA 4.5 and IELTS looking for internship in Riyadh.,DS,Riyadh,sql; python,,Internship,On-site,59.17,53.5426713241009,-5.627328675899101,5.627328675899101,12,29
ds-gpa-ielts,78,Tabby,Intern Frontend Engineer,Data science student with GPA 4.5 and IELTS looking for internship in Riyadh.,DS,Riyadh,sql; python,,Internship,On-site,59.17,54.40697978873175,-4.763020211268248,4.763020211268248,13,22
ds-gpa-ielts,80,Tabby,No-Code / AI Agents Engineering Intern,Data science student with GPA 4.5 and IELTS looking for internship in Riyadh.,DS,Riyadh,sql; python,,Internship,On-site,59.17,54.33087587832483,-4.8391241216751695,4.8391241216751695,14,23
ds-gpa-ielts,139,Ericsson,Summer Interns (Ericsson Saudi),Data science student with GPA 4.5 and IELTS looking for internship in Riyadh.,DS,Riyadh,sql; python,,Internship,On-site,59.17,56.80435451574122,-2.365645484258785,2.365645484258785,15,11
ds-gpa-ielts,158,SMART Technology Solutions | سمارت لحلول التقنية,R&D Intern (Riyadh),Data science student with GPA 4.5 and IELTS looking for internship in Riyadh.,DS,Riyadh,sql; python,,Internship,On-site,59.17,54.038021876312605,-5.1319781236873965,5.1319781236873965,16,25
ds-gpa-ielts,164,ضالتي Dhallaty,Tech Intern: Fresh Grad or Student,Data science student with GPA 4.5 and IELTS looking for internship in Riyadh.,DS,Riyadh,sql; python,,Internship,On-site,57.67,53.95085135036166,-3.719148649638342,3.719148649638342,17,26
ds-gpa-ielts,169,Snbla | سنبله,Paid Internship Program (FinTech),Data science student with GPA 4.5 and IELTS looking for internship in Riyadh.,DS,Riyadh,sql; python,,Internship,On-site,57.67,53.83278908850589,-3.837210911494111,3.837210911494111,18,27
ds-gpa-ielts,37,KAPSARC,Intern (Coop- Trainee),Data science student with GPA 4.5 and IELTS looking for internship in Riyadh.,DS,Riyadh,sql; python,,Internship,On-site,57.0,49.14169558102573,-7.858304418974271,7.858304418974271,19,53
ds-gpa-ielts,94,Araamis • أرامس,Araamis COOP Program 2026,Data science student with GPA 4.5 and IELTS looking for internship in Riyadh.,DS,Riyadh,sql; python,,Internship,On-site,57.0,48.16752633992914,-8.83247366007086,8.83247366007086,20,65
ds-gpa-ielts,141,Saudi Payments | المدفوعات السعودية,COOP Training – August 2024,Data science student with GPA 4.5 and IELTS looking for internship in Riyadh.,DS,Riyadh,sql; python,,Internship,On-site,57.0,51.037051299539705,-5.962948700460295,5.962948700460295,21,39
ds-gpa-ielts,124,InnovationTeam,Java Microservices Internship Programme (Saudi Nationals),Data science student with GPA 4.5 and IELTS looking for internship in Riyadh.,DS,Riyadh,sql; python,,Internship,On-site,56.67,59.95031128899544,3.280311288995435,3.280311288995435,22,5
ds-gpa-ielts,170,2P Perfect Presentation,Data Analyst (Tamheer),Data science student with GPA 4.5 and IELTS looking for internship in Riyadh.,DS,Riyadh,sql; python,,Internship,On-site,56.17,50.93864363772021,-5.23135636227979,5.23135636227979,23,40
ds-gpa-ielts,173,Abunayyan Holding,Data Analyst (Tamheer),Data science student with GPA 4.5 and IELTS looking for internship in Riyadh.,DS,Riyadh,sql; python,,Internship,On-site,56.17,49.84575880935425,-6.3242411906457505,6.3242411906457505,24,50
ds-gpa-ielts,44,PIF | Graduate Development Program,Graduate Development Program (GDP),Data science student with GPA 4.5 and IELTS looking for internship in Riyadh.,DS,Riyadh,sql; python,,Internship,On-site,55.67,48.79144785247888,-6.87855214752112,6.87855214752112,25,55
ds-gpa-ielts,57,IBM,"Automation, Data & AI – Intern",Data science student with GPA 4.5 and IELTS looking for internship in Riyadh.,DS,Riyadh,sql; python,,Internship,On-site,55.67,57.99125563400026,2.3212556340002592,2.3212556340002592,26,7
ds-gpa-ielts,145,HungerStation | هنقرستيشن,"Co-OP Trainee, Data Analysis – Info Sec",Data science student with GPA 4.5 and IELTS looking for internship in Riyadh.,DS,Riyadh,sql; python,,Internship,On-site,55.67,57.22849893872196,1.5584989387219608,1.5584989387219608,27,10
ds-gpa-ielts,77,Tabby,Intern Backend (GO) Engineer,Data science student with GPA 4.5 and IELTS looking for internship in Riyadh.,DS,Riyadh,sql; python,,Internship,On-site,55.17,54.52939236079815,-0.6406076392018534,0.6406076392018534,28,20
ds-gpa-ielts,138,Nokia,Graduate Trainee (Saudi Arabia) – Fledgers Program,Data science student with GPA 4.5 and IELTS looking for internship in Riyadh.,DS,Riyadh,sql; python,,Internship,On-site,54.67,56.08734706849709,1.4173470684970866,1.4173470684970866,29,14
ds-gpa-ielts,19,Amazon Web Services (AWS),IT/Computer Hardware Internship (Intern-to-FTE Pathway),Data science student with GPA 4.5 and IELTS looking for internship in Riyadh.,DS,Riyadh,sql; python,,Internship,On-site,54.5,47.75989308464808,-6.740106915351923,6.740106915351923,30,80
ds-gpa-ielts,20,Amazon Web Services (AWS) - Associate Solutions Architect Intern,Associate Solutions Architect Intern (2026),Data science student with GPA 4.5 and IELTS looking for internship in Riyadh.,DS,Riyadh,sql; python,,Internship,On-site,54.5,50.566096135654014,-3.933903864345986,3.933903864345986,31,42
ds-gpa-ielts,58,Unifonic,Internship (Unifonic),Data science student with GPA 4.5 and IELTS looking for internship in Riyadh.,DS,Riyadh,sql; python,,Internship,On-site,54.5,47.82714927309246,-6.672850726907541,6.672850726907541,32,77
ds-gpa-ielts,114,Foodics,Foodics 360 Internship Program,Data science student with GPA 4.5 and IELTS looking for internship in Riyadh.,DS,Riyadh,sql; python,,Internship,On-site,54.5,50.03602589792561,-4.463974102074388,4.463974102074388,33,46
ds-gpa-ielts,125,Tamkeen Technologies,On the Job Training (Internship Program) — Technology field,Data science student with GPA 4.5 and IELTS looking for internship in Riyadh.,DS,Riyadh,sql; python,,Internship,On-site,54.5,50.03602589792561,-4.463974102074388,4.463974102074388,34,47
ds-gpa-ielts,134,TrendAI (Trend Micro),CyberGATE Internship Program,Data science student with GPA 4.5 and IELTS looking for internship in Riyadh.,DS,Riyadh,sql; python,,Internship,On-site,54.5,53.1828012920664,-1.3171987079335992,1.3171987079335992,35,31
ds-gpa-ielts,136,Siemens Healthineers,Healthineers Early Talent Program – IT (Riyadh),Data science student with GPA 4.5 and IELTS looking for internship in Riyadh.,DS,Riyadh,sql; python,,Internship,On-site,54.5,50.566096135654014,-3.933903864345986,3.933903864345986,36,43
ds-gpa-ielts,148,Procter & Gamble (P&G),P&G LEADgen Internship Program 2026 (Riyadh),Data science student with GPA 4.5 and IELTS looking for internship in Riyadh.,DS,Riyadh,sql; python,,Internship,On-site,54.5,51.99153042680243,-2.508469573197573,2.508469573197573,37,37
ds-gpa-ielts,76,Tabby,Intern DevOps Engineer,Data science student with GPA 4.5 and IELTS looking for internship in Riyadh.,DS,Riyadh,sql; python,,Internship,On-site,54.17,57.60777049714938,3.43777049714938,3.43777049714938,38,8
ds-gpa-ielts,71,OmniOps,Co‑op Training Program,Data science student with GPA 4.5 and IELTS looking for internship in Riyadh.,DS,Riyadh,sql; python,,Internship,On-site,53.67,55.66447736189514,1.994477361895136,1.994477361895136,39,16
ds-gpa-ielts,108,Gathern,Co-op Program,Data science student with GPA 4.5 and IELTS looking for internship in Riyadh.,DS,Riyadh,sql; python,,Internship,On-site,53.67,50.27286785514375,-3.3971321448562506,3.3971321448562506,40,44
ds-gpa-ielts,128,SCAI | سكاي,CO-OP Training Opportunities (Intern),Data science student with GPA 4.5 and IELTS looking for internship in Riyadh.,DS,Riyadh,sql; python,,Internship,On-site,53.5,53.80257500583832,0.302575005838321,0.302575005838321,41,28
ds-gpa-ielts,72,Tatweer Educational Technologies (TETCO),Cooperative Training Program,Data science student with GPA 4.5 and IELTS looking for internship in Riyadh.,DS,Riyadh,sql; python,,Internship,On-site,52.5,51.07090557739753,-1.4290944226024678,1.4290944226024678,42,38
ds-gpa-ielts,85,TAWAL,COOP Training Program,Data science student with GPA 4.5 and IELTS looking for internship in Riyadh.,DS,Riyadh,sql; python,,Internship,On-site,52.5,50.71888341744341,-1.7811165825565922,1.7811165825565922,43,41
ds-gpa-ielts,86,Wakeb_Data,COOP Training,Data science student with GPA 4.5 and IELTS looking for internship in Riyadh.,DS,Riyadh,sql; python,,Internship,On-site,52.5,48.16752633992914,-4.33247366007086,4.33247366007086,44,64
ds-gpa-ielts,93,HUED,HUED COOP Program 2026,Data science student with GPA 4.5 and IELTS looking for internship in Riyadh.,DS,Riyadh,sql; python,,Internship,On-site,52.5,48.84268380912928,-3.6573161908707235,3.6573161908707235,45,54
ds-gpa-ielts,137,1957 Ventures,Internship / Co-Op Program,Data science student with GPA 4.5 and IELTS looking for internship in Riyadh.,DS,Riyadh,sql; python,,Internship,On-site,52.5,48.16752633992914,-4.33247366007086,4.33247366007086,46,67
ds-gpa-ielts,142,Saudi Tadawul Group | تداول,Cooperative Training Program (COOP),Data science student with GPA 4.5 and IELTS looking for internship in Riyadh.,DS,Riyadh,sql; python,,Internship,On-site,52.5,52.845038194167785,0.3450381941677847,0.3450381941677847,47,33
ds-gpa-ielts,62,General Authority for Statistics (GASTAT),Cooperative Training Program,Data science student with GPA 4.5 and IELTS looking for internship in Riyadh.,DS,Riyadh,sql; python,,Internship,On-site,52.33,49.93239068611179,-2.3976093138882106,2.3976093138882106,48,49
ds-gpa-ielts,63,Saudi Center for Opinion Polling (SCOP),Cooperative Training Program,Data science student with GPA 4.5 and IELTS looking for internship in Riyadh.,DS,Riyadh,sql; python,,Internship,On-site,52.33,49.36092305781892,-2.9690769421810757,2.9690769421810757,49,52
ds-gpa-ielts,172,شركة الخدمات المدارة | Managed Services Company,Intern Cybersecurity Engineer,Data science student with GPA 4.5 and IELTS looking for internship in Riyadh.,DS,Riyadh,sql; python,,Internship,On-site,51.0,47.55296205095087,-3.4470379490491325,3.4470379490491325,50,82
ds-gpa-ielts,54,Tawuniya | Tamheer Program (Fresh Graduates),Tamheer Program,Data science student with GPA 4.5 and IELTS looking for internship in Riyadh.,DS,Riyadh,sql; python,,Internship,On-site,50.83,44.70008944663236,-6.129910553367637,6.129910553367637,51,101
ds-gpa-ielts,92,SDM,AI COOP,Data science student with GPA 4.5 and IELTS looking for internship in Riyadh.,DS,Riyadh,sql; python,,Internship,On-site,50.17,47.62665533561832,-2.543344664381685,2.543344664381685,52,81
ds-gpa-ielts,122,moneymoon,Tech & AI Co-op Program 2025,Data science student with GPA 4.5 and IELTS looking for internship in Riyadh.,DS,Riyadh,sql; python,,Internship,On-site,50.17,54.62377948989802,4.453779489898018,4.453779489898018,53,19
ds-gpa-ielts,23,noon,Student Internship,Data science student with GPA 4.5 and IELTS looking for internship in Riyadh.,DS,Riyadh,sql; python,,Internship,On-site,50.0,47.44089421245976,-2.55910578754024,2.55910578754024,54,83
ds-gpa-ielts,49,SAP | Student Internship (Riyadh),Student Internship - Riyadh,Data science student with GPA 4.5 and IELTS looking for internship in Riyadh.,DS,Riyadh,sql; python,,Internship,On-site,50.0,48.74357137304853,-1.2564286269514682,1.2564286269514682,55,56
ds-gpa-ielts,119,Jahez Group,Jahez Internship Program (as described in Sustainability Report),Data science student with GPA 4.5 and IELTS looking for internship in Riyadh.,DS,Riyadh,sql; python,,Internship,On-site,50.0,49.52016666128946,-0.47983333871054157,0.47983333871054157,56,51
ds-gpa-ielts,133,Help AG (e& enterprise),Cybersecurity Intern,Data science student with GPA 4.5 and IELTS looking for internship in Riyadh.,DS,Riyadh,sql; python,,Internship,On-site,50.0,53.1828012920664,3.182801292066401,3.182801292066401,57,30
ds-gpa-ielts,53,King Fahd Causeway Authority | Internship Program,Internship Program,Data science student with GPA 4.5 and IELTS looking for internship in Riyadh.,DS,Riyadh,sql; python,,Internship,On-site,49.33,44.95563014686616,-4.374369853133835,4.374369853133835,58,97
ds-gpa-ielts,12,Tamara,Tamara Builders Program,Data science student with GPA 4.5 and IELTS looking for internship in Riyadh.,DS,Riyadh,sql; python,,Internship,On-site,49.17,47.87467233791691,-1.2953276620830891,1.2953276620830891,59,75
ds-gpa-ielts,107,sirar by stc,Cooperative Training Program,Data science student with GPA 4.5 and IELTS looking for internship in Riyadh.,DS,Riyadh,sql; python,,Internship,On-site,49.17,52.845038194167785,3.675038194167783,3.675038194167783,60,32
ds-gpa-ielts,135,Golf Saudi,IT Co-op Trainee,Data science student with GPA 4.5 and IELTS looking for internship in Riyadh.,DS,Riyadh,sql; python,,Internship,On-site,49.17,45.98087523899502,-3.189124761004983,3.189124761004983,61,92
ds-gpa-ielts,156,Meel | ميل,"Software Developer Internship (Remote, min 2 months)",Data science student with GPA 4.5 and IELTS looking for internship in Riyadh.,DS,Riyadh,sql; python,,Internship,On-site,49.17,54.52939236079815,5.359392360798147,5.359392360798147,62,21
ds-gpa-ielts,160,Water Transmission Company | شركة نقل المياه,Tamheer Internship Program (HRIS / Engineering & PM - Riyadh),Data science student with GPA 4.5 and IELTS looking for internship in Riyadh.,DS,Riyadh,sql; python,,Internship,On-site,49.17,50.12243633542816,0.9524363354281604,0.9524363354281604,63,45
ds-gpa-ielts,161,AFNOYS,"AI Automation Intern - KSA (Remote, 4 weeks)",Data science student with GPA 4.5 and IELTS looking for internship in Riyadh.,DS,Riyadh,sql; python,,Internship,On-site,49.17,54.791803161182926,5.621803161182925,5.621803161182925,64,17
ds-gpa-ielts,163,Devoteam,Trainee - Future Leaders Program (Co-op/Fresh Graduate),Data science student with GPA 4.5 and IELTS looking for internship in Riyadh.,DS,Riyadh,sql; python,,Internship,On-site,49.0,48.42937941413203,-0.5706205858679709,0.5706205858679709,65,58
ds-gpa-ielts,41,Bank Albilad,Cooperative and Summer Training Program,Data science student with GPA 4.5 and IELTS looking for internship in Riyadh.,DS,Riyadh,sql; python,,Internship,On-site,48.0,47.9533597111448,-0.046640288855201106,0.046640288855201106,66,68
ds-gpa-ielts,61,KAUST,Visiting Student Research Program (VSRP) Internship,Data science student with GPA 4.5 and IELTS looking for internship in Riyadh.,DS,Riyadh,sql; python,,Internship,On-site,48.0,52.08186207065789,4.081862070657891,4.081862070657891,67,35
ds-gpa-ielts,64,Al Rajhi Takaful,Cooperative Training Program,Data science student with GPA 4.5 and IELTS looking for internship in Riyadh.,DS,Riyadh,sql; python,,Internship,On-site,48.0,48.30538187109892,0.30538187109892334,0.30538187109892334,68,59
ds-gpa-ielts,84,Al Rajhi Takaful,Coop Training Program,Data science student with GPA 4.5 and IELTS looking for internship in Riyadh.,DS,Riyadh,sql; python,,Internship,On-site,48.0,47.9533597111448,-0.046640288855201106,0.046640288855201106,69,71
ds-gpa-ielts,91,REMAT ADVANCED,Cooperative Training Program,Data science student with GPA 4.5 and IELTS looking for internship in Riyadh.,DS,Riyadh,sql; python,,Internship,On-site,47.83,42.752952416051535,-5.077047583948463,5.077047583948463,70,121
ds-gpa-ielts,109,Elm Company (شركة علم),Coop Training - Computer Science (Jan/Mar/Jun/Aug 2025 Intake),Data science student with GPA 4.5 and IELTS looking for internship in Riyadh.,DS,Riyadh,sql; python,,Internship,On-site,47.83,41.098798553641664,-6.731201446358334,6.731201446358334,71,132
ds-gpa-ielts,110,Elm Company (شركة علم),Co-Op Training - Information Technology (Jun & Aug 2025 Intake),Data science student with GPA 4.5 and IELTS looking for internship in Riyadh.,DS,Riyadh,sql; python,,Internship,On-site,47.83,40.81518942584925,-7.014810574150751,7.014810574150751,72,135
ds-gpa-ielts,146,NCGR | المركز الوطني لنظم الموارد الحكومية,Coop Training Program,Data science student with GPA 4.5 and IELTS looking for internship in Riyadh.,DS,Riyadh,sql; python,,Internship,On-site,47.83,47.9533597111448,0.1233597111448006,0.1233597111448006,73,73
ds-gpa-ielts,149,New Murabba | المربع الجديد,New Murabba Co-op Training Program,Data science student with GPA 4.5 and IELTS looking for internship in Riyadh.,DS,Riyadh,sql; python,,Internship,On-site,47.83,41.958574416930055,-5.871425583069943,5.871425583069943,74,126
ds-gpa-ielts,59,Misk Foundation,Misk Traineeship / Internship Program,Data science student with GPA 4.5 and IELTS looking for internship in Riyadh.,DS,Riyadh,sql; python,,Internship,On-site,46.33,41.453941573918456,-4.876058426081542,4.876058426081542,75,129
ds-gpa-ielts,60,Cisco,Cisco NetVersity (Saudi Arabia),Data science student with GPA 4.5 and IELTS looking for internship in Riyadh.,DS,Riyadh,sql; python,,Internship,On-site,45.83,46.79442457306637,0.9644245730663741,0.9644245730663741,76,86
ds-gpa-ielts,154,Markaba | مركبة,Start-up Software Intern – TAMHEER (Saudi nationals only),Data science student with GPA 4.5 and IELTS looking for internship in Riyadh.,DS,Riyadh,sql; python,,Internship,On-site,45.67,47.16717716498441,1.4971771649844072,1.4971771649844072,77,84
ds-gpa-ielts,166,HUMAIN,Tamheer Program (Software Engineer / Cybersecurity / MIS),Data science student with GPA 4.5 and IELTS looking for internship in Riyadh.,DS,Riyadh,sql; python,,Internship,On-site,45.67,48.17984293824016,2.509842938240155,2.509842938240155,78,61
ds-gpa-ielts,43,National Cybersecurity Authority (NCA) – Academy,Cybersecurity training programs (academy),Data science student with GPA 4.5 and IELTS looking for internship in Riyadh.,DS,Riyadh,sql; python,,Internship,On-site,45.0,46.87336233871227,1.873362338712269,1.873362338712269,79,85
ds-gpa-ielts,6,Capital Market Authority (CMA),COOP Program,Data science student with GPA 4.5 and IELTS looking for internship in Riyadh.,DS,Riyadh,sql; python,,Internship,On-site,44.67,42.578232174449695,-2.0917678255503063,2.0917678255503063,80,124
ds-gpa-ielts,42,The Saudi National Bank (SNB),SNB Rowad Program,Data science student with GPA 4.5 and IELTS looking for internship in Riyadh.,DS,Riyadh,sql; python,,Internship,On-site,44.67,43.04264123992811,-1.6273587600718926,1.6273587600718926,81,114
ds-gpa-ielts,50,SAB (Saudi Awwal Bank) | Cooperative Training Programme (COOP),SAB Cooperative Training Programme (COOP),Data science student with GPA 4.5 and IELTS looking for internship in Riyadh.,DS,Riyadh,sql; python,,Internship,On-site,44.67,47.87467233791691,3.204672337916911,3.204672337916911,82,76
ds-gpa-ielts,69,Arab National Bank (ANB),COOP Trainee,Data science student with GPA 4.5 and IELTS looking for internship in Riyadh.,DS,Riyadh,sql; python,,Internship,On-site,44.67,46.63110315022711,1.9611031502271103,1.9611031502271103,83,87
ds-gpa-ielts,70,Tamara,Builders Program,Data science student with GPA 4.5 and IELTS looking for internship in Riyadh.,DS,Riyadh,sql; python,,Internship,On-site,44.67,46.63110315022711,1.9611031502271103,1.9611031502271103,84,88
ds-gpa-ielts,73,The Saudi Investment Bank (SAIB),Cooperative Program,Data science student with GPA 4.5 and IELTS looking for internship in Riyadh.,DS,Riyadh,sql; python,,Internship,On-site,44.67,47.9533597111448,3.283359711144797,3.283359711144797,85,69
ds-gpa-ielts,74,Saudi Awwal Bank (SAB),COOP Program,Data science student with GPA 4.5 and IELTS looking for internship in Riyadh.,DS,Riyadh,sql; python,,Internship,On-site,44.67,47.9533597111448,3.283359711144797,3.283359711144797,86,70
ds-gpa-ielts,75,Riyad Bank,Internships and Coop Trainings (CSR 2019),Data science student with GPA 4.5 and IELTS looking for internship in Riyadh.,DS,Riyadh,sql; python,,Internship,On-site,44.67,45.121972894597526,0.45197289459752454,0.45197289459752454,87,96
ds-gpa-ielts,100,Saudi Awwal Bank (SAB),Student Opportunities: Cooperative / Practical Training,Data science student with GPA 4.5 and IELTS looking for internship in Riyadh.,DS,Riyadh,sql; python,,Internship,On-site,44.67,47.9533597111448,3.283359711144797,3.283359711144797,88,72
ds-gpa-ielts,106,Bank AlJazira,Tamheer Program,Data science student with GPA 4.5 and IELTS looking for internship in Riyadh.,DS,Riyadh,sql; python,,Internship,On-site,44.67,47.76227384873847,3.092273848738465,3.092273848738465,89,78
ds-gpa-ielts,147,nybl,nybl Graduate Programme – Saudi Nationals (AI Bootcamp),Data science student with GPA 4.5 and IELTS looking for internship in Riyadh.,DS,Riyadh,sql; python,,Internship,On-site,44.67,46.57690153564756,1.906901535647556,1.906901535647556,90,89
ds-gpa-ielts,9,PwC Middle East,"Deals, COOP and Summer Internship Programme (2026)",Data science student with GPA 4.5 and IELTS looking for internship in Riyadh.,DS,Riyadh,sql; python,,Internship,On-site,44.5,40.29933018921309,-4.200669810786913,4.200669810786913,91,138
ds-gpa-ielts,10,Deloitte Middle East (KSA),Jusoor Al Sharqiyah Internship Program,Data science student with GPA 4.5 and IELTS looking for internship in Riyadh.,DS,Riyadh,sql; python,,Internship,On-site,44.5,47.75989308464808,3.259893084648077,3.259893084648077,92,79
ds-gpa-ielts,16,McKinsey & Company (Maqdira),Maqdira Fellowship Program,Data science student with GPA 4.5 and IELTS looking for internship in Riyadh.,DS,Riyadh,sql; python,,Internship,On-site,44.5,39.38286359449744,-5.117136405502563,5.117136405502563,93,153
ds-gpa-ielts,27,"Saudi Standards, Metrology and Quality Organization (SASO)",Cooperative Training (Collaborative Training),Data science student with GPA 4.5 and IELTS looking for internship in Riyadh.,DS,Riyadh,sql; python,,Internship,On-site,44.5,42.752952416051535,-1.747047583948465,1.747047583948465,94,120
ds-gpa-ielts,36,PwC Middle East (Assurance COOP & Summer Internship Programme 2026),"Assurance, COOP and Summer Internship Programme 2026 – Middle East",Data science student with GPA 4.5 and IELTS looking for internship in Riyadh.,DS,Riyadh,sql; python,,Internship,On-site,44.5,41.958574416930055,-2.5414255830699446,2.5414255830699446,95,125
ds-gpa-ielts,96,flynas,COOP Trainee / Internship Program,Data science student with GPA 4.5 and IELTS looking for internship in Riyadh.,DS,Riyadh,sql; python,,Internship,On-site,44.5,39.52273490097217,-4.977265099027832,4.977265099027832,96,149
ds-gpa-ielts,104,Zain KSA,Zain Pioneers Program,Data science student with GPA 4.5 and IELTS looking for internship in Riyadh.,DS,Riyadh,sql; python,,Internship,On-site,44.5,42.941515925461815,-1.5584840745381854,1.5584840745381854,97,115
ds-gpa-ielts,129,WalaPlus,Coop & Tamheer Opportunities,Data science student with GPA 4.5 and IELTS looking for internship in Riyadh.,DS,Riyadh,sql; python,,Internship,On-site,44.5,42.752952416051535,-1.747047583948465,1.747047583948465,98,122
ds-gpa-ielts,130,Aon,IT Co-op Trainee 2026,Data science student with GPA 4.5 and IELTS looking for internship in Riyadh.,DS,Riyadh,sql; python,,Internship,On-site,44.5,42.80480274382002,-1.6951972561799806,1.6951972561799806,99,117
ds-gpa-ielts,131,Hewlett Packard Enterprise (HPE),College Intern (Coop),Data science student with GPA 4.5 and IELTS looking for internship in Riyadh.,DS,Riyadh,sql; python,,Internship,On-site,44.5,42.80480274382002,-1.6951972561799806,1.6951972561799806,100,118
ds-gpa-ielts,132,Signify,KSA Coop Internship Program,Data science student with GPA 4.5 and IELTS looking for internship in Riyadh.,DS,Riyadh,sql; python,,Internship,On-site,44.5,42.752952416051535,-1.747047583948465,1.747047583948465,101,123
ds-gpa-ielts,151,Motorola Solutions,Deployment Engineer Intern (KSA National - Tamheer Program),Data science student with GPA 4.5 and IELTS looking for internship in Riyadh.,DS,Riyadh,sql; python,,Internship,On-site,44.5,44.70786241155056,0.20786241155055762,0.20786241155055762,102,100
ds-gpa-ielts,153,Lockheed Martin,Tamheer Space Internship (Riyadh),Data science student with GPA 4.5 and IELTS looking for internship in Riyadh.,DS,Riyadh,sql; python,,Internship,On-site,44.5,41.877534046016834,-2.6224659539831663,2.6224659539831663,103,128
ds-gpa-ielts,11,Bank Albilad,Cooperative & Summer Training Program,Data science student with GPA 4.5 and IELTS looking for internship in Riyadh.,DS,Riyadh,sql; python,,Internship,On-site,44.17,43.56362038916309,-0.6063796108369104,0.6063796108369104,104,111
ds-gpa-ielts,113,AILA,Co-op Training Programme,Data science student with GPA 4.5 and IELTS looking for internship in Riyadh.,DS,Riyadh,sql; python,,Internship,On-site,44.17,48.728337235138696,4.558337235138694,4.558337235138694,105,57
ds-gpa-ielts,40,Saudi Power Procurement Company (SPPC) – Future Power (Business Admin COOP),Future Power – Business Administration COOP Training Program,Data science student with GPA 4.5 and IELTS looking for internship in Riyadh.,DS,Riyadh,sql; python,,Internship,On-site,43.33,40.81518942584925,-2.5148105741507507,2.5148105741507507,106,134
ds-gpa-ielts,46,ROSHN | COOP Trainee Program,COOP Trainee Program,Data science student with GPA 4.5 and IELTS looking for internship in Riyadh.,DS,Riyadh,sql; python,,Internship,On-site,43.33,41.098798553641664,-2.231201446358334,2.231201446358334,107,130
ds-gpa-ielts,66,Ministry of Finance (Saudi Arabia),Cooperative Training Program (Ministry of Finance),Data science student with GPA 4.5 and IELTS looking for internship in Riyadh.,DS,Riyadh,sql; python,,Internship,On-site,43.33,40.29933018921309,-3.030669810786911,3.030669810786911,108,142
ds-gpa-ielts,68,Banque Saudi Fransi (BSF),COOP Training,Data science student with GPA 4.5 and IELTS looking for internship in Riyadh.,DS,Riyadh,sql; python,,Internship,On-site,43.33,45.121972894597526,1.791972894597528,1.791972894597528,109,95
ds-gpa-ielts,83,CEER,Cooperative Training Program (COOP),Data science student with GPA 4.5 and IELTS looking for internship in Riyadh.,DS,Riyadh,sql; python,,Internship,On-site,43.33,39.52273490097217,-3.8072650990278305,3.8072650990278305,110,147
ds-gpa-ielts,87,Banque Saudi Fransi (BSF),Coop Training Program,Data science student with GPA 4.5 and IELTS looking for internship in Riyadh.,DS,Riyadh,sql; python,,Internship,On-site,43.33,44.78826040979251,1.4582604097925085,1.4582604097925085,111,98
ds-gpa-ielts,89,SAMI Advanced Electronics (SAMI-AEC),Coop Trainee,Data science student with GPA 4.5 and IELTS looking for internship in Riyadh.,DS,Riyadh,sql; python,,Internship,On-site,43.33,44.187992444563605,0.8579924445636067,0.8579924445636067,112,106
ds-gpa-ielts,95,ARDARA,COOP Training for Students,Data science student with GPA 4.5 and IELTS looking for internship in Riyadh.,DS,Riyadh,sql; python,,Internship,On-site,43.33,39.52273490097217,-3.8072650990278305,3.8072650990278305,113,148
ds-gpa-ielts,101,Alvarez & Marsal,COOP Training Program,Data science student with GPA 4.5 and IELTS looking for internship in Riyadh.,DS,Riyadh,sql; python,,Internship,On-site,43.33,44.187992444563605,0.8579924445636067,0.8579924445636067,114,109
ds-gpa-ielts,117,Diriyah Company,Diriyah Co-op Training Program,Data science student with GPA 4.5 and IELTS looking for internship in Riyadh.,DS,Riyadh,sql; python,,Internship,On-site,43.33,38.55301484414125,-4.776985155858746,4.776985155858746,115,162
ds-gpa-ielts,118,Riyadh Air,Co-op – Riyadh Air,Data science student with GPA 4.5 and IELTS looking for internship in Riyadh.,DS,Riyadh,sql; python,,Internship,On-site,43.33,39.52273490097217,-3.8072650990278305,3.8072650990278305,116,151
ds-gpa-ielts,120,Lumi | لومي,COOP Intern 2025 – Lumi,Data science student with GPA 4.5 and IELTS looking for internship in Riyadh.,DS,Riyadh,sql; python,,Internship,On-site,43.33,38.84578736331817,-4.484212636681825,4.484212636681825,117,159
ds-gpa-ielts,4,Saudi National Bank (SNB),SNB Cooperative Training Program,Data science student with GPA 4.5 and IELTS looking for internship in Riyadh.,DS,Riyadh,sql; python,,Internship,On-site,43.0,47.87467233791691,4.874672337916913,4.874672337916913,118,74
ds-gpa-ielts,21,Google (Saudi Arabia),Google Careers (Saudi location filter),Data science student with GPA 4.5 and IELTS looking for internship in Riyadh.,DS,Riyadh,sql; python,,Internship,On-site,43.0,46.36750093529403,3.367500935294032,3.367500935294032,119,90
ds-gpa-ielts,81,Bank Albilad,Cooperative Training Program,Data science student with GPA 4.5 and IELTS looking for internship in Riyadh.,DS,Riyadh,sql; python,,Internship,On-site,43.0,48.30538187109892,5.305381871098923,5.305381871098923,120,60
ds-gpa-ielts,171,Infosys,Summer Intern (Infosys InStep ’26 – Bangalore),Data science student with GPA 4.5 and IELTS looking for internship in Riyadh.,DS,Riyadh,sql; python,,Internship,On-site,43.0,50.03602589792561,7.036025897925612,7.036025897925612,121,48
ds-gpa-ielts,48,Oracle | Business Development Intern (KSA market),Business Development Intern (KSA market),Data science student with GPA 4.5 and IELTS looking for internship in Riyadh.,DS,Riyadh,sql; python,,Internship,On-site,41.5,45.22624905196543,3.726249051965432,3.726249051965432,122,94
ds-gpa-ielts,126,Trendyol Group,Trendyol Tech Talent - Bootcamp & COOP Internship Program (Saudi Students Only),Data science student with GPA 4.5 and IELTS looking for internship in Riyadh.,DS,Riyadh,sql; python,,Internship,On-site,41.0,45.510679053273805,4.510679053273805,4.510679053273805,123,93
ds-gpa-ielts,127,Ninja نينجا,COOP Training Program,Data science student with GPA 4.5 and IELTS looking for internship in Riyadh.,DS,Riyadh,sql; python,,Internship,On-site,41.0,36.15551652587239,-4.844483474127607,4.844483474127607,124,167
ds-gpa-ielts,3,stc (Saudi Telecom Company),Cooperative Training Program (COOP),Data science student with GPA 4.5 and IELTS looking for internship in Riyadh.,DS,Riyadh,sql; python,,Internship,On-site,40.0,48.16752633992914,8.16752633992914,8.16752633992914,125,62
ds-gpa-ielts,7,Digital Government Authority (DGA),Maidan Cooperative Training Program,Data science student with GPA 4.5 and IELTS looking for internship in Riyadh.,DS,Riyadh,sql; python,,Internship,On-site,40.0,38.848911017489776,-1.151088982510224,1.151088982510224,126,156
ds-gpa-ielts,13,Bupa Arabia,Cooperative Training Program,Data science student with GPA 4.5 and IELTS looking for internship in Riyadh.,DS,Riyadh,sql; python,,Internship,On-site,40.0,38.55301484414125,-1.4469851558587479,1.4469851558587479,127,161
ds-gpa-ielts,15,Local Content and Government Procurement Authority (LCGPA),COOP Training (role posting),Data science student with GPA 4.5 and IELTS looking for internship in Riyadh.,DS,Riyadh,sql; python,,Internship,On-site,40.0,38.84578736331817,-1.1542126366818266,1.1542126366818266,128,158
ds-gpa-ielts,17,Boston Consulting Group (BCG),Visiting Associate Internship (Riyadh),Data science student with GPA 4.5 and IELTS looking for internship in Riyadh.,DS,Riyadh,sql; python,,Internship,On-site,40.0,48.16752633992914,8.16752633992914,8.16752633992914,129,63
ds-gpa-ielts,18,Bain & Company,COOP Training Program (Riyadh),Data science student with GPA 4.5 and IELTS looking for internship in Riyadh.,DS,Riyadh,sql; python,,Internship,On-site,40.0,39.067782365553455,-0.9322176344465447,0.9322176344465447,130,154
ds-gpa-ielts,25,Elm,Elm Co-op Training Program (March 2026 Intake),Data science student with GPA 4.5 and IELTS looking for internship in Riyadh.,DS,Riyadh,sql; python,,Internship,On-site,40.0,38.50294774194376,-1.497052258056243,1.497052258056243,131,163
ds-gpa-ielts,30,EXPRO,COOP Training (Future Makers Program),Data science student with GPA 4.5 and IELTS looking for internship in Riyadh.,DS,Riyadh,sql; python,,Internship,On-site,40.0,39.067782365553455,-0.9322176344465447,0.9322176344465447,132,155
ds-gpa-ielts,33,National Center for Vegetation Cover Development & Combating Desertification (NCVC),COOP Training Program,Data science student with GPA 4.5 and IELTS looking for internship in Riyadh.,DS,Riyadh,sql; python,,Internship,On-site,40.0,40.29933018921309,0.2993301892130873,0.2993301892130873,133,139
ds-gpa-ielts,34,Saudi Power Procurement Company (SPPC),Future Power – COOP Training Program,Data science student with GPA 4.5 and IELTS looking for internship in Riyadh.,DS,Riyadh,sql; python,,Internship,On-site,40.0,39.52273490097217,-0.4772650990278322,0.4772650990278322,134,144
ds-gpa-ielts,35,TBC (Tatweer Building Company),Cooperative Training Program,Data science student with GPA 4.5 and IELTS looking for internship in Riyadh.,DS,Riyadh,sql; python,,Internship,On-site,40.0,40.29933018921309,0.2993301892130873,0.2993301892130873,135,140
ds-gpa-ielts,65,Expenditure & Projects Efficiency Authority (EXPRO),Future Makers (صنّاع المستقبل) – Cooperative Training,Data science student with GPA 4.5 and IELTS looking for internship in Riyadh.,DS,Riyadh,sql; python,,Internship,On-site,40.0,40.29933018921309,0.2993301892130873,0.2993301892130873,136,141
ds-gpa-ielts,67,General Entertainment Authority (GEA),GEA Cooperative Training Program,Data science student with GPA 4.5 and IELTS looking for internship in Riyadh.,DS,Riyadh,sql; python,,Internship,On-site,40.0,39.52273490097217,-0.4772650990278322,0.4772650990278322,137,145
ds-gpa-ielts,88,Tech Economy,COOP Training Program,Data science student with GPA 4.5 and IELTS looking for internship in Riyadh.,DS,Riyadh,sql; python,,Internship,On-site,40.0,44.187992444563605,4.187992444563605,4.187992444563605,138,105
ds-gpa-ielts,99,Mobily,Cooperative Training Program,Data science student with GPA 4.5 and IELTS looking for internship in Riyadh.,DS,Riyadh,sql; python,,Internship,On-site,40.0,44.187992444563605,4.187992444563605,4.187992444563605,139,108
ds-gpa-ielts,102,Visa,COOP Trainee (Jan 2026),Data science student with GPA 4.5 and IELTS looking for internship in Riyadh.,DS,Riyadh,sql; python,,Internship,On-site,40.0,41.098798553641664,1.0987985536416645,1.0987985536416645,140,131
ds-gpa-ielts,103,Zain KSA,Evolve Program (Fresh Graduates),Data science student with GPA 4.5 and IELTS looking for internship in Riyadh.,DS,Riyadh,sql; python,,Internship,On-site,40.0,42.85915416706377,2.859154167063771,2.859154167063771,141,116
ds-gpa-ielts,105,Savvy Games Group,Cooperative Training Program (Co-op),Data science student with GPA 4.5 and IELTS looking for internship in Riyadh.,DS,Riyadh,sql; python,,Internship,On-site,40.0,44.187992444563605,4.187992444563605,4.187992444563605,142,110
ds-gpa-ielts,111,EJADA,COOP Administration & Support Engineer,Data science student with GPA 4.5 and IELTS looking for internship in Riyadh.,DS,Riyadh,sql; python,,Internship,On-site,40.0,44.77698682343826,4.776986823438257,4.776986823438257,143,99
ds-gpa-ielts,121,webook.com,COOP Trainee Opportunities – webook.com,Data science student with GPA 4.5 and IELTS looking for internship in Riyadh.,DS,Riyadh,sql; python,,Internship,On-site,40.0,39.52273490097217,-0.4772650990278322,0.4772650990278322,144,152
ds-gpa-ielts,51,Ministry of Finance (Saudi Arabia) | Cooperative Training Program,Cooperative Training Program,Data science student with GPA 4.5 and IELTS looking for internship in Riyadh.,DS,Riyadh,sql; python,,Internship,On-site,39.83,35.72166171230453,-4.108338287695467,4.108338287695467,145,168
ds-gpa-ielts,5,Al Rajhi Bank,Cooperative Training Program,Data science student with GPA 4.5 and IELTS looking for internship in Riyadh.,DS,Riyadh,sql; python,,Internship,On-site,39.67,46.04573033732208,6.375730337322075,6.375730337322075,146,91
ds-gpa-ielts,157,Nahdi Medical Co.,IT Internship / COOP Program (6 months),Data science student with GPA 4.5 and IELTS looking for internship in Riyadh.,DS,Riyadh,sql; python,,Internship,On-site,39.5,41.958574416930055,2.4585744169300554,2.4585744169300554,147,127
ds-gpa-ielts,45,NEOM | GrOW (Graduates Opportunities in Work),GrOW (Graduates Opportunities in Work),Data science student with GPA 4.5 and IELTS looking for internship in Riyadh.,DS,Riyadh,sql; python,,Internship,On-site,39.33,40.45564321441108,1.1256432144110846,1.1256432144110846,148,136
ds-gpa-ielts,97,Saudi Motorsport Company (SMC),COOP Trainee (IT Asset Project Management),Data science student with GPA 4.5 and IELTS looking for internship in Riyadh.,DS,Riyadh,sql; python,,Internship,On-site,39.17,48.16752633992914,8.997526339929138,8.997526339929138,149,66
ds-gpa-ielts,116,Lucidya,Technical Internship or Coop – Lucidya,Data science student with GPA 4.5 and IELTS looking for internship in Riyadh.,DS,Riyadh,sql; python,,Internship,On-site,39.17,52.707582982633525,13.537582982633523,13.537582982633523,150,34
ds-gpa-ielts,98,Saudi Motorsport Company (SMC),COOP Trainee (Supply Chain Excellence Associate),Data science student with GPA 4.5 and IELTS looking for internship in Riyadh.,DS,Riyadh,sql; python,,Internship,On-site,39.0,51.9919245475534,12.991924547553403,12.991924547553403,151,36
ds-gpa-ielts,90,NHC,COOP Trainee,Data science student with GPA 4.5 and IELTS looking for internship in Riyadh.,DS,Riyadh,sql; python,,Internship,On-site,38.33,44.187992444563605,5.857992444563607,5.857992444563607,152,107
ds-gpa-ielts,26,Yasref,Yasref Cooperative Training Program,Data science student with GPA 4.5 and IELTS looking for internship in Riyadh.,DS,Riyadh,sql; python,,Internship,On-site,37.5,42.752952416051535,5.252952416051535,5.252952416051535,153,119
ds-gpa-ielts,55,SAMA | SAMA Professional Program (SPP),SAMA Professional Program (SPP),Data science student with GPA 4.5 and IELTS looking for internship in Riyadh.,DS,Riyadh,sql; python,,Internship,On-site,36.5,36.95583278784412,0.4558327878441233,0.4558327878441233,154,166
ds-gpa-ielts,165,Innovative Solutions SA,Presales - Tamheer,Data science student with GPA 4.5 and IELTS looking for internship in Riyadh.,DS,Riyadh,sql; python,,Internship,On-site,36.5,43.27825075074051,6.778250750740511,6.778250750740511,155,113
ds-gpa-ielts,167,TAM | تام,"Tamheer Opportunity, Advisory",Data science student with GPA 4.5 and IELTS looking for internship in Riyadh.,DS,Riyadh,sql; python,,Internship,On-site,36.5,20.502869511662105,-15.997130488337895,15.997130488337895,156,171
ds-gpa-ielts,168,هيئة التأمين | Insurance Authority,Tamheer Opportunity - Specialist of Information Security,Data science student with GPA 4.5 and IELTS looking for internship in Riyadh.,DS,Riyadh,sql; python,,Internship,On-site,36.5,40.33820937637552,3.8382093763755165,3.8382093763755165,157,137
ds-gpa-ielts,2,SABIC,COOP Training Program,Data science student with GPA 4.5 and IELTS looking for internship in Riyadh.,DS,Riyadh,sql; python,,Internship,On-site,36.33,38.84578736331817,2.515787363318175,2.515787363318175,158,157
ds-gpa-ielts,8,KPMG Saudi Arabia,COOP & Internship Programs,Data science student with GPA 4.5 and IELTS looking for internship in Riyadh.,DS,Riyadh,sql; python,,Internship,On-site,35.0,39.52273490097217,4.522734900972168,4.522734900972168,159,143
ds-gpa-ielts,14,Saudi Exports (Saudi Export Development Authority),COOP & Summer Training (FAQ-confirmed),Data science student with GPA 4.5 and IELTS looking for internship in Riyadh.,DS,Riyadh,sql; python,,Internship,On-site,35.0,38.64481003943819,3.644810039438191,3.644810039438191,160,160
ds-gpa-ielts,28,"Zakat, Tax and Customs Authority (ZATCA)",Binaa-Alkafaat Program,Data science student with GPA 4.5 and IELTS looking for internship in Riyadh.,DS,Riyadh,sql; python,,Internship,On-site,35.0,37.809699142745686,2.8096991427456857,2.8096991427456857,161,165
ds-gpa-ielts,32,TBC (The Beauty Company),Cooperative Training Program,Data science student with GPA 4.5 and IELTS looking for internship in Riyadh.,DS,Riyadh,sql; python,,Internship,On-site,35.0,38.50294774194376,3.502947741943757,3.502947741943757,162,164
ds-gpa-ielts,39,Saudi Food & Drug Authority (SFDA),COOP training (First semester 2025-2026 intake),Data science student with GPA 4.5 and IELTS looking for internship in Riyadh.,DS,Riyadh,sql; python,,Internship,On-site,35.0,44.187992444563605,9.187992444563605,9.187992444563605,163,104
ds-gpa-ielts,112,Emdad By Elm,Network Cooperative Training (Network Intern),Data science student with GPA 4.5 and IELTS looking for internship in Riyadh.,DS,Riyadh,sql; python,,Internship,On-site,34.5,44.571147040008384,10.071147040008384,10.071147040008384,164,102
ds-gpa-ielts,115,Salla,برنامج التدريب التعاوني (Coop Training) – Salla,Data science student with GPA 4.5 and IELTS looking for internship in Riyadh.,DS,Riyadh,sql; python,,Internship,On-site,34.5,39.52273490097217,5.022734900972168,5.022734900972168,165,150
ds-gpa-ielts,152,Schneider Electric,Co-op Intern (Engineering) - Al Khobar (Jan–Aug 2026),Data science student with GPA 4.5 and IELTS looking for internship in Riyadh.,DS,Riyadh,sql; python,,Internship,On-site,34.5,43.56362038916309,9.063620389163091,9.063620389163091,166,112
ds-gpa-ielts,1,Saudi Aramco,University Internship Program (UIP),Data science student with GPA 4.5 and IELTS looking for internship in Riyadh.,DS,Riyadh,sql; python,,Internship,On-site,33.33,40.81518942584925,7.485189425849249,7.485189425849249,167,133
ds-gpa-ielts,38,BSF (Banque Saudi Fransi),COOP / Internship,Data science student with GPA 4.5 and IELTS looking for internship in Riyadh.,DS,Riyadh,sql; python,,Internship,On-site,33.33,44.187992444563605,10.857992444563607,10.857992444563607,168,103
ds-gpa-ielts,82,Saudi Ground Services (SGS),COOP Program,Data science student with GPA 4.5 and IELTS looking for internship in Riyadh.,DS,Riyadh,sql; python,,Internship,On-site,33.33,39.52273490097217,6.1927349009721695,6.1927349009721695,169,146
ds-gpa-ielts,52,Ministry of Industry and Mineral Resources | Cooperative Training,Cooperative Training Initiative,Data science student with GPA 4.5 and IELTS looking for internship in Riyadh.,DS,Riyadh,sql; python,,Internship,On-site,31.5,34.371558200351096,2.871558200351096,2.871558200351096,170,169
ds-gpa-ielts,56,HRDF | Cooperative Training Product,Cooperative Training Product,Data science student with GPA 4.5 and IELTS looking for internship in Riyadh.,DS,Riyadh,sql; python,,Internship,On-site,31.5,34.371558200351096,2.871558200351096,2.871558200351096,171,170
ds-gpa-ielts,29,Human Resources Development Fund (HRDF) – Cooperative Training Product,Cooperative Training (HRDF product),Data science student with GPA 4.5 and IELTS looking for internship in Riyadh.,DS,Riyadh,sql; python,,Internship,On-site,10.5,16.861776014648065,6.361776014648065,6.361776014648065,172,172
ds-gpa-ielts,31,Ministry of Industry and Mineral Resources (MIM) – Cooperative Training Initiative,Cooperative Training Initiative,Data science student with GPA 4.5 and IELTS looking for internship in Riyadh.,DS,Riyadh,sql; python,,Internship,On-site,10.5,16.861776014648065,6.361776014648065,6.361776014648065,173,173
ds-remote-coop,71,OmniOps,Co‑op Training Program,DS student seeking remote COOP in machine learning and data analysis.,DS,,python; pandas; scikit-learn,,COOP,Remote,62.33,60.975871633701374,-1.3541283662986245,1.3541283662986245,1,7
ds-remote-coop,108,Gathern,Co-op Program,DS student seeking remote COOP in machine learning and data analysis.,DS,,python; pandas; scikit-learn,,COOP,Remote,62.33,58.72171973601322,-3.608280263986778,3.608280263986778,2,14
ds-remote-coop,123,EjadTech - إيجاد التقنية,"Summer Internship Program 2025 (Computer, Data, and AI Majors)",DS student seeking remote COOP in machine learning and data analysis.,DS,,python; pandas; scikit-learn,,COOP,Remote,55.83,53.61646825616515,-2.2135317438348494,2.2135317438348494,3,45
ds-remote-coop,24,MOZN,Data Science Intern,DS student seeking remote COOP in machine learning and data analysis.,DS,,python; pandas; scikit-learn,,COOP,Remote,54.33,54.1305001862161,-0.1994998137838948,0.1994998137838948,4,36
ds-remote-coop,140,Bosch Middle East,Software Development Intern (AI/Cloud),DS student seeking remote COOP in machine learning and data analysis.,DS,,python; pandas; scikit-learn,,COOP,Remote,54.33,60.09442919285952,5.764429192859524,5.764429192859524,5,9
ds-remote-coop,113,AILA,Co-op Training Programme,DS student seeking remote COOP in machine learning and data analysis.,DS,,python; pandas; scikit-learn,,COOP,Remote,54.17,58.92960823612162,4.759608236121615,4.759608236121615,6,13
ds-remote-coop,145,HungerStation | هنقرستيشن,"Co-OP Trainee, Data Analysis – Info Sec",DS student seeking remote COOP in machine learning and data analysis.,DS,,python; pandas; scikit-learn,,COOP,Remote,53.83,65.66142007857373,11.831420078573728,11.831420078573728,7,1
ds-remote-coop,92,SDM,AI COOP,DS student seeking remote COOP in machine learning and data analysis.,DS,,python; pandas; scikit-learn,,COOP,Remote,51.17,55.53862968267449,4.368629682674488,4.368629682674488,8,32
ds-remote-coop,122,moneymoon,Tech & AI Co-op Program 2025,DS student seeking remote COOP in machine learning and data analysis.,DS,,python; pandas; scikit-learn,,COOP,Remote,51.17,64.22733436122964,13.057334361229636,13.057334361229636,9,2
ds-remote-coop,128,SCAI | سكاي,CO-OP Training Opportunities (Intern),DS student seeking remote COOP in machine learning and data analysis.,DS,,python; pandas; scikit-learn,,COOP,Remote,51.17,63.47351292099441,12.303512920994407,12.303512920994407,10,3
ds-remote-coop,163,Devoteam,Trainee - Future Leaders Program (Co-op/Fresh Graduate),DS student seeking remote COOP in machine learning and data analysis.,DS,,python; pandas; scikit-learn,,COOP,Remote,50.67,54.8892394746559,4.2192394746559,4.2192394746559,11,35
ds-remote-coop,11,Bank Albilad,Cooperative & Summer Training Program,DS student seeking remote COOP in machine learning and data analysis.,DS,,python; pandas; scikit-learn,,COOP,Remote,49.17,52.79396161993215,3.623961619932146,3.623961619932146,12,56
ds-remote-coop,12,Tamara,Tamara Builders Program,DS student seeking remote COOP in machine learning and data analysis.,DS,,python; pandas; scikit-learn,,COOP,Remote,49.17,55.06011131639482,5.890111316394815,5.890111316394815,13,34
ds-remote-coop,37,KAPSARC,Intern (Coop- Trainee),DS student seeking remote COOP in machine learning and data analysis.,DS,,python; pandas; scikit-learn,,COOP,Remote,49.17,57.42751878428741,8.257518784287406,8.257518784287406,14,17
ds-remote-coop,72,Tatweer Educational Technologies (TETCO),Cooperative Training Program,DS student seeking remote COOP in machine learning and data analysis.,DS,,python; pandas; scikit-learn,,COOP,Remote,49.17,59.71475736215404,10.544757362154037,10.544757362154037,15,10
ds-remote-coop,85,TAWAL,COOP Training Program,DS student seeking remote COOP in machine learning and data analysis.,DS,,python; pandas; scikit-learn,,COOP,Remote,49.17,59.71475736215404,10.544757362154037,10.544757362154037,16,11
ds-remote-coop,86,Wakeb_Data,COOP Training,DS student seeking remote COOP in machine learning and data analysis.,DS,,python; pandas; scikit-learn,,COOP,Remote,49.17,55.755578273242776,6.585578273242774,6.585578273242774,17,26
ds-remote-coop,93,HUED,HUED COOP Program 2026,DS student seeking remote COOP in machine learning and data analysis.,DS,,python; pandas; scikit-learn,,COOP,Remote,49.17,56.61088157347726,7.440881573477256,7.440881573477256,18,22
ds-remote-coop,94,Araamis • أرامس,Araamis COOP Program 2026,DS student seeking remote COOP in machine learning and data analysis.,DS,,python; pandas; scikit-learn,,COOP,Remote,49.17,55.755578273242776,6.585578273242774,6.585578273242774,19,27
ds-remote-coop,97,Saudi Motorsport Company (SMC),COOP Trainee (IT Asset Project Management),DS student seeking remote COOP in machine learning and data analysis.,DS,,python; pandas; scikit-learn,,COOP,Remote,49.17,55.755578273242776,6.585578273242774,6.585578273242774,20,28
ds-remote-coop,107,sirar by stc,Cooperative Training Program,DS student seeking remote COOP in machine learning and data analysis.,DS,,python; pandas; scikit-learn,,COOP,Remote,49.17,62.01140047732883,12.841400477328826,12.841400477328826,21,5
ds-remote-coop,116,Lucidya,Technical Internship or Coop – Lucidya,DS student seeking remote COOP in machine learning and data analysis.,DS,,python; pandas; scikit-learn,,COOP,Remote,49.17,62.41550204057362,13.24550204057362,13.24550204057362,22,4
ds-remote-coop,135,Golf Saudi,IT Co-op Trainee,DS student seeking remote COOP in machine learning and data analysis.,DS,,python; pandas; scikit-learn,,COOP,Remote,49.17,53.88356383173469,4.713563831734689,4.713563831734689,23,40
ds-remote-coop,137,1957 Ventures,Internship / Co-Op Program,DS student seeking remote COOP in machine learning and data analysis.,DS,,python; pandas; scikit-learn,,COOP,Remote,49.17,55.755578273242776,6.585578273242774,6.585578273242774,24,29
ds-remote-coop,141,Saudi Payments | المدفوعات السعودية,COOP Training – August 2024,DS student seeking remote COOP in machine learning and data analysis.,DS,,python; pandas; scikit-learn,,COOP,Remote,49.17,57.308447907697335,8.138447907697334,8.138447907697334,25,20
ds-remote-coop,142,Saudi Tadawul Group | تداول,Cooperative Training Program (COOP),DS student seeking remote COOP in machine learning and data analysis.,DS,,python; pandas; scikit-learn,,COOP,Remote,49.17,61.80065773907848,12.63065773907848,12.63065773907848,26,6
ds-remote-coop,126,Trendyol Group,Trendyol Tech Talent - Bootcamp & COOP Internship Program (Saudi Students Only),DS student seeking remote COOP in machine learning and data analysis.,DS,,python; pandas; scikit-learn,,COOP,Remote,46.0,53.0172276808372,7.017227680837202,7.017227680837202,27,54
ds-remote-coop,127,Ninja نينجا,COOP Training Program,DS student seeking remote COOP in machine learning and data analysis.,DS,,python; pandas; scikit-learn,,COOP,Remote,46.0,44.501346037110814,-1.4986539628891862,1.4986539628891862,28,144
ds-remote-coop,4,Saudi National Bank (SNB),SNB Cooperative Training Program,DS student seeking remote COOP in machine learning and data analysis.,DS,,python; pandas; scikit-learn,,COOP,Remote,44.67,55.33815510829322,10.66815510829322,10.66815510829322,29,33
ds-remote-coop,5,Al Rajhi Bank,Cooperative Training Program,DS student seeking remote COOP in machine learning and data analysis.,DS,,python; pandas; scikit-learn,,COOP,Remote,44.67,52.56533412772145,7.895334127721448,7.895334127721448,30,58
ds-remote-coop,6,Capital Market Authority (CMA),COOP Program,DS student seeking remote COOP in machine learning and data analysis.,DS,,python; pandas; scikit-learn,,COOP,Remote,44.67,52.2982126755521,7.628212675552099,7.628212675552099,31,60
ds-remote-coop,41,Bank Albilad,Cooperative and Summer Training Program,DS student seeking remote COOP in machine learning and data analysis.,DS,,python; pandas; scikit-learn,,COOP,Remote,44.67,52.88105334149205,8.211053341492047,8.211053341492047,32,55
ds-remote-coop,50,SAB (Saudi Awwal Bank) | Cooperative Training Programme (COOP),SAB Cooperative Training Programme (COOP),DS student seeking remote COOP in machine learning and data analysis.,DS,,python; pandas; scikit-learn,,COOP,Remote,44.67,55.755578273242776,11.085578273242774,11.085578273242774,33,25
ds-remote-coop,64,Al Rajhi Takaful,Cooperative Training Program,DS student seeking remote COOP in machine learning and data analysis.,DS,,python; pandas; scikit-learn,,COOP,Remote,44.67,53.549692348856965,8.879692348856963,8.879692348856963,34,46
ds-remote-coop,69,Arab National Bank (ANB),COOP Trainee,DS student seeking remote COOP in machine learning and data analysis.,DS,,python; pandas; scikit-learn,,COOP,Remote,44.67,50.41316331836098,5.743163318360978,5.743163318360978,35,79
ds-remote-coop,70,Tamara,Builders Program,DS student seeking remote COOP in machine learning and data analysis.,DS,,python; pandas; scikit-learn,,COOP,Remote,44.67,50.41316331836098,5.743163318360978,5.743163318360978,36,80
ds-remote-coop,73,The Saudi Investment Bank (SAIB),Cooperative Program,DS student seeking remote COOP in machine learning and data analysis.,DS,,python; pandas; scikit-learn,,COOP,Remote,44.67,53.549692348856965,8.879692348856963,8.879692348856963,37,47
ds-remote-coop,74,Saudi Awwal Bank (SAB),COOP Program,DS student seeking remote COOP in machine learning and data analysis.,DS,,python; pandas; scikit-learn,,COOP,Remote,44.67,52.188451510549896,7.518451510549895,7.518451510549895,38,63
ds-remote-coop,75,Riyad Bank,Internships and Coop Trainings (CSR 2019),DS student seeking remote COOP in machine learning and data analysis.,DS,,python; pandas; scikit-learn,,COOP,Remote,44.67,50.41316331836098,5.743163318360978,5.743163318360978,39,81
ds-remote-coop,81,Bank Albilad,Cooperative Training Program,DS student seeking remote COOP in machine learning and data analysis.,DS,,python; pandas; scikit-learn,,COOP,Remote,44.67,53.549692348856965,8.879692348856963,8.879692348856963,40,48
ds-remote-coop,84,Al Rajhi Takaful,Coop Training Program,DS student seeking remote COOP in machine learning and data analysis.,DS,,python; pandas; scikit-learn,,COOP,Remote,44.67,53.549692348856965,8.879692348856963,8.879692348856963,41,49
ds-remote-coop,100,Saudi Awwal Bank (SAB),Student Opportunities: Cooperative / Practical Training,DS student seeking remote COOP in machine learning and data analysis.,DS,,python; pandas; scikit-learn,,COOP,Remote,44.67,53.549692348856965,8.879692348856963,8.879692348856963,42,50
ds-remote-coop,9,PwC Middle East,"Deals, COOP and Summer Internship Programme (2026)",DS student seeking remote COOP in machine learning and data analysis.,DS,,python; pandas; scikit-learn,,COOP,Remote,44.5,47.84845597691464,3.348455976914643,3.348455976914643,43,99
ds-remote-coop,16,McKinsey & Company (Maqdira),Maqdira Fellowship Program,DS student seeking remote COOP in machine learning and data analysis.,DS,,python; pandas; scikit-learn,,COOP,Remote,44.5,45.49989265289591,0.9998926528959089,0.9998926528959089,44,130
ds-remote-coop,27,"Saudi Standards, Metrology and Quality Organization (SASO)",Cooperative Training (Collaborative Training),DS student seeking remote COOP in machine learning and data analysis.,DS,,python; pandas; scikit-learn,,COOP,Remote,44.5,50.428006541858416,5.928006541858416,5.928006541858416,45,75
ds-remote-coop,36,PwC Middle East (Assurance COOP & Summer Internship Programme 2026),"Assurance, COOP and Summer Internship Programme 2026 – Middle East",DS student seeking remote COOP in machine learning and data analysis.,DS,,python; pandas; scikit-learn,,COOP,Remote,44.5,49.36264518897306,4.862645188973062,4.862645188973062,46,84
ds-remote-coop,62,General Authority for Statistics (GASTAT),Cooperative Training Program,DS student seeking remote COOP in machine learning and data analysis.,DS,,python; pandas; scikit-learn,,COOP,Remote,44.5,53.76774801024072,9.267748010240723,9.267748010240723,47,41
ds-remote-coop,63,Saudi Center for Opinion Polling (SCOP),Cooperative Training Program,DS student seeking remote COOP in machine learning and data analysis.,DS,,python; pandas; scikit-learn,,COOP,Remote,44.5,53.76774801024072,9.267748010240723,9.267748010240723,48,42
ds-remote-coop,91,REMAT ADVANCED,Cooperative Training Program,DS student seeking remote COOP in machine learning and data analysis.,DS,,python; pandas; scikit-learn,,COOP,Remote,44.5,50.428006541858416,5.928006541858416,5.928006541858416,49,76
ds-remote-coop,96,flynas,COOP Trainee / Internship Program,DS student seeking remote COOP in machine learning and data analysis.,DS,,python; pandas; scikit-learn,,COOP,Remote,44.5,45.653164160490114,1.153164160490114,1.153164160490114,50,127
ds-remote-coop,98,Saudi Motorsport Company (SMC),COOP Trainee (Supply Chain Excellence Associate),DS student seeking remote COOP in machine learning and data analysis.,DS,,python; pandas; scikit-learn,,COOP,Remote,44.5,56.946582122537166,12.446582122537166,12.446582122537166,51,21
ds-remote-coop,109,Elm Company (شركة علم),Coop Training - Computer Science (Jan/Mar/Jun/Aug 2025 Intake),DS student seeking remote COOP in machine learning and data analysis.,DS,,python; pandas; scikit-learn,,COOP,Remote,44.5,47.84845597691464,3.348455976914643,3.348455976914643,52,102
ds-remote-coop,110,Elm Company (شركة علم),Co-Op Training - Information Technology (Jun & Aug 2025 Intake),DS student seeking remote COOP in machine learning and data analysis.,DS,,python; pandas; scikit-learn,,COOP,Remote,44.5,49.36264518897306,4.862645188973062,4.862645188973062,53,86
ds-remote-coop,112,Emdad By Elm,Network Cooperative Training (Network Intern),DS student seeking remote COOP in machine learning and data analysis.,DS,,python; pandas; scikit-learn,,COOP,Remote,44.5,53.88356383173469,9.38356383173469,9.38356383173469,54,39
ds-remote-coop,115,Salla,برنامج التدريب التعاوني (Coop Training) – Salla,DS student seeking remote COOP in machine learning and data analysis.,DS,,python; pandas; scikit-learn,,COOP,Remote,44.5,45.65004050631851,1.1500405063185113,1.1500405063185113,55,128
ds-remote-coop,129,WalaPlus,Coop & Tamheer Opportunities,DS student seeking remote COOP in machine learning and data analysis.,DS,,python; pandas; scikit-learn,,COOP,Remote,44.5,50.428006541858416,5.928006541858416,5.928006541858416,56,77
ds-remote-coop,130,Aon,IT Co-op Trainee 2026,DS student seeking remote COOP in machine learning and data analysis.,DS,,python; pandas; scikit-learn,,COOP,Remote,44.5,50.91281684304859,6.412816843048589,6.412816843048589,57,71
ds-remote-coop,131,Hewlett Packard Enterprise (HPE),College Intern (Coop),DS student seeking remote COOP in machine learning and data analysis.,DS,,python; pandas; scikit-learn,,COOP,Remote,44.5,50.91281684304859,6.412816843048589,6.412816843048589,58,72
ds-remote-coop,132,Signify,KSA Coop Internship Program,DS student seeking remote COOP in machine learning and data analysis.,DS,,python; pandas; scikit-learn,,COOP,Remote,44.5,50.428006541858416,5.928006541858416,5.928006541858416,59,78
ds-remote-coop,146,NCGR | المركز الوطني لنظم الموارد الحكومية,Coop Training Program,DS student seeking remote COOP in machine learning and data analysis.,DS,,python; pandas; scikit-learn,,COOP,Remote,44.5,53.549692348856965,9.049692348856965,9.049692348856965,60,51
ds-remote-coop,149,New Murabba | المربع الجديد,New Murabba Co-op Training Program,DS student seeking remote COOP in machine learning and data analysis.,DS,,python; pandas; scikit-learn,,COOP,Remote,44.5,49.36264518897306,4.862645188973062,4.862645188973062,61,87
ds-remote-coop,152,Schneider Electric,Co-op Intern (Engineering) - Al Khobar (Jan–Aug 2026),DS student seeking remote COOP in machine learning and data analysis.,DS,,python; pandas; scikit-learn,,COOP,Remote,44.5,50.91281684304859,6.412816843048589,6.412816843048589,62,73
ds-remote-coop,157,Nahdi Medical Co.,IT Internship / COOP Program (6 months),DS student seeking remote COOP in machine learning and data analysis.,DS,,python; pandas; scikit-learn,,COOP,Remote,44.5,49.36264518897306,4.862645188973062,4.862645188973062,63,88
ds-remote-coop,76,Tabby,Intern DevOps Engineer,DS student seeking remote COOP in machine learning and data analysis.,DS,,python; pandas; scikit-learn,,COOP,Remote,44.17,55.59658542606098,11.426585426060981,11.426585426060981,64,31
ds-remote-coop,77,Tabby,Intern Backend (GO) Engineer,DS student seeking remote COOP in machine learning and data analysis.,DS,,python; pandas; scikit-learn,,COOP,Remote,44.17,57.378397131423554,13.208397131423553,13.208397131423553,65,18
ds-remote-coop,156,Meel | ميل,"Software Developer Internship (Remote, min 2 months)",DS student seeking remote COOP in machine learning and data analysis.,DS,,python; pandas; scikit-learn,,COOP,Remote,44.17,57.378397131423554,13.208397131423553,13.208397131423553,66,19
ds-remote-coop,161,AFNOYS,"AI Automation Intern - KSA (Remote, 4 weeks)",DS student seeking remote COOP in machine learning and data analysis.,DS,,python; pandas; scikit-learn,,COOP,Remote,44.17,55.65911928751819,11.489119287518186,11.489119287518186,67,30
ds-remote-coop,170,2P Perfect Presentation,Data Analyst (Tamheer),DS student seeking remote COOP in machine learning and data analysis.,DS,,python; pandas; scikit-learn,,COOP,Remote,43.33,46.5218529725004,3.1918529725003992,3.1918529725003992,68,114
ds-remote-coop,173,Abunayyan Holding,Data Analyst (Tamheer),DS student seeking remote COOP in machine learning and data analysis.,DS,,python; pandas; scikit-learn,,COOP,Remote,43.33,43.22509308884425,-0.10490691115575146,0.10490691115575146,69,147
ds-remote-coop,162,SAS,CareerStart@SAS 2026 - Presales Customer Intelligence Intern (Riyadh),DS student seeking remote COOP in machine learning and data analysis.,DS,,python; pandas; scikit-learn,,COOP,Remote,42.67,52.17355901989896,9.503559019898958,9.503559019898958,70,64
ds-remote-coop,164,ضالتي Dhallaty,Tech Intern: Fresh Grad or Student,DS student seeking remote COOP in machine learning and data analysis.,DS,,python; pandas; scikit-learn,,COOP,Remote,42.67,52.17355901989896,9.503559019898958,9.503559019898958,71,65
ds-remote-coop,169,Snbla | سنبله,Paid Internship Program (FinTech),DS student seeking remote COOP in machine learning and data analysis.,DS,,python; pandas; scikit-learn,,COOP,Remote,42.67,51.79051638346144,9.120516383461435,9.120516383461435,72,68
ds-remote-coop,26,Yasref,Yasref Cooperative Training Program,DS student seeking remote COOP in machine learning and data analysis.,DS,,python; pandas; scikit-learn,,COOP,Remote,42.5,50.428006541858416,7.928006541858416,7.928006541858416,73,74
ds-remote-coop,150,Boeing Saudi Arabia Limited,Intern - Info Technology & Data Analytics (Riyadh),DS student seeking remote COOP in machine learning and data analysis.,DS,,python; pandas; scikit-learn,,COOP,Remote,41.83,59.38916091305624,17.55916091305624,17.55916091305624,74,12
ds-remote-coop,155,Laverne Group | مجموعة لافيرن,Data Analyst / Data Engineer Intern (IT Department),DS student seeking remote COOP in machine learning and data analysis.,DS,,python; pandas; scikit-learn,,COOP,Remote,41.83,60.39005993747662,18.560059937476623,18.560059937476623,75,8
ds-remote-coop,51,Ministry of Finance (Saudi Arabia) | Cooperative Training Program,Cooperative Training Program,DS student seeking remote COOP in machine learning and data analysis.,DS,,python; pandas; scikit-learn,,COOP,Remote,41.5,39.94333108148446,-1.5566689185155411,1.5566689185155411,76,165
ds-remote-coop,52,Ministry of Industry and Mineral Resources | Cooperative Training,Cooperative Training Initiative,DS student seeking remote COOP in machine learning and data analysis.,DS,,python; pandas; scikit-learn,,COOP,Remote,41.5,30.180849190469495,-11.319150809530505,11.319150809530505,77,169
ds-remote-coop,56,HRDF | Cooperative Training Product,Cooperative Training Product,DS student seeking remote COOP in machine learning and data analysis.,DS,,python; pandas; scikit-learn,,COOP,Remote,41.5,30.180849190469495,-11.319150809530505,11.319150809530505,78,170
ds-remote-coop,79,Tabby,Intern Data Engineer,DS student seeking remote COOP in machine learning and data analysis.,DS,,python; pandas; scikit-learn,,COOP,Remote,41.17,58.25921711733105,17.089217117331046,17.089217117331046,79,15
ds-remote-coop,138,Nokia,Graduate Trainee (Saudi Arabia) – Fledgers Program,DS student seeking remote COOP in machine learning and data analysis.,DS,,python; pandas; scikit-learn,,COOP,Remote,41.17,53.76164023990356,12.591640239903555,12.591640239903555,80,43
ds-remote-coop,143,Lean Technologies,Software Engineering Intern – KSA,DS student seeking remote COOP in machine learning and data analysis.,DS,,python; pandas; scikit-learn,,COOP,Remote,41.17,54.043624681204925,12.873624681204923,12.873624681204923,81,37
ds-remote-coop,144,Mirai (Scopely) | مِراي,AI Engineering Intern (GenAI),DS student seeking remote COOP in machine learning and data analysis.,DS,,python; pandas; scikit-learn,,COOP,Remote,41.17,53.35734271552596,12.187342715525958,12.187342715525958,82,53
ds-remote-coop,159,Knodemy Inc.,AI Developer & Tech Trainer Intern - Riyadh,DS student seeking remote COOP in machine learning and data analysis.,DS,,python; pandas; scikit-learn,,COOP,Remote,41.17,52.67487190931044,11.504871909310438,11.504871909310438,83,57
ds-remote-coop,57,IBM,"Automation, Data & AI – Intern",DS student seeking remote COOP in machine learning and data analysis.,DS,,python; pandas; scikit-learn,,COOP,Remote,40.67,53.71801053707256,13.048010537072557,13.048010537072557,84,44
ds-remote-coop,124,InnovationTeam,Java Microservices Internship Programme (Saudi Nationals),DS student seeking remote COOP in machine learning and data analysis.,DS,,python; pandas; scikit-learn,,COOP,Remote,40.67,58.06329176919641,17.39329176919641,17.39329176919641,85,16
ds-remote-coop,154,Markaba | مركبة,Start-up Software Intern – TAMHEER (Saudi nationals only),DS student seeking remote COOP in machine learning and data analysis.,DS,,python; pandas; scikit-learn,,COOP,Remote,40.67,48.99346789583078,8.323467895830781,8.323467895830781,86,98
ds-remote-coop,166,HUMAIN,Tamheer Program (Software Engineer / Cybersecurity / MIS),DS student seeking remote COOP in machine learning and data analysis.,DS,,python; pandas; scikit-learn,,COOP,Remote,40.67,51.165643118942725,10.495643118942724,10.495643118942724,87,69
ds-remote-coop,1,Saudi Aramco,University Internship Program (UIP),DS student seeking remote COOP in machine learning and data analysis.,DS,,python; pandas; scikit-learn,,COOP,Remote,40.0,49.36264518897306,9.362645188973062,9.362645188973062,88,83
ds-remote-coop,3,stc (Saudi Telecom Company),Cooperative Training Program (COOP),DS student seeking remote COOP in machine learning and data analysis.,DS,,python; pandas; scikit-learn,,COOP,Remote,40.0,55.755578273242776,15.755578273242776,15.755578273242776,89,23
ds-remote-coop,7,Digital Government Authority (DGA),Maidan Cooperative Training Program,DS student seeking remote COOP in machine learning and data analysis.,DS,,python; pandas; scikit-learn,,COOP,Remote,40.0,45.40809745759897,5.40809745759897,5.40809745759897,90,133
ds-remote-coop,8,KPMG Saudi Arabia,COOP & Internship Programs,DS student seeking remote COOP in machine learning and data analysis.,DS,,python; pandas; scikit-learn,,COOP,Remote,40.0,46.4230699751477,6.423069975147698,6.423069975147698,91,120
ds-remote-coop,13,Bupa Arabia,Cooperative Training Program,DS student seeking remote COOP in machine learning and data analysis.,DS,,python; pandas; scikit-learn,,COOP,Remote,40.0,45.35803035540148,5.358030355401482,5.358030355401482,92,137
ds-remote-coop,14,Saudi Exports (Saudi Export Development Authority),COOP & Summer Training (FAQ-confirmed),DS student seeking remote COOP in machine learning and data analysis.,DS,,python; pandas; scikit-learn,,COOP,Remote,40.0,45.35803035540148,5.358030355401482,5.358030355401482,93,138
ds-remote-coop,15,Local Content and Government Procurement Authority (LCGPA),COOP Training (role posting),DS student seeking remote COOP in machine learning and data analysis.,DS,,python; pandas; scikit-learn,,COOP,Remote,40.0,45.40809745759897,5.40809745759897,5.40809745759897,94,134
ds-remote-coop,17,Boston Consulting Group (BCG),Visiting Associate Internship (Riyadh),DS student seeking remote COOP in machine learning and data analysis.,DS,,python; pandas; scikit-learn,,COOP,Remote,40.0,55.755578273242776,15.755578273242776,15.755578273242776,95,24
ds-remote-coop,18,Bain & Company,COOP Training Program (Riyadh),DS student seeking remote COOP in machine learning and data analysis.,DS,,python; pandas; scikit-learn,,COOP,Remote,40.0,45.40809745759897,5.40809745759897,5.40809745759897,96,135
ds-remote-coop,25,Elm,Elm Co-op Training Program (March 2026 Intake),DS student seeking remote COOP in machine learning and data analysis.,DS,,python; pandas; scikit-learn,,COOP,Remote,40.0,45.35803035540148,5.358030355401482,5.358030355401482,97,139
ds-remote-coop,30,EXPRO,COOP Training (Future Makers Program),DS student seeking remote COOP in machine learning and data analysis.,DS,,python; pandas; scikit-learn,,COOP,Remote,40.0,45.40809745759897,5.40809745759897,5.40809745759897,98,136
ds-remote-coop,32,TBC (The Beauty Company),Cooperative Training Program,DS student seeking remote COOP in machine learning and data analysis.,DS,,python; pandas; scikit-learn,,COOP,Remote,40.0,45.35803035540148,5.358030355401482,5.358030355401482,99,140
ds-remote-coop,33,National Center for Vegetation Cover Development & Combating Desertification (NCVC),COOP Training Program,DS student seeking remote COOP in machine learning and data analysis.,DS,,python; pandas; scikit-learn,,COOP,Remote,40.0,47.088274972018574,7.088274972018574,7.088274972018574,100,109
ds-remote-coop,34,Saudi Power Procurement Company (SPPC),Future Power – COOP Training Program,DS student seeking remote COOP in machine learning and data analysis.,DS,,python; pandas; scikit-learn,,COOP,Remote,40.0,46.50365619544367,6.503656195443668,6.503656195443668,101,115
ds-remote-coop,35,TBC (Tatweer Building Company),Cooperative Training Program,DS student seeking remote COOP in machine learning and data analysis.,DS,,python; pandas; scikit-learn,,COOP,Remote,40.0,46.50365619544367,6.503656195443668,6.503656195443668,102,116
ds-remote-coop,38,BSF (Banque Saudi Fransi),COOP / Internship,DS student seeking remote COOP in machine learning and data analysis.,DS,,python; pandas; scikit-learn,,COOP,Remote,40.0,49.25509317955058,9.255093179550578,9.255093179550578,103,89
ds-remote-coop,39,Saudi Food & Drug Authority (SFDA),COOP training (First semester 2025-2026 intake),DS student seeking remote COOP in machine learning and data analysis.,DS,,python; pandas; scikit-learn,,COOP,Remote,40.0,49.25509317955058,9.255093179550578,9.255093179550578,104,90
ds-remote-coop,40,Saudi Power Procurement Company (SPPC) – Future Power (Business Admin COOP),Future Power – Business Administration COOP Training Program,DS student seeking remote COOP in machine learning and data analysis.,DS,,python; pandas; scikit-learn,,COOP,Remote,40.0,49.36264518897306,9.362645188973062,9.362645188973062,105,85
ds-remote-coop,46,ROSHN | COOP Trainee Program,COOP Trainee Program,DS student seeking remote COOP in machine learning and data analysis.,DS,,python; pandas; scikit-learn,,COOP,Remote,40.0,47.84845597691464,7.848455976914643,7.848455976914643,106,100
ds-remote-coop,65,Expenditure & Projects Efficiency Authority (EXPRO),Future Makers (صنّاع المستقبل) – Cooperative Training,DS student seeking remote COOP in machine learning and data analysis.,DS,,python; pandas; scikit-learn,,COOP,Remote,40.0,46.50365619544367,6.503656195443668,6.503656195443668,107,117
ds-remote-coop,66,Ministry of Finance (Saudi Arabia),Cooperative Training Program (Ministry of Finance),DS student seeking remote COOP in machine learning and data analysis.,DS,,python; pandas; scikit-learn,,COOP,Remote,40.0,46.80008734849636,6.800087348496362,6.800087348496362,108,112
ds-remote-coop,67,General Entertainment Authority (GEA),GEA Cooperative Training Program,DS student seeking remote COOP in machine learning and data analysis.,DS,,python; pandas; scikit-learn,,COOP,Remote,40.0,45.49989265289591,5.499892652895909,5.499892652895909,109,131
ds-remote-coop,68,Banque Saudi Fransi (BSF),COOP Training,DS student seeking remote COOP in machine learning and data analysis.,DS,,python; pandas; scikit-learn,,COOP,Remote,40.0,50.07945083355596,10.07945083355596,10.07945083355596,110,82
ds-remote-coop,82,Saudi Ground Services (SGS),COOP Program,DS student seeking remote COOP in machine learning and data analysis.,DS,,python; pandas; scikit-learn,,COOP,Remote,40.0,45.87203550855379,5.872035508553793,5.872035508553793,111,122
ds-remote-coop,83,CEER,Cooperative Training Program (COOP),DS student seeking remote COOP in machine learning and data analysis.,DS,,python; pandas; scikit-learn,,COOP,Remote,40.0,45.653164160490114,5.653164160490114,5.653164160490114,112,125
ds-remote-coop,87,Banque Saudi Fransi (BSF),Coop Training Program,DS student seeking remote COOP in machine learning and data analysis.,DS,,python; pandas; scikit-learn,,COOP,Remote,40.0,49.25509317955058,9.255093179550578,9.255093179550578,113,91
ds-remote-coop,88,Tech Economy,COOP Training Program,DS student seeking remote COOP in machine learning and data analysis.,DS,,python; pandas; scikit-learn,,COOP,Remote,40.0,49.25509317955058,9.255093179550578,9.255093179550578,114,92
ds-remote-coop,89,SAMI Advanced Electronics (SAMI-AEC),Coop Trainee,DS student seeking remote COOP in machine learning and data analysis.,DS,,python; pandas; scikit-learn,,COOP,Remote,40.0,49.25509317955058,9.255093179550578,9.255093179550578,115,93
ds-remote-coop,90,NHC,COOP Trainee,DS student seeking remote COOP in machine learning and data analysis.,DS,,python; pandas; scikit-learn,,COOP,Remote,40.0,49.25509317955058,9.255093179550578,9.255093179550578,116,94
ds-remote-coop,95,ARDARA,COOP Training for Students,DS student seeking remote COOP in machine learning and data analysis.,DS,,python; pandas; scikit-learn,,COOP,Remote,40.0,45.653164160490114,5.653164160490114,5.653164160490114,117,126
ds-remote-coop,99,Mobily,Cooperative Training Program,DS student seeking remote COOP in machine learning and data analysis.,DS,,python; pandas; scikit-learn,,COOP,Remote,40.0,49.25509317955058,9.255093179550578,9.255093179550578,118,95
ds-remote-coop,101,Alvarez & Marsal,COOP Training Program,DS student seeking remote COOP in machine learning and data analysis.,DS,,python; pandas; scikit-learn,,COOP,Remote,40.0,49.25509317955058,9.255093179550578,9.255093179550578,119,96
ds-remote-coop,102,Visa,COOP Trainee (Jan 2026),DS student seeking remote COOP in machine learning and data analysis.,DS,,python; pandas; scikit-learn,,COOP,Remote,40.0,47.84845597691464,7.848455976914643,7.848455976914643,120,101
ds-remote-coop,105,Savvy Games Group,Cooperative Training Program (Co-op),DS student seeking remote COOP in machine learning and data analysis.,DS,,python; pandas; scikit-learn,,COOP,Remote,40.0,49.25509317955058,9.255093179550578,9.255093179550578,121,97
ds-remote-coop,111,EJADA,COOP Administration & Support Engineer,DS student seeking remote COOP in machine learning and data analysis.,DS,,python; pandas; scikit-learn,,COOP,Remote,40.0,52.313170516408846,12.313170516408846,12.313170516408846,122,59
ds-remote-coop,117,Diriyah Company,Diriyah Co-op Training Program,DS student seeking remote COOP in machine learning and data analysis.,DS,,python; pandas; scikit-learn,,COOP,Remote,40.0,45.35803035540148,5.358030355401482,5.358030355401482,123,141
ds-remote-coop,118,Riyadh Air,Co-op – Riyadh Air,DS student seeking remote COOP in machine learning and data analysis.,DS,,python; pandas; scikit-learn,,COOP,Remote,40.0,45.65004050631851,5.650040506318511,5.650040506318511,124,129
ds-remote-coop,120,Lumi | لومي,COOP Intern 2025 – Lumi,DS student seeking remote COOP in machine learning and data analysis.,DS,,python; pandas; scikit-learn,,COOP,Remote,40.0,45.35803035540148,5.358030355401482,5.358030355401482,125,142
ds-remote-coop,121,webook.com,COOP Trainee Opportunities – webook.com,DS student seeking remote COOP in machine learning and data analysis.,DS,,python; pandas; scikit-learn,,COOP,Remote,40.0,46.50365619544367,6.503656195443668,6.503656195443668,126,118
ds-remote-coop,47,Microsoft | Ru'aa Program (Riyadh),Ru'aa Program Internship (Solution Engineering),DS student seeking remote COOP in machine learning and data analysis.,DS,,python; pandas; scikit-learn,,COOP,Remote,39.17,52.19368503263909,13.023685032639087,13.023685032639087,127,62
ds-remote-coop,78,Tabby,Intern Frontend Engineer,DS student seeking remote COOP in machine learning and data analysis.,DS,,python; pandas; scikit-learn,,COOP,Remote,39.17,54.00906765546037,14.839067655460369,14.839067655460369,128,38
ds-remote-coop,80,Tabby,No-Code / AI Agents Engineering Intern,DS student seeking remote COOP in machine learning and data analysis.,DS,,python; pandas; scikit-learn,,COOP,Remote,39.17,52.09028811590408,12.920288115904079,12.920288115904079,129,66
ds-remote-coop,139,Ericsson,Summer Interns (Ericsson Saudi),DS student seeking remote COOP in machine learning and data analysis.,DS,,python; pandas; scikit-learn,,COOP,Remote,39.17,53.36704014092884,14.197040140928841,14.197040140928841,130,52
ds-remote-coop,158,SMART Technology Solutions | سمارت لحلول التقنية,R&D Intern (Riyadh),DS student seeking remote COOP in machine learning and data analysis.,DS,,python; pandas; scikit-learn,,COOP,Remote,39.17,52.09028811590408,12.920288115904079,12.920288115904079,131,67
ds-remote-coop,160,Water Transmission Company | شركة نقل المياه,Tamheer Internship Program (HRIS / Engineering & PM - Riyadh),DS student seeking remote COOP in machine learning and data analysis.,DS,,python; pandas; scikit-learn,,COOP,Remote,39.17,52.24051043412581,13.070510434125808,13.070510434125808,132,61
ds-remote-coop,2,SABIC,COOP Training Program,DS student seeking remote COOP in machine learning and data analysis.,DS,,python; pandas; scikit-learn,,COOP,Remote,38.0,45.40809745759897,7.40809745759897,7.40809745759897,133,132
ds-remote-coop,21,Google (Saudi Arabia),Google Careers (Saudi location filter),DS student seeking remote COOP in machine learning and data analysis.,DS,,python; pandas; scikit-learn,,COOP,Remote,38.0,43.71150909234584,5.7115090923458425,5.7115090923458425,134,146
ds-remote-coop,54,Tawuniya | Tamheer Program (Fresh Graduates),Tamheer Program,DS student seeking remote COOP in machine learning and data analysis.,DS,,python; pandas; scikit-learn,,COOP,Remote,37.5,47.526780316779536,10.026780316779536,10.026780316779536,135,103
ds-remote-coop,60,Cisco,Cisco NetVersity (Saudi Arabia),DS student seeking remote COOP in machine learning and data analysis.,DS,,python; pandas; scikit-learn,,COOP,Remote,37.5,46.0575846763072,8.5575846763072,8.5575846763072,136,121
ds-remote-coop,45,NEOM | GrOW (Graduates Opportunities in Work),GrOW (Graduates Opportunities in Work),DS student seeking remote COOP in machine learning and data analysis.,DS,,python; pandas; scikit-learn,,COOP,Remote,36.0,40.98606302773638,4.986063027736378,4.986063027736378,137,160
ds-remote-coop,53,King Fahd Causeway Authority | Internship Program,Internship Program,DS student seeking remote COOP in machine learning and data analysis.,DS,,python; pandas; scikit-learn,,COOP,Remote,36.0,43.07906182721776,7.079061827217757,7.079061827217757,138,148
ds-remote-coop,172,شركة الخدمات المدارة | Managed Services Company,Intern Cybersecurity Engineer,DS student seeking remote COOP in machine learning and data analysis.,DS,,python; pandas; scikit-learn,,COOP,Remote,36.0,42.279321062700575,6.279321062700575,6.279321062700575,139,152
ds-remote-coop,43,National Cybersecurity Authority (NCA) – Academy,Cybersecurity training programs (academy),DS student seeking remote COOP in machine learning and data analysis.,DS,,python; pandas; scikit-learn,,COOP,Remote,35.0,46.42797180214089,11.427971802140888,11.427971802140888,140,119
ds-remote-coop,42,The Saudi National Bank (SNB),SNB Rowad Program,DS student seeking remote COOP in machine learning and data analysis.,DS,,python; pandas; scikit-learn,,COOP,Remote,34.67,42.92393124519954,8.253931245199539,8.253931245199539,141,149
ds-remote-coop,61,KAUST,Visiting Student Research Program (VSRP) Internship,DS student seeking remote COOP in machine learning and data analysis.,DS,,python; pandas; scikit-learn,,COOP,Remote,34.67,51.0257297812083,16.355729781208296,16.355729781208296,142,70
ds-remote-coop,106,Bank AlJazira,Tamheer Program,DS student seeking remote COOP in machine learning and data analysis.,DS,,python; pandas; scikit-learn,,COOP,Remote,34.67,46.899189269414805,12.229189269414803,12.229189269414803,143,111
ds-remote-coop,147,nybl,nybl Graduate Programme – Saudi Nationals (AI Bootcamp),DS student seeking remote COOP in machine learning and data analysis.,DS,,python; pandas; scikit-learn,,COOP,Remote,34.67,47.392101785211366,12.722101785211365,12.722101785211365,144,104
ds-remote-coop,10,Deloitte Middle East (KSA),Jusoor Al Sharqiyah Internship Program,DS student seeking remote COOP in machine learning and data analysis.,DS,,python; pandas; scikit-learn,,COOP,Remote,34.5,45.82472209934047,11.32472209934047,11.32472209934047,145,123
ds-remote-coop,19,Amazon Web Services (AWS),IT/Computer Hardware Internship (Intern-to-FTE Pathway),DS student seeking remote COOP in machine learning and data analysis.,DS,,python; pandas; scikit-learn,,COOP,Remote,34.5,45.82472209934047,11.32472209934047,11.32472209934047,146,124
ds-remote-coop,20,Amazon Web Services (AWS) - Associate Solutions Architect Intern,Associate Solutions Architect Intern (2026),DS student seeking remote COOP in machine learning and data analysis.,DS,,python; pandas; scikit-learn,,COOP,Remote,34.5,47.26385578195703,12.763855781957027,12.763855781957027,147,105
ds-remote-coop,22,BlackRock,Client & Product Summer Internship Programme (EMEA) - includes Riyadh,DS student seeking remote COOP in machine learning and data analysis.,DS,,python; pandas; scikit-learn,,COOP,Remote,34.5,46.78342828064101,12.283428280641012,12.283428280641012,148,113
ds-remote-coop,44,PIF | Graduate Development Program,Graduate Development Program (GDP),DS student seeking remote COOP in machine learning and data analysis.,DS,,python; pandas; scikit-learn,,COOP,Remote,34.5,45.07998445583603,10.579984455836033,10.579984455836033,149,143
ds-remote-coop,58,Unifonic,Internship (Unifonic),DS student seeking remote COOP in machine learning and data analysis.,DS,,python; pandas; scikit-learn,,COOP,Remote,34.5,40.121619133738285,5.621619133738285,5.621619133738285,150,164
ds-remote-coop,104,Zain KSA,Zain Pioneers Program,DS student seeking remote COOP in machine learning and data analysis.,DS,,python; pandas; scikit-learn,,COOP,Remote,34.5,43.99705820710972,9.497058207109717,9.497058207109717,151,145
ds-remote-coop,114,Foodics,Foodics 360 Internship Program,DS student seeking remote COOP in machine learning and data analysis.,DS,,python; pandas; scikit-learn,,COOP,Remote,34.5,42.16620094029587,7.666200940295873,7.666200940295873,152,153
ds-remote-coop,125,Tamkeen Technologies,On the Job Training (Internship Program) — Technology field,DS student seeking remote COOP in machine learning and data analysis.,DS,,python; pandas; scikit-learn,,COOP,Remote,34.5,42.79223324374123,8.29223324374123,8.29223324374123,153,150
ds-remote-coop,134,TrendAI (Trend Micro),CyberGATE Internship Program,DS student seeking remote COOP in machine learning and data analysis.,DS,,python; pandas; scikit-learn,,COOP,Remote,34.5,47.183147435096224,12.683147435096224,12.683147435096224,154,108
ds-remote-coop,136,Siemens Healthineers,Healthineers Early Talent Program – IT (Riyadh),DS student seeking remote COOP in machine learning and data analysis.,DS,,python; pandas; scikit-learn,,COOP,Remote,34.5,47.26385578195703,12.763855781957027,12.763855781957027,155,106
ds-remote-coop,148,Procter & Gamble (P&G),P&G LEADgen Internship Program 2026 (Riyadh),DS student seeking remote COOP in machine learning and data analysis.,DS,,python; pandas; scikit-learn,,COOP,Remote,34.5,42.79223324374123,8.29223324374123,8.29223324374123,156,151
ds-remote-coop,151,Motorola Solutions,Deployment Engineer Intern (KSA National - Tamheer Program),DS student seeking remote COOP in machine learning and data analysis.,DS,,python; pandas; scikit-learn,,COOP,Remote,34.5,46.91293870274144,12.412938702741442,12.412938702741442,157,110
ds-remote-coop,153,Lockheed Martin,Tamheer Space Internship (Riyadh),DS student seeking remote COOP in machine learning and data analysis.,DS,,python; pandas; scikit-learn,,COOP,Remote,34.5,41.88220591618488,7.38220591618488,7.38220591618488,158,155
ds-remote-coop,59,Misk Foundation,Misk Traineeship / Internship Program,DS student seeking remote COOP in machine learning and data analysis.,DS,,python; pandas; scikit-learn,,COOP,Remote,33.0,41.46653045026893,8.466530450268927,8.466530450268927,159,157
ds-remote-coop,48,Oracle | Business Development Intern (KSA market),Business Development Intern (KSA market),DS student seeking remote COOP in machine learning and data analysis.,DS,,python; pandas; scikit-learn,,COOP,Remote,31.5,33.22281519026931,1.7228151902693085,1.7228151902693085,160,168
ds-remote-coop,55,SAMA | SAMA Professional Program (SPP),SAMA Professional Program (SPP),DS student seeking remote COOP in machine learning and data analysis.,DS,,python; pandas; scikit-learn,,COOP,Remote,31.5,34.68182028637394,3.1818202863739415,3.1818202863739415,161,167
ds-remote-coop,165,Innovative Solutions SA,Presales - Tamheer,DS student seeking remote COOP in machine learning and data analysis.,DS,,python; pandas; scikit-learn,,COOP,Remote,31.5,42.116175802303,10.616175802302998,10.616175802302998,162,154
ds-remote-coop,167,TAM | تام,"Tamheer Opportunity, Advisory",DS student seeking remote COOP in machine learning and data analysis.,DS,,python; pandas; scikit-learn,,COOP,Remote,31.5,17.29653655966555,-14.203463440334449,14.203463440334449,163,173
ds-remote-coop,168,هيئة التأمين | Insurance Authority,Tamheer Opportunity - Specialist of Information Security,DS student seeking remote COOP in machine learning and data analysis.,DS,,python; pandas; scikit-learn,,COOP,Remote,31.5,41.294118384556256,9.794118384556256,9.794118384556256,164,158
ds-remote-coop,23,noon,Student Internship,DS student seeking remote COOP in machine learning and data analysis.,DS,,python; pandas; scikit-learn,,COOP,Remote,30.0,40.121619133738285,10.121619133738285,10.121619133738285,165,163
ds-remote-coop,28,"Zakat, Tax and Customs Authority (ZATCA)",Binaa-Alkafaat Program,DS student seeking remote COOP in machine learning and data analysis.,DS,,python; pandas; scikit-learn,,COOP,Remote,30.0,35.744809344970335,5.744809344970335,5.744809344970335,166,166
ds-remote-coop,49,SAP | Student Internship (Riyadh),Student Internship - Riyadh,DS student seeking remote COOP in machine learning and data analysis.,DS,,python; pandas; scikit-learn,,COOP,Remote,30.0,40.98161287863012,10.981612878630123,10.981612878630123,167,161
ds-remote-coop,103,Zain KSA,Evolve Program (Fresh Graduates),DS student seeking remote COOP in machine learning and data analysis.,DS,,python; pandas; scikit-learn,,COOP,Remote,30.0,41.84243477211676,11.84243477211676,11.84243477211676,168,156
ds-remote-coop,119,Jahez Group,Jahez Internship Program (as described in Sustainability Report),DS student seeking remote COOP in machine learning and data analysis.,DS,,python; pandas; scikit-learn,,COOP,Remote,30.0,40.98161287863012,10.981612878630123,10.981612878630123,169,162
ds-remote-coop,133,Help AG (e& enterprise),Cybersecurity Intern,DS student seeking remote COOP in machine learning and data analysis.,DS,,python; pandas; scikit-learn,,COOP,Remote,30.0,47.183147435096224,17.183147435096224,17.183147435096224,170,107
ds-remote-coop,171,Infosys,Summer Intern (Infosys InStep ’26 – Bangalore),DS student seeking remote COOP in machine learning and data analysis.,DS,,python; pandas; scikit-learn,,COOP,Remote,28.0,41.27804403168281,13.27804403168281,13.27804403168281,171,159
ds-remote-coop,29,Human Resources Development Fund (HRDF) – Cooperative Training Product,Cooperative Training (HRDF product),DS student seeking remote COOP in machine learning and data analysis.,DS,,python; pandas; scikit-learn,,COOP,Remote,20.5,18.657989590380108,-1.842010409619892,1.842010409619892,172,171
ds-remote-coop,31,Ministry of Industry and Mineral Resources (MIM) – Cooperative Training Initiative,Cooperative Training Initiative,DS student seeking remote COOP in machine learning and data analysis.,DS,,python; pandas; scikit-learn,,COOP,Remote,20.5,18.173701574340694,-2.3262984256593064,2.3262984256593064,173,172
ds-scientist-jeddah,116,Lucidya,Technical Internship or Coop – Lucidya,Data science student at KAU in Jeddah looking for data scientist COOP with statistics and Python.,DS,Jeddah,python; sql; numpy,Data Science,COOP,Hybrid,69.83,64.07937449385734,-5.750625506142654,5.750625506142654,1,5
ds-scientist-jeddah,145,HungerStation | هنقرستيشن,"Co-OP Trainee, Data Analysis – Info Sec",Data science student at KAU in Jeddah looking for data scientist COOP with statistics and Python.,DS,Jeddah,python; sql; numpy,Data Science,COOP,Hybrid,63.83,66.38418876242329,2.554188762423294,2.554188762423294,2,1
ds-scientist-jeddah,71,OmniOps,Co‑op Training Program,Data science student at KAU in Jeddah looking for data scientist COOP with statistics and Python.,DS,Jeddah,python; sql; numpy,Data Science,COOP,Hybrid,62.83,61.99186036313473,-0.8381396368652716,0.8381396368652716,3,7
ds-scientist-jeddah,108,Gathern,Co-op Program,Data science student at KAU in Jeddah looking for data scientist COOP with statistics and Python.,DS,Jeddah,python; sql; numpy,Data Science,COOP,Hybrid,62.83,60.74929380615775,-2.0807061938422464,2.0807061938422464,4,11
ds-scientist-jeddah,97,Saudi Motorsport Company (SMC),COOP Trainee (IT Asset Project Management),Data science student at KAU in Jeddah looking for data scientist COOP with statistics and Python.,DS,Jeddah,python; sql; numpy,Data Science,COOP,Hybrid,62.33,54.15950106591119,-8.170498934088805,8.170498934088805,5,46
ds-scientist-jeddah,92,SDM,AI COOP,Data science student at KAU in Jeddah looking for data scientist COOP with statistics and Python.,DS,Jeddah,python; sql; numpy,Data Science,COOP,Hybrid,61.83,54.30132674088499,-7.52867325911501,7.52867325911501,6,39
ds-scientist-jeddah,98,Saudi Motorsport Company (SMC),COOP Trainee (Supply Chain Excellence Associate),Data science student at KAU in Jeddah looking for data scientist COOP with statistics and Python.,DS,Jeddah,python; sql; numpy,Data Science,COOP,Hybrid,60.5,59.838544010868326,-0.6614559891316745,0.6614559891316745,7,14
ds-scientist-jeddah,4,Saudi National Bank (SNB),SNB Cooperative Training Program,Data science student at KAU in Jeddah looking for data scientist COOP with statistics and Python.,DS,Jeddah,python; sql; numpy,Data Science,COOP,Hybrid,60.33,54.15950106591119,-6.170498934088805,6.170498934088805,8,41
ds-scientist-jeddah,5,Al Rajhi Bank,Cooperative Training Program,Data science student at KAU in Jeddah looking for data scientist COOP with statistics and Python.,DS,Jeddah,python; sql; numpy,Data Science,COOP,Hybrid,60.33,53.74323719921925,-6.586762800780747,6.586762800780747,9,51
ds-scientist-jeddah,11,Bank Albilad,Cooperative & Summer Training Program,Data science student at KAU in Jeddah looking for data scientist COOP with statistics and Python.,DS,Jeddah,python; sql; numpy,Data Science,COOP,Hybrid,60.33,54.9181002757384,-5.411899724261602,5.411899724261602,10,27
ds-scientist-jeddah,81,Bank Albilad,Cooperative Training Program,Data science student at KAU in Jeddah looking for data scientist COOP with statistics and Python.,DS,Jeddah,python; sql; numpy,Data Science,COOP,Hybrid,60.33,54.58422879286068,-5.74577120713932,5.74577120713932,11,33
ds-scientist-jeddah,113,AILA,Co-op Training Programme,Data science student at KAU in Jeddah looking for data scientist COOP with statistics and Python.,DS,Jeddah,python; sql; numpy,Data Science,COOP,Hybrid,60.33,61.78644035116074,1.4564403511607438,1.4564403511607438,12,8
ds-scientist-jeddah,128,SCAI | سكاي,CO-OP Training Opportunities (Intern),Data science student at KAU in Jeddah looking for data scientist COOP with statistics and Python.,DS,Jeddah,python; sql; numpy,Data Science,COOP,Hybrid,58.83,65.16665100777263,6.33665100777263,6.33665100777263,13,2
ds-scientist-jeddah,122,moneymoon,Tech & AI Co-op Program 2025,Data science student at KAU in Jeddah looking for data scientist COOP with statistics and Python.,DS,Jeddah,python; sql; numpy,Data Science,COOP,Hybrid,57.33,64.95010304507923,7.620103045079233,7.620103045079233,14,3
ds-scientist-jeddah,62,General Authority for Statistics (GASTAT),Cooperative Training Program,Data science student at KAU in Jeddah looking for data scientist COOP with statistics and Python.,DS,Jeddah,python; sql; numpy,Data Science,COOP,Hybrid,57.17,53.18784555530841,-3.982154444691595,3.982154444691595,15,58
ds-scientist-jeddah,63,Saudi Center for Opinion Polling (SCOP),Cooperative Training Program,Data science student at KAU in Jeddah looking for data scientist COOP with statistics and Python.,DS,Jeddah,python; sql; numpy,Data Science,COOP,Hybrid,57.17,53.18784555530841,-3.982154444691595,3.982154444691595,16,59
ds-scientist-jeddah,24,MOZN,Data Science Intern,Data science student at KAU in Jeddah looking for data scientist COOP with statistics and Python.,DS,Jeddah,python; sql; numpy,Data Science,COOP,Hybrid,56.83,54.01420124445621,-2.8157987555437884,2.8157987555437884,17,48
ds-scientist-jeddah,37,KAPSARC,Intern (Coop- Trainee),Data science student at KAU in Jeddah looking for data scientist COOP with statistics and Python.,DS,Jeddah,python; sql; numpy,Data Science,COOP,Hybrid,56.83,58.34422596144185,1.514225961441852,1.514225961441852,18,17
ds-scientist-jeddah,94,Araamis • أرامس,Araamis COOP Program 2026,Data science student at KAU in Jeddah looking for data scientist COOP with statistics and Python.,DS,Jeddah,python; sql; numpy,Data Science,COOP,Hybrid,56.83,54.15950106591119,-2.670498934088805,2.670498934088805,19,45
ds-scientist-jeddah,141,Saudi Payments | المدفوعات السعودية,COOP Training – August 2024,Data science student at KAU in Jeddah looking for data scientist COOP with statistics and Python.,DS,Jeddah,python; sql; numpy,Data Science,COOP,Hybrid,56.83,59.31294115956661,2.4829411595666144,2.4829411595666144,20,16
ds-scientist-jeddah,12,Tamara,Tamara Builders Program,Data science student at KAU in Jeddah looking for data scientist COOP with statistics and Python.,DS,Jeddah,python; sql; numpy,Data Science,COOP,Hybrid,55.33,54.15950106591119,-1.1704989340888048,1.1704989340888048,21,42
ds-scientist-jeddah,41,Bank Albilad,Cooperative and Summer Training Program,Data science student at KAU in Jeddah looking for data scientist COOP with statistics and Python.,DS,Jeddah,python; sql; numpy,Data Science,COOP,Hybrid,55.33,54.58422879286068,-0.7457712071393203,0.7457712071393203,22,30
ds-scientist-jeddah,50,SAB (Saudi Awwal Bank) | Cooperative Training Programme (COOP),SAB Cooperative Training Programme (COOP),Data science student at KAU in Jeddah looking for data scientist COOP with statistics and Python.,DS,Jeddah,python; sql; numpy,Data Science,COOP,Hybrid,55.33,54.15950106591119,-1.1704989340888048,1.1704989340888048,23,44
ds-scientist-jeddah,64,Al Rajhi Takaful,Cooperative Training Program,Data science student at KAU in Jeddah looking for data scientist COOP with statistics and Python.,DS,Jeddah,python; sql; numpy,Data Science,COOP,Hybrid,55.33,56.56910414788128,1.2391041478812852,1.2391041478812852,24,22
ds-scientist-jeddah,69,Arab National Bank (ANB),COOP Trainee,Data science student at KAU in Jeddah looking for data scientist COOP with statistics and Python.,DS,Jeddah,python; sql; numpy,Data Science,COOP,Hybrid,55.33,53.34798030055459,-1.9820196994454093,1.9820196994454093,25,54
ds-scientist-jeddah,70,Tamara,Builders Program,Data science student at KAU in Jeddah looking for data scientist COOP with statistics and Python.,DS,Jeddah,python; sql; numpy,Data Science,COOP,Hybrid,55.33,53.34798030055459,-1.9820196994454093,1.9820196994454093,26,55
ds-scientist-jeddah,73,The Saudi Investment Bank (SAIB),Cooperative Program,Data science student at KAU in Jeddah looking for data scientist COOP with statistics and Python.,DS,Jeddah,python; sql; numpy,Data Science,COOP,Hybrid,55.33,54.58422879286068,-0.7457712071393203,0.7457712071393203,27,31
ds-scientist-jeddah,74,Saudi Awwal Bank (SAB),COOP Program,Data science student at KAU in Jeddah looking for data scientist COOP with statistics and Python.,DS,Jeddah,python; sql; numpy,Data Science,COOP,Hybrid,55.33,54.58422879286068,-0.7457712071393203,0.7457712071393203,28,32
ds-scientist-jeddah,75,Riyad Bank,Internships and Coop Trainings (CSR 2019),Data science student at KAU in Jeddah looking for data scientist COOP with statistics and Python.,DS,Jeddah,python; sql; numpy,Data Science,COOP,Hybrid,55.33,51.810957735978526,-3.519042264021472,3.519042264021472,29,72
ds-scientist-jeddah,84,Al Rajhi Takaful,Coop Training Program,Data science student at KAU in Jeddah looking for data scientist COOP with statistics and Python.,DS,Jeddah,python; sql; numpy,Data Science,COOP,Hybrid,55.33,54.58422879286068,-0.7457712071393203,0.7457712071393203,30,34
ds-scientist-jeddah,86,Wakeb_Data,COOP Training,Data science student at KAU in Jeddah looking for data scientist COOP with statistics and Python.,DS,Jeddah,python; sql; numpy,Data Science,COOP,Hybrid,55.33,54.33337248079285,-0.996627519207145,0.996627519207145,31,37
ds-scientist-jeddah,100,Saudi Awwal Bank (SAB),Student Opportunities: Cooperative / Practical Training,Data science student at KAU in Jeddah looking for data scientist COOP with statistics and Python.,DS,Jeddah,python; sql; numpy,Data Science,COOP,Hybrid,55.33,54.58422879286068,-0.7457712071393203,0.7457712071393203,32,35
ds-scientist-jeddah,137,1957 Ventures,Internship / Co-Op Program,Data science student at KAU in Jeddah looking for data scientist COOP with statistics and Python.,DS,Jeddah,python; sql; numpy,Data Science,COOP,Hybrid,55.33,54.33337248079285,-0.996627519207145,0.996627519207145,33,38
ds-scientist-jeddah,140,Bosch Middle East,Software Development Intern (AI/Cloud),Data science student at KAU in Jeddah looking for data scientist COOP with statistics and Python.,DS,Jeddah,python; sql; numpy,Data Science,COOP,Hybrid,54.83,59.66636249094544,4.83636249094544,4.83636249094544,34,15
ds-scientist-jeddah,112,Emdad By Elm,Network Cooperative Training (Network Intern),Data science student at KAU in Jeddah looking for data scientist COOP with statistics and Python.,DS,Jeddah,python; sql; numpy,Data Science,COOP,Hybrid,53.0,54.9181002757384,1.9181002757383965,1.9181002757383965,35,28
ds-scientist-jeddah,123,EjadTech - إيجاد التقنية,"Summer Internship Program 2025 (Computer, Data, and AI Majors)",Data science student at KAU in Jeddah looking for data scientist COOP with statistics and Python.,DS,Jeddah,python; sql; numpy,Data Science,COOP,Hybrid,52.83,54.06431961110098,1.2343196111009789,1.2343196111009789,36,47
ds-scientist-jeddah,72,Tatweer Educational Technologies (TETCO),Cooperative Training Program,Data science student at KAU in Jeddah looking for data scientist COOP with statistics and Python.,DS,Jeddah,python; sql; numpy,Data Science,COOP,Hybrid,52.33,60.74929380615775,8.419293806157754,8.419293806157754,37,9
ds-scientist-jeddah,77,Tabby,Intern Backend (GO) Engineer,Data science student at KAU in Jeddah looking for data scientist COOP with statistics and Python.,DS,Jeddah,python; sql; numpy,Data Science,COOP,Hybrid,52.33,57.33705852578144,5.007058525781439,5.007058525781439,38,19
ds-scientist-jeddah,85,TAWAL,COOP Training Program,Data science student at KAU in Jeddah looking for data scientist COOP with statistics and Python.,DS,Jeddah,python; sql; numpy,Data Science,COOP,Hybrid,52.33,60.74929380615775,8.419293806157754,8.419293806157754,39,10
ds-scientist-jeddah,93,HUED,HUED COOP Program 2026,Data science student at KAU in Jeddah looking for data scientist COOP with statistics and Python.,DS,Jeddah,python; sql; numpy,Data Science,COOP,Hybrid,52.33,55.74503422344279,3.415034223442788,3.415034223442788,40,26
ds-scientist-jeddah,107,sirar by stc,Cooperative Training Program,Data science student at KAU in Jeddah looking for data scientist COOP with statistics and Python.,DS,Jeddah,python; sql; numpy,Data Science,COOP,Hybrid,52.33,62.523426422928,10.193426422927999,10.193426422927999,41,6
ds-scientist-jeddah,135,Golf Saudi,IT Co-op Trainee,Data science student at KAU in Jeddah looking for data scientist COOP with statistics and Python.,DS,Jeddah,python; sql; numpy,Data Science,COOP,Hybrid,52.33,54.9181002757384,2.588100275738398,2.588100275738398,42,29
ds-scientist-jeddah,142,Saudi Tadawul Group | تداول,Cooperative Training Program (COOP),Data science student at KAU in Jeddah looking for data scientist COOP with statistics and Python.,DS,Jeddah,python; sql; numpy,Data Science,COOP,Hybrid,52.33,64.19628160484399,11.86628160484399,11.86628160484399,43,4
ds-scientist-jeddah,138,Nokia,Graduate Trainee (Saudi Arabia) – Fledgers Program,Data science student at KAU in Jeddah looking for data scientist COOP with statistics and Python.,DS,Jeddah,python; sql; numpy,Data Science,COOP,Hybrid,51.83,53.608287664605406,1.7782876646054078,1.7782876646054078,44,53
ds-scientist-jeddah,144,Mirai (Scopely) | مِراي,AI Engineering Intern (GenAI),Data science student at KAU in Jeddah looking for data scientist COOP with statistics and Python.,DS,Jeddah,python; sql; numpy,Data Science,COOP,Hybrid,51.83,53.61836575387852,1.788365753878523,1.788365753878523,45,52
ds-scientist-jeddah,155,Laverne Group | مجموعة لافيرن,Data Analyst / Data Engineer Intern (IT Department),Data science student at KAU in Jeddah looking for data scientist COOP with statistics and Python.,DS,Jeddah,python; sql; numpy,Data Science,COOP,Hybrid,51.83,59.98054095013292,8.150540950132921,8.150540950132921,46,13
ds-scientist-jeddah,79,Tabby,Intern Data Engineer,Data science student at KAU in Jeddah looking for data scientist COOP with statistics and Python.,DS,Jeddah,python; sql; numpy,Data Science,COOP,Hybrid,50.83,57.979362865362205,7.149362865362207,7.149362865362207,47,18
ds-scientist-jeddah,76,Tabby,Intern DevOps Engineer,Data science student at KAU in Jeddah looking for data scientist COOP with statistics and Python.,DS,Jeddah,python; sql; numpy,Data Science,COOP,Hybrid,50.33,56.22735160905361,5.897351609053615,5.897351609053615,48,24
ds-scientist-jeddah,161,AFNOYS,"AI Automation Intern - KSA (Remote, 4 weeks)",Data science student at KAU in Jeddah looking for data scientist COOP with statistics and Python.,DS,Jeddah,python; sql; numpy,Data Science,COOP,Hybrid,50.33,55.76444807516469,5.434448075164688,5.434448075164688,49,25
ds-scientist-jeddah,163,Devoteam,Trainee - Future Leaders Program (Co-op/Fresh Graduate),Data science student at KAU in Jeddah looking for data scientist COOP with statistics and Python.,DS,Jeddah,python; sql; numpy,Data Science,COOP,Hybrid,50.33,56.9918889991895,6.6618889991895,6.6618889991895,50,21
ds-scientist-jeddah,47,Microsoft | Ru'aa Program (Riyadh),Ru'aa Program Internship (Solution Engineering),Data science student at KAU in Jeddah looking for data scientist COOP with statistics and Python.,DS,Jeddah,python; sql; numpy,Data Science,COOP,Hybrid,49.83,52.45470807099165,2.6247080709916517,2.6247080709916517,51,62
ds-scientist-jeddah,61,KAUST,Visiting Student Research Program (VSRP) Internship,Data science student at KAU in Jeddah looking for data scientist COOP with statistics and Python.,DS,Jeddah,python; sql; numpy,Data Science,COOP,Hybrid,49.83,51.28675281956086,1.4567528195608617,1.4567528195608617,52,74
ds-scientist-jeddah,147,nybl,nybl Graduate Programme – Saudi Nationals (AI Bootcamp),Data science student at KAU in Jeddah looking for data scientist COOP with statistics and Python.,DS,Jeddah,python; sql; numpy,Data Science,COOP,Hybrid,49.83,46.916608108216,-2.913391891783995,2.913391891783995,53,114
ds-scientist-jeddah,150,Boeing Saudi Arabia Limited,Intern - Info Technology & Data Analytics (Riyadh),Data science student at KAU in Jeddah looking for data scientist COOP with statistics and Python.,DS,Jeddah,python; sql; numpy,Data Science,COOP,Hybrid,49.83,59.98054095013292,10.150540950132921,10.150540950132921,54,12
ds-scientist-jeddah,38,BSF (Banque Saudi Fransi),COOP / Internship,Data science student at KAU in Jeddah looking for data scientist COOP with statistics and Python.,DS,Jeddah,python; sql; numpy,Data Science,COOP,Hybrid,48.5,48.8170861110294,0.317086111029397,0.317086111029397,55,88
ds-scientist-jeddah,82,Saudi Ground Services (SGS),COOP Program,Data science student at KAU in Jeddah looking for data scientist COOP with statistics and Python.,DS,Jeddah,python; sql; numpy,Data Science,COOP,Hybrid,48.5,44.907578988112085,-3.5924210118879145,3.5924210118879145,56,136
ds-scientist-jeddah,162,SAS,CareerStart@SAS 2026 - Presales Customer Intelligence Intern (Riyadh),Data science student at KAU in Jeddah looking for data scientist COOP with statistics and Python.,DS,Jeddah,python; sql; numpy,Data Science,COOP,Hybrid,48.33,52.07580779270944,3.745807792709442,3.745807792709442,57,67
ds-scientist-jeddah,157,Nahdi Medical Co.,IT Internship / COOP Program (6 months),Data science student at KAU in Jeddah looking for data scientist COOP with statistics and Python.,DS,Jeddah,python; sql; numpy,Data Science,COOP,Hybrid,48.0,50.70213546822052,2.7021354682205185,2.7021354682205185,58,79
ds-scientist-jeddah,6,Capital Market Authority (CMA),COOP Program,Data science student at KAU in Jeddah looking for data scientist COOP with statistics and Python.,DS,Jeddah,python; sql; numpy,Data Science,COOP,Hybrid,47.83,53.03660862042162,5.206608620421619,5.206608620421619,59,61
ds-scientist-jeddah,170,2P Perfect Presentation,Data Analyst (Tamheer),Data science student at KAU in Jeddah looking for data scientist COOP with statistics and Python.,DS,Jeddah,python; sql; numpy,Data Science,COOP,Hybrid,47.83,48.321293504255735,0.4912935042557365,0.4912935042557365,60,94
ds-scientist-jeddah,173,Abunayyan Holding,Data Analyst (Tamheer),Data science student at KAU in Jeddah looking for data scientist COOP with statistics and Python.,DS,Jeddah,python; sql; numpy,Data Science,COOP,Hybrid,47.83,44.73592883401366,-3.0940711659863354,3.0940711659863354,61,144
ds-scientist-jeddah,156,Meel | ميل,"Software Developer Internship (Remote, min 2 months)",Data science student at KAU in Jeddah looking for data scientist COOP with statistics and Python.,DS,Jeddah,python; sql; numpy,Data Science,COOP,Hybrid,47.33,57.33705852578144,10.007058525781439,10.007058525781439,62,20
ds-scientist-jeddah,159,Knodemy Inc.,AI Developer & Tech Trainer Intern - Riyadh,Data science student at KAU in Jeddah looking for data scientist COOP with statistics and Python.,DS,Jeddah,python; sql; numpy,Data Science,COOP,Hybrid,47.33,53.26928891373932,5.939288913739318,5.939288913739318,63,57
ds-scientist-jeddah,22,BlackRock,Client & Product Summer Internship Programme (EMEA) - includes Riyadh,Data science student at KAU in Jeddah looking for data scientist COOP with statistics and Python.,DS,Jeddah,python; sql; numpy,Data Science,COOP,Hybrid,47.17,47.006144230116426,-0.16385576988357542,0.16385576988357542,64,112
ds-scientist-jeddah,44,PIF | Graduate Development Program,Graduate Development Program (GDP),Data science student at KAU in Jeddah looking for data scientist COOP with statistics and Python.,DS,Jeddah,python; sql; numpy,Data Science,COOP,Hybrid,47.17,45.24842550240915,-1.9215744975908535,1.9215744975908535,65,124
ds-scientist-jeddah,169,Snbla | سنبله,Paid Internship Program (FinTech),Data science student at KAU in Jeddah looking for data scientist COOP with statistics and Python.,DS,Jeddah,python; sql; numpy,Data Science,COOP,Hybrid,46.83,51.692765156271925,4.8627651562719265,4.8627651562719265,66,73
ds-scientist-jeddah,143,Lean Technologies,Software Engineering Intern – KSA,Data science student at KAU in Jeddah looking for data scientist COOP with statistics and Python.,DS,Jeddah,python; sql; numpy,Data Science,COOP,Hybrid,46.33,53.99772378178389,7.6677237817838915,7.6677237817838915,67,49
ds-scientist-jeddah,26,Yasref,Yasref Cooperative Training Program,Data science student at KAU in Jeddah looking for data scientist COOP with statistics and Python.,DS,Jeddah,python; sql; numpy,Data Science,COOP,Hybrid,46.0,48.83192933452683,2.8319293345268335,2.8319293345268335,68,86
ds-scientist-jeddah,42,The Saudi National Bank (SNB),SNB Rowad Program,Data science student at KAU in Jeddah looking for data scientist COOP with statistics and Python.,DS,Jeddah,python; sql; numpy,Data Science,COOP,Hybrid,45.33,43.98996533121765,-1.3400346687823514,1.3400346687823514,69,146
ds-scientist-jeddah,78,Tabby,Intern Frontend Engineer,Data science student at KAU in Jeddah looking for data scientist COOP with statistics and Python.,DS,Jeddah,python; sql; numpy,Data Science,COOP,Hybrid,45.33,53.91131642827085,8.581316428270853,8.581316428270853,70,50
ds-scientist-jeddah,80,Tabby,No-Code / AI Agents Engineering Intern,Data science student at KAU in Jeddah looking for data scientist COOP with statistics and Python.,DS,Jeddah,python; sql; numpy,Data Science,COOP,Hybrid,45.33,51.99253688871456,6.662536888714563,6.662536888714563,71,69
ds-scientist-jeddah,106,Bank AlJazira,Tamheer Program,Data science student at KAU in Jeddah looking for data scientist COOP with statistics and Python.,DS,Jeddah,python; sql; numpy,Data Science,COOP,Hybrid,45.33,48.380595171150375,3.050595171150377,3.050595171150377,72,93
ds-scientist-jeddah,164,ضالتي Dhallaty,Tech Intern: Fresh Grad or Student,Data science student at KAU in Jeddah looking for data scientist COOP with statistics and Python.,DS,Jeddah,python; sql; numpy,Data Science,COOP,Hybrid,43.83,52.07580779270944,8.245807792709442,8.245807792709442,73,68
ds-scientist-jeddah,8,KPMG Saudi Arabia,COOP & Internship Programs,Data science student at KAU in Jeddah looking for data scientist COOP with statistics and Python.,DS,Jeddah,python; sql; numpy,Data Science,COOP,Hybrid,43.5,45.20401014116477,1.7040101411647726,1.7040101411647726,74,125
ds-scientist-jeddah,14,Saudi Exports (Saudi Export Development Authority),COOP & Summer Training (FAQ-confirmed),Data science student at KAU in Jeddah looking for data scientist COOP with statistics and Python.,DS,Jeddah,python; sql; numpy,Data Science,COOP,Hybrid,43.5,44.907578988112085,1.4075789881120855,1.4075789881120855,75,130
ds-scientist-jeddah,32,TBC (The Beauty Company),Cooperative Training Program,Data science student at KAU in Jeddah looking for data scientist COOP with statistics and Python.,DS,Jeddah,python; sql; numpy,Data Science,COOP,Hybrid,43.5,43.68352525340431,0.18352525340431214,0.18352525340431214,76,147
ds-scientist-jeddah,39,Saudi Food & Drug Authority (SFDA),COOP training (First semester 2025-2026 intake),Data science student at KAU in Jeddah looking for data scientist COOP with statistics and Python.,DS,Jeddah,python; sql; numpy,Data Science,COOP,Hybrid,43.5,47.659015972219,4.159015972219002,4.159015972219002,77,102
ds-scientist-jeddah,90,NHC,COOP Trainee,Data science student at KAU in Jeddah looking for data scientist COOP with statistics and Python.,DS,Jeddah,python; sql; numpy,Data Science,COOP,Hybrid,43.5,47.659015972219,4.159015972219002,4.159015972219002,78,104
ds-scientist-jeddah,57,IBM,"Automation, Data & AI – Intern",Data science student at KAU in Jeddah looking for data scientist COOP with statistics and Python.,DS,Jeddah,python; sql; numpy,Data Science,COOP,Hybrid,43.33,52.44950217337868,9.119502173378685,9.119502173378685,79,63
ds-scientist-jeddah,9,PwC Middle East,"Deals, COOP and Summer Internship Programme (2026)",Data science student at KAU in Jeddah looking for data scientist COOP with statistics and Python.,DS,Jeddah,python; sql; numpy,Data Science,COOP,Hybrid,43.0,47.76656798164148,4.766567981641479,4.766567981641479,80,96
ds-scientist-jeddah,16,McKinsey & Company (Maqdira),Maqdira Fellowship Program,Data science student at KAU in Jeddah looking for data scientist COOP with statistics and Python.,DS,Jeddah,python; sql; numpy,Data Science,COOP,Hybrid,43.0,44.907578988112085,1.9075789881120855,1.9075789881120855,81,132
ds-scientist-jeddah,27,"Saudi Standards, Metrology and Quality Organization (SASO)",Cooperative Training (Collaborative Training),Data science student at KAU in Jeddah looking for data scientist COOP with statistics and Python.,DS,Jeddah,python; sql; numpy,Data Science,COOP,Hybrid,43.0,48.83192933452683,5.8319293345268335,5.8319293345268335,82,87
ds-scientist-jeddah,36,PwC Middle East (Assurance COOP & Summer Internship Programme 2026),"Assurance, COOP and Summer Internship Programme 2026 – Middle East",Data science student at KAU in Jeddah looking for data scientist COOP with statistics and Python.,DS,Jeddah,python; sql; numpy,Data Science,COOP,Hybrid,43.0,50.70213546822052,7.7021354682205185,7.7021354682205185,83,77
ds-scientist-jeddah,91,REMAT ADVANCED,Cooperative Training Program,Data science student at KAU in Jeddah looking for data scientist COOP with statistics and Python.,DS,Jeddah,python; sql; numpy,Data Science,COOP,Hybrid,43.0,49.29110935494774,6.291109354947743,6.291109354947743,84,84
ds-scientist-jeddah,96,flynas,COOP Trainee / Internship Program,Data science student at KAU in Jeddah looking for data scientist COOP with statistics and Python.,DS,Jeddah,python; sql; numpy,Data Science,COOP,Hybrid,43.0,44.907578988112085,1.9075789881120855,1.9075789881120855,85,139
ds-scientist-jeddah,109,Elm Company (شركة علم),Coop Training - Computer Science (Jan/Mar/Jun/Aug 2025 Intake),Data science student at KAU in Jeddah looking for data scientist COOP with statistics and Python.,DS,Jeddah,python; sql; numpy,Data Science,COOP,Hybrid,43.0,47.76656798164148,4.766567981641479,4.766567981641479,86,101
ds-scientist-jeddah,110,Elm Company (شركة علم),Co-Op Training - Information Technology (Jun & Aug 2025 Intake),Data science student at KAU in Jeddah looking for data scientist COOP with statistics and Python.,DS,Jeddah,python; sql; numpy,Data Science,COOP,Hybrid,43.0,48.684458008402856,5.684458008402856,5.684458008402856,87,91
ds-scientist-jeddah,115,Salla,برنامج التدريب التعاوني (Coop Training) – Salla,Data science student at KAU in Jeddah looking for data scientist COOP with statistics and Python.,DS,Jeddah,python; sql; numpy,Data Science,COOP,Hybrid,43.0,44.907578988112085,1.9075789881120855,1.9075789881120855,88,140
ds-scientist-jeddah,129,WalaPlus,Coop & Tamheer Opportunities,Data science student at KAU in Jeddah looking for data scientist COOP with statistics and Python.,DS,Jeddah,python; sql; numpy,Data Science,COOP,Hybrid,43.0,49.316739635717006,6.316739635717006,6.316739635717006,89,82
ds-scientist-jeddah,130,Aon,IT Co-op Trainee 2026,Data science student at KAU in Jeddah looking for data scientist COOP with statistics and Python.,DS,Jeddah,python; sql; numpy,Data Science,COOP,Hybrid,43.0,52.2299908934307,9.229990893430703,9.229990893430703,90,64
ds-scientist-jeddah,131,Hewlett Packard Enterprise (HPE),College Intern (Coop),Data science student at KAU in Jeddah looking for data scientist COOP with statistics and Python.,DS,Jeddah,python; sql; numpy,Data Science,COOP,Hybrid,43.0,52.2299908934307,9.229990893430703,9.229990893430703,91,65
ds-scientist-jeddah,132,Signify,KSA Coop Internship Program,Data science student at KAU in Jeddah looking for data scientist COOP with statistics and Python.,DS,Jeddah,python; sql; numpy,Data Science,COOP,Hybrid,43.0,49.316739635717006,6.316739635717006,6.316739635717006,92,83
ds-scientist-jeddah,146,NCGR | المركز الوطني لنظم الموارد الحكومية,Coop Training Program,Data science student at KAU in Jeddah looking for data scientist COOP with statistics and Python.,DS,Jeddah,python; sql; numpy,Data Science,COOP,Hybrid,43.0,54.58422879286068,11.584228792860678,11.584228792860678,93,36
ds-scientist-jeddah,149,New Murabba | المربع الجديد,New Murabba Co-op Training Program,Data science student at KAU in Jeddah looking for data scientist COOP with statistics and Python.,DS,Jeddah,python; sql; numpy,Data Science,COOP,Hybrid,43.0,50.70213546822052,7.7021354682205185,7.7021354682205185,94,78
ds-scientist-jeddah,152,Schneider Electric,Co-op Intern (Engineering) - Al Khobar (Jan–Aug 2026),Data science student at KAU in Jeddah looking for data scientist COOP with statistics and Python.,DS,Jeddah,python; sql; numpy,Data Science,COOP,Hybrid,43.0,52.2299908934307,9.229990893430703,9.229990893430703,95,66
ds-scientist-jeddah,124,InnovationTeam,Java Microservices Internship Programme (Saudi Nationals),Data science student at KAU in Jeddah looking for data scientist COOP with statistics and Python.,DS,Jeddah,python; sql; numpy,Data Science,COOP,Hybrid,42.33,56.38743006423506,14.057430064235064,14.057430064235064,96,23
ds-scientist-jeddah,139,Ericsson,Summer Interns (Ericsson Saudi),Data science student at KAU in Jeddah looking for data scientist COOP with statistics and Python.,DS,Jeddah,python; sql; numpy,Data Science,COOP,Hybrid,42.33,53.26928891373932,10.939288913739318,10.939288913739318,97,56
ds-scientist-jeddah,158,SMART Technology Solutions | سمارت لحلول التقنية,R&D Intern (Riyadh),Data science student at KAU in Jeddah looking for data scientist COOP with statistics and Python.,DS,Jeddah,python; sql; numpy,Data Science,COOP,Hybrid,42.33,51.99253688871456,9.662536888714563,9.662536888714563,98,70
ds-scientist-jeddah,160,Water Transmission Company | شركة نقل المياه,Tamheer Internship Program (HRIS / Engineering & PM - Riyadh),Data science student at KAU in Jeddah looking for data scientist COOP with statistics and Python.,DS,Jeddah,python; sql; numpy,Data Science,COOP,Hybrid,42.33,51.27382443980864,8.943824439808644,8.943824439808644,99,75
ds-scientist-jeddah,2,SABIC,COOP Training Program,Data science student at KAU in Jeddah looking for data scientist COOP with statistics and Python.,DS,Jeddah,python; sql; numpy,Data Science,COOP,Hybrid,41.5,44.907578988112085,3.4075789881120855,3.4075789881120855,100,127
ds-scientist-jeddah,52,Ministry of Industry and Mineral Resources | Cooperative Training,Cooperative Training Initiative,Data science student at KAU in Jeddah looking for data scientist COOP with statistics and Python.,DS,Jeddah,python; sql; numpy,Data Science,COOP,Hybrid,41.5,41.98850655528851,0.4885065552885095,0.4885065552885095,101,158
ds-scientist-jeddah,56,HRDF | Cooperative Training Product,Cooperative Training Product,Data science student at KAU in Jeddah looking for data scientist COOP with statistics and Python.,DS,Jeddah,python; sql; numpy,Data Science,COOP,Hybrid,41.5,41.98850655528851,0.4885065552885095,0.4885065552885095,102,159
ds-scientist-jeddah,60,Cisco,Cisco NetVersity (Saudi Arabia),Data science student at KAU in Jeddah looking for data scientist COOP with statistics and Python.,DS,Jeddah,python; sql; numpy,Data Science,COOP,Hybrid,41.0,45.83696009003525,4.836960090035248,4.836960090035248,103,121
ds-scientist-jeddah,126,Trendyol Group,Trendyol Tech Talent - Bootcamp & COOP Internship Program (Saudi Students Only),Data science student at KAU in Jeddah looking for data scientist COOP with statistics and Python.,DS,Jeddah,python; sql; numpy,Data Science,COOP,Hybrid,41.0,50.162372164090925,9.162372164090925,9.162372164090925,104,81
ds-scientist-jeddah,127,Ninja نينجا,COOP Training Program,Data science student at KAU in Jeddah looking for data scientist COOP with statistics and Python.,DS,Jeddah,python; sql; numpy,Data Science,COOP,Hybrid,41.0,46.04323157346003,5.043231573460027,5.043231573460027,105,118
ds-scientist-jeddah,154,Markaba | مركبة,Start-up Software Intern – TAMHEER (Saudi nationals only),Data science student at KAU in Jeddah looking for data scientist COOP with statistics and Python.,DS,Jeddah,python; sql; numpy,Data Science,COOP,Hybrid,40.33,47.32029968912391,6.990299689123908,6.990299689123908,106,107
ds-scientist-jeddah,166,HUMAIN,Tamheer Program (Software Engineer / Cybersecurity / MIS),Data science student at KAU in Jeddah looking for data scientist COOP with statistics and Python.,DS,Jeddah,python; sql; numpy,Data Science,COOP,Hybrid,40.33,51.26707020515544,10.937070205155443,10.937070205155443,107,76
ds-scientist-jeddah,1,Saudi Aramco,University Internship Program (UIP),Data science student at KAU in Jeddah looking for data scientist COOP with statistics and Python.,DS,Jeddah,python; sql; numpy,Data Science,COOP,Hybrid,38.5,48.684458008402856,10.184458008402856,10.184458008402856,108,90
ds-scientist-jeddah,3,stc (Saudi Telecom Company),Cooperative Training Program (COOP),Data science student at KAU in Jeddah looking for data scientist COOP with statistics and Python.,DS,Jeddah,python; sql; numpy,Data Science,COOP,Hybrid,38.5,54.15950106591119,15.659501065911194,15.659501065911194,109,40
ds-scientist-jeddah,7,Digital Government Authority (DGA),Maidan Cooperative Training Program,Data science student at KAU in Jeddah looking for data scientist COOP with statistics and Python.,DS,Jeddah,python; sql; numpy,Data Science,COOP,Hybrid,38.5,44.907578988112085,6.4075789881120855,6.4075789881120855,110,128
ds-scientist-jeddah,13,Bupa Arabia,Cooperative Training Program,Data science student at KAU in Jeddah looking for data scientist COOP with statistics and Python.,DS,Jeddah,python; sql; numpy,Data Science,COOP,Hybrid,38.5,44.907578988112085,6.4075789881120855,6.4075789881120855,111,129
ds-scientist-jeddah,15,Local Content and Government Procurement Authority (LCGPA),COOP Training (role posting),Data science student at KAU in Jeddah looking for data scientist COOP with statistics and Python.,DS,Jeddah,python; sql; numpy,Data Science,COOP,Hybrid,38.5,44.907578988112085,6.4075789881120855,6.4075789881120855,112,131
ds-scientist-jeddah,17,Boston Consulting Group (BCG),Visiting Associate Internship (Riyadh),Data science student at KAU in Jeddah looking for data scientist COOP with statistics and Python.,DS,Jeddah,python; sql; numpy,Data Science,COOP,Hybrid,38.5,54.15950106591119,15.659501065911194,15.659501065911194,113,43
ds-scientist-jeddah,18,Bain & Company,COOP Training Program (Riyadh),Data science student at KAU in Jeddah looking for data scientist COOP with statistics and Python.,DS,Jeddah,python; sql; numpy,Data Science,COOP,Hybrid,38.5,44.907578988112085,6.4075789881120855,6.4075789881120855,114,133
ds-scientist-jeddah,25,Elm,Elm Co-op Training Program (March 2026 Intake),Data science student at KAU in Jeddah looking for data scientist COOP with statistics and Python.,DS,Jeddah,python; sql; numpy,Data Science,COOP,Hybrid,38.5,43.63345815120682,5.133458151206817,5.133458151206817,115,148
ds-scientist-jeddah,30,EXPRO,COOP Training (Future Makers Program),Data science student at KAU in Jeddah looking for data scientist COOP with statistics and Python.,DS,Jeddah,python; sql; numpy,Data Science,COOP,Hybrid,38.5,44.907578988112085,6.4075789881120855,6.4075789881120855,116,134
ds-scientist-jeddah,33,National Center for Vegetation Cover Development & Combating Desertification (NCVC),COOP Training Program,Data science student at KAU in Jeddah looking for data scientist COOP with statistics and Python.,DS,Jeddah,python; sql; numpy,Data Science,COOP,Hybrid,38.5,47.76656798164148,9.26656798164148,9.26656798164148,117,97
ds-scientist-jeddah,34,Saudi Power Procurement Company (SPPC),Future Power – COOP Training Program,Data science student at KAU in Jeddah looking for data scientist COOP with statistics and Python.,DS,Jeddah,python; sql; numpy,Data Science,COOP,Hybrid,38.5,46.25237876958306,7.752378769583061,7.752378769583061,118,115
ds-scientist-jeddah,35,TBC (Tatweer Building Company),Cooperative Training Program,Data science student at KAU in Jeddah looking for data scientist COOP with statistics and Python.,DS,Jeddah,python; sql; numpy,Data Science,COOP,Hybrid,38.5,46.25237876958306,7.752378769583061,7.752378769583061,119,116
ds-scientist-jeddah,40,Saudi Power Procurement Company (SPPC) – Future Power (Business Admin COOP),Future Power – Business Administration COOP Training Program,Data science student at KAU in Jeddah looking for data scientist COOP with statistics and Python.,DS,Jeddah,python; sql; numpy,Data Science,COOP,Hybrid,38.5,50.584760036958414,12.084760036958414,12.084760036958414,120,80
ds-scientist-jeddah,46,ROSHN | COOP Trainee Program,COOP Trainee Program,Data science student at KAU in Jeddah looking for data scientist COOP with statistics and Python.,DS,Jeddah,python; sql; numpy,Data Science,COOP,Hybrid,38.5,47.76656798164148,9.26656798164148,9.26656798164148,121,98
ds-scientist-jeddah,65,Expenditure & Projects Efficiency Authority (EXPRO),Future Makers (صنّاع المستقبل) – Cooperative Training,Data science student at KAU in Jeddah looking for data scientist COOP with statistics and Python.,DS,Jeddah,python; sql; numpy,Data Science,COOP,Hybrid,38.5,46.96843499438521,8.468434994385213,8.468434994385213,122,113
ds-scientist-jeddah,66,Ministry of Finance (Saudi Arabia),Cooperative Training Program (Ministry of Finance),Data science student at KAU in Jeddah looking for data scientist COOP with statistics and Python.,DS,Jeddah,python; sql; numpy,Data Science,COOP,Hybrid,38.5,47.76656798164148,9.26656798164148,9.26656798164148,123,99
ds-scientist-jeddah,67,General Entertainment Authority (GEA),GEA Cooperative Training Program,Data science student at KAU in Jeddah looking for data scientist COOP with statistics and Python.,DS,Jeddah,python; sql; numpy,Data Science,COOP,Hybrid,38.5,44.907578988112085,6.4075789881120855,6.4075789881120855,124,135
ds-scientist-jeddah,68,Banque Saudi Fransi (BSF),COOP Training,Data science student at KAU in Jeddah looking for data scientist COOP with statistics and Python.,DS,Jeddah,python; sql; numpy,Data Science,COOP,Hybrid,38.5,51.810957735978526,13.310957735978526,13.310957735978526,125,71
ds-scientist-jeddah,83,CEER,Cooperative Training Program (COOP),Data science student at KAU in Jeddah looking for data scientist COOP with statistics and Python.,DS,Jeddah,python; sql; numpy,Data Science,COOP,Hybrid,38.5,44.907578988112085,6.4075789881120855,6.4075789881120855,126,137
ds-scientist-jeddah,87,Banque Saudi Fransi (BSF),Coop Training Program,Data science student at KAU in Jeddah looking for data scientist COOP with statistics and Python.,DS,Jeddah,python; sql; numpy,Data Science,COOP,Hybrid,38.5,48.8170861110294,10.317086111029397,10.317086111029397,127,89
ds-scientist-jeddah,88,Tech Economy,COOP Training Program,Data science student at KAU in Jeddah looking for data scientist COOP with statistics and Python.,DS,Jeddah,python; sql; numpy,Data Science,COOP,Hybrid,38.5,47.659015972219,9.159015972219002,9.159015972219002,128,103
ds-scientist-jeddah,89,SAMI Advanced Electronics (SAMI-AEC),Coop Trainee,Data science student at KAU in Jeddah looking for data scientist COOP with statistics and Python.,DS,Jeddah,python; sql; numpy,Data Science,COOP,Hybrid,38.5,48.48337362622438,9.983373626224378,9.983373626224378,129,92
ds-scientist-jeddah,95,ARDARA,COOP Training for Students,Data science student at KAU in Jeddah looking for data scientist COOP with statistics and Python.,DS,Jeddah,python; sql; numpy,Data Science,COOP,Hybrid,38.5,44.907578988112085,6.4075789881120855,6.4075789881120855,130,138
ds-scientist-jeddah,99,Mobily,Cooperative Training Program,Data science student at KAU in Jeddah looking for data scientist COOP with statistics and Python.,DS,Jeddah,python; sql; numpy,Data Science,COOP,Hybrid,38.5,47.659015972219,9.159015972219002,9.159015972219002,131,105
ds-scientist-jeddah,101,Alvarez & Marsal,COOP Training Program,Data science student at KAU in Jeddah looking for data scientist COOP with statistics and Python.,DS,Jeddah,python; sql; numpy,Data Science,COOP,Hybrid,38.5,47.659015972219,9.159015972219002,9.159015972219002,132,106
ds-scientist-jeddah,102,Visa,COOP Trainee (Jan 2026),Data science student at KAU in Jeddah looking for data scientist COOP with statistics and Python.,DS,Jeddah,python; sql; numpy,Data Science,COOP,Hybrid,38.5,47.76656798164148,9.26656798164148,9.26656798164148,133,100
ds-scientist-jeddah,105,Savvy Games Group,Cooperative Training Program (Co-op),Data science student at KAU in Jeddah looking for data scientist COOP with statistics and Python.,DS,Jeddah,python; sql; numpy,Data Science,COOP,Hybrid,38.5,47.88310566099548,9.383105660995483,9.383105660995483,134,95
ds-scientist-jeddah,111,EJADA,COOP Administration & Support Engineer,Data science student at KAU in Jeddah looking for data scientist COOP with statistics and Python.,DS,Jeddah,python; sql; numpy,Data Science,COOP,Hybrid,38.5,53.05046812163712,14.550468121637117,14.550468121637117,135,60
ds-scientist-jeddah,117,Diriyah Company,Diriyah Co-op Training Program,Data science student at KAU in Jeddah looking for data scientist COOP with statistics and Python.,DS,Jeddah,python; sql; numpy,Data Science,COOP,Hybrid,38.5,44.907578988112085,6.4075789881120855,6.4075789881120855,136,141
ds-scientist-jeddah,118,Riyadh Air,Co-op – Riyadh Air,Data science student at KAU in Jeddah looking for data scientist COOP with statistics and Python.,DS,Jeddah,python; sql; numpy,Data Science,COOP,Hybrid,38.5,44.907578988112085,6.4075789881120855,6.4075789881120855,137,142
ds-scientist-jeddah,120,Lumi | لومي,COOP Intern 2025 – Lumi,Data science student at KAU in Jeddah looking for data scientist COOP with statistics and Python.,DS,Jeddah,python; sql; numpy,Data Science,COOP,Hybrid,38.5,44.907578988112085,6.4075789881120855,6.4075789881120855,138,143
ds-scientist-jeddah,121,webook.com,COOP Trainee Opportunities – webook.com,Data science student at KAU in Jeddah looking for data scientist COOP with statistics and Python.,DS,Jeddah,python; sql; numpy,Data Science,COOP,Hybrid,38.5,45.20401014116477,6.704010141164773,6.704010141164773,139,126
ds-scientist-jeddah,51,Ministry of Finance (Saudi Arabia) | Cooperative Training Program,Cooperative Training Program,Data science student at KAU in Jeddah looking for data scientist COOP with statistics and Python.,DS,Jeddah,python; sql; numpy,Data Science,COOP,Hybrid,36.5,41.98850655528851,5.4885065552885095,5.4885065552885095,140,157
ds-scientist-jeddah,45,NEOM | GrOW (Graduates Opportunities in Work),GrOW (Graduates Opportunities in Work),Data science student at KAU in Jeddah looking for data scientist COOP with statistics and Python.,DS,Jeddah,python; sql; numpy,Data Science,COOP,Hybrid,36.0,38.73275188060192,2.732751880601917,2.732751880601917,141,167
ds-scientist-jeddah,53,King Fahd Causeway Authority | Internship Program,Internship Program,Data science student at KAU in Jeddah looking for data scientist COOP with statistics and Python.,DS,Jeddah,python; sql; numpy,Data Science,COOP,Hybrid,36.0,43.10854034950184,7.108540349501837,7.108540349501837,142,151
ds-scientist-jeddah,54,Tawuniya | Tamheer Program (Fresh Graduates),Tamheer Program,Data science student at KAU in Jeddah looking for data scientist COOP with statistics and Python.,DS,Jeddah,python; sql; numpy,Data Science,COOP,Hybrid,36.0,47.24622710406971,11.24622710406971,11.24622710406971,143,108
ds-scientist-jeddah,21,Google (Saudi Arabia),Google Careers (Saudi location filter),Data science student at KAU in Jeddah looking for data scientist COOP with statistics and Python.,DS,Jeddah,python; sql; numpy,Data Science,COOP,Hybrid,34.5,42.13955034743935,7.6395503474393465,7.6395503474393465,144,155
ds-scientist-jeddah,28,"Zakat, Tax and Customs Authority (ZATCA)",Binaa-Alkafaat Program,Data science student at KAU in Jeddah looking for data scientist COOP with statistics and Python.,DS,Jeddah,python; sql; numpy,Data Science,COOP,Hybrid,33.5,35.980091269646394,2.480091269646394,2.480091269646394,145,169
ds-scientist-jeddah,43,National Cybersecurity Authority (NCA) – Academy,Cybersecurity training programs (academy),Data science student at KAU in Jeddah looking for data scientist COOP with statistics and Python.,DS,Jeddah,python; sql; numpy,Data Science,COOP,Hybrid,33.5,45.85185018981812,12.351850189818123,12.351850189818123,146,120
ds-scientist-jeddah,10,Deloitte Middle East (KSA),Jusoor Al Sharqiyah Internship Program,Data science student at KAU in Jeddah looking for data scientist COOP with statistics and Python.,DS,Jeddah,python; sql; numpy,Data Science,COOP,Hybrid,33.0,45.72697087215095,12.72697087215095,12.72697087215095,147,122
ds-scientist-jeddah,19,Amazon Web Services (AWS),IT/Computer Hardware Internship (Intern-to-FTE Pathway),Data science student at KAU in Jeddah looking for data scientist COOP with statistics and Python.,DS,Jeddah,python; sql; numpy,Data Science,COOP,Hybrid,33.0,46.21178117334112,13.211781173341123,13.211781173341123,148,117
ds-scientist-jeddah,20,Amazon Web Services (AWS) - Associate Solutions Architect Intern,Associate Solutions Architect Intern (2026),Data science student at KAU in Jeddah looking for data scientist COOP with statistics and Python.,DS,Jeddah,python; sql; numpy,Data Science,COOP,Hybrid,33.0,47.16610455476751,14.166104554767507,14.166104554767507,149,109
ds-scientist-jeddah,58,Unifonic,Internship (Unifonic),Data science student at KAU in Jeddah looking for data scientist COOP with statistics and Python.,DS,Jeddah,python; sql; numpy,Data Science,COOP,Hybrid,33.0,40.88386165144061,7.883861651440611,7.883861651440611,150,163
ds-scientist-jeddah,104,Zain KSA,Zain Pioneers Program,Data science student at KAU in Jeddah looking for data scientist COOP with statistics and Python.,DS,Jeddah,python; sql; numpy,Data Science,COOP,Hybrid,33.0,43.16279026457227,10.162790264572273,10.162790264572273,151,150
ds-scientist-jeddah,114,Foodics,Foodics 360 Internship Program,Data science student at KAU in Jeddah looking for data scientist COOP with statistics and Python.,DS,Jeddah,python; sql; numpy,Data Science,COOP,Hybrid,33.0,42.69448201655171,9.69448201655171,9.69448201655171,152,152
ds-scientist-jeddah,125,Tamkeen Technologies,On the Job Training (Internship Program) — Technology field,Data science student at KAU in Jeddah looking for data scientist COOP with statistics and Python.,DS,Jeddah,python; sql; numpy,Data Science,COOP,Hybrid,33.0,44.524811979809485,11.524811979809485,11.524811979809485,153,145
ds-scientist-jeddah,134,TrendAI (Trend Micro),CyberGATE Internship Program,Data science student at KAU in Jeddah looking for data scientist COOP with statistics and Python.,DS,Jeddah,python; sql; numpy,Data Science,COOP,Hybrid,33.0,49.07027156292731,16.07027156292731,16.07027156292731,154,85
ds-scientist-jeddah,136,Siemens Healthineers,Healthineers Early Talent Program – IT (Riyadh),Data science student at KAU in Jeddah looking for data scientist COOP with statistics and Python.,DS,Jeddah,python; sql; numpy,Data Science,COOP,Hybrid,33.0,47.16610455476751,14.166104554767507,14.166104554767507,155,110
ds-scientist-jeddah,148,Procter & Gamble (P&G),P&G LEADgen Internship Program 2026 (Riyadh),Data science student at KAU in Jeddah looking for data scientist COOP with statistics and Python.,DS,Jeddah,python; sql; numpy,Data Science,COOP,Hybrid,33.0,46.02344387473725,13.023443874737247,13.023443874737247,156,119
ds-scientist-jeddah,151,Motorola Solutions,Deployment Engineer Intern (KSA National - Tamheer Program),Data science student at KAU in Jeddah looking for data scientist COOP with statistics and Python.,DS,Jeddah,python; sql; numpy,Data Science,COOP,Hybrid,33.0,45.47907315620435,12.47907315620435,12.47907315620435,157,123
ds-scientist-jeddah,153,Lockheed Martin,Tamheer Space Internship (Riyadh),Data science student at KAU in Jeddah looking for data scientist COOP with statistics and Python.,DS,Jeddah,python; sql; numpy,Data Science,COOP,Hybrid,33.0,41.0355105472262,8.035510547226203,8.035510547226203,158,162
ds-scientist-jeddah,48,Oracle | Business Development Intern (KSA market),Business Development Intern (KSA market),Data science student at KAU in Jeddah looking for data scientist COOP with statistics and Python.,DS,Jeddah,python; sql; numpy,Data Science,COOP,Hybrid,31.5,36.76631664421542,5.266316644215422,5.266316644215422,159,168
ds-scientist-jeddah,59,Misk Foundation,Misk Traineeship / Internship Program,Data science student at KAU in Jeddah looking for data scientist COOP with statistics and Python.,DS,Jeddah,python; sql; numpy,Data Science,COOP,Hybrid,31.5,42.01403366801018,10.514033668010178,10.514033668010178,160,156
ds-scientist-jeddah,171,Infosys,Summer Intern (Infosys InStep ’26 – Bangalore),Data science student at KAU in Jeddah looking for data scientist COOP with statistics and Python.,DS,Jeddah,python; sql; numpy,Data Science,COOP,Hybrid,31.5,42.69448201655171,11.19448201655171,11.19448201655171,161,153
ds-scientist-jeddah,172,شركة الخدمات المدارة | Managed Services Company,Intern Cybersecurity Engineer,Data science student at KAU in Jeddah looking for data scientist COOP with statistics and Python.,DS,Jeddah,python; sql; numpy,Data Science,COOP,Hybrid,31.0,43.32340040225398,12.32340040225398,12.32340040225398,162,149
ds-scientist-jeddah,23,noon,Student Internship,Data science student at KAU in Jeddah looking for data scientist COOP with statistics and Python.,DS,Jeddah,python; sql; numpy,Data Science,COOP,Hybrid,28.5,40.318327771884526,11.818327771884526,11.818327771884526,163,164
ds-scientist-jeddah,49,SAP | Student Internship (Riyadh),Student Internship - Riyadh,Data science student at KAU in Jeddah looking for data scientist COOP with statistics and Python.,DS,Jeddah,python; sql; numpy,Data Science,COOP,Hybrid,28.5,41.18029280449329,12.680292804493291,12.680292804493291,164,161
ds-scientist-jeddah,103,Zain KSA,Evolve Program (Fresh Graduates),Data science student at KAU in Jeddah looking for data scientist COOP with statistics and Python.,DS,Jeddah,python; sql; numpy,Data Science,COOP,Hybrid,28.5,42.29095824666769,13.790958246667692,13.790958246667692,165,154
ds-scientist-jeddah,119,Jahez Group,Jahez Internship Program (as described in Sustainability Report),Data science student at KAU in Jeddah looking for data scientist COOP with statistics and Python.,DS,Jeddah,python; sql; numpy,Data Science,COOP,Hybrid,28.5,41.89634902929544,13.396349029295443,13.396349029295443,166,160
ds-scientist-jeddah,133,Help AG (e& enterprise),Cybersecurity Intern,Data science student at KAU in Jeddah looking for data scientist COOP with statistics and Python.,DS,Jeddah,python; sql; numpy,Data Science,COOP,Hybrid,28.5,47.08539620790671,18.58539620790671,18.58539620790671,167,111
ds-scientist-jeddah,55,SAMA | SAMA Professional Program (SPP),SAMA Professional Program (SPP),Data science student at KAU in Jeddah looking for data scientist COOP with statistics and Python.,DS,Jeddah,python; sql; numpy,Data Science,COOP,Hybrid,26.5,35.06968892589745,8.569688925897452,8.569688925897452,168,170
ds-scientist-jeddah,165,Innovative Solutions SA,Presales - Tamheer,Data science student at KAU in Jeddah looking for data scientist COOP with statistics and Python.,DS,Jeddah,python; sql; numpy,Data Science,COOP,Hybrid,26.5,39.66145662763563,13.16145662763563,13.16145662763563,169,165
ds-scientist-jeddah,167,TAM | تام,"Tamheer Opportunity, Advisory",Data science student at KAU in Jeddah looking for data scientist COOP with statistics and Python.,DS,Jeddah,python; sql; numpy,Data Science,COOP,Hybrid,26.5,23.450454568679067,-3.049545431320933,3.049545431320933,170,173
ds-scientist-jeddah,168,هيئة التأمين | Insurance Authority,Tamheer Opportunity - Specialist of Information Security,Data science student at KAU in Jeddah looking for data scientist COOP with statistics and Python.,DS,Jeddah,python; sql; numpy,Data Science,COOP,Hybrid,26.5,39.41067011574836,12.91067011574836,12.91067011574836,171,166
ds-scientist-jeddah,29,Human Resources Development Fund (HRDF) – Cooperative Training Product,Cooperative Training (HRDF product),Data science student at KAU in Jeddah looking for data scientist COOP with statistics and Python.,DS,Jeddah,python; sql; numpy,Data Science,COOP,Hybrid,20.5,27.38442332107544,6.884423321075442,6.884423321075442,172,171
ds-scientist-jeddah,31,Ministry of Industry and Mineral Resources (MIM) – Cooperative Training Initiative,Cooperative Training Initiative,Data science student at KAU in Jeddah looking for data scientist COOP with statistics and Python.,DS,Jeddah,python; sql; numpy,Data Science,COOP,Hybrid,20.5,27.38442332107544,6.884423321075442,6.884423321075442,173,172
eastern-province-cys,152,Schneider Electric,Co-op Intern (Engineering) - Al Khobar (Jan–Aug 2026),Cybersecurity student in Dammam open to Khobar and Dhahran SOC roles.,CYS,Dammam,linux,,COOP,On-site,82.5,65.09351411380608,-17.40648588619392,17.40648588619392,1,39
eastern-province-cys,39,Saudi Food & Drug Authority (SFDA),COOP training (First semester 2025-2026 intake),Cybersecurity student in Dammam open to Khobar and Dhahran SOC roles.,CYS,Dammam,linux,,COOP,On-site,82.0,69.07157819522989,-12.92842180477011,12.92842180477011,2,19
eastern-province-cys,81,Bank Albilad,Cooperative Training Program,Cybersecurity student in Dammam open to Khobar and Dhahran SOC roles.,CYS,Dammam,linux,,COOP,On-site,82.0,73.79165356430511,-8.208346435694892,8.208346435694892,3,5
eastern-province-cys,90,NHC,COOP Trainee,Cybersecurity student in Dammam open to Khobar and Dhahran SOC roles.,CYS,Dammam,linux,,COOP,On-site,82.0,69.07157819522989,-12.92842180477011,12.92842180477011,4,22
eastern-province-cys,38,BSF (Banque Saudi Fransi),COOP / Internship,Cybersecurity student in Dammam open to Khobar and Dhahran SOC roles.,CYS,Dammam,linux,,COOP,On-site,77.0,69.07157819522989,-7.92842180477011,7.92842180477011,5,18
eastern-province-cys,41,Bank Albilad,Cooperative and Summer Training Program,Cybersecurity student in Dammam open to Khobar and Dhahran SOC roles.,CYS,Dammam,linux,,COOP,On-site,77.0,73.79165356430511,-3.2083464356948923,3.2083464356948923,6,2
eastern-province-cys,64,Al Rajhi Takaful,Cooperative Training Program,Cybersecurity student in Dammam open to Khobar and Dhahran SOC roles.,CYS,Dammam,linux,,COOP,On-site,77.0,73.79165356430511,-3.2083464356948923,3.2083464356948923,7,3
eastern-province-cys,68,Banque Saudi Fransi (BSF),COOP Training,Cybersecurity student in Dammam open to Khobar and Dhahran SOC roles.,CYS,Dammam,linux,,COOP,On-site,77.0,68.64400925871841,-8.355990741281587,8.355990741281587,8,27
eastern-province-cys,69,Arab National Bank (ANB),COOP Trainee,Cybersecurity student in Dammam open to Khobar and Dhahran SOC roles.,CYS,Dammam,linux,,COOP,On-site,77.0,68.64400925871841,-8.355990741281587,8.355990741281587,9,28
eastern-province-cys,70,Tamara,Builders Program,Cybersecurity student in Dammam open to Khobar and Dhahran SOC roles.,CYS,Dammam,linux,,COOP,On-site,77.0,68.64400925871841,-8.355990741281587,8.355990741281587,10,29
eastern-province-cys,71,OmniOps,Co‑op Training Program,Cybersecurity student in Dammam open to Khobar and Dhahran SOC roles.,CYS,Dammam,linux,,COOP,On-site,77.0,67.5039131561461,-9.496086843853902,9.496086843853902,11,33
eastern-province-cys,72,Tatweer Educational Technologies (TETCO),Cooperative Training Program,Cybersecurity student in Dammam open to Khobar and Dhahran SOC roles.,CYS,Dammam,linux,,COOP,On-site,77.0,66.67022986813625,-10.329770131863754,10.329770131863754,12,34
eastern-province-cys,73,The Saudi Investment Bank (SAIB),Cooperative Program,Cybersecurity student in Dammam open to Khobar and Dhahran SOC roles.,CYS,Dammam,linux,,COOP,On-site,77.0,73.79165356430511,-3.2083464356948923,3.2083464356948923,13,4
eastern-province-cys,74,Saudi Awwal Bank (SAB),COOP Program,Cybersecurity student in Dammam open to Khobar and Dhahran SOC roles.,CYS,Dammam,linux,,COOP,On-site,77.0,71.64745403451998,-5.352545965480019,5.352545965480019,14,12
eastern-province-cys,75,Riyad Bank,Internships and Coop Trainings (CSR 2019),Cybersecurity student in Dammam open to Khobar and Dhahran SOC roles.,CYS,Dammam,linux,,COOP,On-site,77.0,68.64400925871841,-8.355990741281587,8.355990741281587,15,30
eastern-province-cys,84,Al Rajhi Takaful,Coop Training Program,Cybersecurity student in Dammam open to Khobar and Dhahran SOC roles.,CYS,Dammam,linux,,COOP,On-site,77.0,73.79165356430511,-3.2083464356948923,3.2083464356948923,16,6
eastern-province-cys,87,Banque Saudi Fransi (BSF),Coop Training Program,Cybersecurity student in Dammam open to Khobar and Dhahran SOC roles.,CYS,Dammam,linux,,COOP,On-site,77.0,69.29566788400638,-7.704332115993623,7.704332115993623,17,17
eastern-province-cys,88,Tech Economy,COOP Training Program,Cybersecurity student in Dammam open to Khobar and Dhahran SOC roles.,CYS,Dammam,linux,,COOP,On-site,77.0,69.07157819522989,-7.92842180477011,7.92842180477011,18,20
eastern-province-cys,89,SAMI Advanced Electronics (SAMI-AEC),Coop Trainee,Cybersecurity student in Dammam open to Khobar and Dhahran SOC roles.,CYS,Dammam,linux,,COOP,On-site,77.0,69.07157819522989,-7.92842180477011,7.92842180477011,19,21
eastern-province-cys,98,Saudi Motorsport Company (SMC),COOP Trainee (Supply Chain Excellence Associate),Cybersecurity student in Dammam open to Khobar and Dhahran SOC roles.,CYS,Dammam,linux,,COOP,On-site,77.0,58.117617358461565,-18.882382641538435,18.882382641538435,20,69
eastern-province-cys,99,Mobily,Cooperative Training Program,Cybersecurity student in Dammam open to Khobar and Dhahran SOC roles.,CYS,Dammam,linux,,COOP,On-site,77.0,69.07157819522989,-7.92842180477011,7.92842180477011,21,23
eastern-province-cys,100,Saudi Awwal Bank (SAB),Student Opportunities: Cooperative / Practical Training,Cybersecurity student in Dammam open to Khobar and Dhahran SOC roles.,CYS,Dammam,linux,,COOP,On-site,77.0,73.79165356430511,-3.2083464356948923,3.2083464356948923,22,7
eastern-province-cys,101,Alvarez & Marsal,COOP Training Program,Cybersecurity student in Dammam open to Khobar and Dhahran SOC roles.,CYS,Dammam,linux,,COOP,On-site,77.0,69.07157819522989,-7.92842180477011,7.92842180477011,23,24
eastern-province-cys,105,Savvy Games Group,Cooperative Training Program (Co-op),Cybersecurity student in Dammam open to Khobar and Dhahran SOC roles.,CYS,Dammam,linux,,COOP,On-site,77.0,69.07157819522989,-7.92842180477011,7.92842180477011,24,25
eastern-province-cys,107,sirar by stc,Cooperative Training Program,Cybersecurity student in Dammam open to Khobar and Dhahran SOC roles.,CYS,Dammam,linux,,COOP,On-site,77.0,68.4443624849065,-8.555637515093494,8.555637515093494,25,31
eastern-province-cys,111,EJADA,COOP Administration & Support Engineer,Cybersecurity student in Dammam open to Khobar and Dhahran SOC roles.,CYS,Dammam,linux,,COOP,On-site,77.0,59.69462021927367,-17.305379780726327,17.305379780726327,26,55
eastern-province-cys,116,Lucidya,Technical Internship or Coop – Lucidya,Cybersecurity student in Dammam open to Khobar and Dhahran SOC roles.,CYS,Dammam,linux,,COOP,On-site,77.0,69.55302649435788,-7.44697350564212,7.44697350564212,27,16
eastern-province-cys,122,moneymoon,Tech & AI Co-op Program 2025,Cybersecurity student in Dammam open to Khobar and Dhahran SOC roles.,CYS,Dammam,linux,,COOP,On-site,77.0,71.18576756359222,-5.814232436407778,5.814232436407778,28,14
eastern-province-cys,141,Saudi Payments | المدفوعات السعودية,COOP Training – August 2024,Cybersecurity student in Dammam open to Khobar and Dhahran SOC roles.,CYS,Dammam,linux,,COOP,On-site,77.0,77.51765875684053,0.5176587568405324,0.5176587568405324,29,1
eastern-province-cys,142,Saudi Tadawul Group | تداول,Cooperative Training Program (COOP),Cybersecurity student in Dammam open to Khobar and Dhahran SOC roles.,CYS,Dammam,linux,,COOP,On-site,77.0,68.4443624849065,-8.555637515093494,8.555637515093494,30,32
eastern-province-cys,145,HungerStation | هنقرستيشن,"Co-OP Trainee, Data Analysis – Info Sec",Cybersecurity student in Dammam open to Khobar and Dhahran SOC roles.,CYS,Dammam,linux,,COOP,On-site,77.0,71.18943205667661,-5.810567943323392,5.810567943323392,31,13
eastern-province-cys,146,NCGR | المركز الوطني لنظم الموارد الحكومية,Coop Training Program,Cybersecurity student in Dammam open to Khobar and Dhahran SOC roles.,CYS,Dammam,linux,,COOP,On-site,77.0,73.79165356430511,-3.2083464356948923,3.2083464356948923,32,8
eastern-province-cys,26,Yasref,Yasref Cooperative Training Program,Cybersecurity student in Dammam open to Khobar and Dhahran SOC roles.,CYS,Dammam,linux,,COOP,On-site,75.5,64.84424952493096,-10.655750475069041,10.655750475069041,33,40
eastern-province-cys,60,Cisco,Cisco NetVersity (Saudi Arabia),Cybersecurity student in Dammam open to Khobar and Dhahran SOC roles.,CYS,Dammam,linux,,COOP,On-site,75.0,62.95385014961887,-12.046149850381127,12.046149850381127,34,46
eastern-province-cys,163,Devoteam,Trainee - Future Leaders Program (Co-op/Fresh Graduate),Cybersecurity student in Dammam open to Khobar and Dhahran SOC roles.,CYS,Dammam,linux,,COOP,On-site,73.5,73.43406524782955,-0.06593475217044897,0.06593475217044897,35,9
eastern-province-cys,85,TAWAL,COOP Training Program,Cybersecurity student in Dammam open to Khobar and Dhahran SOC roles.,CYS,Dammam,linux,,COOP,On-site,72.5,66.67022986813625,-5.829770131863754,5.829770131863754,36,35
eastern-province-cys,91,REMAT ADVANCED,Cooperative Training Program,Cybersecurity student in Dammam open to Khobar and Dhahran SOC roles.,CYS,Dammam,linux,,COOP,On-site,72.5,64.84424952493096,-7.655750475069041,7.655750475069041,37,42
eastern-province-cys,112,Emdad By Elm,Network Cooperative Training (Network Intern),Cybersecurity student in Dammam open to Khobar and Dhahran SOC roles.,CYS,Dammam,linux,,COOP,On-site,72.5,72.47497921865343,-0.025020781346569265,0.025020781346569265,38,10
eastern-province-cys,128,SCAI | سكاي,CO-OP Training Opportunities (Intern),Cybersecurity student in Dammam open to Khobar and Dhahran SOC roles.,CYS,Dammam,linux,,COOP,On-site,72.5,70.39623506067171,-2.1037649393282862,2.1037649393282862,39,15
eastern-province-cys,43,National Cybersecurity Authority (NCA) – Academy,Cybersecurity training programs (academy),Cybersecurity student in Dammam open to Khobar and Dhahran SOC roles.,CYS,Dammam,linux,,COOP,On-site,72.0,61.12565258616869,-10.874347413831309,10.874347413831309,40,49
eastern-province-cys,54,Tawuniya | Tamheer Program (Fresh Graduates),Tamheer Program,Cybersecurity student in Dammam open to Khobar and Dhahran SOC roles.,CYS,Dammam,linux,,COOP,On-site,70.0,61.97313304985745,-8.026866950142548,8.026866950142548,41,48
eastern-province-cys,151,Motorola Solutions,Deployment Engineer Intern (KSA National - Tamheer Program),Cybersecurity student in Dammam open to Khobar and Dhahran SOC roles.,CYS,Dammam,linux,,COOP,On-site,68.5,59.71018582731984,-8.78981417268016,8.78981417268016,42,54
eastern-province-cys,3,stc (Saudi Telecom Company),Cooperative Training Program (COOP),Cybersecurity student in Dammam open to Khobar and Dhahran SOC roles.,CYS,Dammam,linux,,COOP,On-site,68.0,58.22438136912573,-9.77561863087427,9.77561863087427,43,61
eastern-province-cys,103,Zain KSA,Evolve Program (Fresh Graduates),Cybersecurity student in Dammam open to Khobar and Dhahran SOC roles.,CYS,Dammam,linux,,COOP,On-site,67.0,59.14315889323294,-7.856841106767057,7.856841106767057,44,57
eastern-province-cys,133,Help AG (e& enterprise),Cybersecurity Intern,Cybersecurity student in Dammam open to Khobar and Dhahran SOC roles.,CYS,Dammam,linux,,COOP,On-site,67.0,60.449395530540514,-6.550604469459486,6.550604469459486,45,50
eastern-province-cys,134,TrendAI (Trend Micro),CyberGATE Internship Program,Cybersecurity student in Dammam open to Khobar and Dhahran SOC roles.,CYS,Dammam,linux,,COOP,On-site,67.0,60.449395530540514,-6.550604469459486,6.550604469459486,46,51
eastern-province-cys,150,Boeing Saudi Arabia Limited,Intern - Info Technology & Data Analytics (Riyadh),Cybersecurity student in Dammam open to Khobar and Dhahran SOC roles.,CYS,Dammam,linux,,COOP,On-site,67.0,57.51684916170851,-9.483150838291493,9.483150838291493,47,73
eastern-province-cys,155,Laverne Group | مجموعة لافيرن,Data Analyst / Data Engineer Intern (IT Department),Cybersecurity student in Dammam open to Khobar and Dhahran SOC roles.,CYS,Dammam,linux,,COOP,On-site,67.0,58.30294587202198,-8.69705412797802,8.69705412797802,48,60
eastern-province-cys,1,Saudi Aramco,University Internship Program (UIP),Cybersecurity student in Dammam open to Khobar and Dhahran SOC roles.,CYS,Dammam,linux,,COOP,On-site,64.0,50.75243065154401,-13.24756934845599,13.24756934845599,49,100
eastern-province-cys,11,Bank Albilad,Cooperative & Summer Training Program,Cybersecurity student in Dammam open to Khobar and Dhahran SOC roles.,CYS,Dammam,linux,,COOP,On-site,63.5,68.87891879886666,5.378918798866664,5.378918798866664,50,26
eastern-province-cys,57,IBM,"Automation, Data & AI – Intern",Cybersecurity student in Dammam open to Khobar and Dhahran SOC roles.,CYS,Dammam,linux,,COOP,On-site,63.5,65.47384821787702,1.9738482178770198,1.9738482178770198,51,36
eastern-province-cys,157,Nahdi Medical Co.,IT Internship / COOP Program (6 months),Cybersecurity student in Dammam open to Khobar and Dhahran SOC roles.,CYS,Dammam,linux,,COOP,On-site,63.5,50.75243065154401,-12.74756934845599,12.74756934845599,52,105
eastern-province-cys,165,Innovative Solutions SA,Presales - Tamheer,Cybersecurity student in Dammam open to Khobar and Dhahran SOC roles.,CYS,Dammam,linux,,COOP,On-site,63.5,58.43525676104385,-5.064743238956147,5.064743238956147,53,59
eastern-province-cys,166,HUMAIN,Tamheer Program (Software Engineer / Cybersecurity / MIS),Cybersecurity student in Dammam open to Khobar and Dhahran SOC roles.,CYS,Dammam,linux,,COOP,On-site,63.5,52.903386152326135,-10.596613847673865,10.596613847673865,54,89
eastern-province-cys,168,هيئة التأمين | Insurance Authority,Tamheer Opportunity - Specialist of Information Security,Cybersecurity student in Dammam open to Khobar and Dhahran SOC roles.,CYS,Dammam,linux,,COOP,On-site,63.5,59.64183917912296,-3.858160820877039,3.858160820877039,55,56
eastern-province-cys,172,شركة الخدمات المدارة | Managed Services Company,Intern Cybersecurity Engineer,Cybersecurity student in Dammam open to Khobar and Dhahran SOC roles.,CYS,Dammam,linux,,COOP,On-site,63.5,56.75760878388044,-6.742391216119557,6.742391216119557,56,77
eastern-province-cys,17,Boston Consulting Group (BCG),Visiting Associate Internship (Riyadh),Cybersecurity student in Dammam open to Khobar and Dhahran SOC roles.,CYS,Dammam,linux,,COOP,On-site,63.0,58.22438136912573,-4.77561863087427,4.77561863087427,57,63
eastern-province-cys,76,Tabby,Intern DevOps Engineer,Cybersecurity student in Dammam open to Khobar and Dhahran SOC roles.,CYS,Dammam,linux,,COOP,On-site,62.5,51.842636519379454,-10.657363480620546,10.657363480620546,58,94
eastern-province-cys,104,Zain KSA,Zain Pioneers Program,Cybersecurity student in Dammam open to Khobar and Dhahran SOC roles.,CYS,Dammam,linux,,COOP,On-site,62.5,56.79430533168812,-5.705694668311878,5.705694668311878,59,76
eastern-province-cys,21,Google (Saudi Arabia),Google Careers (Saudi location filter),Cybersecurity student in Dammam open to Khobar and Dhahran SOC roles.,CYS,Dammam,linux,,COOP,On-site,61.0,56.6478023290843,-4.3521976709157,4.3521976709157,60,78
eastern-province-cys,4,Saudi National Bank (SNB),SNB Cooperative Training Program,Cybersecurity student in Dammam open to Khobar and Dhahran SOC roles.,CYS,Dammam,linux,,COOP,On-site,59.0,58.22438136912573,-0.7756186308742699,0.7756186308742699,61,62
eastern-province-cys,5,Al Rajhi Bank,Cooperative Training Program,Cybersecurity student in Dammam open to Khobar and Dhahran SOC roles.,CYS,Dammam,linux,,COOP,On-site,59.0,54.08080127291397,-4.919198727086027,4.919198727086027,62,81
eastern-province-cys,10,Deloitte Middle East (KSA),Jusoor Al Sharqiyah Internship Program,Cybersecurity student in Dammam open to Khobar and Dhahran SOC roles.,CYS,Dammam,linux,,COOP,On-site,58.5,57.49396599692538,-1.0060340030746175,1.0060340030746175,63,74
eastern-province-cys,12,Tamara,Tamara Builders Program,Cybersecurity student in Dammam open to Khobar and Dhahran SOC roles.,CYS,Dammam,linux,,COOP,On-site,58.5,57.7405554257252,-0.7594445742748022,0.7594445742748022,64,72
eastern-province-cys,27,"Saudi Standards, Metrology and Quality Organization (SASO)",Cooperative Training (Collaborative Training),Cybersecurity student in Dammam open to Khobar and Dhahran SOC roles.,CYS,Dammam,linux,,COOP,On-site,58.5,64.84424952493096,6.344249524930959,6.344249524930959,65,41
eastern-province-cys,62,General Authority for Statistics (GASTAT),Cooperative Training Program,Cybersecurity student in Dammam open to Khobar and Dhahran SOC roles.,CYS,Dammam,linux,,COOP,On-site,58.5,52.500298148267184,-5.999701851732816,5.999701851732816,66,90
eastern-province-cys,63,Saudi Center for Opinion Polling (SCOP),Cooperative Training Program,Cybersecurity student in Dammam open to Khobar and Dhahran SOC roles.,CYS,Dammam,linux,,COOP,On-site,58.5,52.500298148267184,-5.999701851732816,5.999701851732816,67,91
eastern-province-cys,86,Wakeb_Data,COOP Training,Cybersecurity student in Dammam open to Khobar and Dhahran SOC roles.,CYS,Dammam,linux,,COOP,On-site,58.5,58.22438136912573,-0.27561863087426985,0.27561863087426985,68,65
eastern-province-cys,92,SDM,AI COOP,Cybersecurity student in Dammam open to Khobar and Dhahran SOC roles.,CYS,Dammam,linux,,COOP,On-site,58.5,57.9415178448112,-0.5584821551887984,0.5584821551887984,69,70
eastern-province-cys,93,HUED,HUED COOP Program 2026,Cybersecurity student in Dammam open to Khobar and Dhahran SOC roles.,CYS,Dammam,linux,,COOP,On-site,58.5,58.93891797602225,0.43891797602225324,0.43891797602225324,70,58
eastern-province-cys,94,Araamis • أرامس,Araamis COOP Program 2026,Cybersecurity student in Dammam open to Khobar and Dhahran SOC roles.,CYS,Dammam,linux,,COOP,On-site,58.5,58.22438136912573,-0.27561863087426985,0.27561863087426985,71,66
eastern-province-cys,96,flynas,COOP Trainee / Internship Program,Cybersecurity student in Dammam open to Khobar and Dhahran SOC roles.,CYS,Dammam,linux,,COOP,On-site,58.5,48.41332535065461,-10.08667464934539,10.08667464934539,72,127
eastern-province-cys,97,Saudi Motorsport Company (SMC),COOP Trainee (IT Asset Project Management),Cybersecurity student in Dammam open to Khobar and Dhahran SOC roles.,CYS,Dammam,linux,,COOP,On-site,58.5,58.22438136912573,-0.27561863087426985,0.27561863087426985,73,67
eastern-province-cys,108,Gathern,Co-op Program,Cybersecurity student in Dammam open to Khobar and Dhahran SOC roles.,CYS,Dammam,linux,,COOP,On-site,58.5,64.52603033835108,6.026030338351077,6.026030338351077,74,45
eastern-province-cys,109,Elm Company (شركة علم),Coop Training - Computer Science (Jan/Mar/Jun/Aug 2025 Intake),Cybersecurity student in Dammam open to Khobar and Dhahran SOC roles.,CYS,Dammam,linux,,COOP,On-site,58.5,49.5712579083789,-8.928742091621103,8.928742091621103,75,118
eastern-province-cys,110,Elm Company (شركة علم),Co-Op Training - Information Technology (Jun & Aug 2025 Intake),Cybersecurity student in Dammam open to Khobar and Dhahran SOC roles.,CYS,Dammam,linux,,COOP,On-site,58.5,50.75243065154401,-7.74756934845599,7.74756934845599,76,103
eastern-province-cys,113,AILA,Co-op Training Programme,Cybersecurity student in Dammam open to Khobar and Dhahran SOC roles.,CYS,Dammam,linux,,COOP,On-site,58.5,62.47817805046026,3.978178050460258,3.978178050460258,77,47
eastern-province-cys,115,Salla,برنامج التدريب التعاوني (Coop Training) – Salla,Cybersecurity student in Dammam open to Khobar and Dhahran SOC roles.,CYS,Dammam,linux,,COOP,On-site,58.5,46.73569764247061,-11.764302357529388,11.764302357529388,78,140
eastern-province-cys,129,WalaPlus,Coop & Tamheer Opportunities,Cybersecurity student in Dammam open to Khobar and Dhahran SOC roles.,CYS,Dammam,linux,,COOP,On-site,58.5,64.84424952493096,6.344249524930959,6.344249524930959,79,43
eastern-province-cys,130,Aon,IT Co-op Trainee 2026,Cybersecurity student in Dammam open to Khobar and Dhahran SOC roles.,CYS,Dammam,linux,,COOP,On-site,58.5,65.09351411380608,6.59351411380608,6.59351411380608,80,37
eastern-province-cys,131,Hewlett Packard Enterprise (HPE),College Intern (Coop),Cybersecurity student in Dammam open to Khobar and Dhahran SOC roles.,CYS,Dammam,linux,,COOP,On-site,58.5,65.09351411380608,6.59351411380608,6.59351411380608,81,38
eastern-province-cys,132,Signify,KSA Coop Internship Program,Cybersecurity student in Dammam open to Khobar and Dhahran SOC roles.,CYS,Dammam,linux,,COOP,On-site,58.5,64.84424952493096,6.344249524930959,6.344249524930959,82,44
eastern-province-cys,135,Golf Saudi,IT Co-op Trainee,Cybersecurity student in Dammam open to Khobar and Dhahran SOC roles.,CYS,Dammam,linux,,COOP,On-site,58.5,72.47497921865343,13.97497921865343,13.97497921865343,83,11
eastern-province-cys,149,New Murabba | المربع الجديد,New Murabba Co-op Training Program,Cybersecurity student in Dammam open to Khobar and Dhahran SOC roles.,CYS,Dammam,linux,,COOP,On-site,58.5,50.75243065154401,-7.74756934845599,7.74756934845599,84,104
eastern-province-cys,2,SABIC,COOP Training Program,Cybersecurity student in Dammam open to Khobar and Dhahran SOC roles.,CYS,Dammam,linux,,COOP,On-site,57.0,45.9806704905276,-11.0193295094724,11.0193295094724,85,141
eastern-province-cys,52,Ministry of Industry and Mineral Resources | Cooperative Training,Cooperative Training Initiative,Cybersecurity student in Dammam open to Khobar and Dhahran SOC roles.,CYS,Dammam,linux,,COOP,On-site,55.5,36.35214915003289,-19.147850849967107,19.147850849967107,86,165
eastern-province-cys,56,HRDF | Cooperative Training Product,Cooperative Training Product,Cybersecurity student in Dammam open to Khobar and Dhahran SOC roles.,CYS,Dammam,linux,,COOP,On-site,55.5,36.35214915003289,-19.147850849967107,19.147850849967107,87,166
eastern-province-cys,19,Amazon Web Services (AWS),IT/Computer Hardware Internship (Intern-to-FTE Pathway),Cybersecurity student in Dammam open to Khobar and Dhahran SOC roles.,CYS,Dammam,linux,,COOP,On-site,54.5,57.49396599692538,2.9939659969253825,2.9939659969253825,88,75
eastern-province-cys,53,King Fahd Causeway Authority | Internship Program,Internship Program,Cybersecurity student in Dammam open to Khobar and Dhahran SOC roles.,CYS,Dammam,linux,,COOP,On-site,54.5,53.375176895940285,-1.1248231040597148,1.1248231040597148,89,85
eastern-province-cys,6,Capital Market Authority (CMA),COOP Program,Cybersecurity student in Dammam open to Khobar and Dhahran SOC roles.,CYS,Dammam,linux,,COOP,On-site,54.0,54.08080127291397,0.08080127291397332,0.08080127291397332,90,82
eastern-province-cys,7,Digital Government Authority (DGA),Maidan Cooperative Training Program,Cybersecurity student in Dammam open to Khobar and Dhahran SOC roles.,CYS,Dammam,linux,,COOP,On-site,54.0,47.41708632353971,-6.5829136764602865,6.5829136764602865,91,134
eastern-province-cys,65,Expenditure & Projects Efficiency Authority (EXPRO),Future Makers (صنّاع المستقبل) – Cooperative Training,Cybersecurity student in Dammam open to Khobar and Dhahran SOC roles.,CYS,Dammam,linux,,COOP,On-site,54.0,48.52288927996061,-5.477110720039391,5.477110720039391,92,121
eastern-province-cys,66,Ministry of Finance (Saudi Arabia),Cooperative Training Program (Ministry of Finance),Cybersecurity student in Dammam open to Khobar and Dhahran SOC roles.,CYS,Dammam,linux,,COOP,On-site,54.0,48.81107690348283,-5.188923096517172,5.188923096517172,93,120
eastern-province-cys,67,General Entertainment Authority (GEA),GEA Cooperative Training Program,Cybersecurity student in Dammam open to Khobar and Dhahran SOC roles.,CYS,Dammam,linux,,COOP,On-site,54.0,47.55555761272485,-6.444442387275153,6.444442387275153,94,132
eastern-province-cys,82,Saudi Ground Services (SGS),COOP Program,Cybersecurity student in Dammam open to Khobar and Dhahran SOC roles.,CYS,Dammam,linux,,COOP,On-site,54.0,47.90032955268487,-6.099670447315127,6.099670447315127,95,131
eastern-province-cys,83,CEER,Cooperative Training Program (COOP),Cybersecurity student in Dammam open to Khobar and Dhahran SOC roles.,CYS,Dammam,linux,,COOP,On-site,54.0,48.41332535065461,-5.58667464934539,5.58667464934539,96,125
eastern-province-cys,95,ARDARA,COOP Training for Students,Cybersecurity student in Dammam open to Khobar and Dhahran SOC roles.,CYS,Dammam,linux,,COOP,On-site,54.0,48.41332535065461,-5.58667464934539,5.58667464934539,97,126
eastern-province-cys,102,Visa,COOP Trainee (Jan 2026),Cybersecurity student in Dammam open to Khobar and Dhahran SOC roles.,CYS,Dammam,linux,,COOP,On-site,54.0,49.5712579083789,-4.428742091621103,4.428742091621103,98,117
eastern-province-cys,117,Diriyah Company,Diriyah Co-op Training Program,Cybersecurity student in Dammam open to Khobar and Dhahran SOC roles.,CYS,Dammam,linux,,COOP,On-site,54.0,45.60301732978654,-8.396982670213461,8.396982670213461,99,145
eastern-province-cys,118,Riyadh Air,Co-op – Riyadh Air,Cybersecurity student in Dammam open to Khobar and Dhahran SOC roles.,CYS,Dammam,linux,,COOP,On-site,54.0,47.55555761272485,-6.444442387275153,6.444442387275153,100,133
eastern-province-cys,120,Lumi | لومي,COOP Intern 2025 – Lumi,Cybersecurity student in Dammam open to Khobar and Dhahran SOC roles.,CYS,Dammam,linux,,COOP,On-site,54.0,45.9806704905276,-8.0193295094724,8.0193295094724,101,143
eastern-province-cys,121,webook.com,COOP Trainee Opportunities – webook.com,Cybersecurity student in Dammam open to Khobar and Dhahran SOC roles.,CYS,Dammam,linux,,COOP,On-site,54.0,48.41332535065461,-5.58667464934539,5.58667464934539,102,128
eastern-province-cys,20,Amazon Web Services (AWS) - Associate Solutions Architect Intern,Associate Solutions Architect Intern (2026),Cybersecurity student in Dammam open to Khobar and Dhahran SOC roles.,CYS,Dammam,linux,,COOP,On-site,53.0,59.997246853186574,6.997246853186574,6.997246853186574,103,52
eastern-province-cys,140,Bosch Middle East,Software Development Intern (AI/Cloud),Cybersecurity student in Dammam open to Khobar and Dhahran SOC roles.,CYS,Dammam,linux,,COOP,On-site,53.0,55.60918338071011,2.609183380710107,2.609183380710107,104,80
eastern-province-cys,51,Ministry of Finance (Saudi Arabia) | Cooperative Training Program,Cooperative Training Program,Cybersecurity student in Dammam open to Khobar and Dhahran SOC roles.,CYS,Dammam,linux,,COOP,On-site,50.5,42.794934715975735,-7.705065284024265,7.705065284024265,105,149
eastern-province-cys,45,NEOM | GrOW (Graduates Opportunities in Work),GrOW (Graduates Opportunities in Work),Cybersecurity student in Dammam open to Khobar and Dhahran SOC roles.,CYS,Dammam,linux,,COOP,On-site,50.0,52.426251641827896,2.4262516418278963,2.4262516418278963,106,92
eastern-province-cys,124,InnovationTeam,Java Microservices Internship Programme (Saudi Nationals),Cybersecurity student in Dammam open to Khobar and Dhahran SOC roles.,CYS,Dammam,linux,,COOP,On-site,49.5,55.89322781698117,6.393227816981167,6.393227816981167,107,79
eastern-province-cys,58,Unifonic,Internship (Unifonic),Cybersecurity student in Dammam open to Khobar and Dhahran SOC roles.,CYS,Dammam,linux,,COOP,On-site,48.5,37.49056154469222,-11.00943845530778,11.00943845530778,108,164
eastern-province-cys,77,Tabby,Intern Backend (GO) Engineer,Cybersecurity student in Dammam open to Khobar and Dhahran SOC roles.,CYS,Dammam,linux,,COOP,On-site,48.5,51.306857439071045,2.8068574390710452,2.8068574390710452,109,96
eastern-province-cys,78,Tabby,Intern Frontend Engineer,Cybersecurity student in Dammam open to Khobar and Dhahran SOC roles.,CYS,Dammam,linux,,COOP,On-site,48.5,50.71617892984813,2.2161789298481267,2.2161789298481267,110,106
eastern-province-cys,79,Tabby,Intern Data Engineer,Cybersecurity student in Dammam open to Khobar and Dhahran SOC roles.,CYS,Dammam,linux,,COOP,On-site,48.5,51.301949834546505,2.8019498345465053,2.8019498345465053,111,98
eastern-province-cys,80,Tabby,No-Code / AI Agents Engineering Intern,Cybersecurity student in Dammam open to Khobar and Dhahran SOC roles.,CYS,Dammam,linux,,COOP,On-site,48.5,50.054990398431016,1.5549903984310163,1.5549903984310163,112,110
eastern-province-cys,114,Foodics,Foodics 360 Internship Program,Cybersecurity student in Dammam open to Khobar and Dhahran SOC roles.,CYS,Dammam,linux,,COOP,On-site,48.5,40.13161141580687,-8.368388584193127,8.368388584193127,113,156
eastern-province-cys,125,Tamkeen Technologies,On the Job Training (Internship Program) — Technology field,Cybersecurity student in Dammam open to Khobar and Dhahran SOC roles.,CYS,Dammam,linux,,COOP,On-site,48.5,40.13161141580687,-8.368388584193127,8.368388584193127,114,157
eastern-province-cys,136,Siemens Healthineers,Healthineers Early Talent Program – IT (Riyadh),Cybersecurity student in Dammam open to Khobar and Dhahran SOC roles.,CYS,Dammam,linux,,COOP,On-site,48.5,59.997246853186574,11.497246853186574,11.497246853186574,115,53
eastern-province-cys,138,Nokia,Graduate Trainee (Saudi Arabia) – Fledgers Program,Cybersecurity student in Dammam open to Khobar and Dhahran SOC roles.,CYS,Dammam,linux,,COOP,On-site,48.5,53.66028200373002,5.160282003730018,5.160282003730018,116,84
eastern-province-cys,139,Ericsson,Summer Interns (Ericsson Saudi),Cybersecurity student in Dammam open to Khobar and Dhahran SOC roles.,CYS,Dammam,linux,,COOP,On-site,48.5,52.98810385120667,4.488103851206667,4.488103851206667,117,87
eastern-province-cys,153,Lockheed Martin,Tamheer Space Internship (Riyadh),Cybersecurity student in Dammam open to Khobar and Dhahran SOC roles.,CYS,Dammam,linux,,COOP,On-site,48.5,39.95602854285882,-8.543971457141183,8.543971457141183,118,158
eastern-province-cys,156,Meel | ميل,"Software Developer Internship (Remote, min 2 months)",Cybersecurity student in Dammam open to Khobar and Dhahran SOC roles.,CYS,Dammam,linux,,COOP,On-site,48.5,51.306857439071045,2.8068574390710452,2.8068574390710452,119,97
eastern-province-cys,158,SMART Technology Solutions | سمارت لحلول التقنية,R&D Intern (Riyadh),Cybersecurity student in Dammam open to Khobar and Dhahran SOC roles.,CYS,Dammam,linux,,COOP,On-site,48.5,50.054990398431016,1.5549903984310163,1.5549903984310163,120,111
eastern-province-cys,159,Knodemy Inc.,AI Developer & Tech Trainer Intern - Riyadh,Cybersecurity student in Dammam open to Khobar and Dhahran SOC roles.,CYS,Dammam,linux,,COOP,On-site,48.5,52.04829845615537,3.548298456155372,3.548298456155372,121,93
eastern-province-cys,160,Water Transmission Company | شركة نقل المياه,Tamheer Internship Program (HRIS / Engineering & PM - Riyadh),Cybersecurity student in Dammam open to Khobar and Dhahran SOC roles.,CYS,Dammam,linux,,COOP,On-site,48.5,51.72282224594161,3.2228222459416074,3.2228222459416074,122,95
eastern-province-cys,161,AFNOYS,"AI Automation Intern - KSA (Remote, 4 weeks)",Cybersecurity student in Dammam open to Khobar and Dhahran SOC roles.,CYS,Dammam,linux,,COOP,On-site,48.5,51.00802783866696,2.508027838666962,2.508027838666962,123,99
eastern-province-cys,59,Misk Foundation,Misk Traineeship / Internship Program,Cybersecurity student in Dammam open to Khobar and Dhahran SOC roles.,CYS,Dammam,linux,,COOP,On-site,47.0,40.87397637322629,-6.1260236267737085,6.1260236267737085,124,153
eastern-province-cys,164,ضالتي Dhallaty,Tech Intern: Fresh Grad or Student,Cybersecurity student in Dammam open to Khobar and Dhahran SOC roles.,CYS,Dammam,linux,,COOP,On-site,47.0,50.138261302425896,3.138261302425896,3.138261302425896,125,108
eastern-province-cys,8,KPMG Saudi Arabia,COOP & Internship Programs,Cybersecurity student in Dammam open to Khobar and Dhahran SOC roles.,CYS,Dammam,linux,,COOP,On-site,45.0,48.41332535065461,3.4133253506546097,3.4133253506546097,126,122
eastern-province-cys,14,Saudi Exports (Saudi Export Development Authority),COOP & Summer Training (FAQ-confirmed),Cybersecurity student in Dammam open to Khobar and Dhahran SOC roles.,CYS,Dammam,linux,,COOP,On-site,45.0,45.9806704905276,0.9806704905276007,0.9806704905276007,127,142
eastern-province-cys,32,TBC (The Beauty Company),Cooperative Training Program,Cybersecurity student in Dammam open to Khobar and Dhahran SOC roles.,CYS,Dammam,linux,,COOP,On-site,45.0,44.82184970712447,-0.17815029287552875,0.17815029287552875,128,147
eastern-province-cys,154,Markaba | مركبة,Start-up Software Intern – TAMHEER (Saudi nationals only),Cybersecurity student in Dammam open to Khobar and Dhahran SOC roles.,CYS,Dammam,linux,,COOP,On-site,45.0,46.98892432747309,1.988924327473093,1.988924327473093,129,136
eastern-province-cys,9,PwC Middle East,"Deals, COOP and Summer Internship Programme (2026)",Cybersecurity student in Dammam open to Khobar and Dhahran SOC roles.,CYS,Dammam,linux,,COOP,On-site,44.5,49.5712579083789,5.071257908378897,5.071257908378897,130,114
eastern-province-cys,16,McKinsey & Company (Maqdira),Maqdira Fellowship Program,Cybersecurity student in Dammam open to Khobar and Dhahran SOC roles.,CYS,Dammam,linux,,COOP,On-site,44.5,47.41708632353971,2.9170863235397135,2.9170863235397135,131,135
eastern-province-cys,36,PwC Middle East (Assurance COOP & Summer Internship Programme 2026),"Assurance, COOP and Summer Internship Programme 2026 – Middle East",Cybersecurity student in Dammam open to Khobar and Dhahran SOC roles.,CYS,Dammam,linux,,COOP,On-site,44.5,50.75243065154401,6.25243065154401,6.25243065154401,132,101
eastern-province-cys,37,KAPSARC,Intern (Coop- Trainee),Cybersecurity student in Dammam open to Khobar and Dhahran SOC roles.,CYS,Dammam,linux,,COOP,On-site,44.5,57.83862523067353,13.338625230673529,13.338625230673529,133,71
eastern-province-cys,137,1957 Ventures,Internship / Co-Op Program,Cybersecurity student in Dammam open to Khobar and Dhahran SOC roles.,CYS,Dammam,linux,,COOP,On-site,44.5,58.22438136912573,13.72438136912573,13.72438136912573,134,68
eastern-province-cys,42,The Saudi National Bank (SNB),SNB Rowad Program,Cybersecurity student in Dammam open to Khobar and Dhahran SOC roles.,CYS,Dammam,linux,,COOP,On-site,44.0,40.86825832777841,-3.1317416722215867,3.1317416722215867,135,154
eastern-province-cys,61,KAUST,Visiting Student Research Program (VSRP) Internship,Cybersecurity student in Dammam open to Khobar and Dhahran SOC roles.,CYS,Dammam,linux,,COOP,On-site,44.0,48.924517129988985,4.924517129988985,4.924517129988985,136,119
eastern-province-cys,106,Bank AlJazira,Tamheer Program,Cybersecurity student in Dammam open to Khobar and Dhahran SOC roles.,CYS,Dammam,linux,,COOP,On-site,44.0,48.04794136587679,4.047941365876788,4.047941365876788,137,130
eastern-province-cys,119,Jahez Group,Jahez Internship Program (as described in Sustainability Report),Cybersecurity student in Dammam open to Khobar and Dhahran SOC roles.,CYS,Dammam,linux,,COOP,On-site,44.0,38.95043867264175,-5.049561327358248,5.049561327358248,138,160
eastern-province-cys,126,Trendyol Group,Trendyol Tech Talent - Bootcamp & COOP Internship Program (Saudi Students Only),Cybersecurity student in Dammam open to Khobar and Dhahran SOC roles.,CYS,Dammam,linux,,COOP,On-site,41.0,53.78889533444562,12.78889533444562,12.78889533444562,139,83
eastern-province-cys,127,Ninja نينجا,COOP Training Program,Cybersecurity student in Dammam open to Khobar and Dhahran SOC roles.,CYS,Dammam,linux,,COOP,On-site,41.0,44.19399605740724,3.19399605740724,3.19399605740724,140,148
eastern-province-cys,55,SAMA | SAMA Professional Program (SPP),SAMA Professional Program (SPP),Cybersecurity student in Dammam open to Khobar and Dhahran SOC roles.,CYS,Dammam,linux,,COOP,On-site,40.5,33.50678708793931,-6.993212912060692,6.993212912060692,141,168
eastern-province-cys,13,Bupa Arabia,Cooperative Training Program,Cybersecurity student in Dammam open to Khobar and Dhahran SOC roles.,CYS,Dammam,linux,,COOP,On-site,40.0,45.60301732978654,5.603017329786539,5.603017329786539,142,144
eastern-province-cys,15,Local Content and Government Procurement Authority (LCGPA),COOP Training (role posting),Cybersecurity student in Dammam open to Khobar and Dhahran SOC roles.,CYS,Dammam,linux,,COOP,On-site,40.0,46.8509759449517,6.850975944951699,6.850975944951699,143,137
eastern-province-cys,18,Bain & Company,COOP Training Program (Riyadh),Cybersecurity student in Dammam open to Khobar and Dhahran SOC roles.,CYS,Dammam,linux,,COOP,On-site,40.0,46.8509759449517,6.850975944951699,6.850975944951699,144,138
eastern-province-cys,25,Elm,Elm Co-op Training Program (March 2026 Intake),Cybersecurity student in Dammam open to Khobar and Dhahran SOC roles.,CYS,Dammam,linux,,COOP,On-site,40.0,44.82184970712447,4.821849707124471,4.821849707124471,145,146
eastern-province-cys,30,EXPRO,COOP Training (Future Makers Program),Cybersecurity student in Dammam open to Khobar and Dhahran SOC roles.,CYS,Dammam,linux,,COOP,On-site,40.0,46.8509759449517,6.850975944951699,6.850975944951699,146,139
eastern-province-cys,33,National Center for Vegetation Cover Development & Combating Desertification (NCVC),COOP Training Program,Cybersecurity student in Dammam open to Khobar and Dhahran SOC roles.,CYS,Dammam,linux,,COOP,On-site,40.0,49.5712579083789,9.571257908378897,9.571257908378897,147,115
eastern-province-cys,34,Saudi Power Procurement Company (SPPC),Future Power – COOP Training Program,Cybersecurity student in Dammam open to Khobar and Dhahran SOC roles.,CYS,Dammam,linux,,COOP,On-site,40.0,48.41332535065461,8.41332535065461,8.41332535065461,148,123
eastern-province-cys,35,TBC (Tatweer Building Company),Cooperative Training Program,Cybersecurity student in Dammam open to Khobar and Dhahran SOC roles.,CYS,Dammam,linux,,COOP,On-site,40.0,48.41332535065461,8.41332535065461,8.41332535065461,149,124
eastern-province-cys,40,Saudi Power Procurement Company (SPPC) – Future Power (Business Admin COOP),Future Power – Business Administration COOP Training Program,Cybersecurity student in Dammam open to Khobar and Dhahran SOC roles.,CYS,Dammam,linux,,COOP,On-site,40.0,50.75243065154401,10.75243065154401,10.75243065154401,150,102
eastern-province-cys,46,ROSHN | COOP Trainee Program,COOP Trainee Program,Cybersecurity student in Dammam open to Khobar and Dhahran SOC roles.,CYS,Dammam,linux,,COOP,On-site,40.0,49.5712579083789,9.571257908378897,9.571257908378897,151,116
eastern-province-cys,50,SAB (Saudi Awwal Bank) | Cooperative Training Programme (COOP),SAB Cooperative Training Programme (COOP),Cybersecurity student in Dammam open to Khobar and Dhahran SOC roles.,CYS,Dammam,linux,,COOP,On-site,40.0,58.22438136912573,18.22438136912573,18.22438136912573,152,64
eastern-province-cys,28,"Zakat, Tax and Customs Authority (ZATCA)",Binaa-Alkafaat Program,Cybersecurity student in Dammam open to Khobar and Dhahran SOC roles.,CYS,Dammam,linux,,COOP,On-site,35.0,33.29759762609227,-1.7024023739077307,1.7024023739077307,153,169
eastern-province-cys,22,BlackRock,Client & Product Summer Internship Programme (EMEA) - includes Riyadh,Cybersecurity student in Dammam open to Khobar and Dhahran SOC roles.,CYS,Dammam,linux,,COOP,On-site,34.5,41.97290552857379,7.47290552857379,7.47290552857379,154,150
eastern-province-cys,24,MOZN,Data Science Intern,Cybersecurity student in Dammam open to Khobar and Dhahran SOC roles.,CYS,Dammam,linux,,COOP,On-site,34.5,48.23644562672763,13.73644562672763,13.73644562672763,155,129
eastern-province-cys,44,PIF | Graduate Development Program,Graduate Development Program (GDP),Cybersecurity student in Dammam open to Khobar and Dhahran SOC roles.,CYS,Dammam,linux,,COOP,On-site,34.5,40.80595251857975,6.305952518579751,6.305952518579751,156,155
eastern-province-cys,47,Microsoft | Ru'aa Program (Riyadh),Ru'aa Program Internship (Solution Engineering),Cybersecurity student in Dammam open to Khobar and Dhahran SOC roles.,CYS,Dammam,linux,,COOP,On-site,34.5,50.092472381419775,15.592472381419775,15.592472381419775,157,109
eastern-province-cys,143,Lean Technologies,Software Engineering Intern – KSA,Cybersecurity student in Dammam open to Khobar and Dhahran SOC roles.,CYS,Dammam,linux,,COOP,On-site,34.5,49.97685036123425,15.476850361234249,15.476850361234249,158,112
eastern-province-cys,144,Mirai (Scopely) | مِراي,AI Engineering Intern (GenAI),Cybersecurity student in Dammam open to Khobar and Dhahran SOC roles.,CYS,Dammam,linux,,COOP,On-site,34.5,52.91249149205754,18.41249149205754,18.41249149205754,159,88
eastern-province-cys,148,Procter & Gamble (P&G),P&G LEADgen Internship Program 2026 (Riyadh),Cybersecurity student in Dammam open to Khobar and Dhahran SOC roles.,CYS,Dammam,linux,,COOP,On-site,34.5,41.00401950946541,6.504019509465408,6.504019509465408,160,152
eastern-province-cys,162,SAS,CareerStart@SAS 2026 - Presales Customer Intelligence Intern (Riyadh),Cybersecurity student in Dammam open to Khobar and Dhahran SOC roles.,CYS,Dammam,linux,,COOP,On-site,33.0,50.138261302425896,17.138261302425896,17.138261302425896,161,107
eastern-province-cys,169,Snbla | سنبله,Paid Internship Program (FinTech),Cybersecurity student in Dammam open to Khobar and Dhahran SOC roles.,CYS,Dammam,linux,,COOP,On-site,33.0,49.68930373224213,16.68930373224213,16.68930373224213,162,113
eastern-province-cys,171,Infosys,Summer Intern (Infosys InStep ’26 – Bangalore),Cybersecurity student in Dammam open to Khobar and Dhahran SOC roles.,CYS,Dammam,linux,,COOP,On-site,33.0,39.3334784285506,6.333478428550599,6.333478428550599,163,159
eastern-province-cys,48,Oracle | Business Development Intern (KSA market),Business Development Intern (KSA market),Cybersecurity student in Dammam open to Khobar and Dhahran SOC roles.,CYS,Dammam,linux,,COOP,On-site,31.5,32.2434869281948,0.7434869281947982,0.7434869281947982,164,170
eastern-province-cys,123,EjadTech - إيجاد التقنية,"Summer Internship Program 2025 (Computer, Data, and AI Majors)",Cybersecurity student in Dammam open to Khobar and Dhahran SOC roles.,CYS,Dammam,linux,,COOP,On-site,31.0,53.15226226512125,22.15226226512125,22.15226226512125,165,86
eastern-province-cys,170,2P Perfect Presentation,Data Analyst (Tamheer),Cybersecurity student in Dammam open to Khobar and Dhahran SOC roles.,CYS,Dammam,linux,,COOP,On-site,31.0,41.4474404768304,10.447440476830401,10.447440476830401,166,151
eastern-province-cys,173,Abunayyan Holding,Data Analyst (Tamheer),Cybersecurity student in Dammam open to Khobar and Dhahran SOC roles.,CYS,Dammam,linux,,COOP,On-site,31.0,38.45594895096415,7.4559489509641494,7.4559489509641494,167,163
eastern-province-cys,23,noon,Student Internship,Cybersecurity student in Dammam open to Khobar and Dhahran SOC roles.,CYS,Dammam,linux,,COOP,On-site,30.0,36.087347998150825,6.087347998150825,6.087347998150825,168,167
eastern-province-cys,49,SAP | Student Internship (Riyadh),Student Internship - Riyadh,Cybersecurity student in Dammam open to Khobar and Dhahran SOC roles.,CYS,Dammam,linux,,COOP,On-site,30.0,38.84087474333575,8.840874743335753,8.840874743335753,169,161
eastern-province-cys,147,nybl,nybl Graduate Programme – Saudi Nationals (AI Bootcamp),Cybersecurity student in Dammam open to Khobar and Dhahran SOC roles.,CYS,Dammam,linux,,COOP,On-site,30.0,38.55549855258657,8.55549855258657,8.55549855258657,170,162
eastern-province-cys,29,Human Resources Development Fund (HRDF) – Cooperative Training Product,Cooperative Training (HRDF product),Cybersecurity student in Dammam open to Khobar and Dhahran SOC roles.,CYS,Dammam,linux,,COOP,On-site,20.5,19.18082911281377,-1.3191708871862318,1.3191708871862318,171,172
eastern-province-cys,31,Ministry of Industry and Mineral Resources (MIM) – Cooperative Training Initiative,Cooperative Training Initiative,Cybersecurity student in Dammam open to Khobar and Dhahran SOC roles.,CYS,Dammam,linux,,COOP,On-site,20.5,21.403495375662747,0.9034953756627466,0.9034953756627466,172,171
eastern-province-cys,167,TAM | تام,"Tamheer Opportunity, Advisory",Cybersecurity student in Dammam open to Khobar and Dhahran SOC roles.,CYS,Dammam,linux,,COOP,On-site,5.5,16.511760618671225,11.011760618671225,11.011760618671225,173,173
no-interview-ft,124,InnovationTeam,Java Microservices Internship Programme (Saudi Nationals),Fintech student seeking internship with no interview required in Riyadh.,FT,Riyadh,sql,,Internship,,71.0,71.16069983194943,0.1606998319494295,0.1606998319494295,1,2
no-interview-ft,22,BlackRock,Client & Product Summer Internship Programme (EMEA) - includes Riyadh,Fintech student seeking internship with no interview required in Riyadh.,FT,Riyadh,sql,,Internship,,69.5,55.92681061883616,-13.573189381163843,13.573189381163843,2,42
no-interview-ft,24,MOZN,Data Science Intern,Fintech student seeking internship with no interview required in Riyadh.,FT,Riyadh,sql,,Internship,,69.5,62.67288752149808,-6.827112478501917,6.827112478501917,3,21
no-interview-ft,77,Tabby,Intern Backend (GO) Engineer,Fintech student seeking internship with no interview required in Riyadh.,FT,Riyadh,sql,,Internship,,69.5,65.9243204943371,-3.5756795056629045,3.5756795056629045,4,8
no-interview-ft,79,Tabby,Intern Data Engineer,Fintech student seeking internship with no interview required in Riyadh.,FT,Riyadh,sql,,Internship,,69.5,68.76835562091165,-0.7316443790883511,0.7316443790883511,5,4
no-interview-ft,143,Lean Technologies,Software Engineering Intern – KSA,Fintech student seeking internship with no interview required in Riyadh.,FT,Riyadh,sql,,Internship,,69.5,63.88215165499967,-5.617848345000333,5.617848345000333,6,13
no-interview-ft,155,Laverne Group | مجموعة لافيرن,Data Analyst / Data Engineer Intern (IT Department),Fintech student seeking internship with no interview required in Riyadh.,FT,Riyadh,sql,,Internship,,69.5,68.76508161488529,-0.7349183851147103,0.7349183851147103,7,6
no-interview-ft,57,IBM,"Automation, Data & AI – Intern",Fintech student seeking internship with no interview required in Riyadh.,FT,Riyadh,sql,,Internship,,65.0,62.75312644223207,-2.246873557767927,2.246873557767927,8,20
no-interview-ft,123,EjadTech - إيجاد التقنية,"Summer Internship Program 2025 (Computer, Data, and AI Majors)",Fintech student seeking internship with no interview required in Riyadh.,FT,Riyadh,sql,,Internship,,65.0,66.80249153579,1.802491535789997,1.802491535789997,9,7
no-interview-ft,47,Microsoft | Ru'aa Program (Riyadh),Ru'aa Program Internship (Solution Engineering),Fintech student seeking internship with no interview required in Riyadh.,FT,Riyadh,sql,,Internship,,63.5,61.054553191494094,-2.4454468085059062,2.4454468085059062,10,29
no-interview-ft,76,Tabby,Intern DevOps Engineer,Fintech student seeking internship with no interview required in Riyadh.,FT,Riyadh,sql,,Internship,,63.5,65.82651237930428,2.326512379304276,2.326512379304276,11,10
no-interview-ft,78,Tabby,Intern Frontend Engineer,Fintech student seeking internship with no interview required in Riyadh.,FT,Riyadh,sql,,Internship,,63.5,62.224509489144936,-1.2754905108550645,1.2754905108550645,12,24
no-interview-ft,80,Tabby,No-Code / AI Agents Engineering Intern,Fintech student seeking internship with no interview required in Riyadh.,FT,Riyadh,sql,,Internship,,63.5,60.673115028758666,-2.826884971241334,2.826884971241334,13,31
no-interview-ft,139,Ericsson,Summer Interns (Ericsson Saudi),Fintech student seeking internship with no interview required in Riyadh.,FT,Riyadh,sql,,Internship,,63.5,63.12658942665716,-0.3734105733428379,0.3734105733428379,14,18
no-interview-ft,140,Bosch Middle East,Software Development Intern (AI/Cloud),Fintech student seeking internship with no interview required in Riyadh.,FT,Riyadh,sql,,Internship,,63.5,72.48265591734676,8.982655917346761,8.982655917346761,15,1
no-interview-ft,144,Mirai (Scopely) | مِراي,AI Engineering Intern (GenAI),Fintech student seeking internship with no interview required in Riyadh.,FT,Riyadh,sql,,Internship,,63.5,63.39493324725471,-0.10506675274528732,0.10506675274528732,16,17
no-interview-ft,150,Boeing Saudi Arabia Limited,Intern - Info Technology & Data Analytics (Riyadh),Fintech student seeking internship with no interview required in Riyadh.,FT,Riyadh,sql,,Internship,,63.5,68.76508161488529,5.26508161488529,5.26508161488529,17,5
no-interview-ft,158,SMART Technology Solutions | سمارت لحلول التقنية,R&D Intern (Riyadh),Fintech student seeking internship with no interview required in Riyadh.,FT,Riyadh,sql,,Internship,,63.5,59.54029741199754,-3.9597025880024574,3.9597025880024574,18,32
no-interview-ft,159,Knodemy Inc.,AI Developer & Tech Trainer Intern - Riyadh,Fintech student seeking internship with no interview required in Riyadh.,FT,Riyadh,sql,,Internship,,63.5,61.86783516324684,-1.6321648367531623,1.6321648367531623,19,26
no-interview-ft,162,SAS,CareerStart@SAS 2026 - Presales Customer Intelligence Intern (Riyadh),Fintech student seeking internship with no interview required in Riyadh.,FT,Riyadh,sql,,Internship,,63.5,63.40112024091993,-0.09887975908007007,0.09887975908007007,20,16
no-interview-ft,164,ضالتي Dhallaty,Tech Intern: Fresh Grad or Student,Fintech student seeking internship with no interview required in Riyadh.,FT,Riyadh,sql,,Internship,,63.5,62.62791758136773,-0.8720824186322673,0.8720824186322673,21,22
no-interview-ft,169,Snbla | سنبله,Paid Internship Program (FinTech),Fintech student seeking internship with no interview required in Riyadh.,FT,Riyadh,sql,,Internship,,63.5,70.2054301349349,6.7054301349349,6.7054301349349,22,3
no-interview-ft,44,PIF | Graduate Development Program,Graduate Development Program (GDP),Fintech student seeking internship with no interview required in Riyadh.,FT,Riyadh,sql,,Internship,,59.5,48.63758801293806,-10.86241198706194,10.86241198706194,23,83
no-interview-ft,62,General Authority for Statistics (GASTAT),Cooperative Training Program,Fintech student seeking internship with no interview required in Riyadh.,FT,Riyadh,sql,,Internship,,59.5,48.58879764838617,-10.91120235161383,10.91120235161383,24,84
no-interview-ft,63,Saudi Center for Opinion Polling (SCOP),Cooperative Training Program,Fintech student seeking internship with no interview required in Riyadh.,FT,Riyadh,sql,,Internship,,59.5,48.58879764838617,-10.91120235161383,10.91120235161383,25,85
no-interview-ft,145,HungerStation | هنقرستيشن,"Co-OP Trainee, Data Analysis – Info Sec",Fintech student seeking internship with no interview required in Riyadh.,FT,Riyadh,sql,,Internship,,59.5,63.943787453893066,4.443787453893066,4.443787453893066,26,12
no-interview-ft,156,Meel | ميل,"Software Developer Internship (Remote, min 2 months)",Fintech student seeking internship with no interview required in Riyadh.,FT,Riyadh,sql,,Internship,,58.5,65.9243204943371,7.4243204943370955,7.4243204943370955,27,9
no-interview-ft,161,AFNOYS,"AI Automation Intern - KSA (Remote, 4 weeks)",Fintech student seeking internship with no interview required in Riyadh.,FT,Riyadh,sql,,Internship,,58.5,62.85638185256755,4.3563818525675515,4.3563818525675515,28,19
no-interview-ft,154,Markaba | مركبة,Start-up Software Intern – TAMHEER (Saudi nationals only),Fintech student seeking internship with no interview required in Riyadh.,FT,Riyadh,sql,,Internship,,55.0,54.21848416891996,-0.7815158310800427,0.7815158310800427,29,46
no-interview-ft,163,Devoteam,Trainee - Future Leaders Program (Co-op/Fresh Graduate),Fintech student seeking internship with no interview required in Riyadh.,FT,Riyadh,sql,,Internship,,55.0,55.04882034405285,0.04882034405284941,0.04882034405284941,30,45
no-interview-ft,166,HUMAIN,Tamheer Program (Software Engineer / Cybersecurity / MIS),Fintech student seeking internship with no interview required in Riyadh.,FT,Riyadh,sql,,Internship,,55.0,58.25795586523446,3.2579558652344573,3.2579558652344573,31,34
no-interview-ft,170,2P Perfect Presentation,Data Analyst (Tamheer),Fintech student seeking internship with no interview required in Riyadh.,FT,Riyadh,sql,,Internship,,55.0,53.849245688827054,-1.1507543111729461,1.1507543111729461,32,47
no-interview-ft,173,Abunayyan Holding,Data Analyst (Tamheer),Fintech student seeking internship with no interview required in Riyadh.,FT,Riyadh,sql,,Internship,,55.0,48.48375795172871,-6.5162420482712875,6.5162420482712875,33,86
no-interview-ft,6,Capital Market Authority (CMA),COOP Program,Fintech student seeking internship with no interview required in Riyadh.,FT,Riyadh,sql,,Internship,,53.5,47.02289716688665,-6.477102833113349,6.477102833113349,34,95
no-interview-ft,12,Tamara,Tamara Builders Program,Fintech student seeking internship with no interview required in Riyadh.,FT,Riyadh,sql,,Internship,,53.5,52.58439619233805,-0.9156038076619524,0.9156038076619524,35,60
no-interview-ft,37,KAPSARC,Intern (Coop- Trainee),Fintech student seeking internship with no interview required in Riyadh.,FT,Riyadh,sql,,Internship,,53.5,57.10837598527108,3.6083759852710813,3.6083759852710813,36,38
no-interview-ft,41,Bank Albilad,Cooperative and Summer Training Program,Fintech student seeking internship with no interview required in Riyadh.,FT,Riyadh,sql,,Internship,,53.5,49.64040064333519,-3.859599356664809,3.859599356664809,37,76
no-interview-ft,42,The Saudi National Bank (SNB),SNB Rowad Program,Fintech student seeking internship with no interview required in Riyadh.,FT,Riyadh,sql,,Internship,,53.5,43.43205769875082,-10.067942301249182,10.067942301249182,38,126
no-interview-ft,50,SAB (Saudi Awwal Bank) | Cooperative Training Programme (COOP),SAB Cooperative Training Programme (COOP),Fintech student seeking internship with no interview required in Riyadh.,FT,Riyadh,sql,,Internship,,53.5,53.57628283554587,0.07628283554586801,0.07628283554586801,39,51
no-interview-ft,61,KAUST,Visiting Student Research Program (VSRP) Internship,Fintech student seeking internship with no interview required in Riyadh.,FT,Riyadh,sql,,Internship,,53.5,58.22895577420857,4.728955774208572,4.728955774208572,40,35
no-interview-ft,64,Al Rajhi Takaful,Cooperative Training Program,Fintech student seeking internship with no interview required in Riyadh.,FT,Riyadh,sql,,Internship,,53.5,53.57614998304277,0.0761499830427681,0.0761499830427681,41,52
no-interview-ft,69,Arab National Bank (ANB),COOP Trainee,Fintech student seeking internship with no interview required in Riyadh.,FT,Riyadh,sql,,Internship,,53.5,46.745619456914014,-6.754380543085986,6.754380543085986,42,96
no-interview-ft,70,Tamara,Builders Program,Fintech student seeking internship with no interview required in Riyadh.,FT,Riyadh,sql,,Internship,,53.5,47.05370166094977,-6.44629833905023,6.44629833905023,43,93
no-interview-ft,71,OmniOps,Co‑op Training Program,Fintech student seeking internship with no interview required in Riyadh.,FT,Riyadh,sql,,Internship,,53.5,60.944546209267,7.444546209267003,7.444546209267003,44,30
no-interview-ft,72,Tatweer Educational Technologies (TETCO),Cooperative Training Program,Fintech student seeking internship with no interview required in Riyadh.,FT,Riyadh,sql,,Internship,,53.5,61.10084351543454,7.600843515434541,7.600843515434541,45,28
no-interview-ft,73,The Saudi Investment Bank (SAIB),Cooperative Program,Fintech student seeking internship with no interview required in Riyadh.,FT,Riyadh,sql,,Internship,,53.5,51.90675047470524,-1.593249525294759,1.593249525294759,46,65
no-interview-ft,74,Saudi Awwal Bank (SAB),COOP Program,Fintech student seeking internship with no interview required in Riyadh.,FT,Riyadh,sql,,Internship,,53.5,49.64040064333519,-3.859599356664809,3.859599356664809,47,77
no-interview-ft,75,Riyad Bank,Internships and Coop Trainings (CSR 2019),Fintech student seeking internship with no interview required in Riyadh.,FT,Riyadh,sql,,Internship,,53.5,46.745619456914014,-6.754380543085986,6.754380543085986,48,97
no-interview-ft,84,Al Rajhi Takaful,Coop Training Program,Fintech student seeking internship with no interview required in Riyadh.,FT,Riyadh,sql,,Internship,,53.5,51.95114184091095,-1.5488581590890504,1.5488581590890504,49,64
no-interview-ft,85,TAWAL,COOP Training Program,Fintech student seeking internship with no interview required in Riyadh.,FT,Riyadh,sql,,Internship,,53.5,59.43144400709701,5.9314440070970065,5.9314440070970065,50,33
no-interview-ft,86,Wakeb_Data,COOP Training,Fintech student seeking internship with no interview required in Riyadh.,FT,Riyadh,sql,,Internship,,53.5,53.28520128537733,-0.21479871462266686,0.21479871462266686,51,55
no-interview-ft,92,SDM,AI COOP,Fintech student seeking internship with no interview required in Riyadh.,FT,Riyadh,sql,,Internship,,53.5,53.22964699480244,-0.27035300519756333,0.27035300519756333,52,57
no-interview-ft,93,HUED,HUED COOP Program 2026,Fintech student seeking internship with no interview required in Riyadh.,FT,Riyadh,sql,,Internship,,53.5,52.5827469050235,-0.9172530949765019,0.9172530949765019,53,61
no-interview-ft,94,Araamis • أرامس,Araamis COOP Program 2026,Fintech student seeking internship with no interview required in Riyadh.,FT,Riyadh,sql,,Internship,,53.5,53.76883053358469,0.26883053358469056,0.26883053358469056,54,48
no-interview-ft,100,Saudi Awwal Bank (SAB),Student Opportunities: Cooperative / Practical Training,Fintech student seeking internship with no interview required in Riyadh.,FT,Riyadh,sql,,Internship,,53.5,51.90675047470524,-1.593249525294759,1.593249525294759,55,67
no-interview-ft,106,Bank AlJazira,Tamheer Program,Fintech student seeking internship with no interview required in Riyadh.,FT,Riyadh,sql,,Internship,,53.5,48.74257330933888,-4.75742669066112,4.75742669066112,56,80
no-interview-ft,107,sirar by stc,Cooperative Training Program,Fintech student seeking internship with no interview required in Riyadh.,FT,Riyadh,sql,,Internship,,53.5,63.62462905869783,10.124629058697828,10.124629058697828,57,14
no-interview-ft,108,Gathern,Co-op Program,Fintech student seeking internship with no interview required in Riyadh.,FT,Riyadh,sql,,Internship,,53.5,58.09298565143214,4.592985651432137,4.592985651432137,58,36
no-interview-ft,113,AILA,Co-op Training Programme,Fintech student seeking internship with no interview required in Riyadh.,FT,Riyadh,sql,,Internship,,53.5,55.17134967403399,1.6713496740339906,1.6713496740339906,59,44
no-interview-ft,122,moneymoon,Tech & AI Co-op Program 2025,Fintech student seeking internship with no interview required in Riyadh.,FT,Riyadh,sql,,Internship,,53.5,62.1910531376205,8.6910531376205,8.6910531376205,60,25
no-interview-ft,128,SCAI | سكاي,CO-OP Training Opportunities (Intern),Fintech student seeking internship with no interview required in Riyadh.,FT,Riyadh,sql,,Internship,,53.5,64.71359701651755,11.213597016517554,11.213597016517554,61,11
no-interview-ft,135,Golf Saudi,IT Co-op Trainee,Fintech student seeking internship with no interview required in Riyadh.,FT,Riyadh,sql,,Internship,,53.5,49.68492952784,-3.815070472160002,3.815070472160002,62,75
no-interview-ft,137,1957 Ventures,Internship / Co-Op Program,Fintech student seeking internship with no interview required in Riyadh.,FT,Riyadh,sql,,Internship,,53.5,53.28520128537733,-0.21479871462266686,0.21479871462266686,63,56
no-interview-ft,138,Nokia,Graduate Trainee (Saudi Arabia) – Fledgers Program,Fintech student seeking internship with no interview required in Riyadh.,FT,Riyadh,sql,,Internship,,53.5,61.54789103759095,8.04789103759095,8.04789103759095,64,27
no-interview-ft,141,Saudi Payments | المدفوعات السعودية,COOP Training – August 2024,Fintech student seeking internship with no interview required in Riyadh.,FT,Riyadh,sql,,Internship,,53.5,57.188903484125774,3.688903484125774,3.688903484125774,65,37
no-interview-ft,142,Saudi Tadawul Group | تداول,Cooperative Training Program (COOP),Fintech student seeking internship with no interview required in Riyadh.,FT,Riyadh,sql,,Internship,,53.5,63.41388632044748,9.913886320447482,9.913886320447482,66,15
no-interview-ft,147,nybl,nybl Graduate Programme – Saudi Nationals (AI Bootcamp),Fintech student seeking internship with no interview required in Riyadh.,FT,Riyadh,sql,,Internship,,53.5,53.678695808858045,0.1786958088580448,0.1786958088580448,67,50
no-interview-ft,160,Water Transmission Company | شركة نقل المياه,Tamheer Internship Program (HRIS / Engineering & PM - Riyadh),Fintech student seeking internship with no interview required in Riyadh.,FT,Riyadh,sql,,Internship,,53.5,56.17352439261099,2.673524392610993,2.673524392610993,68,41
no-interview-ft,172,شركة الخدمات المدارة | Managed Services Company,Intern Cybersecurity Engineer,Fintech student seeking internship with no interview required in Riyadh.,FT,Riyadh,sql,,Internship,,51.0,51.2188404827415,0.21884048274149848,0.21884048274149848,69,72
no-interview-ft,19,Amazon Web Services (AWS),IT/Computer Hardware Internship (Intern-to-FTE Pathway),Fintech student seeking internship with no interview required in Riyadh.,FT,Riyadh,sql,,Internship,,49.5,50.47615662950346,0.9761566295034569,0.9761566295034569,70,73
no-interview-ft,20,Amazon Web Services (AWS) - Associate Solutions Architect Intern,Associate Solutions Architect Intern (2026),Fintech student seeking internship with no interview required in Riyadh.,FT,Riyadh,sql,,Internship,,49.5,52.4640415018187,2.9640415018186985,2.9640415018186985,71,62
no-interview-ft,23,noon,Student Internship,Fintech student seeking internship with no interview required in Riyadh.,FT,Riyadh,sql,,Internship,,49.5,43.47639666370154,-6.023603336298457,6.023603336298457,72,125
no-interview-ft,49,SAP | Student Internship (Riyadh),Student Internship - Riyadh,Fintech student seeking internship with no interview required in Riyadh.,FT,Riyadh,sql,,Internship,,49.5,47.6510992274617,-1.8489007725383004,1.8489007725383004,73,91
no-interview-ft,58,Unifonic,Internship (Unifonic),Fintech student seeking internship with no interview required in Riyadh.,FT,Riyadh,sql,,Internship,,49.5,47.81035532465653,-1.689644675343473,1.689644675343473,74,88
no-interview-ft,114,Foodics,Foodics 360 Internship Program,Fintech student seeking internship with no interview required in Riyadh.,FT,Riyadh,sql,,Internship,,49.5,48.6539538977862,-0.8460461022137977,0.8460461022137977,75,81
no-interview-ft,119,Jahez Group,Jahez Internship Program (as described in Sustainability Report),Fintech student seeking internship with no interview required in Riyadh.,FT,Riyadh,sql,,Internship,,49.5,48.25332111155311,-1.246678888446887,1.246678888446887,76,87
no-interview-ft,125,Tamkeen Technologies,On the Job Training (Internship Program) — Technology field,Fintech student seeking internship with no interview required in Riyadh.,FT,Riyadh,sql,,Internship,,49.5,51.474020382180754,1.974020382180754,1.974020382180754,77,69
no-interview-ft,133,Help AG (e& enterprise),Cybersecurity Intern,Fintech student seeking internship with no interview required in Riyadh.,FT,Riyadh,sql,,Internship,,49.5,57.03838603278588,7.53838603278588,7.53838603278588,78,39
no-interview-ft,134,TrendAI (Trend Micro),CyberGATE Internship Program,Fintech student seeking internship with no interview required in Riyadh.,FT,Riyadh,sql,,Internship,,49.5,57.03838603278588,7.53838603278588,7.53838603278588,79,40
no-interview-ft,136,Siemens Healthineers,Healthineers Early Talent Program – IT (Riyadh),Fintech student seeking internship with no interview required in Riyadh.,FT,Riyadh,sql,,Internship,,49.5,52.4640415018187,2.9640415018186985,2.9640415018186985,80,63
no-interview-ft,148,Procter & Gamble (P&G),P&G LEADgen Internship Program 2026 (Riyadh),Fintech student seeking internship with no interview required in Riyadh.,FT,Riyadh,sql,,Internship,,49.5,51.474020382180754,1.974020382180754,1.974020382180754,81,70
no-interview-ft,4,Saudi National Bank (SNB),SNB Cooperative Training Program,Fintech student seeking internship with no interview required in Riyadh.,FT,Riyadh,sql,,Internship,,48.5,52.58439619233805,4.084396192338048,4.084396192338048,82,59
no-interview-ft,5,Al Rajhi Bank,Cooperative Training Program,Fintech student seeking internship with no interview required in Riyadh.,FT,Riyadh,sql,,Internship,,48.5,47.02289716688665,-1.4771028331133493,1.4771028331133493,83,94
no-interview-ft,11,Bank Albilad,Cooperative & Summer Training Program,Fintech student seeking internship with no interview required in Riyadh.,FT,Riyadh,sql,,Internship,,48.5,44.33105910943432,-4.168940890565679,4.168940890565679,84,116
no-interview-ft,81,Bank Albilad,Cooperative Training Program,Fintech student seeking internship with no interview required in Riyadh.,FT,Riyadh,sql,,Internship,,48.5,51.90675047470524,3.406750474705241,3.406750474705241,85,66
no-interview-ft,48,Oracle | Business Development Intern (KSA market),Business Development Intern (KSA market),Fintech student seeking internship with no interview required in Riyadh.,FT,Riyadh,sql,,Internship,,46.0,46.46098238475288,0.46098238475288156,0.46098238475288156,86,98
no-interview-ft,53,King Fahd Causeway Authority | Internship Program,Internship Program,Fintech student seeking internship with no interview required in Riyadh.,FT,Riyadh,sql,,Internship,,46.0,49.41255679496994,3.4125567949699374,3.4125567949699374,87,78
no-interview-ft,43,National Cybersecurity Authority (NCA) – Academy,Cybersecurity training programs (academy),Fintech student seeking internship with no interview required in Riyadh.,FT,Riyadh,sql,,Internship,,44.5,48.81765214390566,4.317652143905661,4.317652143905661,88,79
no-interview-ft,97,Saudi Motorsport Company (SMC),COOP Trainee (IT Asset Project Management),Fintech student seeking internship with no interview required in Riyadh.,FT,Riyadh,sql,,Internship,,43.5,53.76883053358469,10.26883053358469,10.26883053358469,89,49
no-interview-ft,116,Lucidya,Technical Internship or Coop – Lucidya,Fintech student seeking internship with no interview required in Riyadh.,FT,Riyadh,sql,,Internship,,43.5,62.52620458397667,19.02620458397667,19.02620458397667,90,23
no-interview-ft,54,Tawuniya | Tamheer Program (Fresh Graduates),Tamheer Program,Fintech student seeking internship with no interview required in Riyadh.,FT,Riyadh,sql,,Internship,,42.5,45.8297767117433,3.3297767117432997,3.3297767117432997,91,111
no-interview-ft,59,Misk Foundation,Misk Traineeship / Internship Program,Fintech student seeking internship with no interview required in Riyadh.,FT,Riyadh,sql,,Internship,,42.5,40.67001631495721,-1.8299836850427909,1.8299836850427909,92,134
no-interview-ft,171,Infosys,Summer Intern (Infosys InStep ’26 – Bangalore),Fintech student seeking internship with no interview required in Riyadh.,FT,Riyadh,sql,,Internship,,42.5,48.6539538977862,6.153953897786202,6.153953897786202,93,82
no-interview-ft,51,Ministry of Finance (Saudi Arabia) | Cooperative Training Program,Cooperative Training Program,Fintech student seeking internship with no interview required in Riyadh.,FT,Riyadh,sql,,Internship,,41.0,36.35782769422124,-4.642172305778757,4.642172305778757,94,168
no-interview-ft,55,SAMA | SAMA Professional Program (SPP),SAMA Professional Program (SPP),Fintech student seeking internship with no interview required in Riyadh.,FT,Riyadh,sql,,Internship,,41.0,37.74000957450121,-3.259990425498792,3.259990425498792,95,165
no-interview-ft,126,Trendyol Group,Trendyol Tech Talent - Bootcamp & COOP Internship Program (Saudi Students Only),Fintech student seeking internship with no interview required in Riyadh.,FT,Riyadh,sql,,Internship,,41.0,52.820391689003216,11.820391689003216,11.820391689003216,96,58
no-interview-ft,127,Ninja نينجا,COOP Training Program,Fintech student seeking internship with no interview required in Riyadh.,FT,Riyadh,sql,,Internship,,41.0,38.6553077721404,-2.3446922278596034,2.3446922278596034,97,163
no-interview-ft,165,Innovative Solutions SA,Presales - Tamheer,Fintech student seeking internship with no interview required in Riyadh.,FT,Riyadh,sql,,Internship,,41.0,45.976932095617535,4.976932095617535,4.976932095617535,98,104
no-interview-ft,167,TAM | تام,"Tamheer Opportunity, Advisory",Fintech student seeking internship with no interview required in Riyadh.,FT,Riyadh,sql,,Internship,,41.0,21.15938719381349,-19.84061280618651,19.84061280618651,99,171
no-interview-ft,168,هيئة التأمين | Insurance Authority,Tamheer Opportunity - Specialist of Information Security,Fintech student seeking internship with no interview required in Riyadh.,FT,Riyadh,sql,,Internship,,41.0,45.3907902010892,4.390790201089203,4.390790201089203,100,113
no-interview-ft,3,stc (Saudi Telecom Company),Cooperative Training Program (COOP),Fintech student seeking internship with no interview required in Riyadh.,FT,Riyadh,sql,,Internship,,39.5,53.28520128537733,13.785201285377333,13.785201285377333,101,53
no-interview-ft,7,Digital Government Authority (DGA),Maidan Cooperative Training Program,Fintech student seeking internship with no interview required in Riyadh.,FT,Riyadh,sql,,Internship,,39.5,38.87159044411934,-0.6284095558806584,0.6284095558806584,102,154
no-interview-ft,9,PwC Middle East,"Deals, COOP and Summer Internship Programme (2026)",Fintech student seeking internship with no interview required in Riyadh.,FT,Riyadh,sql,,Internship,,39.5,39.57193149888132,0.07193149888131956,0.07193149888131956,103,135
no-interview-ft,10,Deloitte Middle East (KSA),Jusoor Al Sharqiyah Internship Program,Fintech student seeking internship with no interview required in Riyadh.,FT,Riyadh,sql,,Internship,,39.5,50.25652284251608,10.756522842516077,10.756522842516077,104,74
no-interview-ft,13,Bupa Arabia,Cooperative Training Program,Fintech student seeking internship with no interview required in Riyadh.,FT,Riyadh,sql,,Internship,,39.5,39.01122292731201,-0.48877707268798787,0.48877707268798787,105,145
no-interview-ft,15,Local Content and Government Procurement Authority (LCGPA),COOP Training (role posting),Fintech student seeking internship with no interview required in Riyadh.,FT,Riyadh,sql,,Internship,,39.5,38.82152334192184,-0.6784766580781607,0.6784766580781607,106,160
no-interview-ft,16,McKinsey & Company (Maqdira),Maqdira Fellowship Program,Fintech student seeking internship with no interview required in Riyadh.,FT,Riyadh,sql,,Internship,,39.5,38.87159044411934,-0.6284095558806584,0.6284095558806584,107,155
no-interview-ft,17,Boston Consulting Group (BCG),Visiting Associate Internship (Riyadh),Fintech student seeking internship with no interview required in Riyadh.,FT,Riyadh,sql,,Internship,,39.5,53.28520128537733,13.785201285377333,13.785201285377333,108,54
no-interview-ft,18,Bain & Company,COOP Training Program (Riyadh),Fintech student seeking internship with no interview required in Riyadh.,FT,Riyadh,sql,,Internship,,39.5,38.82152334192184,-0.6784766580781607,0.6784766580781607,109,161
no-interview-ft,21,Google (Saudi Arabia),Google Careers (Saudi location filter),Fintech student seeking internship with no interview required in Riyadh.,FT,Riyadh,sql,,Internship,,39.5,51.44087674412362,11.94087674412362,11.94087674412362,110,71
no-interview-ft,25,Elm,Elm Co-op Training Program (March 2026 Intake),Fintech student seeking internship with no interview required in Riyadh.,FT,Riyadh,sql,,Internship,,39.5,37.58603178234861,-1.9139682176513872,1.9139682176513872,111,166
no-interview-ft,27,"Saudi Standards, Metrology and Quality Organization (SASO)",Cooperative Training (Collaborative Training),Fintech student seeking internship with no interview required in Riyadh.,FT,Riyadh,sql,,Internship,,39.5,44.72828100412863,5.2282810041286325,5.2282810041286325,112,114
no-interview-ft,30,EXPRO,COOP Training (Future Makers Program),Fintech student seeking internship with no interview required in Riyadh.,FT,Riyadh,sql,,Internship,,39.5,38.87159044411934,-0.6284095558806584,0.6284095558806584,113,156
no-interview-ft,33,National Center for Vegetation Cover Development & Combating Desertification (NCVC),COOP Training Program,Fintech student seeking internship with no interview required in Riyadh.,FT,Riyadh,sql,,Internship,,39.5,39.57193149888132,0.07193149888131956,0.07193149888131956,114,136
no-interview-ft,34,Saudi Power Procurement Company (SPPC),Future Power – COOP Training Program,Fintech student seeking internship with no interview required in Riyadh.,FT,Riyadh,sql,,Internship,,39.5,39.17129871264823,-0.3287012873517696,0.3287012873517696,115,140
no-interview-ft,35,TBC (Tatweer Building Company),Cooperative Training Program,Fintech student seeking internship with no interview required in Riyadh.,FT,Riyadh,sql,,Internship,,39.5,39.17129871264823,-0.3287012873517696,0.3287012873517696,116,141
no-interview-ft,36,PwC Middle East (Assurance COOP & Summer Internship Programme 2026),"Assurance, COOP and Summer Internship Programme 2026 – Middle East",Fintech student seeking internship with no interview required in Riyadh.,FT,Riyadh,sql,,Internship,,39.5,42.39199798327588,2.8919979832758784,2.8919979832758784,117,127
no-interview-ft,40,Saudi Power Procurement Company (SPPC) – Future Power (Business Admin COOP),Future Power – Business Administration COOP Training Program,Fintech student seeking internship with no interview required in Riyadh.,FT,Riyadh,sql,,Internship,,39.5,42.39199798327588,2.8919979832758784,2.8919979832758784,118,128
no-interview-ft,46,ROSHN | COOP Trainee Program,COOP Trainee Program,Fintech student seeking internship with no interview required in Riyadh.,FT,Riyadh,sql,,Internship,,39.5,39.57193149888132,0.07193149888131956,0.07193149888131956,119,137
no-interview-ft,65,Expenditure & Projects Efficiency Authority (EXPRO),Future Makers (صنّاع المستقبل) – Cooperative Training,Fintech student seeking internship with no interview required in Riyadh.,FT,Riyadh,sql,,Internship,,39.5,39.17129871264823,-0.3287012873517696,0.3287012873517696,120,142
no-interview-ft,66,Ministry of Finance (Saudi Arabia),Cooperative Training Program (Ministry of Finance),Fintech student seeking internship with no interview required in Riyadh.,FT,Riyadh,sql,,Internship,,39.5,39.17129871264823,-0.3287012873517696,0.3287012873517696,121,143
no-interview-ft,67,General Entertainment Authority (GEA),GEA Cooperative Training Program,Fintech student seeking internship with no interview required in Riyadh.,FT,Riyadh,sql,,Internship,,39.5,38.87159044411934,-0.6284095558806584,0.6284095558806584,122,157
no-interview-ft,68,Banque Saudi Fransi (BSF),COOP Training,Fintech student seeking internship with no interview required in Riyadh.,FT,Riyadh,sql,,Internship,,39.5,46.119721210915856,6.619721210915856,6.619721210915856,123,100
no-interview-ft,83,CEER,Cooperative Training Program (COOP),Fintech student seeking internship with no interview required in Riyadh.,FT,Riyadh,sql,,Internship,,39.5,38.87599105207948,-0.6240089479205224,0.6240089479205224,124,151
no-interview-ft,87,Banque Saudi Fransi (BSF),Coop Training Program,Fintech student seeking internship with no interview required in Riyadh.,FT,Riyadh,sql,,Internship,,39.5,45.895631522139375,6.395631522139375,6.395631522139375,125,107
no-interview-ft,88,Tech Economy,COOP Training Program,Fintech student seeking internship with no interview required in Riyadh.,FT,Riyadh,sql,,Internship,,39.5,45.895631522139375,6.395631522139375,6.395631522139375,126,108
no-interview-ft,89,SAMI Advanced Electronics (SAMI-AEC),Coop Trainee,Fintech student seeking internship with no interview required in Riyadh.,FT,Riyadh,sql,,Internship,,39.5,45.895631522139375,6.395631522139375,6.395631522139375,127,109
no-interview-ft,91,REMAT ADVANCED,Cooperative Training Program,Fintech student seeking internship with no interview required in Riyadh.,FT,Riyadh,sql,,Internship,,39.5,44.24465175592128,4.744651755921282,4.744651755921282,128,121
no-interview-ft,95,ARDARA,COOP Training for Students,Fintech student seeking internship with no interview required in Riyadh.,FT,Riyadh,sql,,Internship,,39.5,38.87599105207948,-0.6240089479205224,0.6240089479205224,129,152
no-interview-ft,96,flynas,COOP Trainee / Internship Program,Fintech student seeking internship with no interview required in Riyadh.,FT,Riyadh,sql,,Internship,,39.5,38.87599105207948,-0.6240089479205224,0.6240089479205224,130,153
no-interview-ft,99,Mobily,Cooperative Training Program,Fintech student seeking internship with no interview required in Riyadh.,FT,Riyadh,sql,,Internship,,39.5,46.10968734002737,6.609687340027371,6.609687340027371,131,102
no-interview-ft,101,Alvarez & Marsal,COOP Training Program,Fintech student seeking internship with no interview required in Riyadh.,FT,Riyadh,sql,,Internship,,39.5,46.10968734002737,6.609687340027371,6.609687340027371,132,103
no-interview-ft,102,Visa,COOP Trainee (Jan 2026),Fintech student seeking internship with no interview required in Riyadh.,FT,Riyadh,sql,,Internship,,39.5,39.57193149888132,0.07193149888131956,0.07193149888131956,133,138
no-interview-ft,103,Zain KSA,Evolve Program (Fresh Graduates),Fintech student seeking internship with no interview required in Riyadh.,FT,Riyadh,sql,,Internship,,39.5,44.54131579155631,5.041315791556308,5.041315791556308,134,115
no-interview-ft,104,Zain KSA,Zain Pioneers Program,Fintech student seeking internship with no interview required in Riyadh.,FT,Riyadh,sql,,Internship,,39.5,45.51726530645385,6.017265306453851,6.017265306453851,135,112
no-interview-ft,105,Savvy Games Group,Cooperative Training Program (Co-op),Fintech student seeking internship with no interview required in Riyadh.,FT,Riyadh,sql,,Internship,,39.5,45.895631522139375,6.395631522139375,6.395631522139375,136,110
no-interview-ft,109,Elm Company (شركة علم),Coop Training - Computer Science (Jan/Mar/Jun/Aug 2025 Intake),Fintech student seeking internship with no interview required in Riyadh.,FT,Riyadh,sql,,Internship,,39.5,39.57193149888132,0.07193149888131956,0.07193149888131956,137,139
no-interview-ft,110,Elm Company (شركة علم),Co-Op Training - Information Technology (Jun & Aug 2025 Intake),Fintech student seeking internship with no interview required in Riyadh.,FT,Riyadh,sql,,Internship,,39.5,40.99651684625284,1.4965168462528382,1.4965168462528382,138,133
no-interview-ft,111,EJADA,COOP Administration & Support Engineer,Fintech student seeking internship with no interview required in Riyadh.,FT,Riyadh,sql,,Internship,,39.5,47.68044909662517,8.180449096625168,8.180449096625168,139,89
no-interview-ft,117,Diriyah Company,Diriyah Co-op Training Program,Fintech student seeking internship with no interview required in Riyadh.,FT,Riyadh,sql,,Internship,,39.5,39.01122292731201,-0.48877707268798787,0.48877707268798787,140,147
no-interview-ft,118,Riyadh Air,Co-op – Riyadh Air,Fintech student seeking internship with no interview required in Riyadh.,FT,Riyadh,sql,,Internship,,39.5,38.87159044411934,-0.6284095558806584,0.6284095558806584,141,158
no-interview-ft,120,Lumi | لومي,COOP Intern 2025 – Lumi,Fintech student seeking internship with no interview required in Riyadh.,FT,Riyadh,sql,,Internship,,39.5,39.01122292731201,-0.48877707268798787,0.48877707268798787,142,148
no-interview-ft,121,webook.com,COOP Trainee Opportunities – webook.com,Fintech student seeking internship with no interview required in Riyadh.,FT,Riyadh,sql,,Internship,,39.5,38.76794205651229,-0.7320579434877104,0.7320579434877104,143,162
no-interview-ft,129,WalaPlus,Coop & Tamheer Opportunities,Fintech student seeking internship with no interview required in Riyadh.,FT,Riyadh,sql,,Internship,,39.5,44.24465175592128,4.744651755921282,4.744651755921282,144,122
no-interview-ft,130,Aon,IT Co-op Trainee 2026,Fintech student seeking internship with no interview required in Riyadh.,FT,Riyadh,sql,,Internship,,39.5,44.30542882866506,4.8054288286650575,4.8054288286650575,145,118
no-interview-ft,131,Hewlett Packard Enterprise (HPE),College Intern (Coop),Fintech student seeking internship with no interview required in Riyadh.,FT,Riyadh,sql,,Internship,,39.5,44.30542882866506,4.8054288286650575,4.8054288286650575,146,119
no-interview-ft,132,Signify,KSA Coop Internship Program,Fintech student seeking internship with no interview required in Riyadh.,FT,Riyadh,sql,,Internship,,39.5,44.24465175592128,4.744651755921282,4.744651755921282,147,123
no-interview-ft,146,NCGR | المركز الوطني لنظم الموارد الحكومية,Coop Training Program,Fintech student seeking internship with no interview required in Riyadh.,FT,Riyadh,sql,,Internship,,39.5,51.90675047470524,12.406750474705241,12.406750474705241,148,68
no-interview-ft,149,New Murabba | المربع الجديد,New Murabba Co-op Training Program,Fintech student seeking internship with no interview required in Riyadh.,FT,Riyadh,sql,,Internship,,39.5,42.39199798327588,2.8919979832758784,2.8919979832758784,149,129
no-interview-ft,151,Motorola Solutions,Deployment Engineer Intern (KSA National - Tamheer Program),Fintech student seeking internship with no interview required in Riyadh.,FT,Riyadh,sql,,Internship,,39.5,46.42349225054174,6.9234922505417416,6.9234922505417416,150,99
no-interview-ft,153,Lockheed Martin,Tamheer Space Internship (Riyadh),Fintech student seeking internship with no interview required in Riyadh.,FT,Riyadh,sql,,Internship,,39.5,41.73349587723329,2.2334958772332882,2.2334958772332882,151,131
no-interview-ft,60,Cisco,Cisco NetVersity (Saudi Arabia),Fintech student seeking internship with no interview required in Riyadh.,FT,Riyadh,sql,,Internship,,37.5,47.6761721467668,10.176172146766802,10.176172146766802,152,90
no-interview-ft,45,NEOM | GrOW (Graduates Opportunities in Work),GrOW (Graduates Opportunities in Work),Fintech student seeking internship with no interview required in Riyadh.,FT,Riyadh,sql,,Internship,,36.0,43.53472330856236,7.534723308562363,7.534723308562363,153,124
no-interview-ft,52,Ministry of Industry and Mineral Resources | Cooperative Training,Cooperative Training Initiative,Fintech student seeking internship with no interview required in Riyadh.,FT,Riyadh,sql,,Internship,,36.0,36.31303756084234,0.31303756084233925,0.31303756084233925,154,169
no-interview-ft,56,HRDF | Cooperative Training Product,Cooperative Training Product,Fintech student seeking internship with no interview required in Riyadh.,FT,Riyadh,sql,,Internship,,36.0,37.52937995662874,1.5293799566287376,1.5293799566287376,155,167
no-interview-ft,8,KPMG Saudi Arabia,COOP & Internship Programs,Fintech student seeking internship with no interview required in Riyadh.,FT,Riyadh,sql,,Internship,,34.5,38.87599105207948,4.375991052079478,4.375991052079478,156,149
no-interview-ft,14,Saudi Exports (Saudi Export Development Authority),COOP & Summer Training (FAQ-confirmed),Fintech student seeking internship with no interview required in Riyadh.,FT,Riyadh,sql,,Internship,,34.5,39.01122292731201,4.511222927312012,4.511222927312012,157,146
no-interview-ft,28,"Zakat, Tax and Customs Authority (ZATCA)",Binaa-Alkafaat Program,Fintech student seeking internship with no interview required in Riyadh.,FT,Riyadh,sql,,Internship,,34.5,38.57555549965446,4.075555499654463,4.075555499654463,158,164
no-interview-ft,32,TBC (The Beauty Company),Cooperative Training Program,Fintech student seeking internship with no interview required in Riyadh.,FT,Riyadh,sql,,Internship,,34.5,35.796739619597304,1.2967396195973038,1.2967396195973038,159,170
no-interview-ft,39,Saudi Food & Drug Authority (SFDA),COOP training (First semester 2025-2026 intake),Fintech student seeking internship with no interview required in Riyadh.,FT,Riyadh,sql,,Internship,,34.5,45.895631522139375,11.395631522139375,11.395631522139375,160,106
no-interview-ft,90,NHC,COOP Trainee,Fintech student seeking internship with no interview required in Riyadh.,FT,Riyadh,sql,,Internship,,34.5,46.10968734002737,11.60968734002737,11.60968734002737,161,101
no-interview-ft,157,Nahdi Medical Co.,IT Internship / COOP Program (6 months),Fintech student seeking internship with no interview required in Riyadh.,FT,Riyadh,sql,,Internship,,34.5,42.39199798327588,7.891997983275878,7.891997983275878,162,130
no-interview-ft,2,SABIC,COOP Training Program,Fintech student seeking internship with no interview required in Riyadh.,FT,Riyadh,sql,,Internship,,32.5,39.01122292731201,6.511222927312012,6.511222927312012,163,144
no-interview-ft,26,Yasref,Yasref Cooperative Training Program,Fintech student seeking internship with no interview required in Riyadh.,FT,Riyadh,sql,,Internship,,32.5,44.24465175592128,11.744651755921282,11.744651755921282,164,120
no-interview-ft,1,Saudi Aramco,University Internship Program (UIP),Fintech student seeking internship with no interview required in Riyadh.,FT,Riyadh,sql,,Internship,,29.5,40.99651684625284,11.496516846252838,11.496516846252838,165,132
no-interview-ft,38,BSF (Banque Saudi Fransi),COOP / Internship,Fintech student seeking internship with no interview required in Riyadh.,FT,Riyadh,sql,,Internship,,29.5,45.895631522139375,16.395631522139375,16.395631522139375,166,105
no-interview-ft,82,Saudi Ground Services (SGS),COOP Program,Fintech student seeking internship with no interview required in Riyadh.,FT,Riyadh,sql,,Internship,,29.5,38.87599105207948,9.375991052079478,9.375991052079478,167,150
no-interview-ft,98,Saudi Motorsport Company (SMC),COOP Trainee (Supply Chain Excellence Associate),Fintech student seeking internship with no interview required in Riyadh.,FT,Riyadh,sql,,Internship,,29.5,55.20907680258691,25.709076802586907,25.709076802586907,168,43
no-interview-ft,112,Emdad By Elm,Network Cooperative Training (Network Intern),Fintech student seeking internship with no interview required in Riyadh.,FT,Riyadh,sql,,Internship,,29.5,47.44749134379669,17.947491343796692,17.947491343796692,169,92
no-interview-ft,115,Salla,برنامج التدريب التعاوني (Coop Training) – Salla,Fintech student seeking internship with no interview required in Riyadh.,FT,Riyadh,sql,,Internship,,29.5,38.85412571048554,9.35412571048554,9.35412571048554,170,159
no-interview-ft,152,Schneider Electric,Co-op Intern (Engineering) - Al Khobar (Jan–Aug 2026),Fintech student seeking internship with no interview required in Riyadh.,FT,Riyadh,sql,,Internship,,29.5,44.33105910943432,14.831059109434321,14.831059109434321,171,117
no-interview-ft,29,Human Resources Development Fund (HRDF) – Cooperative Training Product,Cooperative Training (HRDF product),Fintech student seeking internship with no interview required in Riyadh.,FT,Riyadh,sql,,Internship,,15.0,17.881875596651252,2.881875596651252,2.881875596651252,172,173
no-interview-ft,31,Ministry of Industry and Mineral Resources (MIM) – Cooperative Training Initiative,Cooperative Training Initiative,Fintech student seeking internship with no interview required in Riyadh.,FT,Riyadh,sql,,Internship,,15.0,17.903740938245182,2.903740938245182,2.903740938245182,173,172
qual-ielts-intern,97,Saudi Motorsport Company (SMC),COOP Trainee (IT Asset Project Management),Business-oriented CIS student with IELTS 6.5 seeking internship in Jeddah.,CIS,Jeddah,excel; sql,,Internship,On-site,69.83,53.35072443031652,-16.47927556968348,16.47927556968348,1,58
qual-ielts-intern,22,BlackRock,Client & Product Summer Internship Programme (EMEA) - includes Riyadh,Business-oriented CIS student with IELTS 6.5 seeking internship in Jeddah.,CIS,Jeddah,excel; sql,,Internship,On-site,65.17,63.71577979976713,-1.454220200232875,1.454220200232875,2,6
qual-ielts-intern,77,Tabby,Intern Backend (GO) Engineer,Business-oriented CIS student with IELTS 6.5 seeking internship in Jeddah.,CIS,Jeddah,excel; sql,,Internship,On-site,65.17,63.79250493946758,-1.377495060532425,1.377495060532425,3,5
qual-ielts-intern,79,Tabby,Intern Data Engineer,Business-oriented CIS student with IELTS 6.5 seeking internship in Jeddah.,CIS,Jeddah,excel; sql,,Internship,On-site,65.17,67.98439057804052,2.8143905780405163,2.8143905780405163,4,1
qual-ielts-intern,98,Saudi Motorsport Company (SMC),COOP Trainee (Supply Chain Excellence Associate),Business-oriented CIS student with IELTS 6.5 seeking internship in Jeddah.,CIS,Jeddah,excel; sql,,Internship,On-site,65.17,55.017121166189256,-10.152878833810746,10.152878833810746,5,40
qual-ielts-intern,125,Tamkeen Technologies,On the Job Training (Internship Program) — Technology field,Business-oriented CIS student with IELTS 6.5 seeking internship in Jeddah.,CIS,Jeddah,excel; sql,,Internship,On-site,65.17,54.70496141529305,-10.465038584706953,10.465038584706953,6,43
qual-ielts-intern,143,Lean Technologies,Software Engineering Intern – KSA,Business-oriented CIS student with IELTS 6.5 seeking internship in Jeddah.,CIS,Jeddah,excel; sql,,Internship,On-site,65.17,60.22171202440872,-4.948287975591285,4.948287975591285,7,19
qual-ielts-intern,155,Laverne Group | مجموعة لافيرن,Data Analyst / Data Engineer Intern (IT Department),Business-oriented CIS student with IELTS 6.5 seeking internship in Jeddah.,CIS,Jeddah,excel; sql,,Internship,On-site,65.17,66.63173480970411,1.4617348097041116,1.4617348097041116,8,3
qual-ielts-intern,47,Microsoft | Ru'aa Program (Riyadh),Ru'aa Program Internship (Solution Engineering),Business-oriented CIS student with IELTS 6.5 seeking internship in Jeddah.,CIS,Jeddah,excel; sql,,Internship,On-site,63.17,59.08569894018334,-4.08430105981666,4.08430105981666,9,25
qual-ielts-intern,76,Tabby,Intern DevOps Engineer,Business-oriented CIS student with IELTS 6.5 seeking internship in Jeddah.,CIS,Jeddah,excel; sql,,Internship,On-site,63.17,67.18829066180126,4.0182906618012595,4.0182906618012595,10,2
qual-ielts-intern,78,Tabby,Intern Frontend Engineer,Business-oriented CIS student with IELTS 6.5 seeking internship in Jeddah.,CIS,Jeddah,excel; sql,,Internship,On-site,63.17,60.20074782570357,-2.969252174296429,2.969252174296429,11,20
qual-ielts-intern,80,Tabby,No-Code / AI Agents Engineering Intern,Business-oriented CIS student with IELTS 6.5 seeking internship in Jeddah.,CIS,Jeddah,excel; sql,,Internship,On-site,63.17,59.93981842815352,-3.2301815718464795,3.2301815718464795,12,22
qual-ielts-intern,116,Lucidya,Technical Internship or Coop – Lucidya,Business-oriented CIS student with IELTS 6.5 seeking internship in Jeddah.,CIS,Jeddah,excel; sql,,Internship,On-site,63.17,55.66791279064192,-7.502087209358081,7.502087209358081,13,36
qual-ielts-intern,150,Boeing Saudi Arabia Limited,Intern - Info Technology & Data Analytics (Riyadh),Business-oriented CIS student with IELTS 6.5 seeking internship in Jeddah.,CIS,Jeddah,excel; sql,,Internship,On-site,63.17,66.19474018247445,3.0247401824744458,3.0247401824744458,14,4
qual-ielts-intern,156,Meel | ميل,"Software Developer Internship (Remote, min 2 months)",Business-oriented CIS student with IELTS 6.5 seeking internship in Jeddah.,CIS,Jeddah,excel; sql,,Internship,On-site,63.17,63.49965093745535,0.329650937455348,0.329650937455348,15,7
qual-ielts-intern,158,SMART Technology Solutions | سمارت لحلول التقنية,R&D Intern (Riyadh),Business-oriented CIS student with IELTS 6.5 seeking internship in Jeddah.,CIS,Jeddah,excel; sql,,Internship,On-site,63.17,60.15730951325169,-3.012690486748312,3.012690486748312,16,21
qual-ielts-intern,159,Knodemy Inc.,AI Developer & Tech Trainer Intern - Riyadh,Business-oriented CIS student with IELTS 6.5 seeking internship in Jeddah.,CIS,Jeddah,excel; sql,,Internship,On-site,63.17,62.20024912217869,-0.969750877821312,0.969750877821312,17,10
qual-ielts-intern,161,AFNOYS,"AI Automation Intern - KSA (Remote, 4 weeks)",Business-oriented CIS student with IELTS 6.5 seeking internship in Jeddah.,CIS,Jeddah,excel; sql,,Internship,On-site,63.17,63.40366620981167,0.2336662098116662,0.2336662098116662,18,9
qual-ielts-intern,44,PIF | Graduate Development Program,Graduate Development Program (GDP),Business-oriented CIS student with IELTS 6.5 seeking internship in Jeddah.,CIS,Jeddah,excel; sql,,Internship,On-site,61.83,53.79467056281468,-8.035329437185318,8.035329437185318,19,53
qual-ielts-intern,124,InnovationTeam,Java Microservices Internship Programme (Saudi Nationals),Business-oriented CIS student with IELTS 6.5 seeking internship in Jeddah.,CIS,Jeddah,excel; sql,,Internship,On-site,61.67,63.44974029594981,1.7797402959498072,1.7797402959498072,20,8
qual-ielts-intern,162,SAS,CareerStart@SAS 2026 - Presales Customer Intelligence Intern (Riyadh),Business-oriented CIS student with IELTS 6.5 seeking internship in Jeddah.,CIS,Jeddah,excel; sql,,Internship,On-site,61.67,60.29021861221756,-1.3797813877824439,1.3797813877824439,21,17
qual-ielts-intern,164,ضالتي Dhallaty,Tech Intern: Fresh Grad or Student,Business-oriented CIS student with IELTS 6.5 seeking internship in Jeddah.,CIS,Jeddah,excel; sql,,Internship,On-site,61.67,60.29547446051164,-1.37452553948836,1.37452553948836,22,16
qual-ielts-intern,169,Snbla | سنبله,Paid Internship Program (FinTech),Business-oriented CIS student with IELTS 6.5 seeking internship in Jeddah.,CIS,Jeddah,excel; sql,,Internship,On-site,61.67,60.32373250171371,-1.346267498286295,1.346267498286295,23,15
qual-ielts-intern,53,King Fahd Causeway Authority | Internship Program,Internship Program,Business-oriented CIS student with IELTS 6.5 seeking internship in Jeddah.,CIS,Jeddah,excel; sql,,Internship,On-site,60.0,51.74245742905117,-8.257542570948829,8.257542570948829,24,73
qual-ielts-intern,86,Wakeb_Data,COOP Training,Business-oriented CIS student with IELTS 6.5 seeking internship in Jeddah.,CIS,Jeddah,excel; sql,,Internship,On-site,59.83,52.330852597546006,-7.499147402453993,7.499147402453993,25,68
qual-ielts-intern,160,Water Transmission Company | شركة نقل المياه,Tamheer Internship Program (HRIS / Engineering & PM - Riyadh),Business-oriented CIS student with IELTS 6.5 seeking internship in Jeddah.,CIS,Jeddah,excel; sql,,Internship,On-site,59.83,54.15279530779737,-5.677204692202629,5.677204692202629,26,50
qual-ielts-intern,57,IBM,"Automation, Data & AI – Intern",Business-oriented CIS student with IELTS 6.5 seeking internship in Jeddah.,CIS,Jeddah,excel; sql,,Internship,On-site,59.67,60.56725327429854,0.8972532742985351,0.8972532742985351,27,13
qual-ielts-intern,123,EjadTech - إيجاد التقنية,"Summer Internship Program 2025 (Computer, Data, and AI Majors)",Business-oriented CIS student with IELTS 6.5 seeking internship in Jeddah.,CIS,Jeddah,excel; sql,,Internship,On-site,59.67,61.31090562382145,1.6409056238214461,1.6409056238214461,28,11
qual-ielts-intern,61,KAUST,Visiting Student Research Program (VSRP) Internship,Business-oriented CIS student with IELTS 6.5 seeking internship in Jeddah.,CIS,Jeddah,excel; sql,,Internship,On-site,58.67,57.92299953704663,-0.7470004629533733,0.7470004629533733,29,26
qual-ielts-intern,10,Deloitte Middle East (KSA),Jusoor Al Sharqiyah Internship Program,Business-oriented CIS student with IELTS 6.5 seeking internship in Jeddah.,CIS,Jeddah,excel; sql,,Internship,On-site,58.5,54.65119879395859,-3.848801206041408,3.848801206041408,30,44
qual-ielts-intern,19,Amazon Web Services (AWS),IT/Computer Hardware Internship (Intern-to-FTE Pathway),Business-oriented CIS student with IELTS 6.5 seeking internship in Jeddah.,CIS,Jeddah,excel; sql,,Internship,On-site,58.5,54.35308894365229,-4.146911056347712,4.146911056347712,31,48
qual-ielts-intern,20,Amazon Web Services (AWS) - Associate Solutions Architect Intern,Associate Solutions Architect Intern (2026),Business-oriented CIS student with IELTS 6.5 seeking internship in Jeddah.,CIS,Jeddah,excel; sql,,Internship,On-site,58.5,55.623899595379385,-2.8761004046206153,2.8761004046206153,32,38
qual-ielts-intern,58,Unifonic,Internship (Unifonic),Business-oriented CIS student with IELTS 6.5 seeking internship in Jeddah.,CIS,Jeddah,excel; sql,,Internship,On-site,58.5,51.42145162412453,-7.078548375875471,7.078548375875471,33,77
qual-ielts-intern,112,Emdad By Elm,Network Cooperative Training (Network Intern),Business-oriented CIS student with IELTS 6.5 seeking internship in Jeddah.,CIS,Jeddah,excel; sql,,Internship,On-site,58.5,49.51683231428759,-8.98316768571241,8.98316768571241,34,90
qual-ielts-intern,114,Foodics,Foodics 360 Internship Program,Business-oriented CIS student with IELTS 6.5 seeking internship in Jeddah.,CIS,Jeddah,excel; sql,,Internship,On-site,58.5,54.70496141529305,-3.795038584706951,3.795038584706951,35,42
qual-ielts-intern,134,TrendAI (Trend Micro),CyberGATE Internship Program,Business-oriented CIS student with IELTS 6.5 seeking internship in Jeddah.,CIS,Jeddah,excel; sql,,Internship,On-site,58.5,56.576767538174096,-1.9232324618259042,1.9232324618259042,36,30
qual-ielts-intern,136,Siemens Healthineers,Healthineers Early Talent Program – IT (Riyadh),Business-oriented CIS student with IELTS 6.5 seeking internship in Jeddah.,CIS,Jeddah,excel; sql,,Internship,On-site,58.5,55.623899595379385,-2.8761004046206153,2.8761004046206153,37,39
qual-ielts-intern,148,Procter & Gamble (P&G),P&G LEADgen Internship Program 2026 (Riyadh),Business-oriented CIS student with IELTS 6.5 seeking internship in Jeddah.,CIS,Jeddah,excel; sql,,Internship,On-site,58.5,55.94676513845314,-2.553234861546862,2.553234861546862,38,33
qual-ielts-intern,11,Bank Albilad,Cooperative & Summer Training Program,Business-oriented CIS student with IELTS 6.5 seeking internship in Jeddah.,CIS,Jeddah,excel; sql,,Internship,On-site,58.17,48.73062693626542,-9.439373063734578,9.439373063734578,39,100
qual-ielts-intern,171,Infosys,Summer Intern (Infosys InStep ’26 – Bangalore),Business-oriented CIS student with IELTS 6.5 seeking internship in Jeddah.,CIS,Jeddah,excel; sql,,Internship,On-site,57.0,54.369937974312926,-2.6300620256870744,2.6300620256870744,40,47
qual-ielts-intern,60,Cisco,Cisco NetVersity (Saudi Arabia),Business-oriented CIS student with IELTS 6.5 seeking internship in Jeddah.,CIS,Jeddah,excel; sql,,Internship,On-site,56.5,49.22741550924671,-7.272584490753289,7.272584490753289,41,95
qual-ielts-intern,163,Devoteam,Trainee - Future Leaders Program (Co-op/Fresh Graduate),Business-oriented CIS student with IELTS 6.5 seeking internship in Jeddah.,CIS,Jeddah,excel; sql,,Internship,On-site,56.33,51.18507846596626,-5.144921534033742,5.144921534033742,42,83
qual-ielts-intern,170,2P Perfect Presentation,Data Analyst (Tamheer),Business-oriented CIS student with IELTS 6.5 seeking internship in Jeddah.,CIS,Jeddah,excel; sql,,Internship,On-site,56.33,53.38532254562154,-2.944677454378457,2.944677454378457,43,55
qual-ielts-intern,173,Abunayyan Holding,Data Analyst (Tamheer),Business-oriented CIS student with IELTS 6.5 seeking internship in Jeddah.,CIS,Jeddah,excel; sql,,Internship,On-site,56.33,51.68149297237843,-4.648507027621569,4.648507027621569,44,74
qual-ielts-intern,139,Ericsson,Summer Interns (Ericsson Saudi),Business-oriented CIS student with IELTS 6.5 seeking internship in Jeddah.,CIS,Jeddah,excel; sql,,Internship,On-site,55.83,61.21637510649892,5.3863751064989245,5.3863751064989245,45,12
qual-ielts-intern,48,Oracle | Business Development Intern (KSA market),Business Development Intern (KSA market),Business-oriented CIS student with IELTS 6.5 seeking internship in Jeddah.,CIS,Jeddah,excel; sql,,Internship,On-site,55.5,47.10162003715569,-8.39837996284431,8.39837996284431,46,120
qual-ielts-intern,36,PwC Middle East (Assurance COOP & Summer Internship Programme 2026),"Assurance, COOP and Summer Internship Programme 2026 – Middle East",Business-oriented CIS student with IELTS 6.5 seeking internship in Jeddah.,CIS,Jeddah,excel; sql,,Internship,On-site,55.17,44.99291652817521,-10.177083471824794,10.177083471824794,47,125
qual-ielts-intern,62,General Authority for Statistics (GASTAT),Cooperative Training Program,Business-oriented CIS student with IELTS 6.5 seeking internship in Jeddah.,CIS,Jeddah,excel; sql,,Internship,On-site,55.17,55.93282330654415,0.7628233065441492,0.7628233065441492,48,34
qual-ielts-intern,63,Saudi Center for Opinion Polling (SCOP),Cooperative Training Program,Business-oriented CIS student with IELTS 6.5 seeking internship in Jeddah.,CIS,Jeddah,excel; sql,,Internship,On-site,55.17,55.69983039891914,0.5298303989191382,0.5298303989191382,49,35
qual-ielts-intern,145,HungerStation | هنقرستيشن,"Co-OP Trainee, Data Analysis – Info Sec",Business-oriented CIS student with IELTS 6.5 seeking internship in Jeddah.,CIS,Jeddah,excel; sql,,Internship,On-site,55.17,59.24391075801627,4.073910758016268,4.073910758016268,50,24
qual-ielts-intern,172,شركة الخدمات المدارة | Managed Services Company,Intern Cybersecurity Engineer,Business-oriented CIS student with IELTS 6.5 seeking internship in Jeddah.,CIS,Jeddah,excel; sql,,Internship,On-site,55.0,53.2118189050592,-1.7881810949408035,1.7881810949408035,51,62
qual-ielts-intern,23,noon,Student Internship,Business-oriented CIS student with IELTS 6.5 seeking internship in Jeddah.,CIS,Jeddah,excel; sql,,Internship,On-site,54.0,51.12699175878877,-2.873008241211231,2.873008241211231,52,84
qual-ielts-intern,38,BSF (Banque Saudi Fransi),COOP / Internship,Business-oriented CIS student with IELTS 6.5 seeking internship in Jeddah.,CIS,Jeddah,excel; sql,,Internship,On-site,54.0,48.53733293902352,-5.462667060976479,5.462667060976479,53,101
qual-ielts-intern,49,SAP | Student Internship (Riyadh),Student Internship - Riyadh,Business-oriented CIS student with IELTS 6.5 seeking internship in Jeddah.,CIS,Jeddah,excel; sql,,Internship,On-site,54.0,52.42966891937754,-1.5703310806224593,1.5703310806224593,54,65
qual-ielts-intern,82,Saudi Ground Services (SGS),COOP Program,Business-oriented CIS student with IELTS 6.5 seeking internship in Jeddah.,CIS,Jeddah,excel; sql,,Internship,On-site,54.0,42.7176240322597,-11.2823759677403,11.2823759677403,55,144
qual-ielts-intern,119,Jahez Group,Jahez Internship Program (as described in Sustainability Report),Business-oriented CIS student with IELTS 6.5 seeking internship in Jeddah.,CIS,Jeddah,excel; sql,,Internship,On-site,54.0,53.38278224600676,-0.6172177539932377,0.6172177539932377,56,56
qual-ielts-intern,133,Help AG (e& enterprise),Cybersecurity Intern,Business-oriented CIS student with IELTS 6.5 seeking internship in Jeddah.,CIS,Jeddah,excel; sql,,Internship,On-site,54.0,56.576767538174096,2.5767675381740958,2.5767675381740958,57,29
qual-ielts-intern,4,Saudi National Bank (SNB),SNB Cooperative Training Program,Business-oriented CIS student with IELTS 6.5 seeking internship in Jeddah.,CIS,Jeddah,excel; sql,,Internship,On-site,53.67,53.27010566510838,-0.39989433489161996,0.39989433489161996,58,60
qual-ielts-intern,5,Al Rajhi Bank,Cooperative Training Program,Business-oriented CIS student with IELTS 6.5 seeking internship in Jeddah.,CIS,Jeddah,excel; sql,,Internship,On-site,53.67,48.90885307392377,-4.761146926076229,4.761146926076229,59,97
qual-ielts-intern,81,Bank Albilad,Cooperative Training Program,Business-oriented CIS student with IELTS 6.5 seeking internship in Jeddah.,CIS,Jeddah,excel; sql,,Internship,On-site,53.67,51.5417069156495,-2.128293084350503,2.128293084350503,60,76
qual-ielts-intern,157,Nahdi Medical Co.,IT Internship / COOP Program (6 months),Business-oriented CIS student with IELTS 6.5 seeking internship in Jeddah.,CIS,Jeddah,excel; sql,,Internship,On-site,53.5,44.99291652817521,-8.507083471824792,8.507083471824792,61,129
qual-ielts-intern,12,Tamara,Tamara Builders Program,Business-oriented CIS student with IELTS 6.5 seeking internship in Jeddah.,CIS,Jeddah,excel; sql,,Internship,On-site,53.17,53.27010566510838,0.10010566510838004,0.10010566510838004,62,61
qual-ielts-intern,37,KAPSARC,Intern (Coop- Trainee),Business-oriented CIS student with IELTS 6.5 seeking internship in Jeddah.,CIS,Jeddah,excel; sql,,Internship,On-site,53.17,53.19173747547943,0.021737475479426394,0.021737475479426394,63,63
qual-ielts-intern,71,OmniOps,Co‑op Training Program,Business-oriented CIS student with IELTS 6.5 seeking internship in Jeddah.,CIS,Jeddah,excel; sql,,Internship,On-site,53.17,54.535373452501325,1.3653734525013235,1.3653734525013235,64,45
qual-ielts-intern,72,Tatweer Educational Technologies (TETCO),Cooperative Training Program,Business-oriented CIS student with IELTS 6.5 seeking internship in Jeddah.,CIS,Jeddah,excel; sql,,Internship,On-site,53.17,54.74046664377002,1.5704666437700183,1.5704666437700183,65,41
qual-ielts-intern,85,TAWAL,COOP Training Program,Business-oriented CIS student with IELTS 6.5 seeking internship in Jeddah.,CIS,Jeddah,excel; sql,,Internship,On-site,53.17,54.3884444838159,1.218444483815901,1.218444483815901,66,46
qual-ielts-intern,92,SDM,AI COOP,Business-oriented CIS student with IELTS 6.5 seeking internship in Jeddah.,CIS,Jeddah,excel; sql,,Internship,On-site,53.17,52.02217650979524,-1.1478234902047646,1.1478234902047646,67,72
qual-ielts-intern,93,HUED,HUED COOP Program 2026,Business-oriented CIS student with IELTS 6.5 seeking internship in Jeddah.,CIS,Jeddah,excel; sql,,Internship,On-site,53.17,54.21608636122544,1.0460863612254414,1.0460863612254414,68,49
qual-ielts-intern,94,Araamis • أرامس,Araamis COOP Program 2026,Business-oriented CIS student with IELTS 6.5 seeking internship in Jeddah.,CIS,Jeddah,excel; sql,,Internship,On-site,53.17,53.35072443031652,0.1807244303165163,0.1807244303165163,69,57
qual-ielts-intern,107,sirar by stc,Cooperative Training Program,Business-oriented CIS student with IELTS 6.5 seeking internship in Jeddah.,CIS,Jeddah,excel; sql,,Internship,On-site,53.17,56.06080715648051,2.8908071564805056,2.8908071564805056,70,31
qual-ielts-intern,108,Gathern,Co-op Program,Business-oriented CIS student with IELTS 6.5 seeking internship in Jeddah.,CIS,Jeddah,excel; sql,,Internship,On-site,53.17,53.94242892151624,0.7724289215162372,0.7724289215162372,71,52
qual-ielts-intern,113,AILA,Co-op Training Programme,Business-oriented CIS student with IELTS 6.5 seeking internship in Jeddah.,CIS,Jeddah,excel; sql,,Internship,On-site,53.17,55.64905629705713,2.4790562970571273,2.4790562970571273,72,37
qual-ielts-intern,122,moneymoon,Tech & AI Co-op Program 2025,Business-oriented CIS student with IELTS 6.5 seeking internship in Jeddah.,CIS,Jeddah,excel; sql,,Internship,On-site,53.17,57.518750208305626,4.348750208305624,4.348750208305624,73,27
qual-ielts-intern,128,SCAI | سكاي,CO-OP Training Opportunities (Intern),Business-oriented CIS student with IELTS 6.5 seeking internship in Jeddah.,CIS,Jeddah,excel; sql,,Internship,On-site,53.17,56.77020382758639,3.600203827586391,3.600203827586391,74,28
qual-ielts-intern,135,Golf Saudi,IT Co-op Trainee,Business-oriented CIS student with IELTS 6.5 seeking internship in Jeddah.,CIS,Jeddah,excel; sql,,Internship,On-site,53.17,49.86885447424171,-3.301145525758294,3.301145525758294,75,89
qual-ielts-intern,141,Saudi Payments | المدفوعات السعودية,COOP Training – August 2024,Business-oriented CIS student with IELTS 6.5 seeking internship in Jeddah.,CIS,Jeddah,excel; sql,,Internship,On-site,53.17,53.631420481094885,0.46142048109488343,0.46142048109488343,76,54
qual-ielts-intern,142,Saudi Tadawul Group | تداول,Cooperative Training Program (COOP),Business-oriented CIS student with IELTS 6.5 seeking internship in Jeddah.,CIS,Jeddah,excel; sql,,Internship,On-site,53.17,56.06080715648051,2.8908071564805056,2.8908071564805056,77,32
qual-ielts-intern,127,Ninja نينجا,COOP Training Program,Business-oriented CIS student with IELTS 6.5 seeking internship in Jeddah.,CIS,Jeddah,excel; sql,,Internship,On-site,51.67,38.3982299206832,-13.271770079316802,13.271770079316802,78,166
qual-ielts-intern,26,Yasref,Yasref Cooperative Training Program,Business-oriented CIS student with IELTS 6.5 seeking internship in Jeddah.,CIS,Jeddah,excel; sql,,Internship,On-site,51.5,47.68211739822402,-3.8178826017759775,3.8178826017759775,79,115
qual-ielts-intern,54,Tawuniya | Tamheer Program (Fresh Graduates),Tamheer Program,Business-oriented CIS student with IELTS 6.5 seeking internship in Jeddah.,CIS,Jeddah,excel; sql,,Internship,On-site,51.5,49.25911143153436,-2.2408885684656425,2.2408885684656425,80,93
qual-ielts-intern,24,MOZN,Data Science Intern,Business-oriented CIS student with IELTS 6.5 seeking internship in Jeddah.,CIS,Jeddah,excel; sql,,Internship,On-site,51.17,60.32675395415869,9.156753954158688,9.156753954158688,81,14
qual-ielts-intern,35,TBC (Tatweer Building Company),Cooperative Training Program,Business-oriented CIS student with IELTS 6.5 seeking internship in Jeddah.,CIS,Jeddah,excel; sql,,Internship,On-site,50.67,43.29477485688109,-7.375225143118911,7.375225143118911,82,141
qual-ielts-intern,102,Visa,COOP Trainee (Jan 2026),Business-oriented CIS student with IELTS 6.5 seeking internship in Jeddah.,CIS,Jeddah,excel; sql,,Internship,On-site,50.67,43.670737358888914,-6.999262641111088,6.999262641111088,83,139
qual-ielts-intern,45,NEOM | GrOW (Graduates Opportunities in Work),GrOW (Graduates Opportunities in Work),Business-oriented CIS student with IELTS 6.5 seeking internship in Jeddah.,CIS,Jeddah,excel; sql,,Internship,On-site,50.0,42.36976829659143,-7.630231703408569,7.630231703408569,84,150
qual-ielts-intern,154,Markaba | مركبة,Start-up Software Intern – TAMHEER (Saudi nationals only),Business-oriented CIS student with IELTS 6.5 seeking internship in Jeddah.,CIS,Jeddah,excel; sql,,Internship,On-site,49.67,52.18732299955827,2.5173229995582673,2.5173229995582673,85,70
qual-ielts-intern,166,HUMAIN,Tamheer Program (Software Engineer / Cybersecurity / MIS),Business-oriented CIS student with IELTS 6.5 seeking internship in Jeddah.,CIS,Jeddah,excel; sql,,Internship,On-site,49.67,53.28534876393482,3.6153487639348185,3.6153487639348185,86,59
qual-ielts-intern,140,Bosch Middle East,Software Development Intern (AI/Cloud),Business-oriented CIS student with IELTS 6.5 seeking internship in Jeddah.,CIS,Jeddah,excel; sql,,Internship,On-site,49.17,59.92163553947629,10.75163553947629,10.75163553947629,87,23
qual-ielts-intern,144,Mirai (Scopely) | مِراي,AI Engineering Intern (GenAI),Business-oriented CIS student with IELTS 6.5 seeking internship in Jeddah.,CIS,Jeddah,excel; sql,,Internship,On-site,49.17,60.24916127639085,11.079161276390849,11.079161276390849,88,18
qual-ielts-intern,8,KPMG Saudi Arabia,COOP & Internship Programs,Business-oriented CIS student with IELTS 6.5 seeking internship in Jeddah.,CIS,Jeddah,excel; sql,,Internship,On-site,49.0,42.7176240322597,-6.2823759677403,6.2823759677403,89,142
qual-ielts-intern,14,Saudi Exports (Saudi Export Development Authority),COOP & Summer Training (FAQ-confirmed),Business-oriented CIS student with IELTS 6.5 seeking internship in Jeddah.,CIS,Jeddah,excel; sql,,Internship,On-site,49.0,41.747903975428784,-7.252096024571216,7.252096024571216,90,160
qual-ielts-intern,28,"Zakat, Tax and Customs Authority (ZATCA)",Binaa-Alkafaat Program,Business-oriented CIS student with IELTS 6.5 seeking internship in Jeddah.,CIS,Jeddah,excel; sql,,Internship,On-site,49.0,39.67196960857847,-9.328030391421528,9.328030391421528,91,165
qual-ielts-intern,32,TBC (The Beauty Company),Cooperative Training Program,Business-oriented CIS student with IELTS 6.5 seeking internship in Jeddah.,CIS,Jeddah,excel; sql,,Internship,On-site,49.0,41.69783687323129,-7.302163126768711,7.302163126768711,92,164
qual-ielts-intern,39,Saudi Food & Drug Authority (SFDA),COOP training (First semester 2025-2026 intake),Business-oriented CIS student with IELTS 6.5 seeking internship in Jeddah.,CIS,Jeddah,excel; sql,,Internship,On-site,49.0,48.53733293902352,-0.4626670609764787,0.4626670609764787,93,102
qual-ielts-intern,43,National Cybersecurity Authority (NCA) – Academy,Cybersecurity training programs (academy),Business-oriented CIS student with IELTS 6.5 seeking internship in Jeddah.,CIS,Jeddah,excel; sql,,Internship,On-site,49.0,49.22842268944054,0.22842268944054211,0.22842268944054211,94,94
qual-ielts-intern,90,NHC,COOP Trainee,Business-oriented CIS student with IELTS 6.5 seeking internship in Jeddah.,CIS,Jeddah,excel; sql,,Internship,On-site,49.0,48.53733293902352,-0.4626670609764787,0.4626670609764787,95,106
qual-ielts-intern,6,Capital Market Authority (CMA),COOP Program,Business-oriented CIS student with IELTS 6.5 seeking internship in Jeddah.,CIS,Jeddah,excel; sql,,Internship,On-site,48.67,48.90885307392377,0.23885307392377086,0.23885307392377086,96,98
qual-ielts-intern,41,Bank Albilad,Cooperative and Summer Training Program,Business-oriented CIS student with IELTS 6.5 seeking internship in Jeddah.,CIS,Jeddah,excel; sql,,Internship,On-site,48.67,51.18968475569537,2.5196847556953657,2.5196847556953657,97,78
qual-ielts-intern,42,The Saudi National Bank (SNB),SNB Rowad Program,Business-oriented CIS student with IELTS 6.5 seeking internship in Jeddah.,CIS,Jeddah,excel; sql,,Internship,On-site,48.67,46.63973544670184,-2.03026455329816,2.03026455329816,98,122
qual-ielts-intern,50,SAB (Saudi Awwal Bank) | Cooperative Training Programme (COOP),SAB Cooperative Training Programme (COOP),Business-oriented CIS student with IELTS 6.5 seeking internship in Jeddah.,CIS,Jeddah,excel; sql,,Internship,On-site,48.67,53.05787042830429,4.387870428304289,4.387870428304289,99,64
qual-ielts-intern,64,Al Rajhi Takaful,Cooperative Training Program,Business-oriented CIS student with IELTS 6.5 seeking internship in Jeddah.,CIS,Jeddah,excel; sql,,Internship,On-site,48.67,51.5417069156495,2.871706915649497,2.871706915649497,100,75
qual-ielts-intern,69,Arab National Bank (ANB),COOP Trainee,Business-oriented CIS student with IELTS 6.5 seeking internship in Jeddah.,CIS,Jeddah,excel; sql,,Internship,On-site,48.67,49.47131338905744,0.8013133890574409,0.8013133890574409,101,91
qual-ielts-intern,70,Tamara,Builders Program,Business-oriented CIS student with IELTS 6.5 seeking internship in Jeddah.,CIS,Jeddah,excel; sql,,Internship,On-site,48.67,50.318317703098735,1.6483177030987335,1.6483177030987335,102,86
qual-ielts-intern,73,The Saudi Investment Bank (SAIB),Cooperative Program,Business-oriented CIS student with IELTS 6.5 seeking internship in Jeddah.,CIS,Jeddah,excel; sql,,Internship,On-site,48.67,51.18968475569537,2.5196847556953657,2.5196847556953657,103,79
qual-ielts-intern,74,Saudi Awwal Bank (SAB),COOP Program,Business-oriented CIS student with IELTS 6.5 seeking internship in Jeddah.,CIS,Jeddah,excel; sql,,Internship,On-site,48.67,50.497516524076985,1.8275165240769837,1.8275165240769837,104,85
qual-ielts-intern,75,Riyad Bank,Internships and Coop Trainings (CSR 2019),Business-oriented CIS student with IELTS 6.5 seeking internship in Jeddah.,CIS,Jeddah,excel; sql,,Internship,On-site,48.67,49.47131338905744,0.8013133890574409,0.8013133890574409,105,92
qual-ielts-intern,84,Al Rajhi Takaful,Coop Training Program,Business-oriented CIS student with IELTS 6.5 seeking internship in Jeddah.,CIS,Jeddah,excel; sql,,Internship,On-site,48.67,51.18968475569537,2.5196847556953657,2.5196847556953657,106,80
qual-ielts-intern,100,Saudi Awwal Bank (SAB),Student Opportunities: Cooperative / Practical Training,Business-oriented CIS student with IELTS 6.5 seeking internship in Jeddah.,CIS,Jeddah,excel; sql,,Internship,On-site,48.67,51.18968475569537,2.5196847556953657,2.5196847556953657,107,81
qual-ielts-intern,106,Bank AlJazira,Tamheer Program,Business-oriented CIS student with IELTS 6.5 seeking internship in Jeddah.,CIS,Jeddah,excel; sql,,Internship,On-site,48.67,52.14319968397372,3.473199683973718,3.473199683973718,108,71
qual-ielts-intern,9,PwC Middle East,"Deals, COOP and Summer Internship Programme (2026)",Business-oriented CIS student with IELTS 6.5 seeking internship in Jeddah.,CIS,Jeddah,excel; sql,,Internship,On-site,48.5,43.670737358888914,-4.829262641111086,4.829262641111086,109,134
qual-ielts-intern,16,McKinsey & Company (Maqdira),Maqdira Fellowship Program,Business-oriented CIS student with IELTS 6.5 seeking internship in Jeddah.,CIS,Jeddah,excel; sql,,Internship,On-site,48.5,42.040676494605705,-6.459323505394295,6.459323505394295,110,154
qual-ielts-intern,27,"Saudi Standards, Metrology and Quality Organization (SASO)",Cooperative Training (Collaborative Training),Business-oriented CIS student with IELTS 6.5 seeking internship in Jeddah.,CIS,Jeddah,excel; sql,,Internship,On-site,48.5,47.980227248530326,-0.5197727514696737,0.5197727514696737,111,111
qual-ielts-intern,91,REMAT ADVANCED,Cooperative Training Program,Business-oriented CIS student with IELTS 6.5 seeking internship in Jeddah.,CIS,Jeddah,excel; sql,,Internship,On-site,48.5,47.68211739822402,-0.8178826017759775,0.8178826017759775,112,116
qual-ielts-intern,96,flynas,COOP Trainee / Internship Program,Business-oriented CIS student with IELTS 6.5 seeking internship in Jeddah.,CIS,Jeddah,excel; sql,,Internship,On-site,48.5,42.7176240322597,-5.7823759677403,5.7823759677403,113,147
qual-ielts-intern,104,Zain KSA,Zain Pioneers Program,Business-oriented CIS student with IELTS 6.5 seeking internship in Jeddah.,CIS,Jeddah,excel; sql,,Internship,On-site,48.5,46.64301176443093,-1.8569882355690694,1.8569882355690694,114,121
qual-ielts-intern,109,Elm Company (شركة علم),Coop Training - Computer Science (Jan/Mar/Jun/Aug 2025 Intake),Business-oriented CIS student with IELTS 6.5 seeking internship in Jeddah.,CIS,Jeddah,excel; sql,,Internship,On-site,48.5,43.670737358888914,-4.829262641111086,4.829262641111086,115,140
qual-ielts-intern,110,Elm Company (شركة علم),Co-Op Training - Information Technology (Jun & Aug 2025 Intake),Business-oriented CIS student with IELTS 6.5 seeking internship in Jeddah.,CIS,Jeddah,excel; sql,,Internship,On-site,48.5,44.99291652817521,-3.5070834718247923,3.5070834718247923,116,127
qual-ielts-intern,115,Salla,برنامج التدريب التعاوني (Coop Training) – Salla,Business-oriented CIS student with IELTS 6.5 seeking internship in Jeddah.,CIS,Jeddah,excel; sql,,Internship,On-site,48.5,42.7176240322597,-5.7823759677403,5.7823759677403,117,148
qual-ielts-intern,129,WalaPlus,Coop & Tamheer Opportunities,Business-oriented CIS student with IELTS 6.5 seeking internship in Jeddah.,CIS,Jeddah,excel; sql,,Internship,On-site,48.5,47.68211739822402,-0.8178826017759775,0.8178826017759775,118,117
qual-ielts-intern,130,Aon,IT Co-op Trainee 2026,Business-oriented CIS student with IELTS 6.5 seeking internship in Jeddah.,CIS,Jeddah,excel; sql,,Internship,On-site,48.5,47.73396772599251,-0.7660322740074932,0.7660322740074932,119,112
qual-ielts-intern,131,Hewlett Packard Enterprise (HPE),College Intern (Coop),Business-oriented CIS student with IELTS 6.5 seeking internship in Jeddah.,CIS,Jeddah,excel; sql,,Internship,On-site,48.5,47.73396772599251,-0.7660322740074932,0.7660322740074932,120,113
qual-ielts-intern,132,Signify,KSA Coop Internship Program,Business-oriented CIS student with IELTS 6.5 seeking internship in Jeddah.,CIS,Jeddah,excel; sql,,Internship,On-site,48.5,47.68211739822402,-0.8178826017759775,0.8178826017759775,121,118
qual-ielts-intern,146,NCGR | المركز الوطني لنظم الموارد الحكومية,Coop Training Program,Business-oriented CIS student with IELTS 6.5 seeking internship in Jeddah.,CIS,Jeddah,excel; sql,,Internship,On-site,48.5,51.18968475569537,2.6896847556953674,2.6896847556953674,122,82
qual-ielts-intern,149,New Murabba | المربع الجديد,New Murabba Co-op Training Program,Business-oriented CIS student with IELTS 6.5 seeking internship in Jeddah.,CIS,Jeddah,excel; sql,,Internship,On-site,48.5,44.99291652817521,-3.5070834718247923,3.5070834718247923,123,128
qual-ielts-intern,151,Motorola Solutions,Deployment Engineer Intern (KSA National - Tamheer Program),Business-oriented CIS student with IELTS 6.5 seeking internship in Jeddah.,CIS,Jeddah,excel; sql,,Internship,On-site,48.5,48.48418827570488,-0.015811724295119234,0.015811724295119234,124,109
qual-ielts-intern,152,Schneider Electric,Co-op Intern (Engineering) - Al Khobar (Jan–Aug 2026),Business-oriented CIS student with IELTS 6.5 seeking internship in Jeddah.,CIS,Jeddah,excel; sql,,Internship,On-site,48.5,47.73396772599251,-0.7660322740074932,0.7660322740074932,125,114
qual-ielts-intern,153,Lockheed Martin,Tamheer Space Internship (Riyadh),Business-oriented CIS student with IELTS 6.5 seeking internship in Jeddah.,CIS,Jeddah,excel; sql,,Internship,On-site,48.5,43.919584059286194,-4.580415940713806,4.580415940713806,126,133
qual-ielts-intern,2,SABIC,COOP Training Program,Business-oriented CIS student with IELTS 6.5 seeking internship in Jeddah.,CIS,Jeddah,excel; sql,,Internship,On-site,47.0,41.83969917072572,-5.160300829274277,5.160300829274277,127,157
qual-ielts-intern,21,Google (Saudi Arabia),Google Careers (Saudi location filter),Business-oriented CIS student with IELTS 6.5 seeking internship in Jeddah.,CIS,Jeddah,excel; sql,,Internship,On-site,47.0,50.02116195049411,3.021161950494111,3.021161950494111,128,88
qual-ielts-intern,59,Misk Foundation,Misk Traineeship / Internship Program,Business-oriented CIS student with IELTS 6.5 seeking internship in Jeddah.,CIS,Jeddah,excel; sql,,Internship,On-site,47.0,44.21736418139394,-2.7826358186060602,2.7826358186060602,129,132
qual-ielts-intern,137,1957 Ventures,Internship / Co-Op Program,Business-oriented CIS student with IELTS 6.5 seeking internship in Jeddah.,CIS,Jeddah,excel; sql,,Internship,On-site,45.83,52.330852597546006,6.500852597546007,6.500852597546007,130,69
qual-ielts-intern,52,Ministry of Industry and Mineral Resources | Cooperative Training,Cooperative Training Initiative,Business-oriented CIS student with IELTS 6.5 seeking internship in Jeddah.,CIS,Jeddah,excel; sql,,Internship,On-site,45.5,31.424067470247003,-14.075932529752997,14.075932529752997,131,169
qual-ielts-intern,56,HRDF | Cooperative Training Product,Cooperative Training Product,Business-oriented CIS student with IELTS 6.5 seeking internship in Jeddah.,CIS,Jeddah,excel; sql,,Internship,On-site,45.5,31.424067470247003,-14.075932529752997,14.075932529752997,132,170
qual-ielts-intern,126,Trendyol Group,Trendyol Tech Talent - Bootcamp & COOP Internship Program (Saudi Students Only),Business-oriented CIS student with IELTS 6.5 seeking internship in Jeddah.,CIS,Jeddah,excel; sql,,Internship,On-site,45.0,50.230462462887466,5.230462462887466,5.230462462887466,133,87
qual-ielts-intern,1,Saudi Aramco,University Internship Program (UIP),Business-oriented CIS student with IELTS 6.5 seeking internship in Jeddah.,CIS,Jeddah,excel; sql,,Internship,On-site,44.0,44.99291652817521,0.9929165281752077,0.9929165281752077,134,124
qual-ielts-intern,3,stc (Saudi Telecom Company),Cooperative Training Program (COOP),Business-oriented CIS student with IELTS 6.5 seeking internship in Jeddah.,CIS,Jeddah,excel; sql,,Internship,On-site,44.0,52.330852597546006,8.330852597546006,8.330852597546006,135,66
qual-ielts-intern,7,Digital Government Authority (DGA),Maidan Cooperative Training Program,Business-oriented CIS student with IELTS 6.5 seeking internship in Jeddah.,CIS,Jeddah,excel; sql,,Internship,On-site,44.0,42.040676494605705,-1.9593235053942948,1.9593235053942948,136,153
qual-ielts-intern,13,Bupa Arabia,Cooperative Training Program,Business-oriented CIS student with IELTS 6.5 seeking internship in Jeddah.,CIS,Jeddah,excel; sql,,Internship,On-site,44.0,41.747903975428784,-2.252096024571216,2.252096024571216,137,159
qual-ielts-intern,15,Local Content and Government Procurement Authority (LCGPA),COOP Training (role posting),Business-oriented CIS student with IELTS 6.5 seeking internship in Jeddah.,CIS,Jeddah,excel; sql,,Internship,On-site,44.0,41.83969917072572,-2.160300829274277,2.160300829274277,138,158
qual-ielts-intern,17,Boston Consulting Group (BCG),Visiting Associate Internship (Riyadh),Business-oriented CIS student with IELTS 6.5 seeking internship in Jeddah.,CIS,Jeddah,excel; sql,,Internship,On-site,44.0,52.330852597546006,8.330852597546006,8.330852597546006,139,67
qual-ielts-intern,18,Bain & Company,COOP Training Program (Riyadh),Business-oriented CIS student with IELTS 6.5 seeking internship in Jeddah.,CIS,Jeddah,excel; sql,,Internship,On-site,44.0,42.040676494605705,-1.9593235053942948,1.9593235053942948,140,155
qual-ielts-intern,25,Elm,Elm Co-op Training Program (March 2026 Intake),Business-oriented CIS student with IELTS 6.5 seeking internship in Jeddah.,CIS,Jeddah,excel; sql,,Internship,On-site,44.0,41.69783687323129,-2.3021631267687113,2.3021631267687113,141,163
qual-ielts-intern,30,EXPRO,COOP Training (Future Makers Program),Business-oriented CIS student with IELTS 6.5 seeking internship in Jeddah.,CIS,Jeddah,excel; sql,,Internship,On-site,44.0,42.040676494605705,-1.9593235053942948,1.9593235053942948,142,156
qual-ielts-intern,33,National Center for Vegetation Cover Development & Combating Desertification (NCVC),COOP Training Program,Business-oriented CIS student with IELTS 6.5 seeking internship in Jeddah.,CIS,Jeddah,excel; sql,,Internship,On-site,44.0,43.670737358888914,-0.32926264111108594,0.32926264111108594,143,135
qual-ielts-intern,34,Saudi Power Procurement Company (SPPC),Future Power – COOP Training Program,Business-oriented CIS student with IELTS 6.5 seeking internship in Jeddah.,CIS,Jeddah,excel; sql,,Internship,On-site,44.0,42.7176240322597,-1.2823759677403004,1.2823759677403004,144,143
qual-ielts-intern,40,Saudi Power Procurement Company (SPPC) – Future Power (Business Admin COOP),Future Power – Business Administration COOP Training Program,Business-oriented CIS student with IELTS 6.5 seeking internship in Jeddah.,CIS,Jeddah,excel; sql,,Internship,On-site,44.0,44.99291652817521,0.9929165281752077,0.9929165281752077,145,126
qual-ielts-intern,46,ROSHN | COOP Trainee Program,COOP Trainee Program,Business-oriented CIS student with IELTS 6.5 seeking internship in Jeddah.,CIS,Jeddah,excel; sql,,Internship,On-site,44.0,43.670737358888914,-0.32926264111108594,0.32926264111108594,146,136
qual-ielts-intern,65,Expenditure & Projects Efficiency Authority (EXPRO),Future Makers (صنّاع المستقبل) – Cooperative Training,Business-oriented CIS student with IELTS 6.5 seeking internship in Jeddah.,CIS,Jeddah,excel; sql,,Internship,On-site,44.0,43.670737358888914,-0.32926264111108594,0.32926264111108594,147,137
qual-ielts-intern,66,Ministry of Finance (Saudi Arabia),Cooperative Training Program (Ministry of Finance),Business-oriented CIS student with IELTS 6.5 seeking internship in Jeddah.,CIS,Jeddah,excel; sql,,Internship,On-site,44.0,43.670737358888914,-0.32926264111108594,0.32926264111108594,148,138
qual-ielts-intern,67,General Entertainment Authority (GEA),GEA Cooperative Training Program,Business-oriented CIS student with IELTS 6.5 seeking internship in Jeddah.,CIS,Jeddah,excel; sql,,Internship,On-site,44.0,42.26267149684099,-1.7373285031590129,1.7373285031590129,149,151
qual-ielts-intern,68,Banque Saudi Fransi (BSF),COOP Training,Business-oriented CIS student with IELTS 6.5 seeking internship in Jeddah.,CIS,Jeddah,excel; sql,,Internship,On-site,44.0,49.16323118502168,5.163231185021679,5.163231185021679,150,96
qual-ielts-intern,83,CEER,Cooperative Training Program (COOP),Business-oriented CIS student with IELTS 6.5 seeking internship in Jeddah.,CIS,Jeddah,excel; sql,,Internship,On-site,44.0,42.7176240322597,-1.2823759677403004,1.2823759677403004,151,145
qual-ielts-intern,87,Banque Saudi Fransi (BSF),Coop Training Program,Business-oriented CIS student with IELTS 6.5 seeking internship in Jeddah.,CIS,Jeddah,excel; sql,,Internship,On-site,44.0,48.53733293902352,4.537332939023521,4.537332939023521,152,103
qual-ielts-intern,88,Tech Economy,COOP Training Program,Business-oriented CIS student with IELTS 6.5 seeking internship in Jeddah.,CIS,Jeddah,excel; sql,,Internship,On-site,44.0,48.53733293902352,4.537332939023521,4.537332939023521,153,104
qual-ielts-intern,89,SAMI Advanced Electronics (SAMI-AEC),Coop Trainee,Business-oriented CIS student with IELTS 6.5 seeking internship in Jeddah.,CIS,Jeddah,excel; sql,,Internship,On-site,44.0,48.53733293902352,4.537332939023521,4.537332939023521,154,105
qual-ielts-intern,95,ARDARA,COOP Training for Students,Business-oriented CIS student with IELTS 6.5 seeking internship in Jeddah.,CIS,Jeddah,excel; sql,,Internship,On-site,44.0,42.7176240322597,-1.2823759677403004,1.2823759677403004,155,146
qual-ielts-intern,99,Mobily,Cooperative Training Program,Business-oriented CIS student with IELTS 6.5 seeking internship in Jeddah.,CIS,Jeddah,excel; sql,,Internship,On-site,44.0,48.83544278932982,4.835442789329818,4.835442789329818,156,99
qual-ielts-intern,101,Alvarez & Marsal,COOP Training Program,Business-oriented CIS student with IELTS 6.5 seeking internship in Jeddah.,CIS,Jeddah,excel; sql,,Internship,On-site,44.0,48.53733293902352,4.537332939023521,4.537332939023521,157,107
qual-ielts-intern,103,Zain KSA,Evolve Program (Fresh Graduates),Business-oriented CIS student with IELTS 6.5 seeking internship in Jeddah.,CIS,Jeddah,excel; sql,,Internship,On-site,44.0,44.47398537053065,0.4739853705306487,0.4739853705306487,158,131
qual-ielts-intern,105,Savvy Games Group,Cooperative Training Program (Co-op),Business-oriented CIS student with IELTS 6.5 seeking internship in Jeddah.,CIS,Jeddah,excel; sql,,Internship,On-site,44.0,48.53733293902352,4.537332939023521,4.537332939023521,159,108
qual-ielts-intern,111,EJADA,COOP Administration & Support Engineer,Business-oriented CIS student with IELTS 6.5 seeking internship in Jeddah.,CIS,Jeddah,excel; sql,,Internship,On-site,44.0,48.256756428782055,4.2567564287820545,4.2567564287820545,160,110
qual-ielts-intern,117,Diriyah Company,Diriyah Co-op Training Program,Business-oriented CIS student with IELTS 6.5 seeking internship in Jeddah.,CIS,Jeddah,excel; sql,,Internship,On-site,44.0,41.747903975428784,-2.252096024571216,2.252096024571216,161,161
qual-ielts-intern,118,Riyadh Air,Co-op – Riyadh Air,Business-oriented CIS student with IELTS 6.5 seeking internship in Jeddah.,CIS,Jeddah,excel; sql,,Internship,On-site,44.0,42.04380014877731,-1.9561998512226921,1.9561998512226921,162,152
qual-ielts-intern,120,Lumi | لومي,COOP Intern 2025 – Lumi,Business-oriented CIS student with IELTS 6.5 seeking internship in Jeddah.,CIS,Jeddah,excel; sql,,Internship,On-site,44.0,41.747903975428784,-2.252096024571216,2.252096024571216,163,162
qual-ielts-intern,121,webook.com,COOP Trainee Opportunities – webook.com,Business-oriented CIS student with IELTS 6.5 seeking internship in Jeddah.,CIS,Jeddah,excel; sql,,Internship,On-site,44.0,42.7176240322597,-1.2823759677403004,1.2823759677403004,164,149
qual-ielts-intern,51,Ministry of Finance (Saudi Arabia) | Cooperative Training Program,Cooperative Training Program,Business-oriented CIS student with IELTS 6.5 seeking internship in Jeddah.,CIS,Jeddah,excel; sql,,Internship,On-site,40.5,35.860244950755934,-4.639755049244066,4.639755049244066,165,168
qual-ielts-intern,55,SAMA | SAMA Professional Program (SPP),SAMA Professional Program (SPP),Business-oriented CIS student with IELTS 6.5 seeking internship in Jeddah.,CIS,Jeddah,excel; sql,,Internship,On-site,40.5,38.15870003637711,-2.3412999636228875,2.3412999636228875,166,167
qual-ielts-intern,165,Innovative Solutions SA,Presales - Tamheer,Business-oriented CIS student with IELTS 6.5 seeking internship in Jeddah.,CIS,Jeddah,excel; sql,,Internship,On-site,40.5,46.31554171247552,5.815541712475522,5.815541712475522,167,123
qual-ielts-intern,167,TAM | تام,"Tamheer Opportunity, Advisory",Business-oriented CIS student with IELTS 6.5 seeking internship in Jeddah.,CIS,Jeddah,excel; sql,,Internship,On-site,40.5,21.456310202378965,-19.043689797621035,19.043689797621035,168,171
qual-ielts-intern,168,هيئة التأمين | Insurance Authority,Tamheer Opportunity - Specialist of Information Security,Business-oriented CIS student with IELTS 6.5 seeking internship in Jeddah.,CIS,Jeddah,excel; sql,,Internship,On-site,40.5,44.91689222141994,4.416892221419943,4.416892221419943,169,130
qual-ielts-intern,138,Nokia,Graduate Trainee (Saudi Arabia) – Fledgers Program,Business-oriented CIS student with IELTS 6.5 seeking internship in Jeddah.,CIS,Jeddah,excel; sql,,Internship,On-site,39.17,54.1047082701771,14.934708270177097,14.934708270177097,170,51
qual-ielts-intern,147,nybl,nybl Graduate Programme – Saudi Nationals (AI Bootcamp),Business-oriented CIS student with IELTS 6.5 seeking internship in Jeddah.,CIS,Jeddah,excel; sql,,Internship,On-site,34.67,47.613528752240754,12.943528752240752,12.943528752240752,171,119
qual-ielts-intern,29,Human Resources Development Fund (HRDF) – Cooperative Training Product,Cooperative Training (HRDF product),Business-oriented CIS student with IELTS 6.5 seeking internship in Jeddah.,CIS,Jeddah,excel; sql,,Internship,On-site,10.5,14.129891676657744,3.629891676657744,3.629891676657744,172,173
qual-ielts-intern,31,Ministry of Industry and Mineral Resources (MIM) – Cooperative Training Initiative,Cooperative Training Initiative,Business-oriented CIS student with IELTS 6.5 seeking internship in Jeddah.,CIS,Jeddah,excel; sql,,Internship,On-site,10.5,16.086055386706146,5.586055386706146,5.586055386706146,173,172
remote-only-de,156,Meel | ميل,"Software Developer Internship (Remote, min 2 months)",Data engineering student seeking fully remote training anywhere in Saudi Arabia.,DE,Remote,python; sql,,Training,Remote,63.5,61.35495455515138,-2.14504544484862,2.14504544484862,1,5
remote-only-de,161,AFNOYS,"AI Automation Intern - KSA (Remote, 4 weeks)",Data engineering student seeking fully remote training anywhere in Saudi Arabia.,DE,Remote,python; sql,,Training,Remote,63.5,58.35353495214817,-5.146465047851827,5.146465047851827,2,11
remote-only-de,77,Tabby,Intern Backend (GO) Engineer,Data engineering student seeking fully remote training anywhere in Saudi Arabia.,DE,Remote,python; sql,,Training,Remote,61.5,61.35495455515138,-0.1450454448486198,0.1450454448486198,3,4
remote-only-de,4,Saudi National Bank (SNB),SNB Cooperative Training Program,Data engineering student seeking fully remote training anywhere in Saudi Arabia.,DE,Remote,python; sql,,Training,Remote,58.5,49.10922996573714,-9.390770034262857,9.390770034262857,4,48
remote-only-de,5,Al Rajhi Bank,Cooperative Training Program,Data engineering student seeking fully remote training anywhere in Saudi Arabia.,DE,Remote,python; sql,,Training,Remote,58.5,45.97644080005252,-12.523559199947478,12.523559199947478,5,74
remote-only-de,11,Bank Albilad,Cooperative & Summer Training Program,Data engineering student seeking fully remote training anywhere in Saudi Arabia.,DE,Remote,python; sql,,Training,Remote,58.5,47.29850266681406,-11.20149733318594,11.20149733318594,6,60
remote-only-de,76,Tabby,Intern DevOps Engineer,Data engineering student seeking fully remote training anywhere in Saudi Arabia.,DE,Remote,python; sql,,Training,Remote,58.5,57.02097886941556,-1.4790211305844423,1.4790211305844423,7,15
remote-only-de,81,Bank Albilad,Cooperative Training Program,Data engineering student seeking fully remote training anywhere in Saudi Arabia.,DE,Remote,python; sql,,Training,Remote,58.5,47.158970515442846,-11.341029484557154,11.341029484557154,8,64
remote-only-de,113,AILA,Co-op Training Programme,Data engineering student seeking fully remote training anywhere in Saudi Arabia.,DE,Remote,python; sql,,Training,Remote,58.5,56.53183828795868,-1.9681617120413222,1.9681617120413222,9,16
remote-only-de,24,MOZN,Data Science Intern,Data engineering student seeking fully remote training anywhere in Saudi Arabia.,DE,Remote,python; sql,,Training,Remote,54.5,54.259961661078506,-0.24003833892149373,0.24003833892149373,10,27
remote-only-de,79,Tabby,Intern Data Engineer,Data engineering student seeking fully remote training anywhere in Saudi Arabia.,DE,Remote,python; sql,,Training,Remote,54.5,66.39950188979559,11.899501889795587,11.899501889795587,11,1
remote-only-de,143,Lean Technologies,Software Engineering Intern – KSA,Data engineering student seeking fully remote training anywhere in Saudi Arabia.,DE,Remote,python; sql,,Training,Remote,54.5,55.15222101839191,0.6522210183919128,0.6522210183919128,12,22
remote-only-de,145,HungerStation | هنقرستيشن,"Co-OP Trainee, Data Analysis – Info Sec",Data engineering student seeking fully remote training anywhere in Saudi Arabia.,DE,Remote,python; sql,,Training,Remote,54.5,59.2056242502735,4.705624250273502,4.705624250273502,13,8
remote-only-de,123,EjadTech - إيجاد التقنية,"Summer Internship Program 2025 (Computer, Data, and AI Majors)",Data engineering student seeking fully remote training anywhere in Saudi Arabia.,DE,Remote,python; sql,,Training,Remote,53.0,59.03397118438196,6.0339711843819615,6.0339711843819615,14,10
remote-only-de,124,InnovationTeam,Java Microservices Internship Programme (Saudi Nationals),Data engineering student seeking fully remote training anywhere in Saudi Arabia.,DE,Remote,python; sql,,Training,Remote,53.0,61.45775849113378,8.45775849113378,8.45775849113378,15,3
remote-only-de,162,SAS,CareerStart@SAS 2026 - Presales Customer Intelligence Intern (Riyadh),Data engineering student seeking fully remote training anywhere in Saudi Arabia.,DE,Remote,python; sql,,Training,Remote,52.0,51.99942383175815,-0.0005761682418494729,0.0005761682418494729,16,30
remote-only-de,164,ضالتي Dhallaty,Tech Intern: Fresh Grad or Student,Data engineering student seeking fully remote training anywhere in Saudi Arabia.,DE,Remote,python; sql,,Training,Remote,52.0,51.99942383175815,-0.0005761682418494729,0.0005761682418494729,17,31
remote-only-de,169,Snbla | سنبله,Paid Internship Program (FinTech),Data engineering student seeking fully remote training anywhere in Saudi Arabia.,DE,Remote,python; sql,,Training,Remote,52.0,51.90355594440375,-0.09644405559625113,0.09644405559625113,18,36
remote-only-de,92,SDM,AI COOP,Data engineering student seeking fully remote training anywhere in Saudi Arabia.,DE,Remote,python; sql,,Training,Remote,51.5,49.35623361911983,-2.143766380880173,2.143766380880173,19,45
remote-only-de,122,moneymoon,Tech & AI Co-op Program 2025,Data engineering student seeking fully remote training anywhere in Saudi Arabia.,DE,Remote,python; sql,,Training,Remote,51.5,55.97314449093676,4.473144490936761,4.473144490936761,20,19
remote-only-de,128,SCAI | سكاي,CO-OP Training Opportunities (Intern),Data engineering student seeking fully remote training anywhere in Saudi Arabia.,DE,Remote,python; sql,,Training,Remote,51.5,59.09508173502293,7.59508173502293,7.59508173502293,21,9
remote-only-de,140,Bosch Middle East,Software Development Intern (AI/Cloud),Data engineering student seeking fully remote training anywhere in Saudi Arabia.,DE,Remote,python; sql,,Training,Remote,51.5,62.13928348821069,10.639283488210687,10.639283488210687,22,2
remote-only-de,144,Mirai (Scopely) | مِراي,AI Engineering Intern (GenAI),Data engineering student seeking fully remote training anywhere in Saudi Arabia.,DE,Remote,python; sql,,Training,Remote,51.5,54.8099354244326,3.3099354244326022,3.3099354244326022,23,26
remote-only-de,155,Laverne Group | مجموعة لافيرن,Data Analyst / Data Engineer Intern (IT Department),Data engineering student seeking fully remote training anywhere in Saudi Arabia.,DE,Remote,python; sql,,Training,Remote,51.5,61.14241571637156,9.64241571637156,9.64241571637156,24,6
remote-only-de,159,Knodemy Inc.,AI Developer & Tech Trainer Intern - Riyadh,Data engineering student seeking fully remote training anywhere in Saudi Arabia.,DE,Remote,python; sql,,Training,Remote,51.5,54.92335966310091,3.4233596631009107,3.4233596631009107,25,25
remote-only-de,57,IBM,"Automation, Data & AI – Intern",Data engineering student seeking fully remote training anywhere in Saudi Arabia.,DE,Remote,python; sql,,Training,Remote,50.0,53.444090980721526,3.4440909807215263,3.4440909807215263,26,28
remote-only-de,154,Markaba | مركبة,Start-up Software Intern – TAMHEER (Saudi nationals only),Data engineering student seeking fully remote training anywhere in Saudi Arabia.,DE,Remote,python; sql,,Training,Remote,50.0,47.54145324860316,-2.458546751396838,2.458546751396838,27,59
remote-only-de,163,Devoteam,Trainee - Future Leaders Program (Co-op/Fresh Graduate),Data engineering student seeking fully remote training anywhere in Saudi Arabia.,DE,Remote,python; sql,,Training,Remote,50.0,48.98473908029306,-1.0152609197069395,1.0152609197069395,28,56
remote-only-de,166,HUMAIN,Tamheer Program (Software Engineer / Cybersecurity / MIS),Data engineering student seeking fully remote training anywhere in Saudi Arabia.,DE,Remote,python; sql,,Training,Remote,50.0,51.18651623228583,1.1865162322858325,1.1865162322858325,29,37
remote-only-de,170,2P Perfect Presentation,Data Analyst (Tamheer),Data engineering student seeking fully remote training anywhere in Saudi Arabia.,DE,Remote,python; sql,,Training,Remote,50.0,43.89306839703785,-6.106931602962149,6.106931602962149,30,92
remote-only-de,173,Abunayyan Holding,Data Analyst (Tamheer),Data engineering student seeking fully remote training anywhere in Saudi Arabia.,DE,Remote,python; sql,,Training,Remote,50.0,42.57975766248397,-7.420242337516029,7.420242337516029,31,103
remote-only-de,6,Capital Market Authority (CMA),COOP Program,Data engineering student seeking fully remote training anywhere in Saudi Arabia.,DE,Remote,python; sql,,Training,Remote,48.5,45.97644080005252,-2.523559199947478,2.523559199947478,32,75
remote-only-de,12,Tamara,Tamara Builders Program,Data engineering student seeking fully remote training anywhere in Saudi Arabia.,DE,Remote,python; sql,,Training,Remote,48.5,49.10922996573714,0.6092299657371427,0.6092299657371427,33,49
remote-only-de,37,KAPSARC,Intern (Coop- Trainee),Data engineering student seeking fully remote training anywhere in Saudi Arabia.,DE,Remote,python; sql,,Training,Remote,48.5,52.01205167434109,3.5120516743410874,3.5120516743410874,34,29
remote-only-de,41,Bank Albilad,Cooperative and Summer Training Program,Data engineering student seeking fully remote training anywhere in Saudi Arabia.,DE,Remote,python; sql,,Training,Remote,48.5,47.158970515442846,-1.3410294845571542,1.3410294845571542,35,61
remote-only-de,47,Microsoft | Ru'aa Program (Riyadh),Ru'aa Program Internship (Solution Engineering),Data engineering student seeking fully remote training anywhere in Saudi Arabia.,DE,Remote,python; sql,,Training,Remote,48.5,51.91582303123285,3.415823031232847,3.415823031232847,36,35
remote-only-de,50,SAB (Saudi Awwal Bank) | Cooperative Training Programme (COOP),SAB Cooperative Training Programme (COOP),Data engineering student seeking fully remote training anywhere in Saudi Arabia.,DE,Remote,python; sql,,Training,Remote,48.5,49.10922996573714,0.6092299657371427,0.6092299657371427,37,51
remote-only-de,61,KAUST,Visiting Student Research Program (VSRP) Internship,Data engineering student seeking fully remote training anywhere in Saudi Arabia.,DE,Remote,python; sql,,Training,Remote,48.5,50.74786777980206,2.247867779802057,2.247867779802057,38,40
remote-only-de,64,Al Rajhi Takaful,Cooperative Training Program,Data engineering student seeking fully remote training anywhere in Saudi Arabia.,DE,Remote,python; sql,,Training,Remote,48.5,47.158970515442846,-1.3410294845571542,1.3410294845571542,39,62
remote-only-de,69,Arab National Bank (ANB),COOP Trainee,Data engineering student seeking fully remote training anywhere in Saudi Arabia.,DE,Remote,python; sql,,Training,Remote,48.5,42.46922004308193,-6.030779956918067,6.030779956918067,40,104
remote-only-de,70,Tamara,Builders Program,Data engineering student seeking fully remote training anywhere in Saudi Arabia.,DE,Remote,python; sql,,Training,Remote,48.5,44.00952402709191,-4.4904759729080865,4.4904759729080865,41,91
remote-only-de,71,OmniOps,Co‑op Training Program,Data engineering student seeking fully remote training anywhere in Saudi Arabia.,DE,Remote,python; sql,,Training,Remote,48.5,56.11639880384484,7.616398803844838,7.616398803844838,42,17
remote-only-de,72,Tatweer Educational Technologies (TETCO),Cooperative Training Program,Data engineering student seeking fully remote training anywhere in Saudi Arabia.,DE,Remote,python; sql,,Training,Remote,48.5,55.852511694072646,7.352511694072646,7.352511694072646,43,20
remote-only-de,73,The Saudi Investment Bank (SAIB),Cooperative Program,Data engineering student seeking fully remote training anywhere in Saudi Arabia.,DE,Remote,python; sql,,Training,Remote,48.5,47.158970515442846,-1.3410294845571542,1.3410294845571542,44,63
remote-only-de,74,Saudi Awwal Bank (SAB),COOP Program,Data engineering student seeking fully remote training anywhere in Saudi Arabia.,DE,Remote,python; sql,,Training,Remote,48.5,46.95525814367467,-1.5447418563253308,1.5447418563253308,45,68
remote-only-de,75,Riyad Bank,Internships and Coop Trainings (CSR 2019),Data engineering student seeking fully remote training anywhere in Saudi Arabia.,DE,Remote,python; sql,,Training,Remote,48.5,42.46922004308193,-6.030779956918067,6.030779956918067,46,105
remote-only-de,78,Tabby,Intern Frontend Engineer,Data engineering student seeking fully remote training anywhere in Saudi Arabia.,DE,Remote,python; sql,,Training,Remote,48.5,55.09144394564814,6.5914439456481375,6.5914439456481375,47,23
remote-only-de,80,Tabby,No-Code / AI Agents Engineering Intern,Data engineering student seeking fully remote training anywhere in Saudi Arabia.,DE,Remote,python; sql,,Training,Remote,48.5,51.91615292776327,3.416152927763271,3.416152927763271,48,33
remote-only-de,84,Al Rajhi Takaful,Coop Training Program,Data engineering student seeking fully remote training anywhere in Saudi Arabia.,DE,Remote,python; sql,,Training,Remote,48.5,47.158970515442846,-1.3410294845571542,1.3410294845571542,49,65
remote-only-de,85,TAWAL,COOP Training Program,Data engineering student seeking fully remote training anywhere in Saudi Arabia.,DE,Remote,python; sql,,Training,Remote,48.5,55.852511694072646,7.352511694072646,7.352511694072646,50,21
remote-only-de,86,Wakeb_Data,COOP Training,Data engineering student seeking fully remote training anywhere in Saudi Arabia.,DE,Remote,python; sql,,Training,Remote,48.5,49.10922996573714,0.6092299657371427,0.6092299657371427,51,52
remote-only-de,93,HUED,HUED COOP Program 2026,Data engineering student seeking fully remote training anywhere in Saudi Arabia.,DE,Remote,python; sql,,Training,Remote,48.5,51.98587159874565,3.4858715987456534,3.4858715987456534,52,32
remote-only-de,94,Araamis • أرامس,Araamis COOP Program 2026,Data engineering student seeking fully remote training anywhere in Saudi Arabia.,DE,Remote,python; sql,,Training,Remote,48.5,49.10922996573714,0.6092299657371427,0.6092299657371427,53,53
remote-only-de,97,Saudi Motorsport Company (SMC),COOP Trainee (IT Asset Project Management),Data engineering student seeking fully remote training anywhere in Saudi Arabia.,DE,Remote,python; sql,,Training,Remote,48.5,49.10922996573714,0.6092299657371427,0.6092299657371427,54,54
remote-only-de,100,Saudi Awwal Bank (SAB),Student Opportunities: Cooperative / Practical Training,Data engineering student seeking fully remote training anywhere in Saudi Arabia.,DE,Remote,python; sql,,Training,Remote,48.5,47.158970515442846,-1.3410294845571542,1.3410294845571542,55,66
remote-only-de,107,sirar by stc,Cooperative Training Program,Data engineering student seeking fully remote training anywhere in Saudi Arabia.,DE,Remote,python; sql,,Training,Remote,48.5,57.0886769055038,8.588676905503803,8.588676905503803,56,13
remote-only-de,108,Gathern,Co-op Program,Data engineering student seeking fully remote training anywhere in Saudi Arabia.,DE,Remote,python; sql,,Training,Remote,48.5,56.07101412123384,7.571014121233837,7.571014121233837,57,18
remote-only-de,116,Lucidya,Technical Internship or Coop – Lucidya,Data engineering student seeking fully remote training anywhere in Saudi Arabia.,DE,Remote,python; sql,,Training,Remote,48.5,57.61918732186093,9.119187321860927,9.119187321860927,58,12
remote-only-de,135,Golf Saudi,IT Co-op Trainee,Data engineering student seeking fully remote training anywhere in Saudi Arabia.,DE,Remote,python; sql,,Training,Remote,48.5,50.58128990775172,2.0812899077517173,2.0812899077517173,59,42
remote-only-de,137,1957 Ventures,Internship / Co-Op Program,Data engineering student seeking fully remote training anywhere in Saudi Arabia.,DE,Remote,python; sql,,Training,Remote,48.5,49.10922996573714,0.6092299657371427,0.6092299657371427,60,55
remote-only-de,139,Ericsson,Summer Interns (Ericsson Saudi),Data engineering student seeking fully remote training anywhere in Saudi Arabia.,DE,Remote,python; sql,,Training,Remote,48.5,54.92335966310091,6.423359663100911,6.423359663100911,61,24
remote-only-de,141,Saudi Payments | المدفوعات السعودية,COOP Training – August 2024,Data engineering student seeking fully remote training anywhere in Saudi Arabia.,DE,Remote,python; sql,,Training,Remote,48.5,50.93950796173223,2.4395079617322324,2.4395079617322324,62,39
remote-only-de,142,Saudi Tadawul Group | تداول,Cooperative Training Program (COOP),Data engineering student seeking fully remote training anywhere in Saudi Arabia.,DE,Remote,python; sql,,Training,Remote,48.5,57.0886769055038,8.588676905503803,8.588676905503803,63,14
remote-only-de,150,Boeing Saudi Arabia Limited,Intern - Info Technology & Data Analytics (Riyadh),Data engineering student seeking fully remote training anywhere in Saudi Arabia.,DE,Remote,python; sql,,Training,Remote,48.5,60.17478288936592,11.674782889365922,11.674782889365922,64,7
remote-only-de,158,SMART Technology Solutions | سمارت لحلول التقنية,R&D Intern (Riyadh),Data engineering student seeking fully remote training anywhere in Saudi Arabia.,DE,Remote,python; sql,,Training,Remote,48.5,51.91615292776327,3.416152927763271,3.416152927763271,65,34
remote-only-de,160,Water Transmission Company | شركة نقل المياه,Tamheer Internship Program (HRIS / Engineering & PM - Riyadh),Data engineering student seeking fully remote training anywhere in Saudi Arabia.,DE,Remote,python; sql,,Training,Remote,48.5,48.56232841991724,0.06232841991724314,0.06232841991724314,66,57
remote-only-de,138,Nokia,Graduate Trainee (Saudi Arabia) – Fledgers Program,Data engineering student seeking fully remote training anywhere in Saudi Arabia.,DE,Remote,python; sql,,Training,Remote,46.5,51.0618742368213,4.561874236821303,4.561874236821303,67,38
remote-only-de,48,Oracle | Business Development Intern (KSA market),Business Development Intern (KSA market),Data engineering student seeking fully remote training anywhere in Saudi Arabia.,DE,Remote,python; sql,,Training,Remote,46.0,38.53121728993104,-7.468782710068957,7.468782710068957,68,152
remote-only-de,52,Ministry of Industry and Mineral Resources | Cooperative Training,Cooperative Training Initiative,Data engineering student seeking fully remote training anywhere in Saudi Arabia.,DE,Remote,python; sql,,Training,Remote,46.0,34.89036830516924,-11.10963169483076,11.10963169483076,69,168
remote-only-de,56,HRDF | Cooperative Training Product,Cooperative Training Product,Data engineering student seeking fully remote training anywhere in Saudi Arabia.,DE,Remote,python; sql,,Training,Remote,46.0,38.27605547507358,-7.7239445249264165,7.7239445249264165,70,154
remote-only-de,8,KPMG Saudi Arabia,COOP & Internship Programs,Data engineering student seeking fully remote training anywhere in Saudi Arabia.,DE,Remote,python; sql,,Training,Remote,44.5,40.60787322505356,-3.8921267749464405,3.8921267749464405,71,124
remote-only-de,14,Saudi Exports (Saudi Export Development Authority),COOP & Summer Training (FAQ-confirmed),Data engineering student seeking fully remote training anywhere in Saudi Arabia.,DE,Remote,python; sql,,Training,Remote,44.5,40.48896966001215,-4.0110303399878475,4.0110303399878475,72,135
remote-only-de,22,BlackRock,Client & Product Summer Internship Programme (EMEA) - includes Riyadh,Data engineering student seeking fully remote training anywhere in Saudi Arabia.,DE,Remote,python; sql,,Training,Remote,44.5,45.994203431610806,1.4942034316108064,1.4942034316108064,73,73
remote-only-de,32,TBC (The Beauty Company),Cooperative Training Program,Data engineering student seeking fully remote training anywhere in Saudi Arabia.,DE,Remote,python; sql,,Training,Remote,44.5,40.62860214320482,-3.871397856795177,3.871397856795177,74,123
remote-only-de,39,Saudi Food & Drug Authority (SFDA),COOP training (First semester 2025-2026 intake),Data engineering student seeking fully remote training anywhere in Saudi Arabia.,DE,Remote,python; sql,,Training,Remote,44.5,37.75719322770342,-6.742806772296582,6.742806772296582,75,158
remote-only-de,62,General Authority for Statistics (GASTAT),Cooperative Training Program,Data engineering student seeking fully remote training anywhere in Saudi Arabia.,DE,Remote,python; sql,,Training,Remote,44.5,46.41102480383673,1.9110248038367317,1.9110248038367317,76,71
remote-only-de,63,Saudi Center for Opinion Polling (SCOP),Cooperative Training Program,Data engineering student seeking fully remote training anywhere in Saudi Arabia.,DE,Remote,python; sql,,Training,Remote,44.5,46.38789496663311,1.8878949666331124,1.8878949666331124,77,72
remote-only-de,90,NHC,COOP Trainee,Data engineering student seeking fully remote training anywhere in Saudi Arabia.,DE,Remote,python; sql,,Training,Remote,44.5,37.75719322770342,-6.742806772296582,6.742806772296582,78,161
remote-only-de,157,Nahdi Medical Co.,IT Internship / COOP Program (6 months),Data engineering student seeking fully remote training anywhere in Saudi Arabia.,DE,Remote,python; sql,,Training,Remote,44.5,43.04203374891628,-1.4579662510837181,1.4579662510837181,79,99
remote-only-de,42,The Saudi National Bank (SNB),SNB Rowad Program,Data engineering student seeking fully remote training anywhere in Saudi Arabia.,DE,Remote,python; sql,,Training,Remote,43.5,40.95127412255285,-2.548725877447147,2.548725877447147,80,121
remote-only-de,106,Bank AlJazira,Tamheer Program,Data engineering student seeking fully remote training anywhere in Saudi Arabia.,DE,Remote,python; sql,,Training,Remote,43.5,44.67179615128583,1.1717961512858324,1.1717961512858324,81,85
remote-only-de,147,nybl,nybl Graduate Programme – Saudi Nationals (AI Bootcamp),Data engineering student seeking fully remote training anywhere in Saudi Arabia.,DE,Remote,python; sql,,Training,Remote,43.5,43.74886240325552,0.24886240325552222,0.24886240325552222,82,93
remote-only-de,60,Cisco,Cisco NetVersity (Saudi Arabia),Data engineering student seeking fully remote training anywhere in Saudi Arabia.,DE,Remote,python; sql,,Training,Remote,42.5,37.985965784595024,-4.514034215404976,4.514034215404976,83,156
remote-only-de,45,NEOM | GrOW (Graduates Opportunities in Work),GrOW (Graduates Opportunities in Work),Data engineering student seeking fully remote training anywhere in Saudi Arabia.,DE,Remote,python; sql,,Training,Remote,41.0,40.30605699003769,-0.693943009962311,0.693943009962311,84,144
remote-only-de,53,King Fahd Causeway Authority | Internship Program,Internship Program,Data engineering student seeking fully remote training anywhere in Saudi Arabia.,DE,Remote,python; sql,,Training,Remote,41.0,45.95077689791035,4.950776897910352,4.950776897910352,85,76
remote-only-de,28,"Zakat, Tax and Customs Authority (ZATCA)",Binaa-Alkafaat Program,Data engineering student seeking fully remote training anywhere in Saudi Arabia.,DE,Remote,python; sql,,Training,Remote,39.5,33.23271685165864,-6.267283148341363,6.267283148341363,86,170
remote-only-de,43,National Cybersecurity Authority (NCA) – Academy,Cybersecurity training programs (academy),Data engineering student seeking fully remote training anywhere in Saudi Arabia.,DE,Remote,python; sql,,Training,Remote,39.5,38.3747155818904,-1.125284418109601,1.125284418109601,87,153
remote-only-de,44,PIF | Graduate Development Program,Graduate Development Program (GDP),Data engineering student seeking fully remote training anywhere in Saudi Arabia.,DE,Remote,python; sql,,Training,Remote,39.5,40.43919542589873,0.9391954258987312,0.9391954258987312,88,138
remote-only-de,2,SABIC,COOP Training Program,Data engineering student seeking fully remote training anywhere in Saudi Arabia.,DE,Remote,python; sql,,Training,Remote,37.5,40.3901554017156,2.890155401715603,2.890155401715603,89,142
remote-only-de,26,Yasref,Yasref Cooperative Training Program,Data engineering student seeking fully remote training anywhere in Saudi Arabia.,DE,Remote,python; sql,,Training,Remote,37.5,45.77804197729572,8.278041977295722,8.278041977295722,90,80
remote-only-de,171,Infosys,Summer Intern (Infosys InStep ’26 – Bangalore),Data engineering student seeking fully remote training anywhere in Saudi Arabia.,DE,Remote,python; sql,,Training,Remote,37.5,42.02472163031743,4.52472163031743,4.52472163031743,91,113
remote-only-de,51,Ministry of Finance (Saudi Arabia) | Cooperative Training Program,Cooperative Training Program,Data engineering student seeking fully remote training anywhere in Saudi Arabia.,DE,Remote,python; sql,,Training,Remote,36.0,39.03623647996965,3.036236479969652,3.036236479969652,92,149
remote-only-de,126,Trendyol Group,Trendyol Tech Talent - Bootcamp & COOP Internship Program (Saudi Students Only),Data engineering student seeking fully remote training anywhere in Saudi Arabia.,DE,Remote,python; sql,,Training,Remote,36.0,48.38676667821148,12.38676667821148,12.38676667821148,93,58
remote-only-de,127,Ninja نينجا,COOP Training Program,Data engineering student seeking fully remote training anywhere in Saudi Arabia.,DE,Remote,python; sql,,Training,Remote,36.0,40.19662190193396,4.196621901933959,4.196621901933959,94,146
remote-only-de,165,Innovative Solutions SA,Presales - Tamheer,Data engineering student seeking fully remote training anywhere in Saudi Arabia.,DE,Remote,python; sql,,Training,Remote,36.0,36.03886805669151,0.03886805669151272,0.03886805669151272,95,165
remote-only-de,168,هيئة التأمين | Insurance Authority,Tamheer Opportunity - Specialist of Information Security,Data engineering student seeking fully remote training anywhere in Saudi Arabia.,DE,Remote,python; sql,,Training,Remote,36.0,35.03824704202448,-0.96175295797552,0.96175295797552,96,167
remote-only-de,172,شركة الخدمات المدارة | Managed Services Company,Intern Cybersecurity Engineer,Data engineering student seeking fully remote training anywhere in Saudi Arabia.,DE,Remote,python; sql,,Training,Remote,36.0,42.75737247673909,6.757372476739093,6.757372476739093,97,102
remote-only-de,1,Saudi Aramco,University Internship Program (UIP),Data engineering student seeking fully remote training anywhere in Saudi Arabia.,DE,Remote,python; sql,,Training,Remote,34.5,43.04203374891628,8.542033748916282,8.542033748916282,98,94
remote-only-de,3,stc (Saudi Telecom Company),Cooperative Training Program (COOP),Data engineering student seeking fully remote training anywhere in Saudi Arabia.,DE,Remote,python; sql,,Training,Remote,34.5,49.10922996573714,14.609229965737143,14.609229965737143,99,47
remote-only-de,7,Digital Government Authority (DGA),Maidan Cooperative Training Program,Data engineering student seeking fully remote training anywhere in Saudi Arabia.,DE,Remote,python; sql,,Training,Remote,34.5,40.412020743309526,5.912020743309526,5.912020743309526,100,139
remote-only-de,9,PwC Middle East,"Deals, COOP and Summer Internship Programme (2026)",Data engineering student seeking fully remote training anywhere in Saudi Arabia.,DE,Remote,python; sql,,Training,Remote,34.5,42.05687463970494,7.556874639704937,7.556874639704937,101,107
remote-only-de,10,Deloitte Middle East (KSA),Jusoor Al Sharqiyah Internship Program,Data engineering student seeking fully remote training anywhere in Saudi Arabia.,DE,Remote,python; sql,,Training,Remote,34.5,46.88510769966001,12.385107699660011,12.385107699660011,102,69
remote-only-de,13,Bupa Arabia,Cooperative Training Program,Data engineering student seeking fully remote training anywhere in Saudi Arabia.,DE,Remote,python; sql,,Training,Remote,34.5,40.48896966001215,5.9889696600121525,5.9889696600121525,103,134
remote-only-de,15,Local Content and Government Procurement Authority (LCGPA),COOP Training (role posting),Data engineering student seeking fully remote training anywhere in Saudi Arabia.,DE,Remote,python; sql,,Training,Remote,34.5,40.3901554017156,5.890155401715603,5.890155401715603,104,143
remote-only-de,16,McKinsey & Company (Maqdira),Maqdira Fellowship Program,Data engineering student seeking fully remote training anywhere in Saudi Arabia.,DE,Remote,python; sql,,Training,Remote,34.5,40.52284309580602,6.022843095806017,6.022843095806017,105,132
remote-only-de,17,Boston Consulting Group (BCG),Visiting Associate Internship (Riyadh),Data engineering student seeking fully remote training anywhere in Saudi Arabia.,DE,Remote,python; sql,,Training,Remote,34.5,49.10922996573714,14.609229965737143,14.609229965737143,106,50
remote-only-de,18,Bain & Company,COOP Training Program (Riyadh),Data engineering student seeking fully remote training anywhere in Saudi Arabia.,DE,Remote,python; sql,,Training,Remote,34.5,40.412020743309526,5.912020743309526,5.912020743309526,107,140
remote-only-de,19,Amazon Web Services (AWS),IT/Computer Hardware Internship (Intern-to-FTE Pathway),Data engineering student seeking fully remote training anywhere in Saudi Arabia.,DE,Remote,python; sql,,Training,Remote,34.5,46.88510769966001,12.385107699660011,12.385107699660011,108,70
remote-only-de,20,Amazon Web Services (AWS) - Associate Solutions Architect Intern,Associate Solutions Architect Intern (2026),Data engineering student seeking fully remote training anywhere in Saudi Arabia.,DE,Remote,python; sql,,Training,Remote,34.5,49.87479557207353,15.37479557207353,15.37479557207353,109,43
remote-only-de,23,noon,Student Internship,Data engineering student seeking fully remote training anywhere in Saudi Arabia.,DE,Remote,python; sql,,Training,Remote,34.5,41.17490163872015,6.674901638720151,6.674901638720151,110,118
remote-only-de,25,Elm,Elm Co-op Training Program (March 2026 Intake),Data engineering student seeking fully remote training anywhere in Saudi Arabia.,DE,Remote,python; sql,,Training,Remote,34.5,40.62860214320482,6.128602143204823,6.128602143204823,111,122
remote-only-de,27,"Saudi Standards, Metrology and Quality Organization (SASO)",Cooperative Training (Collaborative Training),Data engineering student seeking fully remote training anywhere in Saudi Arabia.,DE,Remote,python; sql,,Training,Remote,34.5,45.77804197729572,11.278041977295722,11.278041977295722,112,81
remote-only-de,30,EXPRO,COOP Training (Future Makers Program),Data engineering student seeking fully remote training anywhere in Saudi Arabia.,DE,Remote,python; sql,,Training,Remote,34.5,40.412020743309526,5.912020743309526,5.912020743309526,113,141
remote-only-de,33,National Center for Vegetation Cover Development & Combating Desertification (NCVC),COOP Training Program,Data engineering student seeking fully remote training anywhere in Saudi Arabia.,DE,Remote,python; sql,,Training,Remote,34.5,42.05687463970494,7.556874639704937,7.556874639704937,114,108
remote-only-de,34,Saudi Power Procurement Company (SPPC),Future Power – COOP Training Program,Data engineering student seeking fully remote training anywhere in Saudi Arabia.,DE,Remote,python; sql,,Training,Remote,34.5,40.60787322505356,6.1078732250535595,6.1078732250535595,115,125
remote-only-de,35,TBC (Tatweer Building Company),Cooperative Training Program,Data engineering student seeking fully remote training anywhere in Saudi Arabia.,DE,Remote,python; sql,,Training,Remote,34.5,41.00850601128665,6.508506011286649,6.508506011286649,116,119
remote-only-de,36,PwC Middle East (Assurance COOP & Summer Internship Programme 2026),"Assurance, COOP and Summer Internship Programme 2026 – Middle East",Data engineering student seeking fully remote training anywhere in Saudi Arabia.,DE,Remote,python; sql,,Training,Remote,34.5,43.04203374891628,8.542033748916282,8.542033748916282,117,95
remote-only-de,38,BSF (Banque Saudi Fransi),COOP / Internship,Data engineering student seeking fully remote training anywhere in Saudi Arabia.,DE,Remote,python; sql,,Training,Remote,34.5,37.75719322770342,3.257193227703418,3.257193227703418,118,157
remote-only-de,40,Saudi Power Procurement Company (SPPC) – Future Power (Business Admin COOP),Future Power – Business Administration COOP Training Program,Data engineering student seeking fully remote training anywhere in Saudi Arabia.,DE,Remote,python; sql,,Training,Remote,34.5,43.04203374891628,8.542033748916282,8.542033748916282,119,96
remote-only-de,46,ROSHN | COOP Trainee Program,COOP Trainee Program,Data engineering student seeking fully remote training anywhere in Saudi Arabia.,DE,Remote,python; sql,,Training,Remote,34.5,42.05687463970494,7.556874639704937,7.556874639704937,120,109
remote-only-de,49,SAP | Student Internship (Riyadh),Student Internship - Riyadh,Data engineering student seeking fully remote training anywhere in Saudi Arabia.,DE,Remote,python; sql,,Training,Remote,34.5,41.43706272212925,6.937062722129248,6.937062722129248,121,115
remote-only-de,58,Unifonic,Internship (Unifonic),Data engineering student seeking fully remote training anywhere in Saudi Arabia.,DE,Remote,python; sql,,Training,Remote,34.5,41.27966191866574,6.779661918665738,6.779661918665738,122,117
remote-only-de,65,Expenditure & Projects Efficiency Authority (EXPRO),Future Makers (صنّاع المستقبل) – Cooperative Training,Data engineering student seeking fully remote training anywhere in Saudi Arabia.,DE,Remote,python; sql,,Training,Remote,34.5,41.00850601128665,6.508506011286649,6.508506011286649,123,120
remote-only-de,66,Ministry of Finance (Saudi Arabia),Cooperative Training Program (Ministry of Finance),Data engineering student seeking fully remote training anywhere in Saudi Arabia.,DE,Remote,python; sql,,Training,Remote,34.5,42.05687463970494,7.556874639704937,7.556874639704937,124,110
remote-only-de,67,General Entertainment Authority (GEA),GEA Cooperative Training Program,Data engineering student seeking fully remote training anywhere in Saudi Arabia.,DE,Remote,python; sql,,Training,Remote,34.5,40.52284309580602,6.022843095806017,6.022843095806017,125,133
remote-only-de,68,Banque Saudi Fransi (BSF),COOP Training,Data engineering student seeking fully remote training anywhere in Saudi Arabia.,DE,Remote,python; sql,,Training,Remote,34.5,39.34788750744759,4.847887507447588,4.847887507447588,126,147
remote-only-de,82,Saudi Ground Services (SGS),COOP Program,Data engineering student seeking fully remote training anywhere in Saudi Arabia.,DE,Remote,python; sql,,Training,Remote,34.5,40.60787322505356,6.1078732250535595,6.1078732250535595,127,126
remote-only-de,83,CEER,Cooperative Training Program (COOP),Data engineering student seeking fully remote training anywhere in Saudi Arabia.,DE,Remote,python; sql,,Training,Remote,34.5,40.60787322505356,6.1078732250535595,6.1078732250535595,128,127
remote-only-de,87,Banque Saudi Fransi (BSF),Coop Training Program,Data engineering student seeking fully remote training anywhere in Saudi Arabia.,DE,Remote,python; sql,,Training,Remote,34.5,38.5815508817088,4.0815508817088,4.0815508817088,129,151
remote-only-de,88,Tech Economy,COOP Training Program,Data engineering student seeking fully remote training anywhere in Saudi Arabia.,DE,Remote,python; sql,,Training,Remote,34.5,37.75719322770342,3.257193227703418,3.257193227703418,130,159
remote-only-de,89,SAMI Advanced Electronics (SAMI-AEC),Coop Trainee,Data engineering student seeking fully remote training anywhere in Saudi Arabia.,DE,Remote,python; sql,,Training,Remote,34.5,37.75719322770342,3.257193227703418,3.257193227703418,131,160
remote-only-de,91,REMAT ADVANCED,Cooperative Training Program,Data engineering student seeking fully remote training anywhere in Saudi Arabia.,DE,Remote,python; sql,,Training,Remote,34.5,45.77804197729572,11.278041977295722,11.278041977295722,132,82
remote-only-de,95,ARDARA,COOP Training for Students,Data engineering student seeking fully remote training anywhere in Saudi Arabia.,DE,Remote,python; sql,,Training,Remote,34.5,40.60787322505356,6.1078732250535595,6.1078732250535595,133,128
remote-only-de,96,flynas,COOP Trainee / Internship Program,Data engineering student seeking fully remote training anywhere in Saudi Arabia.,DE,Remote,python; sql,,Training,Remote,34.5,40.60787322505356,6.1078732250535595,6.1078732250535595,134,129
remote-only-de,98,Saudi Motorsport Company (SMC),COOP Trainee (Supply Chain Excellence Associate),Data engineering student seeking fully remote training anywhere in Saudi Arabia.,DE,Remote,python; sql,,Training,Remote,34.5,49.28570168080924,14.78570168080924,14.78570168080924,135,46
remote-only-de,99,Mobily,Cooperative Training Program,Data engineering student seeking fully remote training anywhere in Saudi Arabia.,DE,Remote,python; sql,,Training,Remote,34.5,37.75719322770342,3.257193227703418,3.257193227703418,136,162
remote-only-de,101,Alvarez & Marsal,COOP Training Program,Data engineering student seeking fully remote training anywhere in Saudi Arabia.,DE,Remote,python; sql,,Training,Remote,34.5,37.75719322770342,3.257193227703418,3.257193227703418,137,163
remote-only-de,102,Visa,COOP Trainee (Jan 2026),Data engineering student seeking fully remote training anywhere in Saudi Arabia.,DE,Remote,python; sql,,Training,Remote,34.5,42.05687463970494,7.556874639704937,7.556874639704937,138,111
remote-only-de,105,Savvy Games Group,Cooperative Training Program (Co-op),Data engineering student seeking fully remote training anywhere in Saudi Arabia.,DE,Remote,python; sql,,Training,Remote,34.5,37.75719322770342,3.257193227703418,3.257193227703418,139,164
remote-only-de,109,Elm Company (شركة علم),Coop Training - Computer Science (Jan/Mar/Jun/Aug 2025 Intake),Data engineering student seeking fully remote training anywhere in Saudi Arabia.,DE,Remote,python; sql,,Training,Remote,34.5,42.05687463970494,7.556874639704937,7.556874639704937,140,112
remote-only-de,110,Elm Company (شركة علم),Co-Op Training - Information Technology (Jun & Aug 2025 Intake),Data engineering student seeking fully remote training anywhere in Saudi Arabia.,DE,Remote,python; sql,,Training,Remote,34.5,43.04203374891628,8.542033748916282,8.542033748916282,141,97
remote-only-de,111,EJADA,COOP Administration & Support Engineer,Data engineering student seeking fully remote training anywhere in Saudi Arabia.,DE,Remote,python; sql,,Training,Remote,34.5,42.06198715016608,7.5619871501660825,7.5619871501660825,142,106
remote-only-de,112,Emdad By Elm,Network Cooperative Training (Network Intern),Data engineering student seeking fully remote training anywhere in Saudi Arabia.,DE,Remote,python; sql,,Training,Remote,34.5,50.58128990775172,16.081289907751717,16.081289907751717,143,41
remote-only-de,114,Foodics,Foodics 360 Internship Program,Data engineering student seeking fully remote training anywhere in Saudi Arabia.,DE,Remote,python; sql,,Training,Remote,34.5,42.8228546175737,8.322854617573697,8.322854617573697,144,100
remote-only-de,115,Salla,برنامج التدريب التعاوني (Coop Training) – Salla,Data engineering student seeking fully remote training anywhere in Saudi Arabia.,DE,Remote,python; sql,,Training,Remote,34.5,40.60787322505356,6.1078732250535595,6.1078732250535595,145,130
remote-only-de,117,Diriyah Company,Diriyah Co-op Training Program,Data engineering student seeking fully remote training anywhere in Saudi Arabia.,DE,Remote,python; sql,,Training,Remote,34.5,40.48896966001215,5.9889696600121525,5.9889696600121525,146,136
remote-only-de,118,Riyadh Air,Co-op – Riyadh Air,Data engineering student seeking fully remote training anywhere in Saudi Arabia.,DE,Remote,python; sql,,Training,Remote,34.5,40.303971747742345,5.803971747742345,5.803971747742345,147,145
remote-only-de,119,Jahez Group,Jahez Internship Program (as described in Sustainability Report),Data engineering student seeking fully remote training anywhere in Saudi Arabia.,DE,Remote,python; sql,,Training,Remote,34.5,41.83769550836235,7.337695508362351,7.337695508362351,148,114
remote-only-de,120,Lumi | لومي,COOP Intern 2025 – Lumi,Data engineering student seeking fully remote training anywhere in Saudi Arabia.,DE,Remote,python; sql,,Training,Remote,34.5,40.48896966001215,5.9889696600121525,5.9889696600121525,149,137
remote-only-de,121,webook.com,COOP Trainee Opportunities – webook.com,Data engineering student seeking fully remote training anywhere in Saudi Arabia.,DE,Remote,python; sql,,Training,Remote,34.5,40.60787322505356,6.1078732250535595,6.1078732250535595,150,131
remote-only-de,125,Tamkeen Technologies,On the Job Training (Internship Program) — Technology field,Data engineering student seeking fully remote training anywhere in Saudi Arabia.,DE,Remote,python; sql,,Training,Remote,34.5,42.8228546175737,8.322854617573697,8.322854617573697,151,101
remote-only-de,129,WalaPlus,Coop & Tamheer Opportunities,Data engineering student seeking fully remote training anywhere in Saudi Arabia.,DE,Remote,python; sql,,Training,Remote,34.5,45.77804197729572,11.278041977295722,11.278041977295722,152,83
remote-only-de,130,Aon,IT Co-op Trainee 2026,Data engineering student seeking fully remote training anywhere in Saudi Arabia.,DE,Remote,python; sql,,Training,Remote,34.5,45.83881905003949,11.33881905003949,11.33881905003949,153,77
remote-only-de,131,Hewlett Packard Enterprise (HPE),College Intern (Coop),Data engineering student seeking fully remote training anywhere in Saudi Arabia.,DE,Remote,python; sql,,Training,Remote,34.5,45.83881905003949,11.33881905003949,11.33881905003949,154,78
remote-only-de,132,Signify,KSA Coop Internship Program,Data engineering student seeking fully remote training anywhere in Saudi Arabia.,DE,Remote,python; sql,,Training,Remote,34.5,45.77804197729572,11.278041977295722,11.278041977295722,155,84
remote-only-de,133,Help AG (e& enterprise),Cybersecurity Intern,Data engineering student seeking fully remote training anywhere in Saudi Arabia.,DE,Remote,python; sql,,Training,Remote,34.5,44.37411109127917,9.874111091279168,9.874111091279168,156,87
remote-only-de,134,TrendAI (Trend Micro),CyberGATE Internship Program,Data engineering student seeking fully remote training anywhere in Saudi Arabia.,DE,Remote,python; sql,,Training,Remote,34.5,44.37411109127917,9.874111091279168,9.874111091279168,157,88
remote-only-de,136,Siemens Healthineers,Healthineers Early Talent Program – IT (Riyadh),Data engineering student seeking fully remote training anywhere in Saudi Arabia.,DE,Remote,python; sql,,Training,Remote,34.5,49.87479557207353,15.37479557207353,15.37479557207353,158,44
remote-only-de,146,NCGR | المركز الوطني لنظم الموارد الحكومية,Coop Training Program,Data engineering student seeking fully remote training anywhere in Saudi Arabia.,DE,Remote,python; sql,,Training,Remote,34.5,47.158970515442846,12.658970515442846,12.658970515442846,159,67
remote-only-de,148,Procter & Gamble (P&G),P&G LEADgen Internship Program 2026 (Riyadh),Data engineering student seeking fully remote training anywhere in Saudi Arabia.,DE,Remote,python; sql,,Training,Remote,34.5,44.13413901594158,9.634139015941578,9.634139015941578,160,90
remote-only-de,149,New Murabba | المربع الجديد,New Murabba Co-op Training Program,Data engineering student seeking fully remote training anywhere in Saudi Arabia.,DE,Remote,python; sql,,Training,Remote,34.5,43.04203374891628,8.542033748916282,8.542033748916282,161,98
remote-only-de,151,Motorola Solutions,Deployment Engineer Intern (KSA National - Tamheer Program),Data engineering student seeking fully remote training anywhere in Saudi Arabia.,DE,Remote,python; sql,,Training,Remote,34.5,44.46927747699322,9.96927747699322,9.96927747699322,162,86
remote-only-de,152,Schneider Electric,Co-op Intern (Engineering) - Al Khobar (Jan–Aug 2026),Data engineering student seeking fully remote training anywhere in Saudi Arabia.,DE,Remote,python; sql,,Training,Remote,34.5,45.83881905003949,11.33881905003949,11.33881905003949,163,79
remote-only-de,153,Lockheed Martin,Tamheer Space Internship (Riyadh),Data engineering student seeking fully remote training anywhere in Saudi Arabia.,DE,Remote,python; sql,,Training,Remote,34.5,39.17878149763074,4.678781497630737,4.678781497630737,164,148
remote-only-de,21,Google (Saudi Arabia),Google Careers (Saudi location filter),Data engineering student seeking fully remote training anywhere in Saudi Arabia.,DE,Remote,python; sql,,Training,Remote,33.0,38.99303480136479,5.993034801364793,5.993034801364793,165,150
remote-only-de,54,Tawuniya | Tamheer Program (Fresh Graduates),Tamheer Program,Data engineering student seeking fully remote training anywhere in Saudi Arabia.,DE,Remote,python; sql,,Training,Remote,32.5,44.29932352108985,11.799323521089853,11.799323521089853,166,89
remote-only-de,59,Misk Foundation,Misk Traineeship / Internship Program,Data engineering student seeking fully remote training anywhere in Saudi Arabia.,DE,Remote,python; sql,,Training,Remote,32.5,38.235681953437286,5.735681953437286,5.735681953437286,167,155
remote-only-de,55,SAMA | SAMA Professional Program (SPP),SAMA Professional Program (SPP),Data engineering student seeking fully remote training anywhere in Saudi Arabia.,DE,Remote,python; sql,,Training,Remote,31.0,35.231929184215446,4.231929184215446,4.231929184215446,168,166
remote-only-de,103,Zain KSA,Evolve Program (Fresh Graduates),Data engineering student seeking fully remote training anywhere in Saudi Arabia.,DE,Remote,python; sql,,Training,Remote,29.5,33.272935460593594,3.772935460593594,3.772935460593594,169,169
remote-only-de,104,Zain KSA,Zain Pioneers Program,Data engineering student seeking fully remote training anywhere in Saudi Arabia.,DE,Remote,python; sql,,Training,Remote,29.5,41.30116486453112,11.801164864531117,11.801164864531117,170,116
remote-only-de,29,Human Resources Development Fund (HRDF) – Cooperative Training Product,Cooperative Training (HRDF product),Data engineering student seeking fully remote training anywhere in Saudi Arabia.,DE,Remote,python; sql,,Training,Remote,25.0,21.290219510660165,-3.7097804893398347,3.7097804893398347,171,172
remote-only-de,31,Ministry of Industry and Mineral Resources (MIM) – Cooperative Training Initiative,Cooperative Training Initiative,Data engineering student seeking fully remote training anywhere in Saudi Arabia.,DE,Remote,python; sql,,Training,Remote,25.0,23.08256040067259,-1.917439599327409,1.917439599327409,172,171
remote-only-de,167,TAM | تام,"Tamheer Opportunity, Advisory",Data engineering student seeking fully remote training anywhere in Saudi Arabia.,DE,Remote,python; sql,,Training,Remote,15.0,20.6460084032892,5.646008403289201,5.646008403289201,173,173
