profile_id,opportunity_id,company_name,program_name,target_score,predicted_score,absolute_error,model,rank_actual,rank_predicted
cs-iau-backend,1,Saudi Aramco,University Internship Program (UIP),42.5,42.51265192943764,0.012651929437637932,rubric_assisted_ridge,168,168
cs-iau-backend,2,SABIC,COOP Training Program,45.5,45.51188683314845,0.01188683314845207,rubric_assisted_ridge,165,165
cs-iau-backend,3,stc (Saudi Telecom Company),Cooperative Training Program (COOP),52.5,52.51687410044509,0.016874100445086526,rubric_assisted_ridge,118,118
cs-iau-backend,4,Saudi National Bank (SNB),SNB Cooperative Training Program,61.5,61.51129523056566,0.011295230565657732,rubric_assisted_ridge,85,87
cs-iau-backend,5,Al Rajhi Bank,Cooperative Training Program,61.5,61.513051813082264,0.013051813082263664,rubric_assisted_ridge,85,86
cs-iau-backend,6,Capital Market Authority (CMA),COOP Program,66.5,66.49152029557307,0.008479704426932244,rubric_assisted_ridge,64,73
cs-iau-backend,7,Digital Government Authority (DGA),Maidan Cooperative Training Program,52.5,52.503078205139154,0.003078205139154022,rubric_assisted_ridge,118,123
cs-iau-backend,8,KPMG Saudi Arabia,COOP & Internship Programs,47.5,47.49912872961203,0.0008712703879680816,rubric_assisted_ridge,157,159
cs-iau-backend,9,PwC Middle East,"Deals, COOP and Summer Internship Programme (2026)",57.0,56.99005314986841,0.009946850131591134,rubric_assisted_ridge,103,108
cs-iau-backend,10,Deloitte Middle East (KSA),Jusoor Al Sharqiyah Internship Program,61.5,61.51648806297622,0.016488062976222295,rubric_assisted_ridge,85,85
cs-iau-backend,11,Bank Albilad,Cooperative & Summer Training Program,70.5,70.50846825438724,0.008468254387238972,rubric_assisted_ridge,52,52
cs-iau-backend,12,Tamara,Tamara Builders Program,75.5,75.50420173622742,0.004201736227415154,rubric_assisted_ridge,27,27
cs-iau-backend,13,Bupa Arabia,Cooperative Training Program,52.5,52.49756750898891,0.0024324910110919973,rubric_assisted_ridge,118,129
cs-iau-backend,14,Saudi Exports (Saudi Export Development Authority),COOP & Summer Training (FAQ-confirmed),47.5,47.49014272241336,0.009857277586640123,rubric_assisted_ridge,157,162
cs-iau-backend,15,Local Content and Government Procurement Authority (LCGPA),COOP Training (role posting),52.5,52.47947029497498,0.020529705025019496,rubric_assisted_ridge,118,147
cs-iau-backend,16,McKinsey & Company (Maqdira),Maqdira Fellowship Program,57.0,57.009451924690936,0.009451924690935698,rubric_assisted_ridge,103,103
cs-iau-backend,17,Boston Consulting Group (BCG),Visiting Associate Internship (Riyadh),52.5,52.49340271731063,0.006597282689369877,rubric_assisted_ridge,118,137
cs-iau-backend,18,Bain & Company,COOP Training Program (Riyadh),52.5,52.4880162643863,0.011983735613696922,rubric_assisted_ridge,118,142
cs-iau-backend,19,Amazon Web Services (AWS),IT/Computer Hardware Internship (Intern-to-FTE Pathway),71.5,71.48677848947374,0.013221510526264524,rubric_assisted_ridge,47,47
cs-iau-backend,20,Amazon Web Services (AWS) - Associate Solutions Architect Intern,Associate Solutions Architect Intern (2026),71.5,71.48275716309448,0.017242836905523973,rubric_assisted_ridge,47,48
cs-iau-backend,21,Google (Saudi Arabia),Google Careers (Saudi location filter),58.5,58.49563934001663,0.00436065998336943,rubric_assisted_ridge,101,101
cs-iau-backend,22,BlackRock,Client & Product Summer Internship Programme (EMEA) - includes Riyadh,77.0,76.97773018256551,0.0222698174344913,rubric_assisted_ridge,24,25
cs-iau-backend,23,noon,Student Internship,62.5,62.486712219000665,0.013287780999334586,rubric_assisted_ridge,81,83
cs-iau-backend,24,MOZN,Data Science Intern,87.0,86.97875498098436,0.021245019015637467,rubric_assisted_ridge,8,8
cs-iau-backend,25,Elm,Elm Co-op Training Program (March 2026 Intake),52.5,52.48872839283322,0.011271607166783326,rubric_assisted_ridge,118,139
cs-iau-backend,26,Yasref,Yasref Cooperative Training Program,54.5,54.516780145260114,0.016780145260113954,rubric_assisted_ridge,116,116
cs-iau-backend,27,"Saudi Standards, Metrology and Quality Organization (SASO)",Cooperative Training (Collaborative Training),61.5,61.494505199148094,0.005494800851906234,rubric_assisted_ridge,85,92
cs-iau-backend,28,"Zakat, Tax and Customs Authority (ZATCA)",Binaa-Alkafaat Program,47.5,47.49376824031741,0.006231759682592042,rubric_assisted_ridge,157,160
cs-iau-backend,29,Human Resources Development Fund (HRDF) – Cooperative Training Product,Cooperative Training (HRDF product),10.5,10.489618074092647,0.010381925907353207,rubric_assisted_ridge,172,173
cs-iau-backend,30,EXPRO,COOP Training (Future Makers Program),52.5,52.48450652852672,0.01549347147327751,rubric_assisted_ridge,118,144
cs-iau-backend,31,Ministry of Industry and Mineral Resources (MIM) – Cooperative Training Initiative,Cooperative Training Initiative,10.5,10.50216065949246,0.0021606594924605815,rubric_assisted_ridge,172,172
cs-iau-backend,32,TBC (The Beauty Company),Cooperative Training Program,47.5,47.49092161609555,0.009078383904451925,rubric_assisted_ridge,157,161
cs-iau-backend,33,National Center for Vegetation Cover Development & Combating Desertification (NCVC),COOP Training Program,52.5,52.48296995250765,0.017030047492347933,rubric_assisted_ridge,118,145
cs-iau-backend,34,Saudi Power Procurement Company (SPPC),Future Power – COOP Training Program,52.5,52.47724535890494,0.02275464109506231,rubric_assisted_ridge,118,148
cs-iau-backend,35,TBC (Tatweer Building Company),Cooperative Training Program,52.5,52.49616929990421,0.0038307000957900073,rubric_assisted_ridge,118,131
cs-iau-backend,36,PwC Middle East (Assurance COOP & Summer Internship Programme 2026),"Assurance, COOP and Summer Internship Programme 2026 – Middle East",57.0,56.98245924535851,0.01754075464148741,rubric_assisted_ridge,103,109
cs-iau-backend,37,KAPSARC,Intern (Coop- Trainee),75.5,75.4831040239671,0.01689597603289883,rubric_assisted_ridge,27,36
cs-iau-backend,38,BSF (Banque Saudi Fransi),COOP / Internship,42.5,42.496326418089154,0.003673581910845769,rubric_assisted_ridge,168,170
cs-iau-backend,39,Saudi Food & Drug Authority (SFDA),COOP training (First semester 2025-2026 intake),47.5,47.508975282230324,0.008975282230323955,rubric_assisted_ridge,157,157
cs-iau-backend,40,Saudi Power Procurement Company (SPPC) – Future Power (Business Admin COOP),Future Power – Business Administration COOP Training Program,52.5,52.473044079674494,0.026955920325505645,rubric_assisted_ridge,118,149
cs-iau-backend,41,Bank Albilad,Cooperative and Summer Training Program,66.5,66.49430011298003,0.005699887019972039,rubric_assisted_ridge,64,71
cs-iau-backend,42,The Saudi National Bank (SNB),SNB Rowad Program,66.5,66.49038910155119,0.009610898448812577,rubric_assisted_ridge,64,74
cs-iau-backend,43,National Cybersecurity Authority (NCA) – Academy,Cybersecurity training programs (academy),57.5,57.49568872296621,0.004311277033792749,rubric_assisted_ridge,102,102
cs-iau-backend,44,PIF | Graduate Development Program,Graduate Development Program (GDP),67.0,66.96973260278193,0.03026739721806848,rubric_assisted_ridge,56,63
cs-iau-backend,45,NEOM | GrOW (Graduates Opportunities in Work),GrOW (Graduates Opportunities in Work),54.5,54.499526356592796,0.0004736434072043494,rubric_assisted_ridge,116,117
cs-iau-backend,46,ROSHN | COOP Trainee Program,COOP Trainee Program,52.5,52.48139689470864,0.018603105291362,rubric_assisted_ridge,118,146
cs-iau-backend,47,Microsoft | Ru'aa Program (Riyadh),Ru'aa Program Internship (Solution Engineering),85.5,85.4870686002008,0.012931399799199994,rubric_assisted_ridge,12,15
cs-iau-backend,48,Oracle | Business Development Intern (KSA market),Business Development Intern (KSA market),55.5,55.47975537696209,0.02024462303791097,rubric_assisted_ridge,110,112
cs-iau-backend,49,SAP | Student Internship (Riyadh),Student Internship - Riyadh,62.5,62.49300014036119,0.006999859638810335,rubric_assisted_ridge,81,82
cs-iau-backend,50,SAB (Saudi Awwal Bank) | Cooperative Training Programme (COOP),SAB Cooperative Training Programme (COOP),66.5,66.48758475940409,0.012415240595913701,rubric_assisted_ridge,64,76
cs-iau-backend,51,Ministry of Finance (Saudi Arabia) | Cooperative Training Program,Cooperative Training Program,50.5,50.50083077112549,0.0008307711254929018,rubric_assisted_ridge,153,153
cs-iau-backend,52,Ministry of Industry and Mineral Resources | Cooperative Training,Cooperative Training Initiative,45.5,45.48375180306774,0.016248196932259873,rubric_assisted_ridge,165,167
cs-iau-backend,53,King Fahd Causeway Authority | Internship Program,Internship Program,64.5,64.49846322489442,0.0015367751055777035,rubric_assisted_ridge,79,79
cs-iau-backend,54,Tawuniya | Tamheer Program (Fresh Graduates),Tamheer Program,64.5,64.49076399574739,0.009236004252613839,rubric_assisted_ridge,79,80
cs-iau-backend,55,SAMA | SAMA Professional Program (SPP),SAMA Professional Program (SPP),50.5,50.47709608768803,0.022903912311967645,rubric_assisted_ridge,153,155
cs-iau-backend,56,HRDF | Cooperative Training Product,Cooperative Training Product,45.5,45.48517639590986,0.014823604090139497,rubric_assisted_ridge,165,166
cs-iau-backend,57,IBM,"Automation, Data & AI – Intern",83.5,83.50085360605812,0.0008536060581150196,rubric_assisted_ridge,16,16
cs-iau-backend,58,Unifonic,Internship (Unifonic),67.0,67.00304181078111,0.0030418107811129858,rubric_assisted_ridge,56,56
cs-iau-backend,59,Misk Foundation,Misk Traineeship / Internship Program,55.5,55.49420521945361,0.005794780546388267,rubric_assisted_ridge,110,110
cs-iau-backend,60,Cisco,Cisco NetVersity (Saudi Arabia),55.0,55.00830635165356,0.008306351653558863,rubric_assisted_ridge,113,113
cs-iau-backend,61,KAUST,Visiting Student Research Program (VSRP) Internship,66.5,66.50215379893078,0.002153798930777384,rubric_assisted_ridge,64,66
cs-iau-backend,62,General Authority for Statistics (GASTAT),Cooperative Training Program,67.0,66.99873100691454,0.001268993085460579,rubric_assisted_ridge,56,60
cs-iau-backend,63,Saudi Center for Opinion Polling (SCOP),Cooperative Training Program,67.0,67.00002737783176,2.7377831756325577e-05,rubric_assisted_ridge,56,59
cs-iau-backend,64,Al Rajhi Takaful,Cooperative Training Program,66.5,66.49228338835863,0.007716611641370719,rubric_assisted_ridge,64,72
cs-iau-backend,65,Expenditure & Projects Efficiency Authority (EXPRO),Future Makers (صنّاع المستقبل) – Cooperative Training,52.5,52.50458166764596,0.004581667645958021,rubric_assisted_ridge,118,121
cs-iau-backend,66,Ministry of Finance (Saudi Arabia),Cooperative Training Program (Ministry of Finance),52.5,52.50590640684085,0.005906406840850309,rubric_assisted_ridge,118,120
cs-iau-backend,67,General Entertainment Authority (GEA),GEA Cooperative Training Program,52.5,52.50446471553933,0.004464715539327813,rubric_assisted_ridge,118,122
cs-iau-backend,68,Banque Saudi Fransi (BSF),COOP Training,52.5,52.48582479461364,0.014175205386358414,rubric_assisted_ridge,118,143
cs-iau-backend,69,Arab National Bank (ANB),COOP Trainee,66.5,66.49035523163022,0.009644768369781787,rubric_assisted_ridge,64,75
cs-iau-backend,70,Tamara,Builders Program,66.5,66.50457677522043,0.004576775220428431,rubric_assisted_ridge,64,64
cs-iau-backend,71,OmniOps,Co‑op Training Program,75.5,75.49418679462396,0.005813205376043129,rubric_assisted_ridge,27,31
cs-iau-backend,72,Tatweer Educational Technologies (TETCO),Cooperative Training Program,75.5,75.49432637608624,0.005673623913764914,rubric_assisted_ridge,27,29
cs-iau-backend,73,The Saudi Investment Bank (SAIB),Cooperative Program,66.5,66.49738013260648,0.0026198673935198258,rubric_assisted_ridge,64,67
cs-iau-backend,74,Saudi Awwal Bank (SAB),COOP Program,66.5,66.49653658368256,0.003463416317444512,rubric_assisted_ridge,64,68
cs-iau-backend,75,Riyad Bank,Internships and Coop Trainings (CSR 2019),66.5,66.4947304325745,0.005269567425500554,rubric_assisted_ridge,64,70
cs-iau-backend,76,Tabby,Intern DevOps Engineer,81.0,80.99667343789433,0.00332656210566995,rubric_assisted_ridge,20,21
cs-iau-backend,77,Tabby,Intern Backend (GO) Engineer,88.5,88.49250620520365,0.007493794796346265,rubric_assisted_ridge,3,5
cs-iau-backend,78,Tabby,Intern Frontend Engineer,85.5,85.50076059038803,0.0007605903880261167,rubric_assisted_ridge,12,12
cs-iau-backend,79,Tabby,Intern Data Engineer,91.5,91.50021073383573,0.00021073383572911553,rubric_assisted_ridge,1,1
cs-iau-backend,80,Tabby,No-Code / AI Agents Engineering Intern,85.5,85.50069921538469,0.0006992153846852034,rubric_assisted_ridge,12,13
cs-iau-backend,81,Bank Albilad,Cooperative Training Program,61.5,61.51042406374484,0.010424063744842726,rubric_assisted_ridge,85,88
cs-iau-backend,82,Saudi Ground Services (SGS),COOP Program,42.5,42.509890458983605,0.0098904589836053,rubric_assisted_ridge,168,169
cs-iau-backend,83,CEER,Cooperative Training Program (COOP),52.5,52.49741298258509,0.0025870174149105196,rubric_assisted_ridge,118,130
cs-iau-backend,84,Al Rajhi Takaful,Coop Training Program,66.5,66.49625023008377,0.003749769916225887,rubric_assisted_ridge,64,69
cs-iau-backend,85,TAWAL,COOP Training Program,75.5,75.49193762324003,0.008062376759966128,rubric_assisted_ridge,27,32
cs-iau-backend,86,Wakeb_Data,COOP Training,75.5,75.49990843642964,9.156357036488316e-05,rubric_assisted_ridge,27,28
cs-iau-backend,87,Banque Saudi Fransi (BSF),Coop Training Program,52.5,52.48849823472135,0.011501765278651988,rubric_assisted_ridge,118,140
cs-iau-backend,88,Tech Economy,COOP Training Program,52.5,52.49915681038251,0.0008431896174911913,rubric_assisted_ridge,118,127
cs-iau-backend,89,SAMI Advanced Electronics (SAMI-AEC),Coop Trainee,52.5,52.49142490668443,0.008575093315570825,rubric_assisted_ridge,118,138
cs-iau-backend,90,NHC,COOP Trainee,47.5,47.50805199187432,0.008051991874317821,rubric_assisted_ridge,157,158
cs-iau-backend,91,REMAT ADVANCED,Cooperative Training Program,61.5,61.498703913647105,0.0012960863528945765,rubric_assisted_ridge,85,89
cs-iau-backend,92,SDM,AI COOP,74.0,73.99876758027588,0.001232419724118472,rubric_assisted_ridge,41,42
cs-iau-backend,93,HUED,HUED COOP Program 2026,75.5,75.48720157517236,0.012798424827636268,rubric_assisted_ridge,27,35
cs-iau-backend,94,Araamis • أرامس,Araamis COOP Program 2026,75.5,75.48919688501161,0.010803114988391371,rubric_assisted_ridge,27,34
cs-iau-backend,95,ARDARA,COOP Training for Students,52.5,52.49789775644636,0.00210224355363664,rubric_assisted_ridge,118,128
cs-iau-backend,96,flynas,COOP Trainee / Internship Program,57.0,56.998125937421236,0.001874062578764324,rubric_assisted_ridge,103,104
cs-iau-backend,97,Saudi Motorsport Company (SMC),COOP Trainee (IT Asset Project Management),61.0,60.99866375416576,0.0013362458342385253,rubric_assisted_ridge,99,100
cs-iau-backend,98,Saudi Motorsport Company (SMC),COOP Trainee (Supply Chain Excellence Associate),47.0,47.01605546437664,0.016055464376641737,rubric_assisted_ridge,163,163
cs-iau-backend,99,Mobily,Cooperative Training Program,52.5,52.50754494789253,0.007544947892526466,rubric_assisted_ridge,118,119
cs-iau-backend,100,Saudi Awwal Bank (SAB),Student Opportunities: Cooperative / Practical Training,66.5,66.50231324642877,0.002313246428769844,rubric_assisted_ridge,64,65
cs-iau-backend,101,Alvarez & Marsal,COOP Training Program,52.5,52.49954456187978,0.0004554381202197533,rubric_assisted_ridge,118,126
cs-iau-backend,102,Visa,COOP Trainee (Jan 2026),52.5,52.488271688816695,0.01172831118330464,rubric_assisted_ridge,118,141
cs-iau-backend,103,Zain KSA,Evolve Program (Fresh Graduates),52.5,52.49379541362314,0.006204586376860277,rubric_assisted_ridge,118,135
cs-iau-backend,104,Zain KSA,Zain Pioneers Program,61.5,61.49471379242795,0.00528620757204834,rubric_assisted_ridge,85,91
cs-iau-backend,105,Savvy Games Group,Cooperative Training Program (Co-op),52.5,52.494424192980205,0.00557580701979532,rubric_assisted_ridge,118,133
cs-iau-backend,106,Bank AlJazira,Tamheer Program,66.5,66.48494384299681,0.015056157003186854,rubric_assisted_ridge,64,77
cs-iau-backend,107,sirar by stc,Cooperative Training Program,75.5,75.48164776632217,0.01835223367783101,rubric_assisted_ridge,27,38
cs-iau-backend,108,Gathern,Co-op Program,75.5,75.48278975560584,0.017210244394163965,rubric_assisted_ridge,27,37
cs-iau-backend,109,Elm Company (شركة علم),Coop Training - Computer Science (Jan/Mar/Jun/Aug 2025 Intake),57.0,56.99621722654699,0.0037827734530111456,rubric_assisted_ridge,103,105
cs-iau-backend,110,Elm Company (شركة علم),Co-Op Training - Information Technology (Jun & Aug 2025 Intake),57.0,56.99288789350537,0.007112106494631121,rubric_assisted_ridge,103,106
cs-iau-backend,111,EJADA,COOP Administration & Support Engineer,52.5,52.49399166123425,0.0060083387657527965,rubric_assisted_ridge,118,134
cs-iau-backend,112,Emdad By Elm,Network Cooperative Training (Network Intern),51.5,51.516862909299924,0.016862909299923956,rubric_assisted_ridge,151,151
cs-iau-backend,113,AILA,Co-op Training Programme,71.0,71.00480491141546,0.004804911415462243,rubric_assisted_ridge,50,50
cs-iau-backend,114,Foodics,Foodics 360 Internship Program,67.0,67.00150686109282,0.0015068610928210546,rubric_assisted_ridge,56,58
cs-iau-backend,115,Salla,برنامج التدريب التعاوني (Coop Training) – Salla,47.0,47.00512053942117,0.005120539421170633,rubric_assisted_ridge,163,164
cs-iau-backend,116,Lucidya,Technical Internship or Coop – Lucidya,61.0,61.01364890749253,0.013648907492530782,rubric_assisted_ridge,99,99
cs-iau-backend,117,Diriyah Company,Diriyah Co-op Training Program,52.5,52.50174528623613,0.001745286236129573,rubric_assisted_ridge,118,125
cs-iau-backend,118,Riyadh Air,Co-op – Riyadh Air,52.5,52.49452097486905,0.005479025130952664,rubric_assisted_ridge,118,132
cs-iau-backend,119,Jahez Group,Jahez Internship Program (as described in Sustainability Report),62.5,62.498154304522224,0.0018456954777761325,rubric_assisted_ridge,81,81
cs-iau-backend,120,Lumi | لومي,COOP Intern 2025 – Lumi,52.5,52.503065228680605,0.003065228680604548,rubric_assisted_ridge,118,124
cs-iau-backend,121,webook.com,COOP Trainee Opportunities – webook.com,52.5,52.49378292753396,0.006217072466043305,rubric_assisted_ridge,118,136
cs-iau-backend,122,moneymoon,Tech & AI Co-op Program 2025,74.0,74.00018551394528,0.000185513945282878,rubric_assisted_ridge,41,41
cs-iau-backend,123,EjadTech - إيجاد التقنية,"Summer Internship Program 2025 (Computer, Data, and AI Majors)",86.5,86.47732075099634,0.022679249003658697,rubric_assisted_ridge,9,10
cs-iau-backend,124,InnovationTeam,Java Microservices Internship Programme (Saudi Nationals),86.5,86.47453536974135,0.025464630258653642,rubric_assisted_ridge,9,11
cs-iau-backend,125,Tamkeen Technologies,On the Job Training (Internship Program) — Technology field,67.0,67.00258189213795,0.0025818921379539006,rubric_assisted_ridge,56,57
cs-iau-backend,126,Trendyol Group,Trendyol Tech Talent - Bootcamp & COOP Internship Program (Saudi Students Only),55.0,54.9835256526005,0.01647434739950171,rubric_assisted_ridge,113,114
cs-iau-backend,127,Ninja نينجا,COOP Training Program,55.0,54.975297455172644,0.02470254482735612,rubric_assisted_ridge,113,115
cs-iau-backend,128,SCAI | سكاي,CO-OP Training Opportunities (Intern),78.5,78.49066331933776,0.009336680662244135,rubric_assisted_ridge,23,23
cs-iau-backend,129,WalaPlus,Coop & Tamheer Opportunities,61.5,61.4838643135441,0.016135686455896803,rubric_assisted_ridge,85,95
cs-iau-backend,130,Aon,IT Co-op Trainee 2026,61.5,61.47794174497257,0.022058255027431528,rubric_assisted_ridge,85,98
cs-iau-backend,131,Hewlett Packard Enterprise (HPE),College Intern (Coop),61.5,61.480442270355546,0.019557729644454014,rubric_assisted_ridge,85,96
cs-iau-backend,132,Signify,KSA Coop Internship Program,61.5,61.47892649913022,0.021073500869782436,rubric_assisted_ridge,85,97
cs-iau-backend,133,Help AG (e& enterprise),Cybersecurity Intern,62.5,62.47262742573311,0.027372574266891547,rubric_assisted_ridge,81,84
cs-iau-backend,134,TrendAI (Trend Micro),CyberGATE Internship Program,67.0,66.98305720715878,0.016942792841220466,rubric_assisted_ridge,56,61
cs-iau-backend,135,Golf Saudi,IT Co-op Trainee,75.5,75.47926388500902,0.02073611499098149,rubric_assisted_ridge,27,39
cs-iau-backend,136,Siemens Healthineers,Healthineers Early Talent Program – IT (Riyadh),71.5,71.47722883395205,0.022771166047945712,rubric_assisted_ridge,47,49
cs-iau-backend,137,1957 Ventures,Internship / Co-Op Program,75.5,75.47856646743392,0.021433532566078384,rubric_assisted_ridge,27,40
cs-iau-backend,138,Nokia,Graduate Trainee (Saudi Arabia) – Fledgers Program,74.0,73.98005697970616,0.01994302029383732,rubric_assisted_ridge,41,43
cs-iau-backend,139,Ericsson,Summer Interns (Ericsson Saudi),81.0,80.97343720474792,0.026562795252075944,rubric_assisted_ridge,20,22
cs-iau-backend,140,Bosch Middle East,Software Development Intern (AI/Cloud),88.5,88.48085277756037,0.019147222439627853,rubric_assisted_ridge,3,7
cs-iau-backend,141,Saudi Payments | المدفوعات السعودية,COOP Training – August 2024,71.0,70.981372571343,0.01862742865699829,rubric_assisted_ridge,50,51
cs-iau-backend,142,Saudi Tadawul Group | تداول,Cooperative Training Program (COOP),75.5,75.48959768807221,0.010402311927791175,rubric_assisted_ridge,27,33
cs-iau-backend,143,Lean Technologies,Software Engineering Intern – KSA,91.5,91.45835027662346,0.04164972337653694,rubric_assisted_ridge,1,2
cs-iau-backend,144,Mirai (Scopely) | مِراي,AI Engineering Intern (GenAI),88.5,88.49064890684892,0.009351093151082068,rubric_assisted_ridge,3,6
cs-iau-backend,145,HungerStation | هنقرستيشن,"Co-OP Trainee, Data Analysis – Info Sec",77.0,76.98291585475211,0.01708414524789248,rubric_assisted_ridge,24,24
cs-iau-backend,146,NCGR | المركز الوطني لنظم الموارد الحكومية,Coop Training Program,57.0,56.990132145702944,0.009867854297056056,rubric_assisted_ridge,103,107
cs-iau-backend,147,nybl,nybl Graduate Programme – Saudi Nationals (AI Bootcamp),66.5,66.4688711639752,0.03112883602480565,rubric_assisted_ridge,64,78
cs-iau-backend,148,Procter & Gamble (P&G),P&G LEADgen Internship Program 2026 (Riyadh),67.0,66.9790914451309,0.020908554869095042,rubric_assisted_ridge,56,62
cs-iau-backend,149,New Murabba | المربع الجديد,New Murabba Co-op Training Program,61.5,61.48972409062768,0.010275909372317926,rubric_assisted_ridge,85,94
cs-iau-backend,150,Boeing Saudi Arabia Limited,Intern - Info Technology & Data Analytics (Riyadh),81.0,80.99912084172261,0.0008791582773852724,rubric_assisted_ridge,20,20
cs-iau-backend,151,Motorola Solutions,Deployment Engineer Intern (KSA National - Tamheer Program),61.5,61.49391766260756,0.0060823373924421276,rubric_assisted_ridge,85,93
cs-iau-backend,152,Schneider Electric,Co-op Intern (Engineering) - Al Khobar (Jan–Aug 2026),51.5,51.515888249689894,0.015888249689893996,rubric_assisted_ridge,151,152
cs-iau-backend,153,Lockheed Martin,Tamheer Space Internship (Riyadh),61.5,61.4953752158136,0.004624784186397335,rubric_assisted_ridge,85,90
cs-iau-backend,154,Markaba | مركبة,Start-up Software Intern – TAMHEER (Saudi nationals only),73.5,73.487501483418,0.012498516581999297,rubric_assisted_ridge,44,45
cs-iau-backend,155,Laverne Group | مجموعة لافيرن,Data Analyst / Data Engineer Intern (IT Department),88.5,88.50402076895017,0.004020768950169895,rubric_assisted_ridge,3,3
cs-iau-backend,156,Meel | ميل,"Software Developer Internship (Remote, min 2 months)",86.5,86.49774082259043,0.0022591774095701567,rubric_assisted_ridge,9,9
cs-iau-backend,157,Nahdi Medical Co.,IT Internship / COOP Program (6 months),52.0,52.00789170228325,0.007891702283252755,rubric_assisted_ridge,150,150
cs-iau-backend,158,SMART Technology Solutions | سمارت لحلول التقنية,R&D Intern (Riyadh),85.5,85.49885480194419,0.00114519805580926,rubric_assisted_ridge,12,14
cs-iau-backend,159,Knodemy Inc.,AI Developer & Tech Trainer Intern - Riyadh,88.5,88.50009637549834,9.63754983445142e-05,rubric_assisted_ridge,3,4
cs-iau-backend,160,Water Transmission Company | شركة نقل المياه,Tamheer Internship Program (HRIS / Engineering & PM - Riyadh),75.5,75.49426592825911,0.005734071740889135,rubric_assisted_ridge,27,30
cs-iau-backend,161,AFNOYS,"AI Automation Intern - KSA (Remote, 4 weeks)",76.0,76.00115017738416,0.001150177384161566,rubric_assisted_ridge,26,26
cs-iau-backend,162,SAS,CareerStart@SAS 2026 - Presales Customer Intelligence Intern (Riyadh),82.5,82.4799162431218,0.020083756878193526,rubric_assisted_ridge,17,19
cs-iau-backend,163,Devoteam,Trainee - Future Leaders Program (Co-op/Fresh Graduate),73.5,73.50047310209754,0.00047310209754414245,rubric_assisted_ridge,44,44
cs-iau-backend,164,ضالتي Dhallaty,Tech Intern: Fresh Grad or Student,82.5,82.48395701326632,0.01604298673368021,rubric_assisted_ridge,17,17
cs-iau-backend,165,Innovative Solutions SA,Presales - Tamheer,50.5,50.478442621516336,0.02155737848366357,rubric_assisted_ridge,153,154
cs-iau-backend,166,HUMAIN,Tamheer Program (Software Engineer / Cybersecurity / MIS),73.5,73.46959649691584,0.030403503084158956,rubric_assisted_ridge,44,46
cs-iau-backend,167,TAM | تام,"Tamheer Opportunity, Advisory",36.5,36.4418285818316,0.058171418168399214,rubric_assisted_ridge,171,171
cs-iau-backend,168,هيئة التأمين | Insurance Authority,Tamheer Opportunity - Specialist of Information Security,50.5,50.46762564761394,0.032374352386057126,rubric_assisted_ridge,153,156
cs-iau-backend,169,Snbla | سنبله,Paid Internship Program (FinTech),82.5,82.48316781314853,0.016832186851473807,rubric_assisted_ridge,17,18
cs-iau-backend,170,2P Perfect Presentation,Data Analyst (Tamheer),69.0,68.95740965208492,0.04259034791508043,rubric_assisted_ridge,54,55
cs-iau-backend,171,Infosys,Summer Intern (Infosys InStep ’26 – Bangalore),55.5,55.48844684304658,0.011553156953418409,rubric_assisted_ridge,110,111
cs-iau-backend,172,شركة الخدمات المدارة | Managed Services Company,Intern Cybersecurity Engineer,69.5,69.49273588424568,0.007264115754324507,rubric_assisted_ridge,53,53
cs-iau-backend,173,Abunayyan Holding,Data Analyst (Tamheer),69.0,68.9614160651382,0.03858393486180489,rubric_assisted_ridge,54,54
ds-scientist-jeddah,1,Saudi Aramco,University Internship Program (UIP),38.5,38.50742316840531,0.007423168405310321,rubric_assisted_ridge,108,131
ds-scientist-jeddah,2,SABIC,COOP Training Program,41.5,41.49629410696123,0.003705893038770114,rubric_assisted_ridge,100,100
ds-scientist-jeddah,3,stc (Saudi Telecom Company),Cooperative Training Program (COOP),38.5,38.53878717148672,0.0387871714867174,rubric_assisted_ridge,108,108
ds-scientist-jeddah,4,Saudi National Bank (SNB),SNB Cooperative Training Program,60.33,60.34264565141035,0.012645651410352343,rubric_assisted_ridge,8,9
ds-scientist-jeddah,5,Al Rajhi Bank,Cooperative Training Program,60.33,60.340514644806284,0.01051464480628539,rubric_assisted_ridge,8,10
ds-scientist-jeddah,6,Capital Market Authority (CMA),COOP Program,47.83,47.847474883373806,0.01747488337380787,rubric_assisted_ridge,59,59
ds-scientist-jeddah,7,Digital Government Authority (DGA),Maidan Cooperative Training Program,38.5,38.51659361561043,0.016593615610432266,rubric_assisted_ridge,108,117
ds-scientist-jeddah,8,KPMG Saudi Arabia,COOP & Internship Programs,43.5,43.483474952008336,0.016525047991663655,rubric_assisted_ridge,74,76
ds-scientist-jeddah,9,PwC Middle East,"Deals, COOP and Summer Internship Programme (2026)",43.0,43.01502828883564,0.015028288835637227,rubric_assisted_ridge,80,87
ds-scientist-jeddah,10,Deloitte Middle East (KSA),Jusoor Al Sharqiyah Internship Program,33.0,33.00903446771149,0.009034467711487082,rubric_assisted_ridge,147,157
ds-scientist-jeddah,11,Bank Albilad,Cooperative & Summer Training Program,60.33,60.33654280964866,0.006542809648664161,rubric_assisted_ridge,8,12
ds-scientist-jeddah,12,Tamara,Tamara Builders Program,55.33,55.3626598656058,0.03265986560580103,rubric_assisted_ridge,21,21
ds-scientist-jeddah,13,Bupa Arabia,Cooperative Training Program,38.5,38.50873069707332,0.008730697073318083,rubric_assisted_ridge,108,130
ds-scientist-jeddah,14,Saudi Exports (Saudi Export Development Authority),COOP & Summer Training (FAQ-confirmed),43.5,43.47637317619492,0.023626823805081187,rubric_assisted_ridge,74,77
ds-scientist-jeddah,15,Local Content and Government Procurement Authority (LCGPA),COOP Training (role posting),38.5,38.4954495409018,0.004550459098197734,rubric_assisted_ridge,108,139
ds-scientist-jeddah,16,McKinsey & Company (Maqdira),Maqdira Fellowship Program,43.0,43.02739290778361,0.027392907783607257,rubric_assisted_ridge,80,80
ds-scientist-jeddah,17,Boston Consulting Group (BCG),Visiting Associate Internship (Riyadh),38.5,38.51237423772217,0.012374237722170278,rubric_assisted_ridge,108,126
ds-scientist-jeddah,18,Bain & Company,COOP Training Program (Riyadh),38.5,38.50159277757464,0.001592777574643378,rubric_assisted_ridge,108,134
ds-scientist-jeddah,19,Amazon Web Services (AWS),IT/Computer Hardware Internship (Intern-to-FTE Pathway),33.0,33.01822030826645,0.018220308266450047,rubric_assisted_ridge,147,153
ds-scientist-jeddah,20,Amazon Web Services (AWS) - Associate Solutions Architect Intern,Associate Solutions Architect Intern (2026),33.0,33.019105498455744,0.01910549845574394,rubric_assisted_ridge,147,151
ds-scientist-jeddah,21,Google (Saudi Arabia),Google Careers (Saudi location filter),34.5,34.5147714629587,0.014771462958698578,rubric_assisted_ridge,144,144
ds-scientist-jeddah,22,BlackRock,Client & Product Summer Internship Programme (EMEA) - includes Riyadh,47.17,47.1734145333167,0.0034145333167003855,rubric_assisted_ridge,64,64
ds-scientist-jeddah,23,noon,Student Internship,28.5,28.497474948633315,0.00252505136668546,rubric_assisted_ridge,163,167
ds-scientist-jeddah,24,MOZN,Data Science Intern,56.83,56.843834295049916,0.013834295049917955,rubric_assisted_ridge,17,20
ds-scientist-jeddah,25,Elm,Elm Co-op Training Program (March 2026 Intake),38.5,38.50139641292253,0.0013964129225314537,rubric_assisted_ridge,108,135
ds-scientist-jeddah,26,Yasref,Yasref Cooperative Training Program,46.0,46.00739567025783,0.007395670257828613,rubric_assisted_ridge,68,68
ds-scientist-jeddah,27,"Saudi Standards, Metrology and Quality Organization (SASO)",Cooperative Training (Collaborative Training),43.0,43.00833531179991,0.008335311799910983,rubric_assisted_ridge,80,91
ds-scientist-jeddah,28,"Zakat, Tax and Customs Authority (ZATCA)",Binaa-Alkafaat Program,33.5,33.48216482375935,0.017835176240652117,rubric_assisted_ridge,145,146
ds-scientist-jeddah,29,Human Resources Development Fund (HRDF) – Cooperative Training Product,Cooperative Training (HRDF product),20.5,20.451165940171343,0.04883405982865696,rubric_assisted_ridge,172,173
ds-scientist-jeddah,30,EXPRO,COOP Training (Future Makers Program),38.5,38.50107132277333,0.0010713227733276653,rubric_assisted_ridge,108,136
ds-scientist-jeddah,31,Ministry of Industry and Mineral Resources (MIM) – Cooperative Training Initiative,Cooperative Training Initiative,20.5,20.463681193312688,0.03631880668731213,rubric_assisted_ridge,172,172
ds-scientist-jeddah,32,TBC (The Beauty Company),Cooperative Training Program,43.5,43.472549968061564,0.02745003193843587,rubric_assisted_ridge,74,78
ds-scientist-jeddah,33,National Center for Vegetation Cover Development & Combating Desertification (NCVC),COOP Training Program,38.5,38.50317846268105,0.0031784626810491545,rubric_assisted_ridge,108,133
ds-scientist-jeddah,34,Saudi Power Procurement Company (SPPC),Future Power – COOP Training Program,38.5,38.49671922750869,0.0032807724913084257,rubric_assisted_ridge,108,138
ds-scientist-jeddah,35,TBC (Tatweer Building Company),Cooperative Training Program,38.5,38.51830620617318,0.018306206173178907,rubric_assisted_ridge,108,114
ds-scientist-jeddah,36,PwC Middle East (Assurance COOP & Summer Internship Programme 2026),"Assurance, COOP and Summer Internship Programme 2026 – Middle East",43.0,43.015121732440875,0.01512173244087478,rubric_assisted_ridge,80,86
ds-scientist-jeddah,37,KAPSARC,Intern (Coop- Trainee),56.83,56.84641164025431,0.01641164025431152,rubric_assisted_ridge,17,18
ds-scientist-jeddah,38,BSF (Banque Saudi Fransi),COOP / Internship,48.5,48.460011802505115,0.03998819749488547,rubric_assisted_ridge,55,56
ds-scientist-jeddah,39,Saudi Food & Drug Authority (SFDA),COOP training (First semester 2025-2026 intake),43.5,43.50517052928559,0.0051705292855928064,rubric_assisted_ridge,74,74
ds-scientist-jeddah,40,Saudi Power Procurement Company (SPPC) – Future Power (Business Admin COOP),Future Power – Business Administration COOP Training Program,38.5,38.501028885831445,0.0010288858314453364,rubric_assisted_ridge,108,137
ds-scientist-jeddah,41,Bank Albilad,Cooperative and Summer Training Program,55.33,55.34972323767497,0.01972323767497386,rubric_assisted_ridge,21,30
ds-scientist-jeddah,42,The Saudi National Bank (SNB),SNB Rowad Program,45.33,45.35037811789538,0.02037811789538324,rubric_assisted_ridge,69,71
ds-scientist-jeddah,43,National Cybersecurity Authority (NCA) – Academy,Cybersecurity training programs (academy),33.5,33.521423346689446,0.021423346689445566,rubric_assisted_ridge,145,145
ds-scientist-jeddah,44,PIF | Graduate Development Program,Graduate Development Program (GDP),47.17,47.17230549704485,0.002305497044851279,rubric_assisted_ridge,64,65
ds-scientist-jeddah,45,NEOM | GrOW (Graduates Opportunities in Work),GrOW (Graduates Opportunities in Work),36.0,36.00008346735093,8.346735093311963e-05,rubric_assisted_ridge,141,142
ds-scientist-jeddah,46,ROSHN | COOP Trainee Program,COOP Trainee Program,38.5,38.505631855256624,0.005631855256623908,rubric_assisted_ridge,108,132
ds-scientist-jeddah,47,Microsoft | Ru'aa Program (Riyadh),Ru'aa Program Internship (Solution Engineering),49.83,49.86735763119035,0.0373576311903534,rubric_assisted_ridge,51,52
ds-scientist-jeddah,48,Oracle | Business Development Intern (KSA market),Business Development Intern (KSA market),31.5,31.48646330462717,0.013536695372831531,rubric_assisted_ridge,159,161
ds-scientist-jeddah,49,SAP | Student Internship (Riyadh),Student Internship - Riyadh,28.5,28.5157642047196,0.015764204719598496,rubric_assisted_ridge,163,165
ds-scientist-jeddah,50,SAB (Saudi Awwal Bank) | Cooperative Training Programme (COOP),SAB Cooperative Training Programme (COOP),55.33,55.3523631229972,0.02236312299719856,rubric_assisted_ridge,21,29
ds-scientist-jeddah,51,Ministry of Finance (Saudi Arabia) | Cooperative Training Program,Cooperative Training Program,36.5,36.52277628201013,0.022776282010127602,rubric_assisted_ridge,140,140
ds-scientist-jeddah,52,Ministry of Industry and Mineral Resources | Cooperative Training,Cooperative Training Initiative,41.5,41.47767336289119,0.022326637108811553,rubric_assisted_ridge,100,102
ds-scientist-jeddah,53,King Fahd Causeway Authority | Internship Program,Internship Program,36.0,35.994387707026874,0.005612292973125932,rubric_assisted_ridge,141,143
ds-scientist-jeddah,54,Tawuniya | Tamheer Program (Fresh Graduates),Tamheer Program,36.0,36.021618156542914,0.02161815654291388,rubric_assisted_ridge,141,141
ds-scientist-jeddah,55,SAMA | SAMA Professional Program (SPP),SAMA Professional Program (SPP),26.5,26.512174627457394,0.012174627457394394,rubric_assisted_ridge,168,168
ds-scientist-jeddah,56,HRDF | Cooperative Training Product,Cooperative Training Product,41.5,41.48031836189352,0.01968163810648349,rubric_assisted_ridge,100,101
ds-scientist-jeddah,57,IBM,"Automation, Data & AI – Intern",43.33,43.37483783245418,0.044837832454184934,rubric_assisted_ridge,79,79
ds-scientist-jeddah,58,Unifonic,Internship (Unifonic),33.0,33.025283914853105,0.025283914853105216,rubric_assisted_ridge,147,149
ds-scientist-jeddah,59,Misk Foundation,Misk Traineeship / Internship Program,31.5,31.520207227347004,0.02020722734700442,rubric_assisted_ridge,159,159
ds-scientist-jeddah,60,Cisco,Cisco NetVersity (Saudi Arabia),41.0,41.00464074482133,0.004640744821330145,rubric_assisted_ridge,103,104
ds-scientist-jeddah,61,KAUST,Visiting Student Research Program (VSRP) Internship,49.83,49.8371078583601,0.0071078583601007495,rubric_assisted_ridge,51,54
ds-scientist-jeddah,62,General Authority for Statistics (GASTAT),Cooperative Training Program,57.17,57.19215713467891,0.022157134678906232,rubric_assisted_ridge,15,16
ds-scientist-jeddah,63,Saudi Center for Opinion Polling (SCOP),Cooperative Training Program,57.17,57.192366938212345,0.022366938212343257,rubric_assisted_ridge,15,15
ds-scientist-jeddah,64,Al Rajhi Takaful,Cooperative Training Program,55.33,55.35766297605068,0.027662976050685018,rubric_assisted_ridge,21,25
ds-scientist-jeddah,65,Expenditure & Projects Efficiency Authority (EXPRO),Future Makers (صنّاع المستقبل) – Cooperative Training,38.5,38.5264932545129,0.026493254512899966,rubric_assisted_ridge,108,110
ds-scientist-jeddah,66,Ministry of Finance (Saudi Arabia),Cooperative Training Program (Ministry of Finance),38.5,38.531032295894335,0.03103229589433454,rubric_assisted_ridge,108,109
ds-scientist-jeddah,67,General Entertainment Authority (GEA),GEA Cooperative Training Program,38.5,38.52553300256264,0.02553300256263924,rubric_assisted_ridge,108,111
ds-scientist-jeddah,68,Banque Saudi Fransi (BSF),COOP Training,38.5,38.51002802767137,0.010028027671367568,rubric_assisted_ridge,108,128
ds-scientist-jeddah,69,Arab National Bank (ANB),COOP Trainee,55.33,55.34409603618493,0.014096036184930938,rubric_assisted_ridge,21,33
ds-scientist-jeddah,70,Tamara,Builders Program,55.33,55.35715097842334,0.02715097842334302,rubric_assisted_ridge,21,26
ds-scientist-jeddah,71,OmniOps,Co‑op Training Program,62.83,62.85387840959719,0.023878409597195116,rubric_assisted_ridge,3,3
ds-scientist-jeddah,72,Tatweer Educational Technologies (TETCO),Cooperative Training Program,52.33,52.355753336223145,0.025753336223147016,rubric_assisted_ridge,37,37
ds-scientist-jeddah,73,The Saudi Investment Bank (SAIB),Cooperative Program,55.33,55.36087270621841,0.03087270621841043,rubric_assisted_ridge,21,24
ds-scientist-jeddah,74,Saudi Awwal Bank (SAB),COOP Program,55.33,55.35348559026813,0.023485590268130352,rubric_assisted_ridge,21,28
ds-scientist-jeddah,75,Riyad Bank,Internships and Coop Trainings (CSR 2019),55.33,55.3495519689514,0.01955196895140432,rubric_assisted_ridge,21,31
ds-scientist-jeddah,76,Tabby,Intern DevOps Engineer,50.33,50.352140688632524,0.022140688632525496,rubric_assisted_ridge,48,49
ds-scientist-jeddah,77,Tabby,Intern Backend (GO) Engineer,52.33,52.34897521609266,0.01897521609266306,rubric_assisted_ridge,37,43
ds-scientist-jeddah,78,Tabby,Intern Frontend Engineer,45.33,45.36501663758783,0.035016637587830246,rubric_assisted_ridge,69,70
ds-scientist-jeddah,79,Tabby,Intern Data Engineer,50.83,50.870179641394905,0.04017964139490715,rubric_assisted_ridge,47,47
ds-scientist-jeddah,80,Tabby,No-Code / AI Agents Engineering Intern,45.33,45.367658840273805,0.037658840273806504,rubric_assisted_ridge,69,69
ds-scientist-jeddah,81,Bank Albilad,Cooperative Training Program,60.33,60.33880338839047,0.00880338839046857,rubric_assisted_ridge,8,11
ds-scientist-jeddah,82,Saudi Ground Services (SGS),COOP Program,48.5,48.468429137854535,0.03157086214546467,rubric_assisted_ridge,55,55
ds-scientist-jeddah,83,CEER,Cooperative Training Program (COOP),38.5,38.51173111569145,0.011731115691446803,rubric_assisted_ridge,108,127
ds-scientist-jeddah,84,Al Rajhi Takaful,Coop Training Program,55.33,55.35516204726498,0.02516204726498472,rubric_assisted_ridge,21,27
ds-scientist-jeddah,85,TAWAL,COOP Training Program,52.33,52.35330338974732,0.02330338974731916,rubric_assisted_ridge,37,39
ds-scientist-jeddah,86,Wakeb_Data,COOP Training,55.33,55.361740293105484,0.03174029310548576,rubric_assisted_ridge,21,22
ds-scientist-jeddah,87,Banque Saudi Fransi (BSF),Coop Training Program,38.5,38.50924194152829,0.009241941528287612,rubric_assisted_ridge,108,129
ds-scientist-jeddah,88,Tech Economy,COOP Training Program,38.5,38.517552288795684,0.01755228879568449,rubric_assisted_ridge,108,115
ds-scientist-jeddah,89,SAMI Advanced Electronics (SAMI-AEC),Coop Trainee,38.5,38.51529298717881,0.015292987178810336,rubric_assisted_ridge,108,121
ds-scientist-jeddah,90,NHC,COOP Trainee,43.5,43.493747808652024,0.006252191347975611,rubric_assisted_ridge,74,75
ds-scientist-jeddah,91,REMAT ADVANCED,Cooperative Training Program,43.0,43.021079567343165,0.02107956734316474,rubric_assisted_ridge,80,82
ds-scientist-jeddah,92,SDM,AI COOP,61.83,61.86875225923592,0.038752259235920405,rubric_assisted_ridge,6,6
ds-scientist-jeddah,93,HUED,HUED COOP Program 2026,52.33,52.35028638892623,0.02028638892623036,rubric_assisted_ridge,37,40
ds-scientist-jeddah,94,Araamis • أرامس,Araamis COOP Program 2026,56.83,56.851562789447335,0.02156278944733714,rubric_assisted_ridge,17,17
ds-scientist-jeddah,95,ARDARA,COOP Training for Students,38.5,38.51488425303978,0.01488425303978147,rubric_assisted_ridge,108,123
ds-scientist-jeddah,96,flynas,COOP Trainee / Internship Program,43.0,43.01686239581073,0.016862395810733233,rubric_assisted_ridge,80,85
ds-scientist-jeddah,97,Saudi Motorsport Company (SMC),COOP Trainee (IT Asset Project Management),62.33,62.31036327408192,0.01963672591807608,rubric_assisted_ridge,5,5
ds-scientist-jeddah,98,Saudi Motorsport Company (SMC),COOP Trainee (Supply Chain Excellence Associate),60.5,60.484616206970024,0.015383793029975834,rubric_assisted_ridge,7,7
ds-scientist-jeddah,99,Mobily,Cooperative Training Program,38.5,38.516195412629514,0.016195412629514294,rubric_assisted_ridge,108,119
ds-scientist-jeddah,100,Saudi Awwal Bank (SAB),Student Opportunities: Cooperative / Practical Training,55.33,55.36130064404891,0.03130064404891186,rubric_assisted_ridge,21,23
ds-scientist-jeddah,101,Alvarez & Marsal,COOP Training Program,38.5,38.51366669651483,0.01366669651483221,rubric_assisted_ridge,108,125
ds-scientist-jeddah,102,Visa,COOP Trainee (Jan 2026),38.5,38.51511304049393,0.015113040493929475,rubric_assisted_ridge,108,122
ds-scientist-jeddah,103,Zain KSA,Evolve Program (Fresh Graduates),28.5,28.517131160230218,0.017131160230217546,rubric_assisted_ridge,163,164
ds-scientist-jeddah,104,Zain KSA,Zain Pioneers Program,33.0,33.01684534671617,0.016845346716166887,rubric_assisted_ridge,147,154
ds-scientist-jeddah,105,Savvy Games Group,Cooperative Training Program (Co-op),38.5,38.51465387473152,0.01465387473152191,rubric_assisted_ridge,108,124
ds-scientist-jeddah,106,Bank AlJazira,Tamheer Program,45.33,45.34662487418506,0.01662487418506231,rubric_assisted_ridge,69,72
ds-scientist-jeddah,107,sirar by stc,Cooperative Training Program,52.33,52.349440059881736,0.019440059881738136,rubric_assisted_ridge,37,42
ds-scientist-jeddah,108,Gathern,Co-op Program,62.83,62.85203423025283,0.02203423025283513,rubric_assisted_ridge,3,4
ds-scientist-jeddah,109,Elm Company (شركة علم),Coop Training - Computer Science (Jan/Mar/Jun/Aug 2025 Intake),43.0,43.02183067527391,0.021830675273911027,rubric_assisted_ridge,80,81
ds-scientist-jeddah,110,Elm Company (شركة علم),Co-Op Training - Information Technology (Jun & Aug 2025 Intake),43.0,43.01984275364487,0.019842753644873312,rubric_assisted_ridge,80,83
ds-scientist-jeddah,111,EJADA,COOP Administration & Support Engineer,38.5,38.520770943559356,0.020770943559355715,rubric_assisted_ridge,108,112
ds-scientist-jeddah,112,Emdad By Elm,Network Cooperative Training (Network Intern),53.0,52.99129858143711,0.008701418562893082,rubric_assisted_ridge,35,35
ds-scientist-jeddah,113,AILA,Co-op Training Programme,60.33,60.35502626855462,0.02502626855461898,rubric_assisted_ridge,8,8
ds-scientist-jeddah,114,Foodics,Foodics 360 Internship Program,33.0,33.028462164557965,0.028462164557964797,rubric_assisted_ridge,147,148
ds-scientist-jeddah,115,Salla,برنامج التدريب التعاوني (Coop Training) – Salla,43.0,42.99396879809166,0.006031201908342609,rubric_assisted_ridge,80,95
ds-scientist-jeddah,116,Lucidya,Technical Internship or Coop – Lucidya,69.83,69.82337974895955,0.006620251040445169,rubric_assisted_ridge,1,1
ds-scientist-jeddah,117,Diriyah Company,Diriyah Co-op Training Program,38.5,38.51719424695412,0.017194246954119308,rubric_assisted_ridge,108,116
ds-scientist-jeddah,118,Riyadh Air,Co-op – Riyadh Air,38.5,38.516421799389576,0.01642179938957611,rubric_assisted_ridge,108,118
ds-scientist-jeddah,119,Jahez Group,Jahez Internship Program (as described in Sustainability Report),28.5,28.526182524573155,0.026182524573155064,rubric_assisted_ridge,163,163
ds-scientist-jeddah,120,Lumi | لومي,COOP Intern 2025 – Lumi,38.5,38.52044474488223,0.020444744882226473,rubric_assisted_ridge,108,113
ds-scientist-jeddah,121,webook.com,COOP Trainee Opportunities – webook.com,38.5,38.51554401785586,0.015544017855859238,rubric_assisted_ridge,108,120
ds-scientist-jeddah,122,moneymoon,Tech & AI Co-op Program 2025,57.33,57.37534316860422,0.045343168604219386,rubric_assisted_ridge,14,14
ds-scientist-jeddah,123,EjadTech - إيجاد التقنية,"Summer Internship Program 2025 (Computer, Data, and AI Majors)",52.83,52.856863276451335,0.026863276451337015,rubric_assisted_ridge,36,36
ds-scientist-jeddah,124,InnovationTeam,Java Microservices Internship Programme (Saudi Nationals),42.33,42.36270089366058,0.03270089366058215,rubric_assisted_ridge,96,98
ds-scientist-jeddah,125,Tamkeen Technologies,On the Job Training (Internship Program) — Technology field,33.0,33.03426879478421,0.034268794784210854,rubric_assisted_ridge,147,147
ds-scientist-jeddah,126,Trendyol Group,Trendyol Tech Talent - Bootcamp & COOP Internship Program (Saudi Students Only),41.0,41.01845507508144,0.018455075081440953,rubric_assisted_ridge,103,103
ds-scientist-jeddah,127,Ninja نينجا,COOP Training Program,41.0,41.00116604793647,0.0011660479364721255,rubric_assisted_ridge,103,105
ds-scientist-jeddah,128,SCAI | سكاي,CO-OP Training Opportunities (Intern),58.83,58.86031854699748,0.03031854699748493,rubric_assisted_ridge,13,13
ds-scientist-jeddah,129,WalaPlus,Coop & Tamheer Opportunities,43.0,43.01112655138641,0.011126551386411165,rubric_assisted_ridge,80,90
ds-scientist-jeddah,130,Aon,IT Co-op Trainee 2026,43.0,43.00705751884831,0.007057518848313293,rubric_assisted_ridge,80,92
ds-scientist-jeddah,131,Hewlett Packard Enterprise (HPE),College Intern (Coop),43.0,43.00611599767288,0.006115997672878848,rubric_assisted_ridge,80,93
ds-scientist-jeddah,132,Signify,KSA Coop Internship Program,43.0,43.0055449990716,0.005544999071602774,rubric_assisted_ridge,80,94
ds-scientist-jeddah,133,Help AG (e& enterprise),Cybersecurity Intern,28.5,28.507616694199218,0.007616694199217733,rubric_assisted_ridge,163,166
ds-scientist-jeddah,134,TrendAI (Trend Micro),CyberGATE Internship Program,33.0,33.0187697262802,0.018769726280197574,rubric_assisted_ridge,147,152
ds-scientist-jeddah,135,Golf Saudi,IT Co-op Trainee,52.33,52.35026195645397,0.020261956453971663,rubric_assisted_ridge,37,41
ds-scientist-jeddah,136,Siemens Healthineers,Healthineers Early Talent Program – IT (Riyadh),33.0,33.01255154317869,0.012551543178688007,rubric_assisted_ridge,147,156
ds-scientist-jeddah,137,1957 Ventures,Internship / Co-Op Program,55.33,55.34798338932471,0.017983389324712107,rubric_assisted_ridge,21,32
ds-scientist-jeddah,138,Nokia,Graduate Trainee (Saudi Arabia) – Fledgers Program,51.83,51.85852613555781,0.02852613555781147,rubric_assisted_ridge,44,46
ds-scientist-jeddah,139,Ericsson,Summer Interns (Ericsson Saudi),42.33,42.348371507168636,0.01837150716863789,rubric_assisted_ridge,96,99
ds-scientist-jeddah,140,Bosch Middle East,Software Development Intern (AI/Cloud),54.83,54.860369156330684,0.0303691563306856,rubric_assisted_ridge,34,34
ds-scientist-jeddah,141,Saudi Payments | المدفوعات السعودية,COOP Training – August 2024,56.83,56.84574246369429,0.015742463694294884,rubric_assisted_ridge,17,19
ds-scientist-jeddah,142,Saudi Tadawul Group | تداول,Cooperative Training Program (COOP),52.33,52.35528612528292,0.025286125282924843,rubric_assisted_ridge,37,38
ds-scientist-jeddah,143,Lean Technologies,Software Engineering Intern – KSA,46.33,46.33960055003789,0.009600550037895061,rubric_assisted_ridge,67,67
ds-scientist-jeddah,144,Mirai (Scopely) | مِراي,AI Engineering Intern (GenAI),51.83,51.868258558163824,0.038258558163825285,rubric_assisted_ridge,44,45
ds-scientist-jeddah,145,HungerStation | هنقرستيشن,"Co-OP Trainee, Data Analysis – Info Sec",63.83,63.860585440168926,0.03058544016892739,rubric_assisted_ridge,2,2
ds-scientist-jeddah,146,NCGR | المركز الوطني لنظم الموارد الحكومية,Coop Training Program,43.0,43.01271594546864,0.012715945468642076,rubric_assisted_ridge,80,89
ds-scientist-jeddah,147,nybl,nybl Graduate Programme – Saudi Nationals (AI Bootcamp),49.83,49.84235535243682,0.01235535243682051,rubric_assisted_ridge,51,53
ds-scientist-jeddah,148,Procter & Gamble (P&G),P&G LEADgen Internship Program 2026 (Riyadh),33.0,33.00815874073338,0.008158740733378522,rubric_assisted_ridge,147,158
ds-scientist-jeddah,149,New Murabba | المربع الجديد,New Murabba Co-op Training Program,43.0,43.016978914217326,0.01697891421732578,rubric_assisted_ridge,80,84
ds-scientist-jeddah,150,Boeing Saudi Arabia Limited,Intern - Info Technology & Data Analytics (Riyadh),49.83,49.872557063694266,0.04255706369426804,rubric_assisted_ridge,51,51
ds-scientist-jeddah,151,Motorola Solutions,Deployment Engineer Intern (KSA National - Tamheer Program),33.0,33.019242001041036,0.019242001041035905,rubric_assisted_ridge,147,150
ds-scientist-jeddah,152,Schneider Electric,Co-op Intern (Engineering) - Al Khobar (Jan–Aug 2026),43.0,43.01309964256404,0.013099642564043279,rubric_assisted_ridge,80,88
ds-scientist-jeddah,153,Lockheed Martin,Tamheer Space Internship (Riyadh),33.0,33.01526104508184,0.015261045081842894,rubric_assisted_ridge,147,155
ds-scientist-jeddah,154,Markaba | مركبة,Start-up Software Intern – TAMHEER (Saudi nationals only),40.33,40.355311600003446,0.02531160000344812,rubric_assisted_ridge,106,106
ds-scientist-jeddah,155,Laverne Group | مجموعة لافيرن,Data Analyst / Data Engineer Intern (IT Department),51.83,51.87918909833447,0.04918909833447316,rubric_assisted_ridge,44,44
ds-scientist-jeddah,156,Meel | ميل,"Software Developer Internship (Remote, min 2 months)",47.33,47.339814104659894,0.009814104659895406,rubric_assisted_ridge,62,63
ds-scientist-jeddah,157,Nahdi Medical Co.,IT Internship / COOP Program (6 months),48.0,48.00157622167921,0.001576221679208345,rubric_assisted_ridge,58,58
ds-scientist-jeddah,158,SMART Technology Solutions | سمارت لحلول التقنية,R&D Intern (Riyadh),42.33,42.363241433154215,0.03324143315421679,rubric_assisted_ridge,96,97
ds-scientist-jeddah,159,Knodemy Inc.,AI Developer & Tech Trainer Intern - Riyadh,47.33,47.37401047720836,0.044010477208360044,rubric_assisted_ridge,62,62
ds-scientist-jeddah,160,Water Transmission Company | شركة نقل المياه,Tamheer Internship Program (HRIS / Engineering & PM - Riyadh),42.33,42.36563004377739,0.03563004377738821,rubric_assisted_ridge,96,96
ds-scientist-jeddah,161,AFNOYS,"AI Automation Intern - KSA (Remote, 4 weeks)",50.33,50.344028073258265,0.014028073258266716,rubric_assisted_ridge,48,50
ds-scientist-jeddah,162,SAS,CareerStart@SAS 2026 - Presales Customer Intelligence Intern (Riyadh),48.33,48.357127548623325,0.027127548623326447,rubric_assisted_ridge,57,57
ds-scientist-jeddah,163,Devoteam,Trainee - Future Leaders Program (Co-op/Fresh Graduate),50.33,50.36690035366451,0.03690035366451383,rubric_assisted_ridge,48,48
ds-scientist-jeddah,164,ضالتي Dhallaty,Tech Intern: Fresh Grad or Student,43.83,43.85698501404465,0.02698501404465503,rubric_assisted_ridge,73,73
ds-scientist-jeddah,165,Innovative Solutions SA,Presales - Tamheer,26.5,26.50811505599751,0.008115055997510723,rubric_assisted_ridge,168,169
ds-scientist-jeddah,166,HUMAIN,Tamheer Program (Software Engineer / Cybersecurity / MIS),40.33,40.33856900640033,0.00856900640032876,rubric_assisted_ridge,106,107
ds-scientist-jeddah,167,TAM | تام,"Tamheer Opportunity, Advisory",26.5,26.436484157637313,0.06351584236268693,rubric_assisted_ridge,168,171
ds-scientist-jeddah,168,هيئة التأمين | Insurance Authority,Tamheer Opportunity - Specialist of Information Security,26.5,26.498868667982602,0.0011313320173975683,rubric_assisted_ridge,168,170
ds-scientist-jeddah,169,Snbla | سنبله,Paid Internship Program (FinTech),46.83,46.855811704488104,0.025811704488106102,rubric_assisted_ridge,66,66
ds-scientist-jeddah,170,2P Perfect Presentation,Data Analyst (Tamheer),47.83,47.82723583723446,0.002764162765537037,rubric_assisted_ridge,59,61
ds-scientist-jeddah,171,Infosys,Summer Intern (Infosys InStep ’26 – Bangalore),31.5,31.49175613332471,0.00824386667528998,rubric_assisted_ridge,159,160
ds-scientist-jeddah,172,شركة الخدمات المدارة | Managed Services Company,Intern Cybersecurity Engineer,31.0,31.013905912387035,0.013905912387034647,rubric_assisted_ridge,162,162
ds-scientist-jeddah,173,Abunayyan Holding,Data Analyst (Tamheer),47.83,47.83019618425689,0.00019618425689316155,rubric_assisted_ridge,59,60
ds-remote-coop,1,Saudi Aramco,University Internship Program (UIP),40.0,40.00915402996782,0.009154029967817223,rubric_assisted_ridge,88,113
ds-remote-coop,2,SABIC,COOP Training Program,38.0,38.013196804528725,0.013196804528725181,rubric_assisted_ridge,133,133
ds-remote-coop,3,stc (Saudi Telecom Company),Cooperative Training Program (COOP),40.0,40.04272390140878,0.042723901408777465,rubric_assisted_ridge,88,88
ds-remote-coop,4,Saudi National Bank (SNB),SNB Cooperative Training Program,44.67,44.70321736081239,0.03321736081238669,rubric_assisted_ridge,29,32
ds-remote-coop,5,Al Rajhi Bank,Cooperative Training Program,44.67,44.70147932327427,0.03147932327426872,rubric_assisted_ridge,29,34
ds-remote-coop,6,Capital Market Authority (CMA),COOP Program,44.67,44.69286132676433,0.022861326764328282,rubric_assisted_ridge,29,41
ds-remote-coop,7,Digital Government Authority (DGA),Maidan Cooperative Training Program,40.0,40.0196507858611,0.019650785861102804,rubric_assisted_ridge,88,98
ds-remote-coop,8,KPMG Saudi Arabia,COOP & Internship Programs,40.0,39.99965173909087,0.0003482609091278732,rubric_assisted_ridge,88,120
ds-remote-coop,9,PwC Middle East,"Deals, COOP and Summer Internship Programme (2026)",44.5,44.517330986763014,0.01733098676301381,rubric_assisted_ridge,43,53
ds-remote-coop,10,Deloitte Middle East (KSA),Jusoor Al Sharqiyah Internship Program,34.5,34.51091452855008,0.01091452855008157,rubric_assisted_ridge,145,157
ds-remote-coop,11,Bank Albilad,Cooperative & Summer Training Program,49.17,49.19710162594076,0.027101625940758822,rubric_assisted_ridge,12,18
ds-remote-coop,12,Tamara,Tamara Builders Program,49.17,49.20899747024007,0.038997470240069276,rubric_assisted_ridge,12,12
ds-remote-coop,13,Bupa Arabia,Cooperative Training Program,40.0,40.010996892578575,0.010996892578575057,rubric_assisted_ridge,88,111
ds-remote-coop,14,Saudi Exports (Saudi Export Development Authority),COOP & Summer Training (FAQ-confirmed),40.0,39.99190255363518,0.008097446364821792,rubric_assisted_ridge,88,124
ds-remote-coop,15,Local Content and Government Procurement Authority (LCGPA),COOP Training (role posting),40.0,39.996305797794136,0.003694202205863917,rubric_assisted_ridge,88,123
ds-remote-coop,16,McKinsey & Company (Maqdira),Maqdira Fellowship Program,44.5,44.53108903820948,0.031089038209479725,rubric_assisted_ridge,43,45
ds-remote-coop,17,Boston Consulting Group (BCG),Visiting Associate Internship (Riyadh),40.0,40.014760771455855,0.014760771455854638,rubric_assisted_ridge,88,107
ds-remote-coop,18,Bain & Company,COOP Training Program (Riyadh),40.0,40.00303772202024,0.0030377220202382205,rubric_assisted_ridge,88,116
ds-remote-coop,19,Amazon Web Services (AWS),IT/Computer Hardware Internship (Intern-to-FTE Pathway),34.5,34.5202919554056,0.020291955405596696,rubric_assisted_ridge,145,152
ds-remote-coop,20,Amazon Web Services (AWS) - Associate Solutions Architect Intern,Associate Solutions Architect Intern (2026),34.5,34.520862276964316,0.02086227696431564,rubric_assisted_ridge,145,149
ds-remote-coop,21,Google (Saudi Arabia),Google Careers (Saudi location filter),38.0,38.010125371375466,0.010125371375465875,rubric_assisted_ridge,133,134
ds-remote-coop,22,BlackRock,Client & Product Summer Internship Programme (EMEA) - includes Riyadh,34.5,34.520584017593166,0.020584017593165527,rubric_assisted_ridge,145,150
ds-remote-coop,23,noon,Student Internship,30.0,29.997459903479793,0.0025400965202067027,rubric_assisted_ridge,165,170
ds-remote-coop,24,MOZN,Data Science Intern,54.33,54.35400235015546,0.024002350155463148,rubric_assisted_ridge,4,5
ds-remote-coop,25,Elm,Elm Co-op Training Program (March 2026 Intake),40.0,40.00280273645005,0.002802736450050247,rubric_assisted_ridge,88,117
ds-remote-coop,26,Yasref,Yasref Cooperative Training Program,42.5,42.52497685068672,0.024976850686719843,rubric_assisted_ridge,73,73
ds-remote-coop,27,"Saudi Standards, Metrology and Quality Organization (SASO)",Cooperative Training (Collaborative Training),44.5,44.51052020259357,0.010520202593568229,rubric_assisted_ridge,43,59
ds-remote-coop,28,"Zakat, Tax and Customs Authority (ZATCA)",Binaa-Alkafaat Program,30.0,29.997919500187443,0.0020804998125569796,rubric_assisted_ridge,165,169
ds-remote-coop,29,Human Resources Development Fund (HRDF) – Cooperative Training Product,Cooperative Training (HRDF product),20.5,20.44716272489689,0.05283727510310854,rubric_assisted_ridge,172,173
ds-remote-coop,30,EXPRO,COOP Training (Future Makers Program),40.0,40.00250133040564,0.002501330405642932,rubric_assisted_ridge,88,118
ds-remote-coop,31,Ministry of Industry and Mineral Resources (MIM) – Cooperative Training Initiative,Cooperative Training Initiative,20.5,20.460864055771218,0.039135944228782193,rubric_assisted_ridge,172,172
ds-remote-coop,32,TBC (The Beauty Company),Cooperative Training Program,40.0,39.98722397955547,0.012776020444526637,rubric_assisted_ridge,88,126
ds-remote-coop,33,National Center for Vegetation Cover Development & Combating Desertification (NCVC),COOP Training Program,40.0,40.00467633145538,0.004676331455378602,rubric_assisted_ridge,88,115
ds-remote-coop,34,Saudi Power Procurement Company (SPPC),Future Power – COOP Training Program,40.0,39.997794108322836,0.002205891677164118,rubric_assisted_ridge,88,122
ds-remote-coop,35,TBC (Tatweer Building Company),Cooperative Training Program,40.0,40.020767147057605,0.020767147057604518,rubric_assisted_ridge,88,95
ds-remote-coop,36,PwC Middle East (Assurance COOP & Summer Internship Programme 2026),"Assurance, COOP and Summer Internship Programme 2026 – Middle East",44.5,44.51675687270649,0.016756872706487513,rubric_assisted_ridge,43,54
ds-remote-coop,37,KAPSARC,Intern (Coop- Trainee),49.17,49.19083880114019,0.020838801140186547,rubric_assisted_ridge,12,24
ds-remote-coop,38,BSF (Banque Saudi Fransi),COOP / Internship,40.0,39.99027795241899,0.009722047581007587,rubric_assisted_ridge,88,125
ds-remote-coop,39,Saudi Food & Drug Authority (SFDA),COOP training (First semester 2025-2026 intake),40.0,40.0225577963791,0.02255779637909683,rubric_assisted_ridge,88,94
ds-remote-coop,40,Saudi Power Procurement Company (SPPC) – Future Power (Business Admin COOP),Future Power – Business Administration COOP Training Program,40.0,40.00227917939101,0.0022791793910101887,rubric_assisted_ridge,88,119
ds-remote-coop,41,Bank Albilad,Cooperative and Summer Training Program,44.67,44.695440717067235,0.02544071706723372,rubric_assisted_ridge,29,39
ds-remote-coop,42,The Saudi National Bank (SNB),SNB Rowad Program,34.67,34.695693788872624,0.025693788872622747,rubric_assisted_ridge,141,141
ds-remote-coop,43,National Cybersecurity Authority (NCA) – Academy,Cybersecurity training programs (academy),35.0,35.02402076174377,0.024020761743770436,rubric_assisted_ridge,140,140
ds-remote-coop,44,PIF | Graduate Development Program,Graduate Development Program (GDP),34.5,34.51877089185427,0.018770891854266836,rubric_assisted_ridge,145,154
ds-remote-coop,45,NEOM | GrOW (Graduates Opportunities in Work),GrOW (Graduates Opportunities in Work),36.0,36.0033916483126,0.003391648312600637,rubric_assisted_ridge,137,137
ds-remote-coop,46,ROSHN | COOP Trainee Program,COOP Trainee Program,40.0,40.00729215966401,0.007292159664011422,rubric_assisted_ridge,88,114
ds-remote-coop,47,Microsoft | Ru'aa Program (Riyadh),Ru'aa Program Internship (Solution Engineering),39.17,39.210836854562814,0.040836854562812164,rubric_assisted_ridge,127,129
ds-remote-coop,48,Oracle | Business Development Intern (KSA market),Business Development Intern (KSA market),31.5,31.489023771945877,0.010976228054122572,rubric_assisted_ridge,160,162
ds-remote-coop,49,SAP | Student Internship (Riyadh),Student Internship - Riyadh,30.0,30.0181820156442,0.018182015644200078,rubric_assisted_ridge,165,167
ds-remote-coop,50,SAB (Saudi Awwal Bank) | Cooperative Training Programme (COOP),SAB Cooperative Training Programme (COOP),44.67,44.6970490593164,0.027049059316397006,rubric_assisted_ridge,29,38
ds-remote-coop,51,Ministry of Finance (Saudi Arabia) | Cooperative Training Program,Cooperative Training Program,41.5,41.51198882714619,0.011988827146190317,rubric_assisted_ridge,76,76
ds-remote-coop,52,Ministry of Industry and Mineral Resources | Cooperative Training,Cooperative Training Initiative,41.5,41.479789533766905,0.020210466233095303,rubric_assisted_ridge,76,78
ds-remote-coop,53,King Fahd Causeway Authority | Internship Program,Internship Program,36.0,35.997518808405246,0.0024811915947537955,rubric_assisted_ridge,137,139
ds-remote-coop,54,Tawuniya | Tamheer Program (Fresh Graduates),Tamheer Program,37.5,37.523741334703516,0.023741334703515804,rubric_assisted_ridge,135,135
ds-remote-coop,55,SAMA | SAMA Professional Program (SPP),SAMA Professional Program (SPP),31.5,31.499934413255875,6.558674412460164e-05,rubric_assisted_ridge,160,160
ds-remote-coop,56,HRDF | Cooperative Training Product,Cooperative Training Product,41.5,41.48266143461192,0.017338565388079985,rubric_assisted_ridge,76,77
ds-remote-coop,57,IBM,"Automation, Data & AI – Intern",40.67,40.70632625033015,0.03632625033014847,rubric_assisted_ridge,84,84
ds-remote-coop,58,Unifonic,Internship (Unifonic),34.5,34.52863594668384,0.02863594668384195,rubric_assisted_ridge,145,147
ds-remote-coop,59,Misk Foundation,Misk Traineeship / Internship Program,33.0,33.022678868434866,0.022678868434866217,rubric_assisted_ridge,159,159
ds-remote-coop,60,Cisco,Cisco NetVersity (Saudi Arabia),37.5,37.5220902420204,0.022090242020397,rubric_assisted_ridge,135,136
ds-remote-coop,61,KAUST,Visiting Student Research Program (VSRP) Internship,34.67,34.681868221871184,0.011868221871182527,rubric_assisted_ridge,141,144
ds-remote-coop,62,General Authority for Statistics (GASTAT),Cooperative Training Program,44.5,44.54047170070875,0.040471700708749836,rubric_assisted_ridge,43,44
ds-remote-coop,63,Saudi Center for Opinion Polling (SCOP),Cooperative Training Program,44.5,44.54097812806148,0.040978128061482266,rubric_assisted_ridge,43,43
ds-remote-coop,64,Al Rajhi Takaful,Cooperative Training Program,44.67,44.702564615456176,0.03256461545617384,rubric_assisted_ridge,29,33
ds-remote-coop,65,Expenditure & Projects Efficiency Authority (EXPRO),Future Makers (صنّاع المستقبل) – Cooperative Training,40.0,40.02965850620756,0.02965850620756072,rubric_assisted_ridge,88,90
ds-remote-coop,66,Ministry of Finance (Saudi Arabia),Cooperative Training Program (Ministry of Finance),40.0,40.03409649594619,0.03409649594618713,rubric_assisted_ridge,88,89
ds-remote-coop,67,General Entertainment Authority (GEA),GEA Cooperative Training Program,40.0,40.02872415577769,0.028724155777688054,rubric_assisted_ridge,88,91
ds-remote-coop,68,Banque Saudi Fransi (BSF),COOP Training,40.0,40.011904268322596,0.011904268322595613,rubric_assisted_ridge,88,109
ds-remote-coop,69,Arab National Bank (ANB),COOP Trainee,44.67,44.68946600758076,0.019466007580760447,rubric_assisted_ridge,29,42
ds-remote-coop,70,Tamara,Builders Program,44.67,44.704053850384106,0.03405385038410458,rubric_assisted_ridge,29,31
ds-remote-coop,71,OmniOps,Co‑op Training Program,62.33,62.36118698072577,0.031186980725770752,rubric_assisted_ridge,1,1
ds-remote-coop,72,Tatweer Educational Technologies (TETCO),Cooperative Training Program,49.17,49.20112853988031,0.031128539880306505,rubric_assisted_ridge,12,14
ds-remote-coop,73,The Saudi Investment Bank (SAIB),Cooperative Program,44.67,44.706286969651714,0.0362869696517123,rubric_assisted_ridge,29,30
ds-remote-coop,74,Saudi Awwal Bank (SAB),COOP Program,44.67,44.69938537055001,0.02938537055000978,rubric_assisted_ridge,29,37
ds-remote-coop,75,Riyad Bank,Internships and Coop Trainings (CSR 2019),44.67,44.69534042491119,0.025340424911185266,rubric_assisted_ridge,29,40
ds-remote-coop,76,Tabby,Intern DevOps Engineer,44.17,44.19350017494162,0.023500174941617047,rubric_assisted_ridge,64,65
ds-remote-coop,77,Tabby,Intern Backend (GO) Engineer,44.17,44.19403975186967,0.024039751869665338,rubric_assisted_ridge,64,64
ds-remote-coop,78,Tabby,Intern Frontend Engineer,39.17,39.21124074851116,0.04124074851115722,rubric_assisted_ridge,127,128
ds-remote-coop,79,Tabby,Intern Data Engineer,41.17,41.22074870392277,0.0507487039227712,rubric_assisted_ridge,79,79
ds-remote-coop,80,Tabby,No-Code / AI Agents Engineering Intern,39.17,39.21357756491931,0.04357756491931042,rubric_assisted_ridge,127,127
ds-remote-coop,81,Bank Albilad,Cooperative Training Program,44.67,44.69951843110913,0.029518431109124776,rubric_assisted_ridge,29,36
ds-remote-coop,82,Saudi Ground Services (SGS),COOP Program,40.0,39.99924843028211,0.000751569717891698,rubric_assisted_ridge,88,121
ds-remote-coop,83,CEER,Cooperative Training Program (COOP),40.0,40.014250751841026,0.014250751841025533,rubric_assisted_ridge,88,108
ds-remote-coop,84,Al Rajhi Takaful,Coop Training Program,44.67,44.7008857199142,0.03088571991419542,rubric_assisted_ridge,29,35
ds-remote-coop,85,TAWAL,COOP Training Program,49.17,49.198428231232086,0.028428231232084045,rubric_assisted_ridge,12,16
ds-remote-coop,86,Wakeb_Data,COOP Training,49.17,49.20745498050799,0.03745498050798801,rubric_assisted_ridge,12,13
ds-remote-coop,87,Banque Saudi Fransi (BSF),Coop Training Program,40.0,40.011291373455336,0.011291373455335929,rubric_assisted_ridge,88,110
ds-remote-coop,88,Tech Economy,COOP Training Program,40.0,40.020282458924,0.020282458924000935,rubric_assisted_ridge,88,96
ds-remote-coop,89,SAMI Advanced Electronics (SAMI-AEC),Coop Trainee,40.0,40.01752521660537,0.017525216605370986,rubric_assisted_ridge,88,102
ds-remote-coop,90,NHC,COOP Trainee,40.0,40.01097822914356,0.010978229143560725,rubric_assisted_ridge,88,112
ds-remote-coop,91,REMAT ADVANCED,Cooperative Training Program,44.5,44.52387372243466,0.023873722434657907,rubric_assisted_ridge,43,47
ds-remote-coop,92,SDM,AI COOP,51.17,51.21350902791522,0.0435090279152206,rubric_assisted_ridge,8,9
ds-remote-coop,93,HUED,HUED COOP Program 2026,49.17,49.195058652803795,0.025058652803792825,rubric_assisted_ridge,12,20
ds-remote-coop,94,Araamis • أرامس,Araamis COOP Program 2026,49.17,49.19652940542511,0.02652940542510862,rubric_assisted_ridge,12,19
ds-remote-coop,95,ARDARA,COOP Training for Students,40.0,40.01750615304367,0.017506153043669315,rubric_assisted_ridge,88,103
ds-remote-coop,96,flynas,COOP Trainee / Internship Program,44.5,44.51946157406371,0.01946157406371185,rubric_assisted_ridge,43,50
ds-remote-coop,97,Saudi Motorsport Company (SMC),COOP Trainee (IT Asset Project Management),49.17,49.18353619235248,0.013536192352475496,rubric_assisted_ridge,12,26
ds-remote-coop,98,Saudi Motorsport Company (SMC),COOP Trainee (Supply Chain Excellence Associate),44.5,44.51649657947931,0.016496579479309048,rubric_assisted_ridge,43,55
ds-remote-coop,99,Mobily,Cooperative Training Program,40.0,40.0194593590185,0.019459359018497935,rubric_assisted_ridge,88,99
ds-remote-coop,100,Saudi Awwal Bank (SAB),Student Opportunities: Cooperative / Practical Training,44.67,44.70753109096149,0.03753109096148677,rubric_assisted_ridge,29,29
ds-remote-coop,101,Alvarez & Marsal,COOP Training Program,40.0,40.01639023853251,0.01639023853250876,rubric_assisted_ridge,88,106
ds-remote-coop,102,Visa,COOP Trainee (Jan 2026),40.0,40.01711785060756,0.01711785060756199,rubric_assisted_ridge,88,105
ds-remote-coop,103,Zain KSA,Evolve Program (Fresh Graduates),30.0,30.01953737191146,0.01953737191146132,rubric_assisted_ridge,165,166
ds-remote-coop,104,Zain KSA,Zain Pioneers Program,34.5,34.51931005371612,0.019310053716118603,rubric_assisted_ridge,145,153
ds-remote-coop,105,Savvy Games Group,Cooperative Training Program (Co-op),40.0,40.01713427600582,0.017134276005819515,rubric_assisted_ridge,88,104
ds-remote-coop,106,Bank AlJazira,Tamheer Program,34.67,34.69145188291822,0.021451882918221088,rubric_assisted_ridge,141,142
ds-remote-coop,107,sirar by stc,Cooperative Training Program,49.17,49.19346756105431,0.023467561054310693,rubric_assisted_ridge,12,22
ds-remote-coop,108,Gathern,Co-op Program,62.33,62.35790517262276,0.027905172622759267,rubric_assisted_ridge,1,2
ds-remote-coop,109,Elm Company (شركة علم),Coop Training - Computer Science (Jan/Mar/Jun/Aug 2025 Intake),44.5,44.52418425163585,0.024184251635851695,rubric_assisted_ridge,43,46
ds-remote-coop,110,Elm Company (شركة علم),Co-Op Training - Information Technology (Jun & Aug 2025 Intake),44.5,44.522091204632666,0.022091204632666006,rubric_assisted_ridge,43,49
ds-remote-coop,111,EJADA,COOP Administration & Support Engineer,40.0,40.02317805844823,0.023178058448230843,rubric_assisted_ridge,88,93
ds-remote-coop,112,Emdad By Elm,Network Cooperative Training (Network Intern),44.5,44.522886078446255,0.022886078446255453,rubric_assisted_ridge,43,48
ds-remote-coop,113,AILA,Co-op Training Programme,54.17,54.19657748394822,0.02657748394821624,rubric_assisted_ridge,6,6
ds-remote-coop,114,Foodics,Foodics 360 Internship Program,34.5,34.53172114774015,0.03172114774015,rubric_assisted_ridge,145,146
ds-remote-coop,115,Salla,برنامج التدريب التعاوني (Coop Training) – Salla,44.5,44.49479005803977,0.00520994196023139,rubric_assisted_ridge,43,63
ds-remote-coop,116,Lucidya,Technical Internship or Coop – Lucidya,49.17,49.19746412371853,0.027464123718530686,rubric_assisted_ridge,12,17
ds-remote-coop,117,Diriyah Company,Diriyah Co-op Training Program,40.0,40.020192869007964,0.02019286900796402,rubric_assisted_ridge,88,97
ds-remote-coop,118,Riyadh Air,Co-op – Riyadh Air,40.0,40.01892220922647,0.018922209226467146,rubric_assisted_ridge,88,100
ds-remote-coop,119,Jahez Group,Jahez Internship Program (as described in Sustainability Report),30.0,30.029025507485052,0.02902550748505206,rubric_assisted_ridge,165,165
ds-remote-coop,120,Lumi | لومي,COOP Intern 2025 – Lumi,40.0,40.02358802222953,0.023588022229532157,rubric_assisted_ridge,88,92
ds-remote-coop,121,webook.com,COOP Trainee Opportunities – webook.com,40.0,40.01792662062328,0.01792662062327821,rubric_assisted_ridge,88,101
ds-remote-coop,122,moneymoon,Tech & AI Co-op Program 2025,51.17,51.21970407178344,0.04970407178343805,rubric_assisted_ridge,8,8
ds-remote-coop,123,EjadTech - إيجاد التقنية,"Summer Internship Program 2025 (Computer, Data, and AI Majors)",55.83,55.849125527860814,0.01912552786081534,rubric_assisted_ridge,3,3
ds-remote-coop,124,InnovationTeam,Java Microservices Internship Programme (Saudi Nationals),40.67,40.69526332650489,0.02526332650489138,rubric_assisted_ridge,84,85
ds-remote-coop,125,Tamkeen Technologies,On the Job Training (Internship Program) — Technology field,34.5,34.537138007118955,0.037138007118954874,rubric_assisted_ridge,145,145
ds-remote-coop,126,Trendyol Group,Trendyol Tech Talent - Bootcamp & COOP Internship Program (Saudi Students Only),46.0,46.0063652375181,0.006365237518096478,rubric_assisted_ridge,27,27
ds-remote-coop,127,Ninja نينجا,COOP Training Program,46.0,45.98933207472439,0.010667925275612333,rubric_assisted_ridge,27,28
ds-remote-coop,128,SCAI | سكاي,CO-OP Training Opportunities (Intern),51.17,51.20503316690961,0.03503316690960645,rubric_assisted_ridge,8,10
ds-remote-coop,129,WalaPlus,Coop & Tamheer Opportunities,44.5,44.512891111884215,0.012891111884215434,rubric_assisted_ridge,43,58
ds-remote-coop,130,Aon,IT Co-op Trainee 2026,44.5,44.508559190470606,0.008559190470606381,rubric_assisted_ridge,43,60
ds-remote-coop,131,Hewlett Packard Enterprise (HPE),College Intern (Coop),44.5,44.50812924955758,0.008129249557576657,rubric_assisted_ridge,43,61
ds-remote-coop,132,Signify,KSA Coop Internship Program,44.5,44.506778171093174,0.0067781710931740236,rubric_assisted_ridge,43,62
ds-remote-coop,133,Help AG (e& enterprise),Cybersecurity Intern,30.0,30.009213180691127,0.009213180691126865,rubric_assisted_ridge,165,168
ds-remote-coop,134,TrendAI (Trend Micro),CyberGATE Internship Program,34.5,34.52050329662558,0.02050329662557715,rubric_assisted_ridge,145,151
ds-remote-coop,135,Golf Saudi,IT Co-op Trainee,49.17,49.19396712955185,0.023967129551849098,rubric_assisted_ridge,12,21
ds-remote-coop,136,Siemens Healthineers,Healthineers Early Talent Program – IT (Riyadh),34.5,34.51390722621507,0.01390722621506768,rubric_assisted_ridge,145,156
ds-remote-coop,137,1957 Ventures,Internship / Co-Op Program,49.17,49.1917980208941,0.02179802089409577,rubric_assisted_ridge,12,23
ds-remote-coop,138,Nokia,Graduate Trainee (Saudi Arabia) – Fledgers Program,41.17,41.202068811286665,0.03206881128666339,rubric_assisted_ridge,79,82
ds-remote-coop,139,Ericsson,Summer Interns (Ericsson Saudi),39.17,39.19201141363493,0.02201141363492809,rubric_assisted_ridge,127,132
ds-remote-coop,140,Bosch Middle East,Software Development Intern (AI/Cloud),54.33,54.366362127495165,0.036362127495166874,rubric_assisted_ridge,4,4
ds-remote-coop,141,Saudi Payments | المدفوعات السعودية,COOP Training – August 2024,49.17,49.1900975897214,0.02009758972139508,rubric_assisted_ridge,12,25
ds-remote-coop,142,Saudi Tadawul Group | تداول,Cooperative Training Program (COOP),49.17,49.199903077735044,0.029903077735042416,rubric_assisted_ridge,12,15
ds-remote-coop,143,Lean Technologies,Software Engineering Intern – KSA,41.17,41.186097961554935,0.016097961554933704,rubric_assisted_ridge,79,83
ds-remote-coop,144,Mirai (Scopely) | مِراي,AI Engineering Intern (GenAI),41.17,41.21245401727309,0.042454017273087175,rubric_assisted_ridge,79,81
ds-remote-coop,145,HungerStation | هنقرستيشن,"Co-OP Trainee, Data Analysis – Info Sec",53.83,53.8699407321455,0.03994073214550298,rubric_assisted_ridge,7,7
ds-remote-coop,146,NCGR | المركز الوطني لنظم الموارد الحكومية,Coop Training Program,44.5,44.51469256593361,0.014692565933607682,rubric_assisted_ridge,43,57
ds-remote-coop,147,nybl,nybl Graduate Programme – Saudi Nationals (AI Bootcamp),34.67,34.68600840200458,0.01600840200458009,rubric_assisted_ridge,141,143
ds-remote-coop,148,Procter & Gamble (P&G),P&G LEADgen Internship Program 2026 (Riyadh),34.5,34.50996661272369,0.009966612723687263,rubric_assisted_ridge,145,158
ds-remote-coop,149,New Murabba | المربع الجديد,New Murabba Co-op Training Program,44.5,44.51904971083859,0.019049710838586975,rubric_assisted_ridge,43,51
ds-remote-coop,150,Boeing Saudi Arabia Limited,Intern - Info Technology & Data Analytics (Riyadh),41.83,41.879697976259635,0.04969797625963679,rubric_assisted_ridge,74,75
ds-remote-coop,151,Motorola Solutions,Deployment Engineer Intern (KSA National - Tamheer Program),34.5,34.52161198499862,0.02161198499862138,rubric_assisted_ridge,145,148
ds-remote-coop,152,Schneider Electric,Co-op Intern (Engineering) - Al Khobar (Jan–Aug 2026),44.5,44.51501116679424,0.015011166794238306,rubric_assisted_ridge,43,56
ds-remote-coop,153,Lockheed Martin,Tamheer Space Internship (Riyadh),34.5,34.5177273594838,0.017727359483799887,rubric_assisted_ridge,145,155
ds-remote-coop,154,Markaba | مركبة,Start-up Software Intern – TAMHEER (Saudi nationals only),40.67,40.68629367743087,0.016293677430866182,rubric_assisted_ridge,84,86
ds-remote-coop,155,Laverne Group | مجموعة لافيرن,Data Analyst / Data Engineer Intern (IT Department),41.83,41.8902239496437,0.06022394964369937,rubric_assisted_ridge,74,74
ds-remote-coop,156,Meel | ميل,"Software Developer Internship (Remote, min 2 months)",44.17,44.1806721772102,0.01067217721019631,rubric_assisted_ridge,64,67
ds-remote-coop,157,Nahdi Medical Co.,IT Internship / COOP Program (6 months),44.5,44.51887880700963,0.018878807009627963,rubric_assisted_ridge,43,52
ds-remote-coop,158,SMART Technology Solutions | سمارت لحلول التقنية,R&D Intern (Riyadh),39.17,39.20944219890997,0.03944219890996692,rubric_assisted_ridge,127,131
ds-remote-coop,159,Knodemy Inc.,AI Developer & Tech Trainer Intern - Riyadh,41.17,41.21974013990846,0.04974013990845805,rubric_assisted_ridge,79,80
ds-remote-coop,160,Water Transmission Company | شركة نقل المياه,Tamheer Internship Program (HRIS / Engineering & PM - Riyadh),39.17,39.210246520234975,0.040246520234973104,rubric_assisted_ridge,127,130
ds-remote-coop,161,AFNOYS,"AI Automation Intern - KSA (Remote, 4 weeks)",44.17,44.18459988630359,0.014599886303585663,rubric_assisted_ridge,64,66
ds-remote-coop,162,SAS,CareerStart@SAS 2026 - Presales Customer Intelligence Intern (Riyadh),42.67,42.69355427972825,0.023554279728244865,rubric_assisted_ridge,70,71
ds-remote-coop,163,Devoteam,Trainee - Future Leaders Program (Co-op/Fresh Graduate),50.67,50.6985367164201,0.02853671642009914,rubric_assisted_ridge,11,11
ds-remote-coop,164,ضالتي Dhallaty,Tech Intern: Fresh Grad or Student,42.67,42.69403039621054,0.024030396210541483,rubric_assisted_ridge,70,70
ds-remote-coop,165,Innovative Solutions SA,Presales - Tamheer,31.5,31.49603968229214,0.003960317707861094,rubric_assisted_ridge,160,161
ds-remote-coop,166,HUMAIN,Tamheer Program (Software Engineer / Cybersecurity / MIS),40.67,40.66840999406603,0.0015900059339699624,rubric_assisted_ridge,84,87
ds-remote-coop,167,TAM | تام,"Tamheer Opportunity, Advisory",31.5,31.418372610579002,0.08162738942099779,rubric_assisted_ridge,160,164
ds-remote-coop,168,هيئة التأمين | Insurance Authority,Tamheer Opportunity - Specialist of Information Security,31.5,31.486292761550832,0.013707238449168102,rubric_assisted_ridge,160,163
ds-remote-coop,169,Snbla | سنبله,Paid Internship Program (FinTech),42.67,42.69280797489924,0.022807974899237138,rubric_assisted_ridge,70,72
ds-remote-coop,170,2P Perfect Presentation,Data Analyst (Tamheer),43.33,43.31846613638439,0.01153386361561104,rubric_assisted_ridge,68,69
ds-remote-coop,171,Infosys,Summer Intern (Infosys InStep ’26 – Bangalore),28.0,28.00780307258929,0.007803072589290139,rubric_assisted_ridge,171,171
ds-remote-coop,172,شركة الخدمات المدارة | Managed Services Company,Intern Cybersecurity Engineer,36.0,36.002390086402556,0.002390086402556335,rubric_assisted_ridge,137,138
ds-remote-coop,173,Abunayyan Holding,Data Analyst (Tamheer),43.33,43.32134533540288,0.008654664597116835,rubric_assisted_ridge,68,68
ds-gpa-ielts,1,Saudi Aramco,University Internship Program (UIP),33.33,33.34294599557167,0.012945995571669755,rubric_assisted_ridge,167,167
ds-gpa-ielts,2,SABIC,COOP Training Program,36.33,36.33364904456618,0.003649044566181203,rubric_assisted_ridge,158,158
ds-gpa-ielts,3,stc (Saudi Telecom Company),Cooperative Training Program (COOP),40.0,40.017374103234225,0.017374103234224947,rubric_assisted_ridge,125,125
ds-gpa-ielts,4,Saudi National Bank (SNB),SNB Cooperative Training Program,43.0,43.02125411835575,0.021254118355749085,rubric_assisted_ridge,118,118
ds-gpa-ielts,5,Al Rajhi Bank,Cooperative Training Program,39.67,39.69336412409616,0.02336412409616173,rubric_assisted_ridge,146,146
ds-gpa-ielts,6,Capital Market Authority (CMA),COOP Program,44.67,44.669017818594554,0.0009821814054475908,rubric_assisted_ridge,80,87
ds-gpa-ielts,7,Digital Government Authority (DGA),Maidan Cooperative Training Program,40.0,39.996768228691316,0.003231771308684017,rubric_assisted_ridge,125,130
ds-gpa-ielts,8,KPMG Saudi Arabia,COOP & Internship Programs,35.0,34.992627316254215,0.00737268374578548,rubric_assisted_ridge,159,160
ds-gpa-ielts,9,PwC Middle East,"Deals, COOP and Summer Internship Programme (2026)",44.5,44.492029131978384,0.007970868021615729,rubric_assisted_ridge,91,97
ds-gpa-ielts,10,Deloitte Middle East (KSA),Jusoor Al Sharqiyah Internship Program,44.5,44.51344621181444,0.013446211814439835,rubric_assisted_ridge,91,91
ds-gpa-ielts,11,Bank Albilad,Cooperative & Summer Training Program,44.17,44.188999075528216,0.018999075528213893,rubric_assisted_ridge,104,105
ds-gpa-ielts,12,Tamara,Tamara Builders Program,49.17,49.18404664115335,0.014046641153349526,rubric_assisted_ridge,59,61
ds-gpa-ielts,13,Bupa Arabia,Cooperative Training Program,40.0,39.989110303192696,0.010889696807304006,rubric_assisted_ridge,125,138
ds-gpa-ielts,14,Saudi Exports (Saudi Export Development Authority),COOP & Summer Training (FAQ-confirmed),35.0,34.9855320591389,0.01446794086110259,rubric_assisted_ridge,159,162
ds-gpa-ielts,15,Local Content and Government Procurement Authority (LCGPA),COOP Training (role posting),40.0,39.9739654536729,0.026034546327096564,rubric_assisted_ridge,125,144
ds-gpa-ielts,16,McKinsey & Company (Maqdira),Maqdira Fellowship Program,44.5,44.50668951697192,0.006689516971917442,rubric_assisted_ridge,91,92
ds-gpa-ielts,17,Boston Consulting Group (BCG),Visiting Associate Internship (Riyadh),40.0,39.991109086262824,0.008890913737175765,rubric_assisted_ridge,125,137
ds-gpa-ielts,18,Bain & Company,COOP Training Program (Riyadh),40.0,39.9810495339609,0.01895046603910089,rubric_assisted_ridge,125,139
ds-gpa-ielts,19,Amazon Web Services (AWS),IT/Computer Hardware Internship (Intern-to-FTE Pathway),54.5,54.490394106837066,0.009605893162934365,rubric_assisted_ridge,30,33
ds-gpa-ielts,20,Amazon Web Services (AWS) - Associate Solutions Architect Intern,Associate Solutions Architect Intern (2026),54.5,54.48987469417799,0.010125305822008102,rubric_assisted_ridge,30,34
ds-gpa-ielts,21,Google (Saudi Arabia),Google Careers (Saudi location filter),43.0,43.00311715919442,0.0031171591944172405,rubric_assisted_ridge,118,120
ds-gpa-ielts,22,BlackRock,Client & Product Summer Internship Programme (EMEA) - includes Riyadh,62.33,62.31988420351882,0.010115796481180439,rubric_assisted_ridge,6,6
ds-gpa-ielts,23,noon,Student Internship,50.0,49.97455388125855,0.025446118741449197,rubric_assisted_ridge,54,57
ds-gpa-ielts,24,MOZN,Data Science Intern,65.67,65.66321497116279,0.006785028837214213,rubric_assisted_ridge,2,3
ds-gpa-ielts,25,Elm,Elm Co-op Training Program (March 2026 Intake),40.0,39.9810146482817,0.018985351718299626,rubric_assisted_ridge,125,140
ds-gpa-ielts,26,Yasref,Yasref Cooperative Training Program,37.5,37.51573790143172,0.015737901431720047,rubric_assisted_ridge,153,153
ds-gpa-ielts,27,"Saudi Standards, Metrology and Quality Organization (SASO)",Cooperative Training (Collaborative Training),44.5,44.488885783478544,0.011114216521455944,rubric_assisted_ridge,91,99
ds-gpa-ielts,28,"Zakat, Tax and Customs Authority (ZATCA)",Binaa-Alkafaat Program,35.0,34.98861899185928,0.01138100814071663,rubric_assisted_ridge,159,161
ds-gpa-ielts,29,Human Resources Development Fund (HRDF) – Cooperative Training Product,Cooperative Training (HRDF product),10.5,10.460150620706692,0.03984937929330812,rubric_assisted_ridge,172,173
ds-gpa-ielts,30,EXPRO,COOP Training (Future Makers Program),40.0,39.97972027779201,0.020279722207988016,rubric_assisted_ridge,125,142
ds-gpa-ielts,31,Ministry of Industry and Mineral Resources (MIM) – Cooperative Training Initiative,Cooperative Training Initiative,10.5,10.474245154856341,0.02575484514365911,rubric_assisted_ridge,172,172
ds-gpa-ielts,32,TBC (The Beauty Company),Cooperative Training Program,35.0,34.98161195363758,0.018388046362417754,rubric_assisted_ridge,159,163
ds-gpa-ielts,33,National Center for Vegetation Cover Development & Combating Desertification (NCVC),COOP Training Program,40.0,39.98099324254321,0.019006757456793366,rubric_assisted_ridge,125,141
ds-gpa-ielts,34,Saudi Power Procurement Company (SPPC),Future Power – COOP Training Program,40.0,39.97528172265526,0.024718277344739192,rubric_assisted_ridge,125,143
ds-gpa-ielts,35,TBC (Tatweer Building Company),Cooperative Training Program,40.0,39.99613189554203,0.0038681044579718105,rubric_assisted_ridge,125,132
ds-gpa-ielts,36,PwC Middle East (Assurance COOP & Summer Internship Programme 2026),"Assurance, COOP and Summer Internship Programme 2026 – Middle East",44.5,44.49008612702765,0.009913872972347804,rubric_assisted_ridge,91,98
ds-gpa-ielts,37,KAPSARC,Intern (Coop- Trainee),57.0,56.993417202851724,0.006582797148276143,rubric_assisted_ridge,19,20
ds-gpa-ielts,38,BSF (Banque Saudi Fransi),COOP / Internship,33.33,33.3243624049075,0.005637595092501613,rubric_assisted_ridge,167,169
ds-gpa-ielts,39,Saudi Food & Drug Authority (SFDA),COOP training (First semester 2025-2026 intake),35.0,35.012538403047806,0.012538403047805957,rubric_assisted_ridge,159,159
ds-gpa-ielts,40,Saudi Power Procurement Company (SPPC) – Future Power (Business Admin COOP),Future Power – Business Administration COOP Training Program,43.33,43.305282318595246,0.024717681404752057,rubric_assisted_ridge,106,117
ds-gpa-ielts,41,Bank Albilad,Cooperative and Summer Training Program,48.0,48.00057734340315,0.000577343403151076,rubric_assisted_ridge,66,69
ds-gpa-ielts,42,The Saudi National Bank (SNB),SNB Rowad Program,44.67,44.669248241398535,0.0007517586014671451,rubric_assisted_ridge,80,86
ds-gpa-ielts,43,National Cybersecurity Authority (NCA) – Academy,Cybersecurity training programs (academy),45.0,44.99679707910379,0.0032029208962072175,rubric_assisted_ridge,79,79
ds-gpa-ielts,44,PIF | Graduate Development Program,Graduate Development Program (GDP),55.67,55.64680742391352,0.023192576086479733,rubric_assisted_ridge,25,27
ds-gpa-ielts,45,NEOM | GrOW (Graduates Opportunities in Work),GrOW (Graduates Opportunities in Work),39.33,39.337377271853164,0.007377271853165723,rubric_assisted_ridge,148,148
ds-gpa-ielts,46,ROSHN | COOP Trainee Program,COOP Trainee Program,43.33,43.31037700893098,0.019622991069020657,rubric_assisted_ridge,106,116
ds-gpa-ielts,47,Microsoft | Ru'aa Program (Riyadh),Ru'aa Program Internship (Solution Engineering),59.17,59.178890993504574,0.008890993504572009,rubric_assisted_ridge,12,15
ds-gpa-ielts,48,Oracle | Business Development Intern (KSA market),Business Development Intern (KSA market),41.5,41.492377212183996,0.007622787816004006,rubric_assisted_ridge,122,122
ds-gpa-ielts,49,SAP | Student Internship (Riyadh),Student Internship - Riyadh,50.0,49.990540629588956,0.009459370411043722,rubric_assisted_ridge,54,55
ds-gpa-ielts,50,SAB (Saudi Awwal Bank) | Cooperative Training Programme (COOP),SAB Cooperative Training Programme (COOP),44.67,44.67155385944429,0.0015538594442858766,rubric_assisted_ridge,80,85
ds-gpa-ielts,51,Ministry of Finance (Saudi Arabia) | Cooperative Training Program,Cooperative Training Program,39.83,39.83396634174187,0.00396634174187227,rubric_assisted_ridge,145,145
ds-gpa-ielts,52,Ministry of Industry and Mineral Resources | Cooperative Training,Cooperative Training Initiative,31.5,31.489968927763147,0.010031072236852623,rubric_assisted_ridge,170,171
ds-gpa-ielts,53,King Fahd Causeway Authority | Internship Program,Internship Program,49.33,49.3312648648716,0.0012648648716009347,rubric_assisted_ridge,58,58
ds-gpa-ielts,54,Tawuniya | Tamheer Program (Fresh Graduates),Tamheer Program,50.83,50.82337978620687,0.00662021379312705,rubric_assisted_ridge,51,51
ds-gpa-ielts,55,SAMA | SAMA Professional Program (SPP),SAMA Professional Program (SPP),36.5,36.490177347476035,0.009822652523965303,rubric_assisted_ridge,154,154
ds-gpa-ielts,56,HRDF | Cooperative Training Product,Cooperative Training Product,31.5,31.492270122401553,0.007729877598446677,rubric_assisted_ridge,170,170
ds-gpa-ielts,57,IBM,"Automation, Data & AI – Intern",55.67,55.693959444453135,0.02395944445313347,rubric_assisted_ridge,25,25
ds-gpa-ielts,58,Unifonic,Internship (Unifonic),54.5,54.50024013031374,0.00024013031374181537,rubric_assisted_ridge,30,32
ds-gpa-ielts,59,Misk Foundation,Misk Traineeship / Internship Program,46.33,46.323325849277744,0.006674150722254524,rubric_assisted_ridge,75,75
ds-gpa-ielts,60,Cisco,Cisco NetVersity (Saudi Arabia),45.83,45.83765684866135,0.007656848661348192,rubric_assisted_ridge,76,76
ds-gpa-ielts,61,KAUST,Visiting Student Research Program (VSRP) Internship,48.0,48.010581282150746,0.010581282150745608,rubric_assisted_ridge,66,66
ds-gpa-ielts,62,General Authority for Statistics (GASTAT),Cooperative Training Program,52.33,52.342955366425464,0.012955366425465797,rubric_assisted_ridge,48,49
ds-gpa-ielts,63,Saudi Center for Opinion Polling (SCOP),Cooperative Training Program,52.33,52.344108627198935,0.014108627198936574,rubric_assisted_ridge,48,48
ds-gpa-ielts,64,Al Rajhi Takaful,Cooperative Training Program,48.0,48.00533971158037,0.005339711580369055,rubric_assisted_ridge,66,67
ds-gpa-ielts,65,Expenditure & Projects Efficiency Authority (EXPRO),Future Makers (صنّاع المستقبل) – Cooperative Training,40.0,40.00474675859727,0.004746758597271139,rubric_assisted_ridge,125,126
ds-gpa-ielts,66,Ministry of Finance (Saudi Arabia),Cooperative Training Program (Ministry of Finance),43.33,43.33588381493108,0.005883814931081588,rubric_assisted_ridge,106,106
ds-gpa-ielts,67,General Entertainment Authority (GEA),GEA Cooperative Training Program,40.0,40.00399571077033,0.003995710770333005,rubric_assisted_ridge,125,127
ds-gpa-ielts,68,Banque Saudi Fransi (BSF),COOP Training,43.33,43.31494066386034,0.015059336139657375,rubric_assisted_ridge,106,115
ds-gpa-ielts,69,Arab National Bank (ANB),COOP Trainee,44.67,44.66613950714543,0.003860492854570907,rubric_assisted_ridge,80,89
ds-gpa-ielts,70,Tamara,Builders Program,44.67,44.68025517929361,0.010255179293608307,rubric_assisted_ridge,80,82
ds-gpa-ielts,71,OmniOps,Co‑op Training Program,53.67,53.67419753814015,0.004197538140147117,rubric_assisted_ridge,39,39
ds-gpa-ielts,72,Tatweer Educational Technologies (TETCO),Cooperative Training Program,52.5,52.50378719398225,0.003787193982248027,rubric_assisted_ridge,42,43
ds-gpa-ielts,73,The Saudi Investment Bank (SAIB),Cooperative Program,44.67,44.6807913867621,0.010791386762100785,rubric_assisted_ridge,80,81
ds-gpa-ielts,74,Saudi Awwal Bank (SAB),COOP Program,44.67,44.675653743932976,0.005653743932974464,rubric_assisted_ridge,80,83
ds-gpa-ielts,75,Riyad Bank,Internships and Coop Trainings (CSR 2019),44.67,44.67157168902337,0.0015716890233647973,rubric_assisted_ridge,80,84
ds-gpa-ielts,76,Tabby,Intern DevOps Engineer,54.17,54.20152625379058,0.03152625379058094,rubric_assisted_ridge,38,38
ds-gpa-ielts,77,Tabby,Intern Backend (GO) Engineer,55.17,55.2006453077981,0.030645307798096155,rubric_assisted_ridge,28,28
ds-gpa-ielts,78,Tabby,Intern Frontend Engineer,59.17,59.18259252306844,0.012592523068441608,rubric_assisted_ridge,12,13
ds-gpa-ielts,79,Tabby,Intern Data Engineer,65.67,65.6903871469141,0.020387146914103482,rubric_assisted_ridge,2,2
ds-gpa-ielts,80,Tabby,No-Code / AI Agents Engineering Intern,59.17,59.184377191435566,0.01437719143556393,rubric_assisted_ridge,12,12
ds-gpa-ielts,81,Bank Albilad,Cooperative Training Program,43.0,43.01885694745357,0.018856947453571138,rubric_assisted_ridge,118,119
ds-gpa-ielts,82,Saudi Ground Services (SGS),COOP Program,33.33,33.33496370512373,0.004963705123728346,rubric_assisted_ridge,167,168
ds-gpa-ielts,83,CEER,Cooperative Training Program (COOP),43.33,43.319293134457894,0.010706865542104538,rubric_assisted_ridge,106,113
ds-gpa-ielts,84,Al Rajhi Takaful,Coop Training Program,48.0,48.005185994630395,0.00518599463039493,rubric_assisted_ridge,66,68
ds-gpa-ielts,85,TAWAL,COOP Training Program,52.5,52.50116316280865,0.0011631628086519186,rubric_assisted_ridge,42,45
ds-gpa-ielts,86,Wakeb_Data,COOP Training,52.5,52.509792188629476,0.009792188629475618,rubric_assisted_ridge,42,42
ds-gpa-ielts,87,Banque Saudi Fransi (BSF),Coop Training Program,43.33,43.31507763611129,0.014922363888707935,rubric_assisted_ridge,106,114
ds-gpa-ielts,88,Tech Economy,COOP Training Program,40.0,39.9962620803331,0.0037379196668965164,rubric_assisted_ridge,125,131
ds-gpa-ielts,89,SAMI Advanced Electronics (SAMI-AEC),Coop Trainee,43.33,43.32046721379231,0.009532786207685717,rubric_assisted_ridge,106,112
ds-gpa-ielts,90,NHC,COOP Trainee,38.33,38.33092729341341,0.0009272934134116895,rubric_assisted_ridge,152,152
ds-gpa-ielts,91,REMAT ADVANCED,Cooperative Training Program,47.83,47.82692610868998,0.0030738913100165632,rubric_assisted_ridge,70,70
ds-gpa-ielts,92,SDM,AI COOP,50.17,50.189139731597415,0.01913973159741289,rubric_assisted_ridge,52,53
ds-gpa-ielts,93,HUED,HUED COOP Program 2026,52.5,52.49770040710957,0.0022995928904308016,rubric_assisted_ridge,42,46
ds-gpa-ielts,94,Araamis • أرامس,Araamis COOP Program 2026,57.0,56.999129477955904,0.0008705220440958783,rubric_assisted_ridge,19,19
ds-gpa-ielts,95,ARDARA,COOP Training for Students,43.33,43.32195648735834,0.008043512641656037,rubric_assisted_ridge,106,110
ds-gpa-ielts,96,flynas,COOP Trainee / Internship Program,44.5,44.495548823815945,0.004451176184055328,rubric_assisted_ridge,91,93
ds-gpa-ielts,97,Saudi Motorsport Company (SMC),COOP Trainee (IT Asset Project Management),39.17,39.187706748297614,0.017706748297612762,rubric_assisted_ridge,149,150
ds-gpa-ielts,98,Saudi Motorsport Company (SMC),COOP Trainee (Supply Chain Excellence Associate),39.0,39.02085858943121,0.020858589431206553,rubric_assisted_ridge,151,151
ds-gpa-ielts,99,Mobily,Cooperative Training Program,40.0,39.99760634420231,0.0023936557976895756,rubric_assisted_ridge,125,128
ds-gpa-ielts,100,Saudi Awwal Bank (SAB),Student Opportunities: Cooperative / Practical Training,44.67,44.683070153027955,0.01307015302795378,rubric_assisted_ridge,80,80
ds-gpa-ielts,101,Alvarez & Marsal,COOP Training Program,43.33,43.32139398097715,0.00860601902284941,rubric_assisted_ridge,106,111
ds-gpa-ielts,102,Visa,COOP Trainee (Jan 2026),40.0,39.99178428128602,0.008215718713977083,rubric_assisted_ridge,125,136
ds-gpa-ielts,103,Zain KSA,Evolve Program (Fresh Graduates),40.0,39.993000243370794,0.006999756629205933,rubric_assisted_ridge,125,134
ds-gpa-ielts,104,Zain KSA,Zain Pioneers Program,44.5,44.4930765533003,0.006923446699701685,rubric_assisted_ridge,91,95
ds-gpa-ielts,105,Savvy Games Group,Cooperative Training Program (Co-op),40.0,39.992949407361415,0.007050592638584874,rubric_assisted_ridge,125,135
ds-gpa-ielts,106,Bank AlJazira,Tamheer Program,44.67,44.66624108734207,0.0037589126579291587,rubric_assisted_ridge,80,88
ds-gpa-ielts,107,sirar by stc,Cooperative Training Program,49.17,49.167612674797084,0.002387325202917623,rubric_assisted_ridge,59,63
ds-gpa-ielts,108,Gathern,Co-op Program,53.67,53.66960415180065,0.00039584819935356563,rubric_assisted_ridge,39,40
ds-gpa-ielts,109,Elm Company (شركة علم),Coop Training - Computer Science (Jan/Mar/Jun/Aug 2025 Intake),47.83,47.82628201273868,0.003717987261318001,rubric_assisted_ridge,70,71
ds-gpa-ielts,110,Elm Company (شركة علم),Co-Op Training - Information Technology (Jun & Aug 2025 Intake),47.83,47.823997283063676,0.006002716936322372,rubric_assisted_ridge,70,72
ds-gpa-ielts,111,EJADA,COOP Administration & Support Engineer,40.0,39.9974792148187,0.002520785181296503,rubric_assisted_ridge,125,129
ds-gpa-ielts,112,Emdad By Elm,Network Cooperative Training (Network Intern),34.5,34.525966988271065,0.02596698827106536,rubric_assisted_ridge,164,164
ds-gpa-ielts,113,AILA,Co-op Training Programme,44.17,44.20831950824508,0.038319508245081124,rubric_assisted_ridge,104,104
ds-gpa-ielts,114,Foodics,Foodics 360 Internship Program,54.5,54.50209664132144,0.0020966413214367208,rubric_assisted_ridge,30,31
ds-gpa-ielts,115,Salla,برنامج التدريب التعاوني (Coop Training) – Salla,34.5,34.50170678752871,0.0017067875287111178,rubric_assisted_ridge,164,166
ds-gpa-ielts,116,Lucidya,Technical Internship or Coop – Lucidya,39.17,39.201179655813014,0.03117965581301263,rubric_assisted_ridge,149,149
ds-gpa-ielts,117,Diriyah Company,Diriyah Co-op Training Program,43.33,43.32474450821792,0.005255491782079957,rubric_assisted_ridge,106,108
ds-gpa-ielts,118,Riyadh Air,Co-op – Riyadh Air,43.33,43.322285093982366,0.007714906017632472,rubric_assisted_ridge,106,109
ds-gpa-ielts,119,Jahez Group,Jahez Internship Program (as described in Sustainability Report),50.0,49.99945971841191,0.0005402815880870548,rubric_assisted_ridge,54,54
ds-gpa-ielts,120,Lumi | لومي,COOP Intern 2025 – Lumi,43.33,43.32753410652188,0.0024658934781172093,rubric_assisted_ridge,106,107
ds-gpa-ielts,121,webook.com,COOP Trainee Opportunities – webook.com,40.0,39.99342075353432,0.006579246465676647,rubric_assisted_ridge,125,133
ds-gpa-ielts,122,moneymoon,Tech & AI Co-op Program 2025,50.17,50.19403053268387,0.024030532683866568,rubric_assisted_ridge,52,52
ds-gpa-ielts,123,EjadTech - إيجاد التقنية,"Summer Internship Program 2025 (Computer, Data, and AI Majors)",61.17,61.17603340748039,0.006033407480387609,rubric_assisted_ridge,8,8
ds-gpa-ielts,124,InnovationTeam,Java Microservices Internship Programme (Saudi Nationals),56.67,56.67954816453598,0.009548164535978287,rubric_assisted_ridge,22,22
ds-gpa-ielts,125,Tamkeen Technologies,On the Job Training (Internship Program) — Technology field,54.5,54.506623012086806,0.006623012086805602,rubric_assisted_ridge,30,30
ds-gpa-ielts,126,Trendyol Group,Trendyol Tech Talent - Bootcamp & COOP Internship Program (Saudi Students Only),41.0,40.99837730311847,0.0016226968815331588,rubric_assisted_ridge,123,123
ds-gpa-ielts,127,Ninja نينجا,COOP Training Program,41.0,40.9827175638059,0.01728243619410108,rubric_assisted_ridge,123,124
ds-gpa-ielts,128,SCAI | سكاي,CO-OP Training Opportunities (Intern),53.5,53.50824421626751,0.008244216267506488,rubric_assisted_ridge,41,41
ds-gpa-ielts,129,WalaPlus,Coop & Tamheer Opportunities,44.5,44.48759663304266,0.012403366957336459,rubric_assisted_ridge,91,100
ds-gpa-ielts,130,Aon,IT Co-op Trainee 2026,44.5,44.482867639415886,0.017132360584113826,rubric_assisted_ridge,91,101
ds-gpa-ielts,131,Hewlett Packard Enterprise (HPE),College Intern (Coop),44.5,44.48281742851813,0.01718257148186808,rubric_assisted_ridge,91,102
ds-gpa-ielts,132,Signify,KSA Coop Internship Program,44.5,44.48182480986367,0.01817519013633273,rubric_assisted_ridge,91,103
ds-gpa-ielts,133,Help AG (e& enterprise),Cybersecurity Intern,50.0,49.97857348860712,0.021426511392881764,rubric_assisted_ridge,54,56
ds-gpa-ielts,134,TrendAI (Trend Micro),CyberGATE Internship Program,54.5,54.489739240283306,0.010260759716693713,rubric_assisted_ridge,30,35
ds-gpa-ielts,135,Golf Saudi,IT Co-op Trainee,49.17,49.167554798509684,0.0024452014903175723,rubric_assisted_ridge,59,64
ds-gpa-ielts,136,Siemens Healthineers,Healthineers Early Talent Program – IT (Riyadh),54.5,54.48347892266388,0.016521077336122403,rubric_assisted_ridge,30,36
ds-gpa-ielts,137,1957 Ventures,Internship / Co-Op Program,52.5,52.49346123349323,0.006538766506771765,rubric_assisted_ridge,42,47
ds-gpa-ielts,138,Nokia,Graduate Trainee (Saudi Arabia) – Fledgers Program,54.67,54.67427068701841,0.0042706870184048285,rubric_assisted_ridge,29,29
ds-gpa-ielts,139,Ericsson,Summer Interns (Ericsson Saudi),59.17,59.161231364323186,0.008768635676815961,rubric_assisted_ridge,12,16
ds-gpa-ielts,140,Bosch Middle East,Software Development Intern (AI/Cloud),64.67,64.67422003948101,0.00422003948101235,rubric_assisted_ridge,4,4
ds-gpa-ielts,141,Saudi Payments | المدفوعات السعودية,COOP Training – August 2024,57.0,56.99298126125993,0.0070187387400721946,rubric_assisted_ridge,19,21
ds-gpa-ielts,142,Saudi Tadawul Group | تداول,Cooperative Training Program (COOP),52.5,52.50232386983118,0.0023238698311800476,rubric_assisted_ridge,42,44
ds-gpa-ielts,143,Lean Technologies,Software Engineering Intern – KSA,61.17,61.15492047242037,0.015079527579629826,rubric_assisted_ridge,8,9
ds-gpa-ielts,144,Mirai (Scopely) | مِراي,AI Engineering Intern (GenAI),60.17,60.18293745025765,0.012937450257645366,rubric_assisted_ridge,10,11
ds-gpa-ielts,145,HungerStation | هنقرستيشن,"Co-OP Trainee, Data Analysis – Info Sec",55.67,55.68047441242963,0.01047441242963032,rubric_assisted_ridge,25,26
ds-gpa-ielts,146,NCGR | المركز الوطني لنظم الموارد الحكومية,Coop Training Program,47.83,47.81811441108516,0.011885588914836376,rubric_assisted_ridge,70,74
ds-gpa-ielts,147,nybl,nybl Graduate Programme – Saudi Nationals (AI Bootcamp),44.67,44.65722019018956,0.012779809810439247,rubric_assisted_ridge,80,90
ds-gpa-ielts,148,Procter & Gamble (P&G),P&G LEADgen Internship Program 2026 (Riyadh),54.5,54.48070320449441,0.01929679550558916,rubric_assisted_ridge,30,37
ds-gpa-ielts,149,New Murabba | المربع الجديد,New Murabba Co-op Training Program,47.83,47.82127773876946,0.008722261230538209,rubric_assisted_ridge,70,73
ds-gpa-ielts,150,Boeing Saudi Arabia Limited,Intern - Info Technology & Data Analytics (Riyadh),63.67,63.68619203249576,0.01619203249575918,rubric_assisted_ridge,5,5
ds-gpa-ielts,151,Motorola Solutions,Deployment Engineer Intern (KSA National - Tamheer Program),44.5,44.49464339387981,0.005356606120187735,rubric_assisted_ridge,91,94
ds-gpa-ielts,152,Schneider Electric,Co-op Intern (Engineering) - Al Khobar (Jan–Aug 2026),34.5,34.51956365008688,0.019563650086880102,rubric_assisted_ridge,164,165
ds-gpa-ielts,153,Lockheed Martin,Tamheer Space Internship (Riyadh),44.5,44.49219927800738,0.007800721992623494,rubric_assisted_ridge,91,96
ds-gpa-ielts,154,Markaba | مركبة,Start-up Software Intern – TAMHEER (Saudi nationals only),45.67,45.6774506348415,0.007450634841497106,rubric_assisted_ridge,77,77
ds-gpa-ielts,155,Laverne Group | مجموعة لافيرن,Data Analyst / Data Engineer Intern (IT Department),70.67,70.69445758639847,0.02445758639846929,rubric_assisted_ridge,1,1
ds-gpa-ielts,156,Meel | ميل,"Software Developer Internship (Remote, min 2 months)",49.17,49.2030731491796,0.033073149179600136,rubric_assisted_ridge,59,60
ds-gpa-ielts,157,Nahdi Medical Co.,IT Internship / COOP Program (6 months),39.5,39.50903956415697,0.00903956415697138,rubric_assisted_ridge,147,147
ds-gpa-ielts,158,SMART Technology Solutions | سمارت لحلول التقنية,R&D Intern (Riyadh),59.17,59.17979695924033,0.009796959240325975,rubric_assisted_ridge,12,14
ds-gpa-ielts,159,Knodemy Inc.,AI Developer & Tech Trainer Intern - Riyadh,60.17,60.1902707857406,0.020270785740599706,rubric_assisted_ridge,10,10
ds-gpa-ielts,160,Water Transmission Company | شركة نقل المياه,Tamheer Internship Program (HRIS / Engineering & PM - Riyadh),49.17,49.18148826168523,0.011488261685229872,rubric_assisted_ridge,59,62
ds-gpa-ielts,161,AFNOYS,"AI Automation Intern - KSA (Remote, 4 weeks)",49.17,49.206535451259285,0.036535451259283036,rubric_assisted_ridge,59,59
ds-gpa-ielts,162,SAS,CareerStart@SAS 2026 - Presales Customer Intelligence Intern (Riyadh),62.17,62.180833780991755,0.010833780991752917,rubric_assisted_ridge,7,7
ds-gpa-ielts,163,Devoteam,Trainee - Future Leaders Program (Co-op/Fresh Graduate),49.0,49.01911732932424,0.019117329324238597,rubric_assisted_ridge,65,65
ds-gpa-ielts,164,ضالتي Dhallaty,Tech Intern: Fresh Grad or Student,57.67,57.68198227032891,0.011982270328907418,rubric_assisted_ridge,17,17
ds-gpa-ielts,165,Innovative Solutions SA,Presales - Tamheer,36.5,36.48754826904866,0.012451730951340778,rubric_assisted_ridge,154,155
ds-gpa-ielts,166,HUMAIN,Tamheer Program (Software Engineer / Cybersecurity / MIS),45.67,45.65997018645619,0.010029813543809496,rubric_assisted_ridge,77,78
ds-gpa-ielts,167,TAM | تام,"Tamheer Opportunity, Advisory",36.5,36.41346525494319,0.08653474505680947,rubric_assisted_ridge,154,157
ds-gpa-ielts,168,هيئة التأمين | Insurance Authority,Tamheer Opportunity - Specialist of Information Security,36.5,36.47771175798508,0.0222882420149233,rubric_assisted_ridge,154,156
ds-gpa-ielts,169,Snbla | سنبله,Paid Internship Program (FinTech),57.67,57.680865712229,0.010865712228998348,rubric_assisted_ridge,17,18
ds-gpa-ielts,170,2P Perfect Presentation,Data Analyst (Tamheer),56.17,56.14771696441245,0.02228303558754874,rubric_assisted_ridge,23,24
ds-gpa-ielts,171,Infosys,Summer Intern (Infosys InStep ’26 – Bangalore),43.0,42.99309361697749,0.006906383022510454,rubric_assisted_ridge,118,121
ds-gpa-ielts,172,شركة الخدمات المدارة | Managed Services Company,Intern Cybersecurity Engineer,51.0,50.99415669479527,0.005843305204727756,rubric_assisted_ridge,50,50
ds-gpa-ielts,173,Abunayyan Holding,Data Analyst (Tamheer),56.17,56.15122443599818,0.01877556400182101,rubric_assisted_ridge,23,23
de-cloud-dammam,1,Saudi Aramco,University Internship Program (UIP),40.5,40.51093637520104,0.01093637520104096,rubric_assisted_ridge,91,94
de-cloud-dammam,2,SABIC,COOP Training Program,36.5,36.52772008292861,0.027720082928610168,rubric_assisted_ridge,120,120
de-cloud-dammam,3,stc (Saudi Telecom Company),Cooperative Training Program (COOP),33.5,33.5659905900429,0.06599059004290098,rubric_assisted_ridge,127,127
de-cloud-dammam,4,Saudi National Bank (SNB),SNB Cooperative Training Program,47.83,47.87030895370185,0.040308953701853056,rubric_assisted_ridge,49,50
de-cloud-dammam,5,Al Rajhi Bank,Cooperative Training Program,47.83,47.870589842303275,0.04058984230327667,rubric_assisted_ridge,49,49
de-cloud-dammam,6,Capital Market Authority (CMA),COOP Program,42.83,42.87929217645287,0.04929217645287309,rubric_assisted_ridge,65,73
de-cloud-dammam,7,Digital Government Authority (DGA),Maidan Cooperative Training Program,33.5,33.54889648097044,0.0488964809704413,rubric_assisted_ridge,127,134
de-cloud-dammam,8,KPMG Saudi Arabia,COOP & Internship Programs,38.5,38.514733795211654,0.01473379521165441,rubric_assisted_ridge,97,100
de-cloud-dammam,9,PwC Middle East,"Deals, COOP and Summer Internship Programme (2026)",38.0,38.03993701771955,0.03993701771955216,rubric_assisted_ridge,103,110
de-cloud-dammam,10,Deloitte Middle East (KSA),Jusoor Al Sharqiyah Internship Program,49.5,49.51499116280369,0.014991162803688951,rubric_assisted_ridge,41,42
de-cloud-dammam,11,Bank Albilad,Cooperative & Summer Training Program,56.83,56.86682117249042,0.03682117249041994,rubric_assisted_ridge,5,5
de-cloud-dammam,12,Tamara,Tamara Builders Program,51.83,51.8930557640037,0.06305576400369972,rubric_assisted_ridge,15,16
de-cloud-dammam,13,Bupa Arabia,Cooperative Training Program,33.5,33.54236994339825,0.04236994339824918,rubric_assisted_ridge,127,146
de-cloud-dammam,14,Saudi Exports (Saudi Export Development Authority),COOP & Summer Training (FAQ-confirmed),38.5,38.50610407031248,0.006104070312481724,rubric_assisted_ridge,97,101
de-cloud-dammam,15,Local Content and Government Procurement Authority (LCGPA),COOP Training (role posting),33.5,33.525803093453064,0.025803093453063752,rubric_assisted_ridge,127,160
de-cloud-dammam,16,McKinsey & Company (Maqdira),Maqdira Fellowship Program,38.0,38.05691858006107,0.05691858006107253,rubric_assisted_ridge,103,103
de-cloud-dammam,17,Boston Consulting Group (BCG),Visiting Associate Internship (Riyadh),33.5,33.541272155995784,0.04127215599578449,rubric_assisted_ridge,127,147
de-cloud-dammam,18,Bain & Company,COOP Training Program (Riyadh),33.5,33.5336235694453,0.03362356944529665,rubric_assisted_ridge,127,153
de-cloud-dammam,19,Amazon Web Services (AWS),IT/Computer Hardware Internship (Intern-to-FTE Pathway),42.5,42.53980780681248,0.03980780681248319,rubric_assisted_ridge,77,83
de-cloud-dammam,20,Amazon Web Services (AWS) - Associate Solutions Architect Intern,Associate Solutions Architect Intern (2026),49.17,49.19313808218142,0.02313808218141844,rubric_assisted_ridge,44,44
de-cloud-dammam,21,Google (Saudi Arabia),Google Careers (Saudi location filter),39.0,39.04368354784581,0.0436835478458093,rubric_assisted_ridge,96,96
de-cloud-dammam,22,BlackRock,Client & Product Summer Internship Programme (EMEA) - includes Riyadh,44.67,44.700113998361275,0.03011399836127282,rubric_assisted_ridge,61,63
de-cloud-dammam,23,noon,Student Internship,33.5,33.53167086318249,0.031670863182490905,rubric_assisted_ridge,127,154
de-cloud-dammam,24,MOZN,Data Science Intern,51.33,51.37202121516597,0.04202121516597401,rubric_assisted_ridge,35,36
de-cloud-dammam,25,Elm,Elm Co-op Training Program (March 2026 Intake),33.5,33.53395633341047,0.03395633341047244,rubric_assisted_ridge,127,152
de-cloud-dammam,26,Yasref,Yasref Cooperative Training Program,45.5,45.5350788165769,0.03507881657689893,rubric_assisted_ridge,57,57
de-cloud-dammam,27,"Saudi Standards, Metrology and Quality Organization (SASO)",Cooperative Training (Collaborative Training),42.5,42.53984163902714,0.03984163902713789,rubric_assisted_ridge,77,82
de-cloud-dammam,28,"Zakat, Tax and Customs Authority (ZATCA)",Binaa-Alkafaat Program,33.5,33.51120033660361,0.011200336603607752,rubric_assisted_ridge,127,164
de-cloud-dammam,29,Human Resources Development Fund (HRDF) – Cooperative Training Product,Cooperative Training (HRDF product),15.5,15.47526656209493,0.024733437905069877,rubric_assisted_ridge,171,172
de-cloud-dammam,30,EXPRO,COOP Training (Future Makers Program),33.5,33.53124285590396,0.031242855903961697,rubric_assisted_ridge,127,155
de-cloud-dammam,31,Ministry of Industry and Mineral Resources (MIM) – Cooperative Training Initiative,Cooperative Training Initiative,15.5,15.4878795224937,0.012120477506300631,rubric_assisted_ridge,171,171
de-cloud-dammam,32,TBC (The Beauty Company),Cooperative Training Program,38.5,38.50542246557049,0.005422465570489976,rubric_assisted_ridge,97,102
de-cloud-dammam,33,National Center for Vegetation Cover Development & Combating Desertification (NCVC),COOP Training Program,33.5,33.5309567225851,0.030956722585102625,rubric_assisted_ridge,127,156
de-cloud-dammam,34,Saudi Power Procurement Company (SPPC),Future Power – COOP Training Program,33.5,33.5245525649194,0.024552564919396502,rubric_assisted_ridge,127,161
de-cloud-dammam,35,TBC (Tatweer Building Company),Cooperative Training Program,33.5,33.545139929939204,0.04513992993920368,rubric_assisted_ridge,127,138
de-cloud-dammam,36,PwC Middle East (Assurance COOP & Summer Internship Programme 2026),"Assurance, COOP and Summer Internship Programme 2026 – Middle East",38.0,38.035109900782004,0.03510990078200393,rubric_assisted_ridge,103,113
de-cloud-dammam,37,KAPSARC,Intern (Coop- Trainee),51.83,51.873182666128734,0.043182666128736,rubric_assisted_ridge,15,32
de-cloud-dammam,38,BSF (Banque Saudi Fransi),COOP / Internship,33.5,33.51510215624337,0.015102156243372633,rubric_assisted_ridge,127,163
de-cloud-dammam,39,Saudi Food & Drug Authority (SFDA),COOP training (First semester 2025-2026 intake),38.5,38.52888413159191,0.028884131591908613,rubric_assisted_ridge,97,98
de-cloud-dammam,40,Saudi Power Procurement Company (SPPC) – Future Power (Business Admin COOP),Future Power – Business Administration COOP Training Program,33.5,33.52354192846444,0.023541928464439366,rubric_assisted_ridge,127,162
de-cloud-dammam,41,Bank Albilad,Cooperative and Summer Training Program,42.83,42.88190240262884,0.051902402628840605,rubric_assisted_ridge,65,72
de-cloud-dammam,42,The Saudi National Bank (SNB),SNB Rowad Program,37.83,37.87997527084464,0.04997527084464082,rubric_assisted_ridge,116,116
de-cloud-dammam,43,National Cybersecurity Authority (NCA) – Academy,Cybersecurity training programs (academy),38.5,38.545151331832216,0.045151331832215647,rubric_assisted_ridge,97,97
de-cloud-dammam,44,PIF | Graduate Development Program,Graduate Development Program (GDP),39.67,39.69414402810078,0.024144028100778314,rubric_assisted_ridge,95,95
de-cloud-dammam,45,NEOM | GrOW (Graduates Opportunities in Work),GrOW (Graduates Opportunities in Work),40.5,40.521651396460825,0.021651396460825367,rubric_assisted_ridge,91,93
de-cloud-dammam,46,ROSHN | COOP Trainee Program,COOP Trainee Program,33.5,33.53084485230799,0.030844852307993165,rubric_assisted_ridge,127,157
de-cloud-dammam,47,Microsoft | Ru'aa Program (Riyadh),Ru'aa Program Internship (Solution Engineering),51.83,51.88393301922068,0.05393301922067906,rubric_assisted_ridge,15,22
de-cloud-dammam,48,Oracle | Business Development Intern (KSA market),Business Development Intern (KSA market),36.5,36.504292658390455,0.004292658390454562,rubric_assisted_ridge,120,123
de-cloud-dammam,49,SAP | Student Internship (Riyadh),Student Internship - Riyadh,33.5,33.543118271410115,0.04311827141011548,rubric_assisted_ridge,127,143
de-cloud-dammam,50,SAB (Saudi Awwal Bank) | Cooperative Training Programme (COOP),SAB Cooperative Training Programme (COOP),42.83,42.87836446599823,0.048364465998233186,rubric_assisted_ridge,65,74
de-cloud-dammam,51,Ministry of Finance (Saudi Arabia) | Cooperative Training Program,Cooperative Training Program,31.5,31.54970900394423,0.049709003944229835,rubric_assisted_ridge,165,165
de-cloud-dammam,52,Ministry of Industry and Mineral Resources | Cooperative Training,Cooperative Training Initiative,36.5,36.5031332762148,0.003133276214796865,rubric_assisted_ridge,120,124
de-cloud-dammam,53,King Fahd Causeway Authority | Internship Program,Internship Program,45.5,45.519084173819735,0.01908417381973493,rubric_assisted_ridge,57,58
de-cloud-dammam,54,Tawuniya | Tamheer Program (Fresh Graduates),Tamheer Program,40.5,40.543209063955544,0.043209063955544025,rubric_assisted_ridge,91,91
de-cloud-dammam,55,SAMA | SAMA Professional Program (SPP),SAMA Professional Program (SPP),26.5,26.53079729463175,0.03079729463174985,rubric_assisted_ridge,170,170
de-cloud-dammam,56,HRDF | Cooperative Training Product,Cooperative Training Product,36.5,36.5050248940748,0.005024894074800557,rubric_assisted_ridge,120,122
de-cloud-dammam,57,IBM,"Automation, Data & AI – Intern",49.83,49.89537199609602,0.06537199609601885,rubric_assisted_ridge,37,37
de-cloud-dammam,58,Unifonic,Internship (Unifonic),38.0,38.05307200525108,0.05307200525108158,rubric_assisted_ridge,103,106
de-cloud-dammam,59,Misk Foundation,Misk Traineeship / Internship Program,31.5,31.54494033769439,0.04494033769438843,rubric_assisted_ridge,165,166
de-cloud-dammam,60,Cisco,Cisco NetVersity (Saudi Arabia),41.0,41.02904789890363,0.029047898903627356,rubric_assisted_ridge,90,90
de-cloud-dammam,61,KAUST,Visiting Student Research Program (VSRP) Internship,42.83,42.863656865395484,0.033656865395485625,rubric_assisted_ridge,65,76
de-cloud-dammam,62,General Authority for Statistics (GASTAT),Cooperative Training Program,44.67,44.72066706410858,0.05066706410858046,rubric_assisted_ridge,61,61
de-cloud-dammam,63,Saudi Center for Opinion Polling (SCOP),Cooperative Training Program,44.67,44.719760055994165,0.04976005599416311,rubric_assisted_ridge,61,62
de-cloud-dammam,64,Al Rajhi Takaful,Cooperative Training Program,42.83,42.88286470314834,0.05286470314834446,rubric_assisted_ridge,65,70
de-cloud-dammam,65,Expenditure & Projects Efficiency Authority (EXPRO),Future Makers (صنّاع المستقبل) – Cooperative Training,33.5,33.55356776997328,0.05356776997327728,rubric_assisted_ridge,127,130
de-cloud-dammam,66,Ministry of Finance (Saudi Arabia),Cooperative Training Program (Ministry of Finance),33.5,33.55611080023986,0.05611080023985693,rubric_assisted_ridge,127,128
de-cloud-dammam,67,General Entertainment Authority (GEA),GEA Cooperative Training Program,33.5,33.55458369280794,0.05458369280793818,rubric_assisted_ridge,127,129
de-cloud-dammam,68,Banque Saudi Fransi (BSF),COOP Training,33.5,33.535397766591956,0.035397766591955815,rubric_assisted_ridge,127,151
de-cloud-dammam,69,Arab National Bank (ANB),COOP Trainee,42.83,42.877285190419904,0.04728519041990609,rubric_assisted_ridge,65,75
de-cloud-dammam,70,Tamara,Builders Program,42.83,42.89172423245293,0.06172423245293146,rubric_assisted_ridge,65,65
de-cloud-dammam,71,OmniOps,Co‑op Training Program,51.83,51.882944341111454,0.05294434111145563,rubric_assisted_ridge,15,23
de-cloud-dammam,72,Tatweer Educational Technologies (TETCO),Cooperative Training Program,51.83,51.88405246131793,0.05405246131793007,rubric_assisted_ridge,15,21
de-cloud-dammam,73,The Saudi Investment Bank (SAIB),Cooperative Program,42.83,42.88818191418948,0.0581819141894826,rubric_assisted_ridge,65,67
de-cloud-dammam,74,Saudi Awwal Bank (SAB),COOP Program,42.83,42.88403710808234,0.054037108082340524,rubric_assisted_ridge,65,69
de-cloud-dammam,75,Riyad Bank,Internships and Coop Trainings (CSR 2019),42.83,42.88218570792586,0.05218570792586519,rubric_assisted_ridge,65,71
de-cloud-dammam,76,Tabby,Intern DevOps Engineer,59.5,59.53717142356239,0.037171423562391226,rubric_assisted_ridge,3,3
de-cloud-dammam,77,Tabby,Intern Backend (GO) Engineer,58.83,58.87256718904063,0.04256718904063206,rubric_assisted_ridge,4,4
de-cloud-dammam,78,Tabby,Intern Frontend Engineer,51.83,51.89228083274111,0.06228083274110929,rubric_assisted_ridge,15,17
de-cloud-dammam,79,Tabby,Intern Data Engineer,61.83,61.893884695520164,0.06388469552016574,rubric_assisted_ridge,1,1
de-cloud-dammam,80,Tabby,No-Code / AI Agents Engineering Intern,51.83,51.89340806719891,0.0634080671989139,rubric_assisted_ridge,15,15
de-cloud-dammam,81,Bank Albilad,Cooperative Training Program,47.83,47.868730865252274,0.0387308652522762,rubric_assisted_ridge,49,51
de-cloud-dammam,82,Saudi Ground Services (SGS),COOP Program,33.5,33.52651907165843,0.02651907165842715,rubric_assisted_ridge,127,159
de-cloud-dammam,83,CEER,Cooperative Training Program (COOP),33.5,33.54342399496992,0.04342399496992044,rubric_assisted_ridge,127,142
de-cloud-dammam,84,Al Rajhi Takaful,Coop Training Program,42.83,42.88455821485151,0.05455821485151091,rubric_assisted_ridge,65,68
de-cloud-dammam,85,TAWAL,COOP Training Program,51.83,51.88134497228371,0.05134497228371515,rubric_assisted_ridge,15,24
de-cloud-dammam,86,Wakeb_Data,COOP Training,51.83,51.889823797682844,0.059823797682845736,rubric_assisted_ridge,15,19
de-cloud-dammam,87,Banque Saudi Fransi (BSF),Coop Training Program,33.5,33.53682432272271,0.0368243227227083,rubric_assisted_ridge,127,150
de-cloud-dammam,88,Tech Economy,COOP Training Program,33.5,33.54641435719232,0.04641435719231879,rubric_assisted_ridge,127,136
de-cloud-dammam,89,SAMI Advanced Electronics (SAMI-AEC),Coop Trainee,33.5,33.540963593145584,0.04096359314558384,rubric_assisted_ridge,127,148
de-cloud-dammam,90,NHC,COOP Trainee,38.5,38.52442709322344,0.02442709322343717,rubric_assisted_ridge,97,99
de-cloud-dammam,91,REMAT ADVANCED,Cooperative Training Program,42.5,42.5479074248208,0.04790742482079935,rubric_assisted_ridge,77,77
de-cloud-dammam,92,SDM,AI COOP,49.33,49.39301776424399,0.06301776424399463,rubric_assisted_ridge,43,43
de-cloud-dammam,93,HUED,HUED COOP Program 2026,51.83,51.87761380479553,0.04761380479553168,rubric_assisted_ridge,15,27
de-cloud-dammam,94,Araamis • أرامس,Araamis COOP Program 2026,51.83,51.879268923075834,0.04926892307583586,rubric_assisted_ridge,15,26
de-cloud-dammam,95,ARDARA,COOP Training for Students,33.5,33.54498131394516,0.04498131394515781,rubric_assisted_ridge,127,139
de-cloud-dammam,96,flynas,COOP Trainee / Internship Program,38.0,38.04574999977606,0.04574999977606353,rubric_assisted_ridge,103,108
de-cloud-dammam,97,Saudi Motorsport Company (SMC),COOP Trainee (IT Asset Project Management),47.33,47.36139550819453,0.03139550819453518,rubric_assisted_ridge,52,56
de-cloud-dammam,98,Saudi Motorsport Company (SMC),COOP Trainee (Supply Chain Excellence Associate),38.0,38.036662227278846,0.03666222727884616,rubric_assisted_ridge,103,112
de-cloud-dammam,99,Mobily,Cooperative Training Program,33.5,33.55156198086205,0.05156198086204711,rubric_assisted_ridge,127,131
de-cloud-dammam,100,Saudi Awwal Bank (SAB),Student Opportunities: Cooperative / Practical Training,42.83,42.89062597504233,0.0606259750423348,rubric_assisted_ridge,65,66
de-cloud-dammam,101,Alvarez & Marsal,COOP Training Program,33.5,33.54550752439044,0.04550752439043748,rubric_assisted_ridge,127,137
de-cloud-dammam,102,Visa,COOP Trainee (Jan 2026),33.5,33.5388755156536,0.0388755156536007,rubric_assisted_ridge,127,149
de-cloud-dammam,103,Zain KSA,Evolve Program (Fresh Graduates),28.5,28.543508741865278,0.043508741865277756,rubric_assisted_ridge,169,169
de-cloud-dammam,104,Zain KSA,Zain Pioneers Program,37.5,37.54396691175083,0.043966911750828785,rubric_assisted_ridge,119,119
de-cloud-dammam,105,Savvy Games Group,Cooperative Training Program (Co-op),33.5,33.54264527190865,0.042645271908646976,rubric_assisted_ridge,127,144
de-cloud-dammam,106,Bank AlJazira,Tamheer Program,37.83,37.87515760553313,0.045157605533134415,rubric_assisted_ridge,116,117
de-cloud-dammam,107,sirar by stc,Cooperative Training Program,51.83,51.87343935289124,0.0434393528912409,rubric_assisted_ridge,15,31
de-cloud-dammam,108,Gathern,Co-op Program,51.83,51.87499188464042,0.04499188464042447,rubric_assisted_ridge,15,29
de-cloud-dammam,109,Elm Company (شركة علم),Coop Training - Computer Science (Jan/Mar/Jun/Aug 2025 Intake),38.0,38.04642558125641,0.04642558125640761,rubric_assisted_ridge,103,107
de-cloud-dammam,110,Elm Company (شركة علم),Co-Op Training - Information Technology (Jun & Aug 2025 Intake),38.0,38.0436098948406,0.04360989484059985,rubric_assisted_ridge,103,109
de-cloud-dammam,111,EJADA,COOP Administration & Support Engineer,33.5,33.54462716740193,0.04462716740192718,rubric_assisted_ridge,127,140
de-cloud-dammam,112,Emdad By Elm,Network Cooperative Training (Network Intern),42.5,42.540164773158295,0.040164773158295475,rubric_assisted_ridge,77,81
de-cloud-dammam,113,AILA,Co-op Training Programme,52.33,52.38094427158079,0.05094427158078929,rubric_assisted_ridge,13,13
de-cloud-dammam,114,Foodics,Foodics 360 Internship Program,38.0,38.05314169237464,0.05314169237463773,rubric_assisted_ridge,103,105
de-cloud-dammam,115,Salla,برنامج التدريب التعاوني (Coop Training) – Salla,38.0,38.02243432395319,0.022434323953191893,rubric_assisted_ridge,103,115
de-cloud-dammam,116,Lucidya,Technical Internship or Coop – Lucidya,47.33,47.375139480752004,0.04513948075200602,rubric_assisted_ridge,52,53
de-cloud-dammam,117,Diriyah Company,Diriyah Co-op Training Program,33.5,33.54828101558876,0.04828101558876341,rubric_assisted_ridge,127,135
de-cloud-dammam,118,Riyadh Air,Co-op – Riyadh Air,33.5,33.5437038420975,0.0437038420975,rubric_assisted_ridge,127,141
de-cloud-dammam,119,Jahez Group,Jahez Internship Program (as described in Sustainability Report),33.5,33.55010501373926,0.05010501373926246,rubric_assisted_ridge,127,133
de-cloud-dammam,120,Lumi | لومي,COOP Intern 2025 – Lumi,33.5,33.55037469611486,0.0503746961148579,rubric_assisted_ridge,127,132
de-cloud-dammam,121,webook.com,COOP Trainee Opportunities – webook.com,33.5,33.54252690859376,0.042526908593757184,rubric_assisted_ridge,127,145
de-cloud-dammam,122,moneymoon,Tech & AI Co-op Program 2025,53.83,53.89524447485665,0.06524447485665519,rubric_assisted_ridge,9,10
de-cloud-dammam,123,EjadTech - إيجاد التقنية,"Summer Internship Program 2025 (Computer, Data, and AI Majors)",51.83,51.874862813203336,0.04486281320333774,rubric_assisted_ridge,15,30
de-cloud-dammam,124,InnovationTeam,Java Microservices Internship Programme (Saudi Nationals),51.83,51.87535266494169,0.04535266494168866,rubric_assisted_ridge,15,28
de-cloud-dammam,125,Tamkeen Technologies,On the Job Training (Internship Program) — Technology field,38.0,38.055862929949605,0.055862929949604734,rubric_assisted_ridge,103,104
de-cloud-dammam,126,Trendyol Group,Trendyol Tech Talent - Bootcamp & COOP Internship Program (Saudi Students Only),36.0,36.036939870076864,0.03693987007686417,rubric_assisted_ridge,125,125
de-cloud-dammam,127,Ninja نينجا,COOP Training Program,36.0,36.02536112227547,0.02536112227546994,rubric_assisted_ridge,125,126
de-cloud-dammam,128,SCAI | سكاي,CO-OP Training Opportunities (Intern),53.83,53.88447923159086,0.05447923159086088,rubric_assisted_ridge,9,12
de-cloud-dammam,129,WalaPlus,Coop & Tamheer Opportunities,42.5,42.5345383969044,0.03453839690440219,rubric_assisted_ridge,77,85
de-cloud-dammam,130,Aon,IT Co-op Trainee 2026,42.5,42.52927918678579,0.029279186785792888,rubric_assisted_ridge,77,89
de-cloud-dammam,131,Hewlett Packard Enterprise (HPE),College Intern (Coop),42.5,42.53050513749396,0.030505137493960888,rubric_assisted_ridge,77,87
de-cloud-dammam,132,Signify,KSA Coop Internship Program,42.5,42.52938426814982,0.029384268149819093,rubric_assisted_ridge,77,88
de-cloud-dammam,133,Help AG (e& enterprise),Cybersecurity Intern,33.5,33.52669066972366,0.026690669723663518,rubric_assisted_ridge,127,158
de-cloud-dammam,134,TrendAI (Trend Micro),CyberGATE Internship Program,42.5,42.53762128931494,0.037621289314941464,rubric_assisted_ridge,77,84
de-cloud-dammam,135,Golf Saudi,IT Co-op Trainee,51.83,51.87208418282765,0.04208418282765081,rubric_assisted_ridge,15,33
de-cloud-dammam,136,Siemens Healthineers,Healthineers Early Talent Program – IT (Riyadh),42.5,42.531448601303886,0.03144860130388594,rubric_assisted_ridge,77,86
de-cloud-dammam,137,1957 Ventures,Internship / Co-Op Program,51.83,51.87098385782353,0.040983857823533754,rubric_assisted_ridge,15,34
de-cloud-dammam,138,Nokia,Graduate Trainee (Saudi Arabia) – Fledgers Program,48.83,48.876853432478384,0.046853432478386026,rubric_assisted_ridge,45,47
de-cloud-dammam,139,Ericsson,Summer Interns (Ericsson Saudi),47.33,47.36860182276244,0.038601822762444726,rubric_assisted_ridge,52,55
de-cloud-dammam,140,Bosch Middle East,Software Development Intern (AI/Cloud),56.5,56.540311657564736,0.04031165756473598,rubric_assisted_ridge,7,7
de-cloud-dammam,141,Saudi Payments | المدفوعات السعودية,COOP Training – August 2024,47.33,47.37140732221309,0.041407322213089515,rubric_assisted_ridge,52,54
de-cloud-dammam,142,Saudi Tadawul Group | تداول,Cooperative Training Program (COOP),51.83,51.88003629642198,0.05003629642197893,rubric_assisted_ridge,15,25
de-cloud-dammam,143,Lean Technologies,Software Engineering Intern – KSA,55.83,55.85783152984472,0.02783152984471826,rubric_assisted_ridge,8,8
de-cloud-dammam,144,Mirai (Scopely) | مِراي,AI Engineering Intern (GenAI),53.83,53.88764753886762,0.057647538867620085,rubric_assisted_ridge,9,11
de-cloud-dammam,145,HungerStation | هنقرستيشن,"Co-OP Trainee, Data Analysis – Info Sec",51.33,51.380097767056014,0.050097767056016096,rubric_assisted_ridge,35,35
de-cloud-dammam,146,NCGR | المركز الوطني لنظم الموارد الحكومية,Coop Training Program,38.0,38.039118380813406,0.039118380813405906,rubric_assisted_ridge,103,111
de-cloud-dammam,147,nybl,nybl Graduate Programme – Saudi Nationals (AI Bootcamp),37.83,37.86307077663176,0.03307077663176017,rubric_assisted_ridge,116,118
de-cloud-dammam,148,Procter & Gamble (P&G),P&G LEADgen Internship Program 2026 (Riyadh),38.0,38.03102209463901,0.031022094639013176,rubric_assisted_ridge,103,114
de-cloud-dammam,149,New Murabba | المربع الجديد,New Murabba Co-op Training Program,42.5,42.54048316016925,0.04048316016925213,rubric_assisted_ridge,77,80
de-cloud-dammam,150,Boeing Saudi Arabia Limited,Intern - Info Technology & Data Analytics (Riyadh),47.33,47.393573824022376,0.06357382402237732,rubric_assisted_ridge,52,52
de-cloud-dammam,151,Motorola Solutions,Deployment Engineer Intern (KSA National - Tamheer Program),42.5,42.54317803738023,0.04317803738022974,rubric_assisted_ridge,77,78
de-cloud-dammam,152,Schneider Electric,Co-op Intern (Engineering) - Al Khobar (Jan–Aug 2026),49.5,49.51548197598771,0.015481975987711394,rubric_assisted_ridge,41,41
de-cloud-dammam,153,Lockheed Martin,Tamheer Space Internship (Riyadh),42.5,42.54282532139855,0.042825321398552774,rubric_assisted_ridge,77,79
de-cloud-dammam,154,Markaba | مركبة,Start-up Software Intern – TAMHEER (Saudi nationals only),49.83,49.878567237530355,0.04856723753035652,rubric_assisted_ridge,37,39
de-cloud-dammam,155,Laverne Group | مجموعة لافيرن,Data Analyst / Data Engineer Intern (IT Department),59.83,59.898661978667484,0.06866197866748536,rubric_assisted_ridge,2,2
de-cloud-dammam,156,Meel | ميل,"Software Developer Internship (Remote, min 2 months)",56.83,56.8627619396195,0.03276193961950469,rubric_assisted_ridge,5,6
de-cloud-dammam,157,Nahdi Medical Co.,IT Internship / COOP Program (6 months),43.0,43.02730614342082,0.027306143420823048,rubric_assisted_ridge,64,64
de-cloud-dammam,158,SMART Technology Solutions | سمارت لحلول التقنية,R&D Intern (Riyadh),51.83,51.89127101622772,0.06127101622772102,rubric_assisted_ridge,15,18
de-cloud-dammam,159,Knodemy Inc.,AI Developer & Tech Trainer Intern - Riyadh,53.83,53.897311285089756,0.06731128508975814,rubric_assisted_ridge,9,9
de-cloud-dammam,160,Water Transmission Company | شركة نقل المياه,Tamheer Internship Program (HRIS / Engineering & PM - Riyadh),51.83,51.88681706315526,0.05681706315526469,rubric_assisted_ridge,15,20
de-cloud-dammam,161,AFNOYS,"AI Automation Intern - KSA (Remote, 4 weeks)",52.33,52.36557555685956,0.035575556859562596,rubric_assisted_ridge,13,14
de-cloud-dammam,162,SAS,CareerStart@SAS 2026 - Presales Customer Intelligence Intern (Riyadh),48.83,48.8761479088918,0.04614790889180398,rubric_assisted_ridge,45,48
de-cloud-dammam,163,Devoteam,Trainee - Future Leaders Program (Co-op/Fresh Graduate),49.83,49.89179190201405,0.06179190201405049,rubric_assisted_ridge,37,38
de-cloud-dammam,164,ضالتي Dhallaty,Tech Intern: Fresh Grad or Student,48.83,48.87866987935567,0.04866987935567124,rubric_assisted_ridge,45,45
de-cloud-dammam,165,Innovative Solutions SA,Presales - Tamheer,31.5,31.52906122929976,0.029061229299760072,rubric_assisted_ridge,165,167
de-cloud-dammam,166,HUMAIN,Tamheer Program (Software Engineer / Cybersecurity / MIS),49.83,49.8608922775931,0.030892277593103756,rubric_assisted_ridge,37,40
de-cloud-dammam,167,TAM | تام,"Tamheer Opportunity, Advisory",10.5,10.507117657401665,0.007117657401664701,rubric_assisted_ridge,173,173
de-cloud-dammam,168,هيئة التأمين | Insurance Authority,Tamheer Opportunity - Specialist of Information Security,31.5,31.518717540814123,0.018717540814122913,rubric_assisted_ridge,165,168
de-cloud-dammam,169,Snbla | سنبله,Paid Internship Program (FinTech),48.83,48.87766147114573,0.04766147114573016,rubric_assisted_ridge,45,46
de-cloud-dammam,170,2P Perfect Presentation,Data Analyst (Tamheer),45.33,45.3487432876274,0.018743287627401628,rubric_assisted_ridge,59,60
de-cloud-dammam,171,Infosys,Summer Intern (Infosys InStep ’26 – Bangalore),36.5,36.5117831471777,0.011783147177702347,rubric_assisted_ridge,120,121
de-cloud-dammam,172,شركة الخدمات المدارة | Managed Services Company,Intern Cybersecurity Engineer,40.5,40.54187836679297,0.04187836679297163,rubric_assisted_ridge,91,92
de-cloud-dammam,173,Abunayyan Holding,Data Analyst (Tamheer),45.33,45.352435768441,0.022435768440999482,rubric_assisted_ridge,59,59
ce-network-dhahran,1,Saudi Aramco,University Internship Program (UIP),50.0,49.983303003121364,0.016696996878636128,rubric_assisted_ridge,40,40
ce-network-dhahran,2,SABIC,COOP Training Program,43.0,43.005427002430565,0.005427002430565153,rubric_assisted_ridge,91,91
ce-network-dhahran,3,stc (Saudi Telecom Company),Cooperative Training Program (COOP),47.0,47.0327564871959,0.032756487195896966,rubric_assisted_ridge,51,54
ce-network-dhahran,4,Saudi National Bank (SNB),SNB Cooperative Training Program,45.0,45.03066463629081,0.03066463629080829,rubric_assisted_ridge,74,74
ce-network-dhahran,5,Al Rajhi Bank,Cooperative Training Program,45.0,45.030034262388185,0.03003426238818463,rubric_assisted_ridge,74,75
ce-network-dhahran,6,Capital Market Authority (CMA),COOP Program,40.0,40.03771602714105,0.03771602714105171,rubric_assisted_ridge,104,105
ce-network-dhahran,7,Digital Government Authority (DGA),Maidan Cooperative Training Program,40.0,40.02547262453786,0.025472624537862032,rubric_assisted_ridge,104,111
ce-network-dhahran,8,KPMG Saudi Arabia,COOP & Internship Programs,45.0,44.99298758938234,0.007012410617662113,rubric_assisted_ridge,74,76
ce-network-dhahran,9,PwC Middle East,"Deals, COOP and Summer Internship Programme (2026)",44.5,44.520504535471744,0.020504535471744134,rubric_assisted_ridge,79,88
ce-network-dhahran,10,Deloitte Middle East (KSA),Jusoor Al Sharqiyah Internship Program,59.0,58.98452660302286,0.015473396977142784,rubric_assisted_ridge,14,14
ce-network-dhahran,11,Bank Albilad,Cooperative & Summer Training Program,67.0,67.01416996638373,0.014169966383732913,rubric_assisted_ridge,2,2
ce-network-dhahran,12,Tamara,Tamara Builders Program,49.0,49.051607906565295,0.05160790656529457,rubric_assisted_ridge,42,42
ce-network-dhahran,13,Bupa Arabia,Cooperative Training Program,40.0,40.01867696011807,0.018676960118071406,rubric_assisted_ridge,104,119
ce-network-dhahran,14,Saudi Exports (Saudi Export Development Authority),COOP & Summer Training (FAQ-confirmed),45.0,44.985367949950934,0.014632050049065981,rubric_assisted_ridge,74,77
ce-network-dhahran,15,Local Content and Government Procurement Authority (LCGPA),COOP Training (role posting),40.0,40.00458363769737,0.004583637697372467,rubric_assisted_ridge,104,127
ce-network-dhahran,16,McKinsey & Company (Maqdira),Maqdira Fellowship Program,44.5,44.53447815422564,0.03447815422563849,rubric_assisted_ridge,79,83
ce-network-dhahran,17,Boston Consulting Group (BCG),Visiting Associate Internship (Riyadh),47.0,47.00819609926738,0.008196099267379964,rubric_assisted_ridge,51,66
ce-network-dhahran,18,Bain & Company,COOP Training Program (Riyadh),40.0,40.01124416432221,0.011244164322206984,rubric_assisted_ridge,104,122
ce-network-dhahran,19,Amazon Web Services (AWS),IT/Computer Hardware Internship (Intern-to-FTE Pathway),55.0,55.00675696823045,0.006756968230448024,rubric_assisted_ridge,20,22
ce-network-dhahran,20,Amazon Web Services (AWS) - Associate Solutions Architect Intern,Associate Solutions Architect Intern (2026),52.0,52.01096647651469,0.01096647651468885,rubric_assisted_ridge,27,29
ce-network-dhahran,21,Google (Saudi Arabia),Google Careers (Saudi location filter),40.0,40.02216771938166,0.022167719381663176,rubric_assisted_ridge,104,115
ce-network-dhahran,22,BlackRock,Client & Product Summer Internship Programme (EMEA) - includes Riyadh,34.5,34.525099708877406,0.025099708877405646,rubric_assisted_ridge,145,150
ce-network-dhahran,23,noon,Student Internship,30.0,30.00980386804318,0.009803868043178454,rubric_assisted_ridge,163,169
ce-network-dhahran,24,MOZN,Data Science Intern,34.5,34.54000349803063,0.04000349803062875,rubric_assisted_ridge,145,146
ce-network-dhahran,25,Elm,Elm Co-op Training Program (March 2026 Intake),40.0,40.011302667938175,0.011302667938174693,rubric_assisted_ridge,104,121
ce-network-dhahran,26,Yasref,Yasref Cooperative Training Program,65.0,65.00255165067529,0.00255165067528651,rubric_assisted_ridge,3,3
ce-network-dhahran,27,"Saudi Standards, Metrology and Quality Organization (SASO)",Cooperative Training (Collaborative Training),62.0,62.00566341442446,0.005663414424461166,rubric_assisted_ridge,4,9
ce-network-dhahran,28,"Zakat, Tax and Customs Authority (ZATCA)",Binaa-Alkafaat Program,35.0,34.99133936336986,0.008660636630139606,rubric_assisted_ridge,144,144
ce-network-dhahran,29,Human Resources Development Fund (HRDF) – Cooperative Training Product,Cooperative Training (HRDF product),20.5,20.46638013164211,0.03361986835788855,rubric_assisted_ridge,171,172
ce-network-dhahran,30,EXPRO,COOP Training (Future Makers Program),40.0,40.00980168094454,0.009801680944541147,rubric_assisted_ridge,104,124
ce-network-dhahran,31,Ministry of Industry and Mineral Resources (MIM) – Cooperative Training Initiative,Cooperative Training Initiative,20.5,20.478178285940402,0.021821714059598207,rubric_assisted_ridge,171,171
ce-network-dhahran,32,TBC (The Beauty Company),Cooperative Training Program,45.0,44.9835457628386,0.0164542371613976,rubric_assisted_ridge,74,78
ce-network-dhahran,33,National Center for Vegetation Cover Development & Combating Desertification (NCVC),COOP Training Program,40.0,40.010591921904414,0.010591921904413937,rubric_assisted_ridge,104,123
ce-network-dhahran,34,Saudi Power Procurement Company (SPPC),Future Power – COOP Training Program,40.0,40.00442232712364,0.004422327123641878,rubric_assisted_ridge,104,128
ce-network-dhahran,35,TBC (Tatweer Building Company),Cooperative Training Program,40.0,40.02467599773587,0.02467599773586926,rubric_assisted_ridge,104,112
ce-network-dhahran,36,PwC Middle East (Assurance COOP & Summer Internship Programme 2026),"Assurance, COOP and Summer Internship Programme 2026 – Middle East",44.5,44.51833458656672,0.018334586566723488,rubric_assisted_ridge,79,89
ce-network-dhahran,37,KAPSARC,Intern (Coop- Trainee),49.0,49.034636043086415,0.034636043086415214,rubric_assisted_ridge,42,47
ce-network-dhahran,38,BSF (Banque Saudi Fransi),COOP / Internship,47.0,46.98492054675751,0.015079453242492491,rubric_assisted_ridge,51,69
ce-network-dhahran,39,Saudi Food & Drug Authority (SFDA),COOP training (First semester 2025-2026 intake),52.0,51.99814973713906,0.0018502628609411431,rubric_assisted_ridge,27,31
ce-network-dhahran,40,Saudi Power Procurement Company (SPPC) – Future Power (Business Admin COOP),Future Power – Business Administration COOP Training Program,40.0,40.00584749066724,0.005847490667242994,rubric_assisted_ridge,104,126
ce-network-dhahran,41,Bank Albilad,Cooperative and Summer Training Program,47.0,47.028315864527116,0.028315864527115764,rubric_assisted_ridge,51,57
ce-network-dhahran,42,The Saudi National Bank (SNB),SNB Rowad Program,30.0,30.040250582523377,0.04025058252337743,rubric_assisted_ridge,163,163
ce-network-dhahran,43,National Cybersecurity Authority (NCA) – Academy,Cybersecurity training programs (academy),51.0,51.01551335651592,0.015513356515917565,rubric_assisted_ridge,39,39
ce-network-dhahran,44,PIF | Graduate Development Program,Graduate Development Program (GDP),34.5,34.521344302361484,0.021344302361484324,rubric_assisted_ridge,145,151
ce-network-dhahran,45,NEOM | GrOW (Graduates Opportunities in Work),GrOW (Graduates Opportunities in Work),53.5,53.49902706241782,0.0009729375821834196,rubric_assisted_ridge,24,24
ce-network-dhahran,46,ROSHN | COOP Trainee Program,COOP Trainee Program,40.0,40.01180429323855,0.011804293238547814,rubric_assisted_ridge,104,120
ce-network-dhahran,47,Microsoft | Ru'aa Program (Riyadh),Ru'aa Program Internship (Solution Engineering),39.0,39.05196267167197,0.05196267167197277,rubric_assisted_ridge,129,137
ce-network-dhahran,48,Oracle | Business Development Intern (KSA market),Business Development Intern (KSA market),31.5,31.496052310844885,0.0039476891551153415,rubric_assisted_ridge,160,160
ce-network-dhahran,49,SAP | Student Internship (Riyadh),Student Internship - Riyadh,30.0,30.023575248831975,0.023575248831974704,rubric_assisted_ridge,163,168
ce-network-dhahran,50,SAB (Saudi Awwal Bank) | Cooperative Training Programme (COOP),SAB Cooperative Training Programme (COOP),40.0,40.04016370998316,0.040163709983161766,rubric_assisted_ridge,104,104
ce-network-dhahran,51,Ministry of Finance (Saudi Arabia) | Cooperative Training Program,Cooperative Training Program,36.5,36.53495780295896,0.03495780295895656,rubric_assisted_ridge,141,141
ce-network-dhahran,52,Ministry of Industry and Mineral Resources | Cooperative Training,Cooperative Training Initiative,41.5,41.49021910243846,0.009780897561540769,rubric_assisted_ridge,96,101
ce-network-dhahran,53,King Fahd Causeway Authority | Internship Program,Internship Program,53.5,53.495868997480194,0.004131002519805804,rubric_assisted_ridge,24,25
ce-network-dhahran,54,Tawuniya | Tamheer Program (Fresh Graduates),Tamheer Program,55.0,55.01435188240612,0.014351882406117511,rubric_assisted_ridge,20,20
ce-network-dhahran,55,SAMA | SAMA Professional Program (SPP),SAMA Professional Program (SPP),26.5,26.521351134891855,0.02135113489185514,rubric_assisted_ridge,170,170
ce-network-dhahran,56,HRDF | Cooperative Training Product,Cooperative Training Product,41.5,41.49240376347636,0.007596236523639277,rubric_assisted_ridge,96,100
ce-network-dhahran,57,IBM,"Automation, Data & AI – Intern",42.5,42.55510959419818,0.05510959419817851,rubric_assisted_ridge,92,92
ce-network-dhahran,58,Unifonic,Internship (Unifonic),34.5,34.53286509630278,0.03286509630277834,rubric_assisted_ridge,145,149
ce-network-dhahran,59,Misk Foundation,Misk Traineeship / Internship Program,33.0,33.026143264073106,0.026143264073105854,rubric_assisted_ridge,155,158
ce-network-dhahran,60,Cisco,Cisco NetVersity (Saudi Arabia),54.0,53.99861637029721,0.001383629702786493,rubric_assisted_ridge,23,23
ce-network-dhahran,61,KAUST,Visiting Student Research Program (VSRP) Internship,30.0,30.026838923493216,0.026838923493215816,rubric_assisted_ridge,163,167
ce-network-dhahran,62,General Authority for Statistics (GASTAT),Cooperative Training Program,44.5,44.542624308447714,0.04262430844771359,rubric_assisted_ridge,79,82
ce-network-dhahran,63,Saudi Center for Opinion Polling (SCOP),Cooperative Training Program,44.5,44.54273676029902,0.042736760299021626,rubric_assisted_ridge,79,81
ce-network-dhahran,64,Al Rajhi Takaful,Cooperative Training Program,56.0,56.03333180966885,0.03333180966885152,rubric_assisted_ridge,15,16
ce-network-dhahran,65,Expenditure & Projects Efficiency Authority (EXPRO),Future Makers (صنّاع المستقبل) – Cooperative Training,40.0,40.03265662806023,0.03265662806023073,rubric_assisted_ridge,104,107
ce-network-dhahran,66,Ministry of Finance (Saudi Arabia),Cooperative Training Program (Ministry of Finance),40.0,40.03618679342568,0.03618679342567788,rubric_assisted_ridge,104,106
ce-network-dhahran,67,General Entertainment Authority (GEA),GEA Cooperative Training Program,40.0,40.031961268499245,0.031961268499244966,rubric_assisted_ridge,104,108
ce-network-dhahran,68,Banque Saudi Fransi (BSF),COOP Training,47.0,47.004270232745725,0.004270232745724911,rubric_assisted_ridge,51,68
ce-network-dhahran,69,Arab National Bank (ANB),COOP Trainee,47.0,47.02333282488574,0.023332824885741843,rubric_assisted_ridge,51,59
ce-network-dhahran,70,Tamara,Builders Program,47.0,47.036151522352675,0.03615152235267516,rubric_assisted_ridge,51,53
ce-network-dhahran,71,OmniOps,Co‑op Training Program,56.0,56.031020733536536,0.031020733536536227,rubric_assisted_ridge,15,17
ce-network-dhahran,72,Tatweer Educational Technologies (TETCO),Cooperative Training Program,62.0,62.032137052210366,0.032137052210366335,rubric_assisted_ridge,4,4
ce-network-dhahran,73,The Saudi Investment Bank (SAIB),Cooperative Program,47.0,47.03700257721434,0.03700257721433786,rubric_assisted_ridge,51,52
ce-network-dhahran,74,Saudi Awwal Bank (SAB),COOP Program,47.0,47.03104381331649,0.031043813316486535,rubric_assisted_ridge,51,56
ce-network-dhahran,75,Riyad Bank,Internships and Coop Trainings (CSR 2019),47.0,47.028288633326376,0.0282886333263761,rubric_assisted_ridge,51,58
ce-network-dhahran,76,Tabby,Intern DevOps Engineer,41.5,41.547470928965105,0.04747092896510452,rubric_assisted_ridge,96,97
ce-network-dhahran,77,Tabby,Intern Backend (GO) Engineer,39.0,39.05983016022835,0.0598301602283513,rubric_assisted_ridge,129,131
ce-network-dhahran,78,Tabby,Intern Frontend Engineer,39.0,39.05494029215947,0.05494029215947194,rubric_assisted_ridge,129,134
ce-network-dhahran,79,Tabby,Intern Data Engineer,39.0,39.06693499035688,0.06693499035687722,rubric_assisted_ridge,129,129
ce-network-dhahran,80,Tabby,No-Code / AI Agents Engineering Intern,39.0,39.056890332126024,0.05689033212602368,rubric_assisted_ridge,129,133
ce-network-dhahran,81,Bank Albilad,Cooperative Training Program,52.0,52.016453908007236,0.016453908007235896,rubric_assisted_ridge,27,27
ce-network-dhahran,82,Saudi Ground Services (SGS),COOP Program,40.0,40.00609587666535,0.006095876665348499,rubric_assisted_ridge,104,125
ce-network-dhahran,83,CEER,Cooperative Training Program (COOP),40.0,40.020613706037665,0.02061370603766477,rubric_assisted_ridge,104,117
ce-network-dhahran,84,Al Rajhi Takaful,Coop Training Program,47.0,47.032669870761154,0.03266987076115413,rubric_assisted_ridge,51,55
ce-network-dhahran,85,TAWAL,COOP Training Program,56.0,56.029946451234665,0.02994645123466455,rubric_assisted_ridge,15,18
ce-network-dhahran,86,Wakeb_Data,COOP Training,49.0,49.05000284235028,0.050002842350281185,rubric_assisted_ridge,42,43
ce-network-dhahran,87,Banque Saudi Fransi (BSF),Coop Training Program,47.0,47.004598015289396,0.0045980152893960735,rubric_assisted_ridge,51,67
ce-network-dhahran,88,Tech Economy,COOP Training Program,47.0,47.01307496301365,0.013074963013650631,rubric_assisted_ridge,51,62
ce-network-dhahran,89,SAMI Advanced Electronics (SAMI-AEC),Coop Trainee,47.0,47.009480144541584,0.009480144541583968,rubric_assisted_ridge,51,65
ce-network-dhahran,90,NHC,COOP Trainee,52.0,51.99058755098764,0.009412449012359048,rubric_assisted_ridge,27,32
ce-network-dhahran,91,REMAT ADVANCED,Cooperative Training Program,62.0,62.01598881413941,0.015988814139412,rubric_assisted_ridge,4,7
ce-network-dhahran,92,SDM,AI COOP,44.5,44.55859913845836,0.05859913845836218,rubric_assisted_ridge,79,80
ce-network-dhahran,93,HUED,HUED COOP Program 2026,49.0,49.03860217855241,0.03860217855240933,rubric_assisted_ridge,42,45
ce-network-dhahran,94,Araamis • أرامس,Araamis COOP Program 2026,49.0,49.04000605795742,0.04000605795742018,rubric_assisted_ridge,42,44
ce-network-dhahran,95,ARDARA,COOP Training for Students,40.0,40.02284076544014,0.02284076544013658,rubric_assisted_ridge,104,114
ce-network-dhahran,96,flynas,COOP Trainee / Internship Program,44.5,44.52422139183784,0.02422139183784111,rubric_assisted_ridge,79,87
ce-network-dhahran,97,Saudi Motorsport Company (SMC),COOP Trainee (IT Asset Project Management),44.5,44.52613850558849,0.026138505588491512,rubric_assisted_ridge,79,85
ce-network-dhahran,98,Saudi Motorsport Company (SMC),COOP Trainee (Supply Chain Excellence Associate),51.5,51.50654683258673,0.006546832586728613,rubric_assisted_ridge,33,38
ce-network-dhahran,99,Mobily,Cooperative Training Program,47.0,47.01465474369129,0.014654743691288274,rubric_assisted_ridge,51,60
ce-network-dhahran,100,Saudi Awwal Bank (SAB),Student Opportunities: Cooperative / Practical Training,47.0,47.03804876363294,0.038048763632943405,rubric_assisted_ridge,51,51
ce-network-dhahran,101,Alvarez & Marsal,COOP Training Program,47.0,47.010748063719774,0.010748063719773882,rubric_assisted_ridge,51,63
ce-network-dhahran,102,Visa,COOP Trainee (Jan 2026),40.0,40.02017896317993,0.020178963179930065,rubric_assisted_ridge,104,118
ce-network-dhahran,103,Zain KSA,Evolve Program (Fresh Graduates),37.0,37.01220547277867,0.01220547277866757,rubric_assisted_ridge,140,140
ce-network-dhahran,104,Zain KSA,Zain Pioneers Program,52.0,52.01243527924952,0.012435279249523035,rubric_assisted_ridge,27,28
ce-network-dhahran,105,Savvy Games Group,Cooperative Training Program (Co-op),47.0,47.00995132022827,0.009951320228267946,rubric_assisted_ridge,51,64
ce-network-dhahran,106,Bank AlJazira,Tamheer Program,30.0,30.036244632366774,0.036244632366774,rubric_assisted_ridge,163,164
ce-network-dhahran,107,sirar by stc,Cooperative Training Program,56.0,56.02465769645478,0.02465769645478133,rubric_assisted_ridge,15,19
ce-network-dhahran,108,Gathern,Co-op Program,49.0,49.03837541420346,0.03837541420345758,rubric_assisted_ridge,42,46
ce-network-dhahran,109,Elm Company (شركة علم),Coop Training - Computer Science (Jan/Mar/Jun/Aug 2025 Intake),44.5,44.52707025388925,0.02707025388924933,rubric_assisted_ridge,79,84
ce-network-dhahran,110,Elm Company (شركة علم),Co-Op Training - Information Technology (Jun & Aug 2025 Intake),44.5,44.52475734990007,0.024757349900070835,rubric_assisted_ridge,79,86
ce-network-dhahran,111,EJADA,COOP Administration & Support Engineer,47.0,47.01400500812191,0.014005008121912965,rubric_assisted_ridge,51,61
ce-network-dhahran,112,Emdad By Elm,Network Cooperative Training (Network Intern),62.0,62.01235057267428,0.012350572674279192,rubric_assisted_ridge,4,8
ce-network-dhahran,113,AILA,Co-op Training Programme,44.5,44.560962658206776,0.060962658206776155,rubric_assisted_ridge,79,79
ce-network-dhahran,114,Foodics,Foodics 360 Internship Program,34.5,34.53458593314655,0.034585933146551895,rubric_assisted_ridge,145,148
ce-network-dhahran,115,Salla,برنامج التدريب التعاوني (Coop Training) – Salla,44.5,44.50228172572392,0.002281725723918271,rubric_assisted_ridge,79,90
ce-network-dhahran,116,Lucidya,Technical Internship or Coop – Lucidya,51.5,51.52805361903815,0.02805361903814685,rubric_assisted_ridge,33,35
ce-network-dhahran,117,Diriyah Company,Diriyah Co-op Training Program,40.0,40.02551034629317,0.025510346293167174,rubric_assisted_ridge,104,110
ce-network-dhahran,118,Riyadh Air,Co-op – Riyadh Air,40.0,40.024289081985074,0.02428908198507429,rubric_assisted_ridge,104,113
ce-network-dhahran,119,Jahez Group,Jahez Internship Program (as described in Sustainability Report),30.0,30.03207002439928,0.03207002439928175,rubric_assisted_ridge,163,165
ce-network-dhahran,120,Lumi | لومي,COOP Intern 2025 – Lumi,40.0,40.02806902876101,0.028069028761009918,rubric_assisted_ridge,104,109
ce-network-dhahran,121,webook.com,COOP Trainee Opportunities – webook.com,40.0,40.02207275712147,0.022072757121470943,rubric_assisted_ridge,104,116
ce-network-dhahran,122,moneymoon,Tech & AI Co-op Program 2025,51.5,51.55194847299537,0.05194847299537031,rubric_assisted_ridge,33,33
ce-network-dhahran,123,EjadTech - إيجاد التقنية,"Summer Internship Program 2025 (Computer, Data, and AI Majors)",35.5,35.55119746135253,0.05119746135252967,rubric_assisted_ridge,142,142
ce-network-dhahran,124,InnovationTeam,Java Microservices Internship Programme (Saudi Nationals),42.5,42.5428758585397,0.042875858539701994,rubric_assisted_ridge,92,93
ce-network-dhahran,125,Tamkeen Technologies,On the Job Training (Internship Program) — Technology field,34.5,34.53890104686487,0.03890104686487206,rubric_assisted_ridge,145,147
ce-network-dhahran,126,Trendyol Group,Trendyol Tech Talent - Bootcamp & COOP Internship Program (Saudi Students Only),41.0,41.02664540319686,0.026645403196859263,rubric_assisted_ridge,102,102
ce-network-dhahran,127,Ninja نينجا,COOP Training Program,41.0,41.012281916979134,0.012281916979134166,rubric_assisted_ridge,102,103
ce-network-dhahran,128,SCAI | سكاي,CO-OP Training Opportunities (Intern),56.0,56.03855506830059,0.03855506830058886,rubric_assisted_ridge,15,15
ce-network-dhahran,129,WalaPlus,Coop & Tamheer Opportunities,62.0,62.00462729357663,0.004627293576632496,rubric_assisted_ridge,4,10
ce-network-dhahran,130,Aon,IT Co-op Trainee 2026,62.0,62.000023516687094,2.351668709366095e-05,rubric_assisted_ridge,4,12
ce-network-dhahran,131,Hewlett Packard Enterprise (HPE),College Intern (Coop),62.0,62.000308784153994,0.00030878415399371306,rubric_assisted_ridge,4,11
ce-network-dhahran,132,Signify,KSA Coop Internship Program,62.0,61.99919223336548,0.0008077666345229773,rubric_assisted_ridge,4,13
ce-network-dhahran,133,Help AG (e& enterprise),Cybersecurity Intern,46.0,46.00016481717232,0.0001648171723189762,rubric_assisted_ridge,70,73
ce-network-dhahran,134,TrendAI (Trend Micro),CyberGATE Internship Program,46.0,46.01085702134011,0.01085702134010802,rubric_assisted_ridge,70,72
ce-network-dhahran,135,Golf Saudi,IT Co-op Trainee,62.0,62.024550917314805,0.024550917314805076,rubric_assisted_ridge,4,6
ce-network-dhahran,136,Siemens Healthineers,Healthineers Early Talent Program – IT (Riyadh),52.0,52.00553991987175,0.0055399198717509535,rubric_assisted_ridge,27,30
ce-network-dhahran,137,1957 Ventures,Internship / Co-Op Program,49.0,49.03454568695405,0.03454568695404703,rubric_assisted_ridge,42,48
ce-network-dhahran,138,Nokia,Graduate Trainee (Saudi Arabia) – Fledgers Program,41.5,41.535213337792825,0.03521333779282543,rubric_assisted_ridge,96,98
ce-network-dhahran,139,Ericsson,Summer Interns (Ericsson Saudi),41.5,41.52308002500676,0.023080025006763094,rubric_assisted_ridge,96,99
ce-network-dhahran,140,Bosch Middle East,Software Development Intern (AI/Cloud),46.0,46.03747270188183,0.03747270188183194,rubric_assisted_ridge,70,71
ce-network-dhahran,141,Saudi Payments | المدفوعات السعودية,COOP Training – August 2024,51.5,51.52160989683814,0.021609896838143072,rubric_assisted_ridge,33,36
ce-network-dhahran,142,Saudi Tadawul Group | تداول,Cooperative Training Program (COOP),62.0,62.030148894130335,0.030148894130334725,rubric_assisted_ridge,4,5
ce-network-dhahran,143,Lean Technologies,Software Engineering Intern – KSA,49.0,49.01513150629365,0.01513150629364901,rubric_assisted_ridge,42,50
ce-network-dhahran,144,Mirai (Scopely) | مِراي,AI Engineering Intern (GenAI),39.0,39.05738762000379,0.057387620003787276,rubric_assisted_ridge,129,132
ce-network-dhahran,145,HungerStation | هنقرستيشن,"Co-OP Trainee, Data Analysis – Info Sec",51.5,51.54080641149252,0.04080641149251818,rubric_assisted_ridge,33,34
ce-network-dhahran,146,NCGR | المركز الوطني لنظم الموارد الحكومية,Coop Training Program,51.5,51.5074093715944,0.007409371594398806,rubric_assisted_ridge,33,37
ce-network-dhahran,147,nybl,nybl Graduate Programme – Saudi Nationals (AI Bootcamp),30.0,30.02876905578023,0.0287690557802307,rubric_assisted_ridge,163,166
ce-network-dhahran,148,Procter & Gamble (P&G),P&G LEADgen Internship Program 2026 (Riyadh),34.5,34.51403979047419,0.014039790474193126,rubric_assisted_ridge,145,152
ce-network-dhahran,149,New Murabba | المربع الجديد,New Murabba Co-op Training Program,49.0,49.021864198548336,0.021864198548335878,rubric_assisted_ridge,42,49
ce-network-dhahran,150,Boeing Saudi Arabia Limited,Intern - Info Technology & Data Analytics (Riyadh),41.5,41.547547474913145,0.04754747491314504,rubric_assisted_ridge,96,96
ce-network-dhahran,151,Motorola Solutions,Deployment Engineer Intern (KSA National - Tamheer Program),55.0,55.00880588755201,0.008805887552007619,rubric_assisted_ridge,20,21
ce-network-dhahran,152,Schneider Electric,Co-op Intern (Engineering) - Al Khobar (Jan–Aug 2026),69.0,68.98562532342896,0.014374676571037526,rubric_assisted_ridge,1,1
ce-network-dhahran,153,Lockheed Martin,Tamheer Space Internship (Riyadh),39.0,39.02329806914662,0.023298069146619582,rubric_assisted_ridge,129,139
ce-network-dhahran,154,Markaba | مركبة,Start-up Software Intern – TAMHEER (Saudi nationals only),35.5,35.54872295008188,0.04872295008188132,rubric_assisted_ridge,142,143
ce-network-dhahran,155,Laverne Group | مجموعة لافيرن,Data Analyst / Data Engineer Intern (IT Department),46.0,46.05764866978183,0.05764866978182681,rubric_assisted_ridge,70,70
ce-network-dhahran,156,Meel | ميل,"Software Developer Internship (Remote, min 2 months)",39.0,39.04617439118567,0.0461743911856729,rubric_assisted_ridge,129,138
ce-network-dhahran,157,Nahdi Medical Co.,IT Internship / COOP Program (6 months),49.5,49.50739320220411,0.007393202204113436,rubric_assisted_ridge,41,41
ce-network-dhahran,158,SMART Technology Solutions | سمارت لحلول التقنية,R&D Intern (Riyadh),39.0,39.05225385113712,0.05225385113711667,rubric_assisted_ridge,129,135
ce-network-dhahran,159,Knodemy Inc.,AI Developer & Tech Trainer Intern - Riyadh,39.0,39.06426537773695,0.06426537773695173,rubric_assisted_ridge,129,130
ce-network-dhahran,160,Water Transmission Company | شركة نقل المياه,Tamheer Internship Program (HRIS / Engineering & PM - Riyadh),39.0,39.052024161872644,0.05202416187264447,rubric_assisted_ridge,129,136
ce-network-dhahran,161,AFNOYS,"AI Automation Intern - KSA (Remote, 4 weeks)",34.5,34.549579141095556,0.04957914109555617,rubric_assisted_ridge,145,145
ce-network-dhahran,162,SAS,CareerStart@SAS 2026 - Presales Customer Intelligence Intern (Riyadh),33.0,33.05410313887356,0.054103138873557555,rubric_assisted_ridge,155,156
ce-network-dhahran,163,Devoteam,Trainee - Future Leaders Program (Co-op/Fresh Graduate),52.5,52.54791941225917,0.04791941225916929,rubric_assisted_ridge,26,26
ce-network-dhahran,164,ضالتي Dhallaty,Tech Intern: Fresh Grad or Student,33.0,33.0549631132223,0.05496311322229985,rubric_assisted_ridge,155,155
ce-network-dhahran,165,Innovative Solutions SA,Presales - Tamheer,33.5,33.50739341777685,0.007393417776853539,rubric_assisted_ridge,153,153
ce-network-dhahran,166,HUMAIN,Tamheer Program (Software Engineer / Cybersecurity / MIS),42.5,42.52053100495045,0.020531004950449017,rubric_assisted_ridge,92,94
ce-network-dhahran,167,TAM | تام,"Tamheer Opportunity, Advisory",5.5,5.500997777143823,0.0009977771438229865,rubric_assisted_ridge,173,173
ce-network-dhahran,168,هيئة التأمين | Insurance Authority,Tamheer Opportunity - Specialist of Information Security,33.5,33.49787142409943,0.002128575900570695,rubric_assisted_ridge,153,154
ce-network-dhahran,169,Snbla | سنبله,Paid Internship Program (FinTech),33.0,33.053974613272715,0.05397461327271458,rubric_assisted_ridge,155,157
ce-network-dhahran,170,2P Perfect Presentation,Data Analyst (Tamheer),31.0,31.020084677046572,0.020084677046572352,rubric_assisted_ridge,161,162
ce-network-dhahran,171,Infosys,Summer Intern (Infosys InStep ’26 – Bangalore),33.0,32.99662284827644,0.003377151723562122,rubric_assisted_ridge,155,159
ce-network-dhahran,172,شركة الخدمات المدارة | Managed Services Company,Intern Cybersecurity Engineer,42.5,42.51664093443377,0.016640934433766574,rubric_assisted_ridge,92,95
ce-network-dhahran,173,Abunayyan Holding,Data Analyst (Tamheer),31.0,31.022952960922364,0.022952960922363985,rubric_assisted_ridge,161,161
eastern-province-cys,1,Saudi Aramco,University Internship Program (UIP),64.0,63.94664277335657,0.05335722664342768,rubric_assisted_ridge,49,49
eastern-province-cys,2,SABIC,COOP Training Program,57.0,56.96631580886293,0.033684191137069774,rubric_assisted_ridge,85,85
eastern-province-cys,3,stc (Saudi Telecom Company),Cooperative Training Program (COOP),68.0,67.98462317913176,0.01537682086824077,rubric_assisted_ridge,43,43
eastern-province-cys,4,Saudi National Bank (SNB),SNB Cooperative Training Program,59.0,58.99527067690471,0.004729323095290283,rubric_assisted_ridge,61,61
eastern-province-cys,5,Al Rajhi Bank,Cooperative Training Program,59.0,58.99476003021154,0.0052399697884624175,rubric_assisted_ridge,61,62
eastern-province-cys,6,Capital Market Authority (CMA),COOP Program,54.0,54.00047986525574,0.0004798652557411742,rubric_assisted_ridge,90,90
eastern-province-cys,7,Digital Government Authority (DGA),Maidan Cooperative Training Program,54.0,53.98716691115755,0.012833088842448603,rubric_assisted_ridge,90,96
eastern-province-cys,8,KPMG Saudi Arabia,COOP & Internship Programs,45.0,44.98717251097949,0.01282748902050912,rubric_assisted_ridge,126,127
eastern-province-cys,9,PwC Middle East,"Deals, COOP and Summer Internship Programme (2026)",44.5,44.51701380933925,0.017013809339246677,rubric_assisted_ridge,130,133
eastern-province-cys,10,Deloitte Middle East (KSA),Jusoor Al Sharqiyah Internship Program,58.5,58.4594583669114,0.04054163308860126,rubric_assisted_ridge,63,84
eastern-province-cys,11,Bank Albilad,Cooperative & Summer Training Program,63.5,63.50084606462831,0.0008460646283126039,rubric_assisted_ridge,50,51
eastern-province-cys,12,Tamara,Tamara Builders Program,58.5,58.515542865585644,0.015542865585643995,rubric_assisted_ridge,63,65
eastern-province-cys,13,Bupa Arabia,Cooperative Training Program,40.0,40.01335740596129,0.013357405961286872,rubric_assisted_ridge,142,144
eastern-province-cys,14,Saudi Exports (Saudi Export Development Authority),COOP & Summer Training (FAQ-confirmed),45.0,44.98047981134329,0.019520188656713344,rubric_assisted_ridge,126,128
eastern-province-cys,15,Local Content and Government Procurement Authority (LCGPA),COOP Training (role posting),40.0,39.99880405430019,0.0011959456998127393,rubric_assisted_ridge,142,152
eastern-province-cys,16,McKinsey & Company (Maqdira),Maqdira Fellowship Program,44.5,44.53110653831693,0.031106538316933552,rubric_assisted_ridge,130,132
eastern-province-cys,17,Boston Consulting Group (BCG),Visiting Associate Internship (Riyadh),63.0,62.99211226544987,0.007887734550131142,rubric_assisted_ridge,57,57
eastern-province-cys,18,Bain & Company,COOP Training Program (Riyadh),40.0,40.005549436877864,0.005549436877863911,rubric_assisted_ridge,142,148
eastern-province-cys,19,Amazon Web Services (AWS),IT/Computer Hardware Internship (Intern-to-FTE Pathway),54.5,54.48662760564749,0.013372394352508366,rubric_assisted_ridge,88,88
eastern-province-cys,20,Amazon Web Services (AWS) - Associate Solutions Architect Intern,Associate Solutions Architect Intern (2026),53.0,52.99642822395356,0.00357177604644221,rubric_assisted_ridge,103,104
eastern-province-cys,21,Google (Saudi Arabia),Google Careers (Saudi location filter),61.0,60.97249937875827,0.02750062124172814,rubric_assisted_ridge,60,60
eastern-province-cys,22,BlackRock,Client & Product Summer Internship Programme (EMEA) - includes Riyadh,34.5,34.520945885002575,0.020945885002575437,rubric_assisted_ridge,154,158
eastern-province-cys,23,noon,Student Internship,30.0,30.00251940484361,0.002519404843610573,rubric_assisted_ridge,168,170
eastern-province-cys,24,MOZN,Data Science Intern,34.5,34.53656294984242,0.03656294984241981,rubric_assisted_ridge,154,156
eastern-province-cys,25,Elm,Elm Co-op Training Program (March 2026 Intake),40.0,40.005558318293076,0.00555831829307607,rubric_assisted_ridge,142,147
eastern-province-cys,26,Yasref,Yasref Cooperative Training Program,75.5,75.45303974705476,0.0469602529452402,rubric_assisted_ridge,33,33
eastern-province-cys,27,"Saudi Standards, Metrology and Quality Organization (SASO)",Cooperative Training (Collaborative Training),58.5,58.48982029693308,0.010179703066917511,rubric_assisted_ridge,63,74
eastern-province-cys,28,"Zakat, Tax and Customs Authority (ZATCA)",Binaa-Alkafaat Program,35.0,34.98568182174861,0.014318178251393476,rubric_assisted_ridge,153,153
eastern-province-cys,29,Human Resources Development Fund (HRDF) – Cooperative Training Product,Cooperative Training (HRDF product),20.5,20.45675691578363,0.04324308421637113,rubric_assisted_ridge,171,172
eastern-province-cys,30,EXPRO,COOP Training (Future Makers Program),40.0,40.00448852931705,0.004488529317050904,rubric_assisted_ridge,142,149
eastern-province-cys,31,Ministry of Industry and Mineral Resources (MIM) – Cooperative Training Initiative,Cooperative Training Initiative,20.5,20.4706005340743,0.02939946592569953,rubric_assisted_ridge,171,171
eastern-province-cys,32,TBC (The Beauty Company),Cooperative Training Program,45.0,44.97637040492607,0.02362959507392759,rubric_assisted_ridge,126,129
eastern-province-cys,33,National Center for Vegetation Cover Development & Combating Desertification (NCVC),COOP Training Program,40.0,40.00589862806923,0.005898628069232359,rubric_assisted_ridge,142,146
eastern-province-cys,34,Saudi Power Procurement Company (SPPC),Future Power – COOP Training Program,40.0,40.00031485033906,0.00031485033905909177,rubric_assisted_ridge,142,151
eastern-province-cys,35,TBC (Tatweer Building Company),Cooperative Training Program,40.0,40.02099595356769,0.020995953567691572,rubric_assisted_ridge,142,143
eastern-province-cys,36,PwC Middle East (Assurance COOP & Summer Internship Programme 2026),"Assurance, COOP and Summer Internship Programme 2026 – Middle East",44.5,44.51561780878979,0.015617808789791354,rubric_assisted_ridge,130,134
eastern-province-cys,37,KAPSARC,Intern (Coop- Trainee),44.5,44.5316043563879,0.031604356387902044,rubric_assisted_ridge,130,131
eastern-province-cys,38,BSF (Banque Saudi Fransi),COOP / Internship,77.0,76.93436053271907,0.06563946728093129,rubric_assisted_ridge,5,32
eastern-province-cys,39,Saudi Food & Drug Authority (SFDA),COOP training (First semester 2025-2026 intake),82.0,81.95028810210394,0.04971189789606001,rubric_assisted_ridge,2,3
eastern-province-cys,40,Saudi Power Procurement Company (SPPC) – Future Power (Business Admin COOP),Future Power – Business Administration COOP Training Program,40.0,40.002906832622166,0.0029068326221661778,rubric_assisted_ridge,142,150
eastern-province-cys,41,Bank Albilad,Cooperative and Summer Training Program,77.0,76.98069102712442,0.01930897287557798,rubric_assisted_ridge,5,16
eastern-province-cys,42,The Saudi National Bank (SNB),SNB Rowad Program,44.0,44.00314101645685,0.0031410164568512755,rubric_assisted_ridge,135,135
eastern-province-cys,43,National Cybersecurity Authority (NCA) – Academy,Cybersecurity training programs (academy),72.0,71.96674323398773,0.03325676601227201,rubric_assisted_ridge,40,40
eastern-province-cys,44,PIF | Graduate Development Program,Graduate Development Program (GDP),34.5,34.51813003481978,0.018130034819776597,rubric_assisted_ridge,154,159
eastern-province-cys,45,NEOM | GrOW (Graduates Opportunities in Work),GrOW (Graduates Opportunities in Work),50.0,49.98363194723405,0.016368052765947994,rubric_assisted_ridge,106,106
eastern-province-cys,46,ROSHN | COOP Trainee Program,COOP Trainee Program,40.0,40.00770597859997,0.007705978599972241,rubric_assisted_ridge,142,145
eastern-province-cys,47,Microsoft | Ru'aa Program (Riyadh),Ru'aa Program Internship (Solution Engineering),34.5,34.55035350585373,0.05035350585372811,rubric_assisted_ridge,154,155
eastern-province-cys,48,Oracle | Business Development Intern (KSA market),Business Development Intern (KSA market),31.5,31.49261506662891,0.00738493337108892,rubric_assisted_ridge,164,164
eastern-province-cys,49,SAP | Student Internship (Riyadh),Student Internship - Riyadh,30.0,30.019323826770247,0.01932382677024691,rubric_assisted_ridge,168,169
eastern-province-cys,50,SAB (Saudi Awwal Bank) | Cooperative Training Programme (COOP),SAB Cooperative Training Programme (COOP),40.0,40.03753541922833,0.037535419228326816,rubric_assisted_ridge,142,142
eastern-province-cys,51,Ministry of Finance (Saudi Arabia) | Cooperative Training Program,Cooperative Training Program,50.5,50.497174928691386,0.002825071308613758,rubric_assisted_ridge,105,105
eastern-province-cys,52,Ministry of Industry and Mineral Resources | Cooperative Training,Cooperative Training Initiative,55.5,55.45147167578327,0.0485283242167327,rubric_assisted_ridge,86,87
eastern-province-cys,53,King Fahd Causeway Authority | Internship Program,Internship Program,54.5,54.47905445225153,0.02094554774846813,rubric_assisted_ridge,88,89
eastern-province-cys,54,Tawuniya | Tamheer Program (Fresh Graduates),Tamheer Program,70.0,69.96577101877475,0.03422898122525453,rubric_assisted_ridge,41,41
eastern-province-cys,55,SAMA | SAMA Professional Program (SPP),SAMA Professional Program (SPP),40.5,40.48433746009892,0.015662539901079242,rubric_assisted_ridge,141,141
eastern-province-cys,56,HRDF | Cooperative Training Product,Cooperative Training Product,55.5,55.453782417861945,0.04621758213805549,rubric_assisted_ridge,86,86
eastern-province-cys,57,IBM,"Automation, Data & AI – Intern",63.5,63.507532838086014,0.007532838086014237,rubric_assisted_ridge,50,50
eastern-province-cys,58,Unifonic,Internship (Unifonic),48.5,48.495322983057946,0.004677016942054024,rubric_assisted_ridge,108,121
eastern-province-cys,59,Misk Foundation,Misk Traineeship / Internship Program,47.0,46.98887798029641,0.011122019703591945,rubric_assisted_ridge,124,125
eastern-province-cys,60,Cisco,Cisco NetVersity (Saudi Arabia),75.0,74.94972742029036,0.05027257970964172,rubric_assisted_ridge,34,34
eastern-province-cys,61,KAUST,Visiting Student Research Program (VSRP) Internship,44.0,43.98910002019982,0.010899979800178983,rubric_assisted_ridge,135,138
eastern-province-cys,62,General Authority for Statistics (GASTAT),Cooperative Training Program,58.5,58.506074775275714,0.006074775275713762,rubric_assisted_ridge,63,69
eastern-province-cys,63,Saudi Center for Opinion Polling (SCOP),Cooperative Training Program,58.5,58.507151817443344,0.007151817443343589,rubric_assisted_ridge,63,68
eastern-province-cys,64,Al Rajhi Takaful,Cooperative Training Program,77.0,76.98644028306747,0.01355971693253366,rubric_assisted_ridge,5,10
eastern-province-cys,65,Expenditure & Projects Efficiency Authority (EXPRO),Future Makers (صنّاع المستقبل) – Cooperative Training,54.0,53.99564097167185,0.004359028328153158,rubric_assisted_ridge,90,92
eastern-province-cys,66,Ministry of Finance (Saudi Arabia),Cooperative Training Program (Ministry of Finance),54.0,53.999273081434694,0.000726918565305823,rubric_assisted_ridge,90,91
eastern-province-cys,67,General Entertainment Authority (GEA),GEA Cooperative Training Program,54.0,53.994835257224686,0.005164742775313869,rubric_assisted_ridge,90,93
eastern-province-cys,68,Banque Saudi Fransi (BSF),COOP Training,77.0,76.95483157883345,0.04516842116655084,rubric_assisted_ridge,5,30
eastern-province-cys,69,Arab National Bank (ANB),COOP Trainee,77.0,76.9739209097457,0.02607909025429933,rubric_assisted_ridge,5,20
eastern-province-cys,70,Tamara,Builders Program,77.0,76.98760344667974,0.012396553320257908,rubric_assisted_ridge,5,9
eastern-province-cys,71,OmniOps,Co‑op Training Program,77.0,76.98254630412362,0.01745369587638379,rubric_assisted_ridge,5,15
eastern-province-cys,72,Tatweer Educational Technologies (TETCO),Cooperative Training Program,77.0,76.98431216158183,0.015687838418173783,rubric_assisted_ridge,5,12
eastern-province-cys,73,The Saudi Investment Bank (SAIB),Cooperative Program,77.0,76.98902095008428,0.01097904991571852,rubric_assisted_ridge,5,8
eastern-province-cys,74,Saudi Awwal Bank (SAB),COOP Program,77.0,76.98346032473529,0.016539675264709786,rubric_assisted_ridge,5,13
eastern-province-cys,75,Riyad Bank,Internships and Coop Trainings (CSR 2019),77.0,76.97929392244612,0.020706077553882096,rubric_assisted_ridge,5,18
eastern-province-cys,76,Tabby,Intern DevOps Engineer,62.5,62.499728897639514,0.00027110236048599745,rubric_assisted_ridge,58,58
eastern-province-cys,77,Tabby,Intern Backend (GO) Engineer,48.5,48.52391876917465,0.023918769174649412,rubric_assisted_ridge,108,110
eastern-province-cys,78,Tabby,Intern Frontend Engineer,48.5,48.518896420186636,0.01889642018663551,rubric_assisted_ridge,108,113
eastern-province-cys,79,Tabby,Intern Data Engineer,48.5,48.53161424324888,0.031614243248881735,rubric_assisted_ridge,108,108
eastern-province-cys,80,Tabby,No-Code / AI Agents Engineering Intern,48.5,48.52088900548363,0.020889005483631706,rubric_assisted_ridge,108,112
eastern-province-cys,81,Bank Albilad,Cooperative Training Program,82.0,81.9690741430351,0.030925856964898912,rubric_assisted_ridge,2,2
eastern-province-cys,82,Saudi Ground Services (SGS),COOP Program,54.0,53.96802373682966,0.031976263170342634,rubric_assisted_ridge,90,102
eastern-province-cys,83,CEER,Cooperative Training Program (COOP),54.0,53.98195409914092,0.018045900859078756,rubric_assisted_ridge,90,101
eastern-province-cys,84,Al Rajhi Takaful,Coop Training Program,77.0,76.98550092904567,0.01449907095432934,rubric_assisted_ridge,5,11
eastern-province-cys,85,TAWAL,COOP Training Program,72.5,72.48178784753392,0.018212152466077214,rubric_assisted_ridge,36,37
eastern-province-cys,86,Wakeb_Data,COOP Training,58.5,58.51389876090844,0.013898760908439556,rubric_assisted_ridge,63,66
eastern-province-cys,87,Banque Saudi Fransi (BSF),Coop Training Program,77.0,76.9547726355554,0.045227364444599516,rubric_assisted_ridge,5,31
eastern-province-cys,88,Tech Economy,COOP Training Program,77.0,76.96352671052256,0.036473289477441995,rubric_assisted_ridge,5,24
eastern-province-cys,89,SAMI Advanced Electronics (SAMI-AEC),Coop Trainee,77.0,76.96026940597008,0.039730594029919075,rubric_assisted_ridge,5,27
eastern-province-cys,90,NHC,COOP Trainee,82.0,81.94023078894637,0.05976921105363431,rubric_assisted_ridge,2,4
eastern-province-cys,91,REMAT ADVANCED,Cooperative Training Program,72.5,72.46657644136313,0.03342355863686919,rubric_assisted_ridge,36,38
eastern-province-cys,92,SDM,AI COOP,58.5,58.5230001653111,0.02300016531110316,rubric_assisted_ridge,63,64
eastern-province-cys,93,HUED,HUED COOP Program 2026,58.5,58.50194989406716,0.0019498940671596188,rubric_assisted_ridge,63,72
eastern-province-cys,94,Araamis • أرامس,Araamis COOP Program 2026,58.5,58.503377329179656,0.0033773291796563853,rubric_assisted_ridge,63,70
eastern-province-cys,95,ARDARA,COOP Training for Students,54.0,53.98468599198418,0.015314008015820946,rubric_assisted_ridge,90,98
eastern-province-cys,96,flynas,COOP Trainee / Internship Program,58.5,58.48618497435225,0.013815025647751611,rubric_assisted_ridge,63,78
eastern-province-cys,97,Saudi Motorsport Company (SMC),COOP Trainee (IT Asset Project Management),58.5,58.49038745763978,0.00961254236022313,rubric_assisted_ridge,63,73
eastern-province-cys,98,Saudi Motorsport Company (SMC),COOP Trainee (Supply Chain Excellence Associate),77.0,76.95855203335823,0.041447966641769085,rubric_assisted_ridge,5,28
eastern-province-cys,99,Mobily,Cooperative Training Program,77.0,76.96420534791318,0.03579465208682109,rubric_assisted_ridge,5,23
eastern-province-cys,100,Saudi Awwal Bank (SAB),Student Opportunities: Cooperative / Practical Training,77.0,76.99090529552151,0.009094704478485482,rubric_assisted_ridge,5,7
eastern-province-cys,101,Alvarez & Marsal,COOP Training Program,77.0,76.96055733253988,0.03944266746012204,rubric_assisted_ridge,5,25
eastern-province-cys,102,Visa,COOP Trainee (Jan 2026),54.0,53.983026086369414,0.016973913630586424,rubric_assisted_ridge,90,100
eastern-province-cys,103,Zain KSA,Evolve Program (Fresh Graduates),67.0,66.96276213835624,0.037237861643760084,rubric_assisted_ridge,44,46
eastern-province-cys,104,Zain KSA,Zain Pioneers Program,62.5,62.46273665402932,0.03726334597067904,rubric_assisted_ridge,58,59
eastern-province-cys,105,Savvy Games Group,Cooperative Training Program (Co-op),77.0,76.96053702014862,0.03946297985137903,rubric_assisted_ridge,5,26
eastern-province-cys,106,Bank AlJazira,Tamheer Program,44.0,44.000330444031135,0.00033044403113535736,rubric_assisted_ridge,135,136
eastern-province-cys,107,sirar by stc,Cooperative Training Program,77.0,76.97651088066284,0.023489119337156694,rubric_assisted_ridge,5,19
eastern-province-cys,108,Gathern,Co-op Program,58.5,58.50212042892558,0.0021204289255791764,rubric_assisted_ridge,63,71
eastern-province-cys,109,Elm Company (شركة علم),Coop Training - Computer Science (Jan/Mar/Jun/Aug 2025 Intake),58.5,58.48968982778144,0.010310172218559899,rubric_assisted_ridge,63,75
eastern-province-cys,110,Elm Company (شركة علم),Co-Op Training - Information Technology (Jun & Aug 2025 Intake),58.5,58.48754517789491,0.012454822105091523,rubric_assisted_ridge,63,77
eastern-province-cys,111,EJADA,COOP Administration & Support Engineer,77.0,76.96550703936994,0.03449296063006102,rubric_assisted_ridge,5,22
eastern-province-cys,112,Emdad By Elm,Network Cooperative Training (Network Intern),72.5,72.46425742232175,0.03574257767824918,rubric_assisted_ridge,36,39
eastern-province-cys,113,AILA,Co-op Training Programme,58.5,58.52520072705897,0.025200727058972916,rubric_assisted_ridge,63,63
eastern-province-cys,114,Foodics,Foodics 360 Internship Program,48.5,48.49760694865592,0.002393051344078856,rubric_assisted_ridge,108,120
eastern-province-cys,115,Salla,برنامج التدريب التعاوني (Coop Training) – Salla,58.5,58.46289210173524,0.037107898264757466,rubric_assisted_ridge,63,83
eastern-province-cys,116,Lucidya,Technical Internship or Coop – Lucidya,77.0,76.98006640986287,0.019933590137128476,rubric_assisted_ridge,5,17
eastern-province-cys,117,Diriyah Company,Diriyah Co-op Training Program,54.0,53.98741807034787,0.012581929652128565,rubric_assisted_ridge,90,95
eastern-province-cys,118,Riyadh Air,Co-op – Riyadh Air,54.0,53.98539589695114,0.014604103048860395,rubric_assisted_ridge,90,97
eastern-province-cys,119,Jahez Group,Jahez Internship Program (as described in Sustainability Report),44.0,43.99502592095051,0.004974079049489433,rubric_assisted_ridge,135,137
eastern-province-cys,120,Lumi | لومي,COOP Intern 2025 – Lumi,54.0,53.99035024124771,0.009649758752289017,rubric_assisted_ridge,90,94
eastern-province-cys,121,webook.com,COOP Trainee Opportunities – webook.com,54.0,53.984419229595154,0.015580770404845623,rubric_assisted_ridge,90,99
eastern-province-cys,122,moneymoon,Tech & AI Co-op Program 2025,77.0,77.00449640454354,0.004496404543544941,rubric_assisted_ridge,5,5
eastern-province-cys,123,EjadTech - إيجاد التقنية,"Summer Internship Program 2025 (Computer, Data, and AI Majors)",31.0,31.048988506027666,0.04898850602766558,rubric_assisted_ridge,165,165
eastern-province-cys,124,InnovationTeam,Java Microservices Internship Programme (Saudi Nationals),49.5,49.52960216112847,0.029602161128472915,rubric_assisted_ridge,107,107
eastern-province-cys,125,Tamkeen Technologies,On the Job Training (Internship Program) — Technology field,48.5,48.50246713240143,0.0024671324014278184,rubric_assisted_ridge,108,119
eastern-province-cys,126,Trendyol Group,Trendyol Tech Talent - Bootcamp & COOP Internship Program (Saudi Students Only),41.0,41.0241074280369,0.024107428036899137,rubric_assisted_ridge,139,139
eastern-province-cys,127,Ninja نينجا,COOP Training Program,41.0,41.007710767248696,0.0077107672486960155,rubric_assisted_ridge,139,140
eastern-province-cys,128,SCAI | سكاي,CO-OP Training Opportunities (Intern),72.5,72.49102863052755,0.008971369472448032,rubric_assisted_ridge,36,36
eastern-province-cys,129,WalaPlus,Coop & Tamheer Opportunities,58.5,58.489356363334885,0.010643636665115253,rubric_assisted_ridge,63,76
eastern-province-cys,130,Aon,IT Co-op Trainee 2026,58.5,58.48481716171694,0.015182838283060107,rubric_assisted_ridge,63,80
eastern-province-cys,131,Hewlett Packard Enterprise (HPE),College Intern (Coop),58.5,58.484503535422185,0.015496464577815061,rubric_assisted_ridge,63,81
eastern-province-cys,132,Signify,KSA Coop Internship Program,58.5,58.484069671002295,0.015930328997704635,rubric_assisted_ridge,63,82
eastern-province-cys,133,Help AG (e& enterprise),Cybersecurity Intern,67.0,66.95195408963029,0.04804591036970862,rubric_assisted_ridge,44,48
eastern-province-cys,134,TrendAI (Trend Micro),CyberGATE Internship Program,67.0,66.96249974190422,0.03750025809577551,rubric_assisted_ridge,44,47
eastern-province-cys,135,Golf Saudi,IT Co-op Trainee,58.5,58.510536757791165,0.01053675779116503,rubric_assisted_ridge,63,67
eastern-province-cys,136,Siemens Healthineers,Healthineers Early Talent Program – IT (Riyadh),48.5,48.48992386291393,0.010076137086066694,rubric_assisted_ridge,108,122
eastern-province-cys,137,1957 Ventures,Internship / Co-Op Program,44.5,44.5320047463054,0.032004746305396736,rubric_assisted_ridge,130,130
eastern-province-cys,138,Nokia,Graduate Trainee (Saudi Arabia) – Fledgers Program,48.5,48.52157142856909,0.021571428569089335,rubric_assisted_ridge,108,111
eastern-province-cys,139,Ericsson,Summer Interns (Ericsson Saudi),48.5,48.50879011497415,0.008790114974146945,rubric_assisted_ridge,108,118
eastern-province-cys,140,Bosch Middle East,Software Development Intern (AI/Cloud),53.0,53.02379700355529,0.023797003555287688,rubric_assisted_ridge,103,103
eastern-province-cys,141,Saudi Payments | المدفوعات السعودية,COOP Training – August 2024,77.0,76.97389775656913,0.026102243430869976,rubric_assisted_ridge,5,21
eastern-province-cys,142,Saudi Tadawul Group | تداول,Cooperative Training Program (COOP),77.0,76.98326808635917,0.01673191364082527,rubric_assisted_ridge,5,14
eastern-province-cys,143,Lean Technologies,Software Engineering Intern – KSA,34.5,34.52954851500483,0.02954851500482647,rubric_assisted_ridge,154,157
eastern-province-cys,144,Mirai (Scopely) | مِراي,AI Engineering Intern (GenAI),34.5,34.55573474459931,0.055734744599313046,rubric_assisted_ridge,154,154
eastern-province-cys,145,HungerStation | هنقرستيشن,"Co-OP Trainee, Data Analysis – Info Sec",77.0,76.99340351364822,0.006596486351782005,rubric_assisted_ridge,5,6
eastern-province-cys,146,NCGR | المركز الوطني لنظم الموارد الحكومية,Coop Training Program,77.0,76.9578305643287,0.042169435671297606,rubric_assisted_ridge,5,29
eastern-province-cys,147,nybl,nybl Graduate Programme – Saudi Nationals (AI Bootcamp),30.0,30.02609998896405,0.026099988964048748,rubric_assisted_ridge,168,168
eastern-province-cys,148,Procter & Gamble (P&G),P&G LEADgen Internship Program 2026 (Riyadh),34.5,34.51016616012122,0.010166160121222845,rubric_assisted_ridge,154,160
eastern-province-cys,149,New Murabba | المربع الجديد,New Murabba Co-op Training Program,58.5,58.48483221393883,0.015167786061169863,rubric_assisted_ridge,63,79
eastern-province-cys,150,Boeing Saudi Arabia Limited,Intern - Info Technology & Data Analytics (Riyadh),67.0,67.00008344534102,8.344534101922818e-05,rubric_assisted_ridge,44,45
eastern-province-cys,151,Motorola Solutions,Deployment Engineer Intern (KSA National - Tamheer Program),68.5,68.45451017807963,0.04548982192036988,rubric_assisted_ridge,42,42
eastern-province-cys,152,Schneider Electric,Co-op Intern (Engineering) - Al Khobar (Jan–Aug 2026),82.5,82.42794855275717,0.07205144724282775,rubric_assisted_ridge,1,1
eastern-province-cys,153,Lockheed Martin,Tamheer Space Internship (Riyadh),48.5,48.48507319751688,0.014926802483117285,rubric_assisted_ridge,108,123
eastern-province-cys,154,Markaba | مركبة,Start-up Software Intern – TAMHEER (Saudi nationals only),45.0,45.01198781471521,0.011987814715212153,rubric_assisted_ridge,126,126
eastern-province-cys,155,Laverne Group | مجموعة لافيرن,Data Analyst / Data Engineer Intern (IT Department),67.0,67.0105029786443,0.010502978644296945,rubric_assisted_ridge,44,44
eastern-province-cys,156,Meel | ميل,"Software Developer Internship (Remote, min 2 months)",48.5,48.50976750001904,0.009767500019037811,rubric_assisted_ridge,108,117
eastern-province-cys,157,Nahdi Medical Co.,IT Internship / COOP Program (6 months),63.5,63.46995831527085,0.0300416847291487,rubric_assisted_ridge,50,53
eastern-province-cys,158,SMART Technology Solutions | سمارت لحلول التقنية,R&D Intern (Riyadh),48.5,48.516061627407,0.016061627406998014,rubric_assisted_ridge,108,115
eastern-province-cys,159,Knodemy Inc.,AI Developer & Tech Trainer Intern - Riyadh,48.5,48.528706182142145,0.0287061821421446,rubric_assisted_ridge,108,109
eastern-province-cys,160,Water Transmission Company | شركة نقل المياه,Tamheer Internship Program (HRIS / Engineering & PM - Riyadh),48.5,48.51625451951527,0.01625451951527168,rubric_assisted_ridge,108,114
eastern-province-cys,161,AFNOYS,"AI Automation Intern - KSA (Remote, 4 weeks)",48.5,48.51343088328094,0.013430883280939554,rubric_assisted_ridge,108,116
eastern-province-cys,162,SAS,CareerStart@SAS 2026 - Presales Customer Intelligence Intern (Riyadh),33.0,33.052125075072766,0.05212507507276598,rubric_assisted_ridge,161,161
eastern-province-cys,163,Devoteam,Trainee - Future Leaders Program (Co-op/Fresh Graduate),73.5,73.50002125935028,2.1259350276636724e-05,rubric_assisted_ridge,35,35
eastern-province-cys,164,ضالتي Dhallaty,Tech Intern: Fresh Grad or Student,47.0,47.018941706320426,0.01894170632042602,rubric_assisted_ridge,124,124
eastern-province-cys,165,Innovative Solutions SA,Presales - Tamheer,63.5,63.458027247818556,0.041972752181443695,rubric_assisted_ridge,50,55
eastern-province-cys,166,HUMAIN,Tamheer Program (Software Engineer / Cybersecurity / MIS),63.5,63.4713096307328,0.028690369267202698,rubric_assisted_ridge,50,52
eastern-province-cys,167,TAM | تام,"Tamheer Opportunity, Advisory",5.5,5.492403652042292,0.00759634795770836,rubric_assisted_ridge,173,173
eastern-province-cys,168,هيئة التأمين | Insurance Authority,Tamheer Opportunity - Specialist of Information Security,63.5,63.44875900382264,0.051240996177362774,rubric_assisted_ridge,50,56
eastern-province-cys,169,Snbla | سنبله,Paid Internship Program (FinTech),33.0,33.05172846236046,0.05172846236045814,rubric_assisted_ridge,161,162
eastern-province-cys,170,2P Perfect Presentation,Data Analyst (Tamheer),31.0,31.015579214989682,0.015579214989681844,rubric_assisted_ridge,165,167
eastern-province-cys,171,Infosys,Summer Intern (Infosys InStep ’26 – Bangalore),33.0,32.99304523869205,0.00695476130795214,rubric_assisted_ridge,161,163
eastern-province-cys,172,شركة الخدمات المدارة | Managed Services Company,Intern Cybersecurity Engineer,63.5,63.46666490574255,0.033335094257452624,rubric_assisted_ridge,50,54
eastern-province-cys,173,Abunayyan Holding,Data Analyst (Tamheer),31.0,31.018830523078794,0.01883052307879396,rubric_assisted_ridge,165,166
remote-only-de,1,Saudi Aramco,University Internship Program (UIP),34.5,34.53719314679755,0.03719314679754859,rubric_assisted_ridge,98,147
remote-only-de,2,SABIC,COOP Training Program,37.5,37.52991338930745,0.029913389307452576,rubric_assisted_ridge,89,90
remote-only-de,3,stc (Saudi Telecom Company),Cooperative Training Program (COOP),34.5,34.57142395187121,0.07142395187121053,rubric_assisted_ridge,98,98
remote-only-de,4,Saudi National Bank (SNB),SNB Cooperative Training Program,58.5,58.51983546279561,0.019835462795612102,rubric_assisted_ridge,4,6
remote-only-de,5,Al Rajhi Bank,Cooperative Training Program,58.5,58.51941014896875,0.019410148968752594,rubric_assisted_ridge,4,7
remote-only-de,6,Capital Market Authority (CMA),COOP Program,48.5,48.54198664080634,0.041986640806342734,rubric_assisted_ridge,32,54
remote-only-de,7,Digital Government Authority (DGA),Maidan Cooperative Training Program,34.5,34.55183223098382,0.05183223098381973,rubric_assisted_ridge,98,111
remote-only-de,8,KPMG Saudi Arabia,COOP & Internship Programs,44.5,44.50323770023151,0.003237700231508711,rubric_assisted_ridge,71,77
remote-only-de,9,PwC Middle East,"Deals, COOP and Summer Internship Programme (2026)",34.5,34.545068202243925,0.04506820224392527,rubric_assisted_ridge,98,131
remote-only-de,10,Deloitte Middle East (KSA),Jusoor Al Sharqiyah Internship Program,34.5,34.539278167624175,0.03927816762417535,rubric_assisted_ridge,98,145
remote-only-de,11,Bank Albilad,Cooperative & Summer Training Program,58.5,58.515066994488755,0.01506699448875537,rubric_assisted_ridge,4,9
remote-only-de,12,Tamara,Tamara Builders Program,48.5,48.55747375195953,0.05747375195952742,rubric_assisted_ridge,32,34
remote-only-de,13,Bupa Arabia,Cooperative Training Program,34.5,34.54437592298812,0.044375922988116656,rubric_assisted_ridge,98,134
remote-only-de,14,Saudi Exports (Saudi Export Development Authority),COOP & Summer Training (FAQ-confirmed),44.5,44.494485973798874,0.0055140262011263985,rubric_assisted_ridge,71,78
remote-only-de,15,Local Content and Government Procurement Authority (LCGPA),COOP Training (role posting),34.5,34.52747758537872,0.027477585378719027,rubric_assisted_ridge,98,162
remote-only-de,16,McKinsey & Company (Maqdira),Maqdira Fellowship Program,34.5,34.561393839985435,0.061393839985434795,rubric_assisted_ridge,98,101
remote-only-de,17,Boston Consulting Group (BCG),Visiting Associate Internship (Riyadh),34.5,34.54492488295436,0.04492488295436203,rubric_assisted_ridge,98,132
remote-only-de,18,Bain & Company,COOP Training Program (Riyadh),34.5,34.53521530143868,0.0352153014386829,rubric_assisted_ridge,98,152
remote-only-de,19,Amazon Web Services (AWS),IT/Computer Hardware Internship (Intern-to-FTE Pathway),34.5,34.54546620434449,0.04546620434449267,rubric_assisted_ridge,98,130
remote-only-de,20,Amazon Web Services (AWS) - Associate Solutions Architect Intern,Associate Solutions Architect Intern (2026),34.5,34.54427287097221,0.044272870972207556,rubric_assisted_ridge,98,135
remote-only-de,21,Google (Saudi Arabia),Google Careers (Saudi location filter),33.0,33.04024800224653,0.04024800224652836,rubric_assisted_ridge,165,165
remote-only-de,22,BlackRock,Client & Product Summer Internship Programme (EMEA) - includes Riyadh,44.5,44.531625182938285,0.03162518293828498,rubric_assisted_ridge,71,73
remote-only-de,23,noon,Student Internship,34.5,34.53040645962689,0.030406459626888704,rubric_assisted_ridge,98,158
remote-only-de,24,MOZN,Data Science Intern,54.5,54.53209551854869,0.03209551854868664,rubric_assisted_ridge,10,12
remote-only-de,25,Elm,Elm Co-op Training Program (March 2026 Intake),34.5,34.53536696709385,0.03536696709385012,rubric_assisted_ridge,98,151
remote-only-de,26,Yasref,Yasref Cooperative Training Program,37.5,37.53955283662455,0.039552836624551446,rubric_assisted_ridge,89,89
remote-only-de,27,"Saudi Standards, Metrology and Quality Organization (SASO)",Cooperative Training (Collaborative Training),34.5,34.54287570671691,0.04287570671691299,rubric_assisted_ridge,98,138
remote-only-de,28,"Zakat, Tax and Customs Authority (ZATCA)",Binaa-Alkafaat Program,39.5,39.499024602962315,0.0009753970376848997,rubric_assisted_ridge,86,88
remote-only-de,29,Human Resources Development Fund (HRDF) – Cooperative Training Product,Cooperative Training (HRDF product),25.0,24.949975190288704,0.05002480971129586,rubric_assisted_ridge,171,172
remote-only-de,30,EXPRO,COOP Training (Future Makers Program),34.5,34.53368845089349,0.03368845089349293,rubric_assisted_ridge,98,156
remote-only-de,31,Ministry of Industry and Mineral Resources (MIM) – Cooperative Training Initiative,Cooperative Training Initiative,25.0,24.96282033958476,0.03717966041524079,rubric_assisted_ridge,171,171
remote-only-de,32,TBC (The Beauty Company),Cooperative Training Program,44.5,44.49195417262306,0.008045827376939485,rubric_assisted_ridge,71,79
remote-only-de,33,National Center for Vegetation Cover Development & Combating Desertification (NCVC),COOP Training Program,34.5,34.534300681469844,0.03430068146984411,rubric_assisted_ridge,98,155
remote-only-de,34,Saudi Power Procurement Company (SPPC),Future Power – COOP Training Program,34.5,34.527780665595756,0.027780665595756204,rubric_assisted_ridge,98,161
remote-only-de,35,TBC (Tatweer Building Company),Cooperative Training Program,34.5,34.54987494827144,0.04987494827143735,rubric_assisted_ridge,98,115
remote-only-de,36,PwC Middle East (Assurance COOP & Summer Internship Programme 2026),"Assurance, COOP and Summer Internship Programme 2026 – Middle East",34.5,34.54194907932066,0.041949079320659166,rubric_assisted_ridge,98,141
remote-only-de,37,KAPSARC,Intern (Coop- Trainee),48.5,48.53744573144045,0.03744573144044949,rubric_assisted_ridge,32,61
remote-only-de,38,BSF (Banque Saudi Fransi),COOP / Internship,34.5,34.51883326973417,0.01883326973417354,rubric_assisted_ridge,98,164
remote-only-de,39,Saudi Food & Drug Authority (SFDA),COOP training (First semester 2025-2026 intake),44.5,44.52011513028219,0.020115130282192695,rubric_assisted_ridge,71,74
remote-only-de,40,Saudi Power Procurement Company (SPPC) – Future Power (Business Admin COOP),Future Power – Business Administration COOP Training Program,34.5,34.529145292625145,0.029145292625145203,rubric_assisted_ridge,98,160
remote-only-de,41,Bank Albilad,Cooperative and Summer Training Program,48.5,48.54492432645012,0.04492432645012201,rubric_assisted_ridge,32,51
remote-only-de,42,The Saudi National Bank (SNB),SNB Rowad Program,43.5,43.54320832067414,0.0432083206741396,rubric_assisted_ridge,80,80
remote-only-de,43,National Cybersecurity Authority (NCA) – Academy,Cybersecurity training programs (academy),39.5,39.55032856701219,0.05032856701218691,rubric_assisted_ridge,86,86
remote-only-de,44,PIF | Graduate Development Program,Graduate Development Program (GDP),39.5,39.52765536044278,0.027655360442778942,rubric_assisted_ridge,86,87
remote-only-de,45,NEOM | GrOW (Graduates Opportunities in Work),GrOW (Graduates Opportunities in Work),41.0,40.999553361632685,0.0004466383673147334,rubric_assisted_ridge,84,85
remote-only-de,46,ROSHN | COOP Trainee Program,COOP Trainee Program,34.5,34.53541040899496,0.03541040899496295,rubric_assisted_ridge,98,150
remote-only-de,47,Microsoft | Ru'aa Program (Riyadh),Ru'aa Program Internship (Solution Engineering),48.5,48.55112393716912,0.051123937169123224,rubric_assisted_ridge,32,42
remote-only-de,48,Oracle | Business Development Intern (KSA market),Business Development Intern (KSA market),46.0,45.98277812860596,0.01722187139404241,rubric_assisted_ridge,68,68
remote-only-de,49,SAP | Student Internship (Riyadh),Student Internship - Riyadh,34.5,34.546567598214985,0.046567598214984685,rubric_assisted_ridge,98,125
remote-only-de,50,SAB (Saudi Awwal Bank) | Cooperative Training Programme (COOP),SAB Cooperative Training Programme (COOP),48.5,48.54305952281247,0.04305952281247016,rubric_assisted_ridge,32,53
remote-only-de,51,Ministry of Finance (Saudi Arabia) | Cooperative Training Program,Cooperative Training Program,36.0,36.041479445587264,0.0414794455872638,rubric_assisted_ridge,92,92
remote-only-de,52,Ministry of Industry and Mineral Resources | Cooperative Training,Cooperative Training Initiative,46.0,45.9795127387367,0.02048726126329825,rubric_assisted_ridge,68,70
remote-only-de,53,King Fahd Causeway Authority | Internship Program,Internship Program,41.0,41.00952521531583,0.009525215315832725,rubric_assisted_ridge,84,84
remote-only-de,54,Tawuniya | Tamheer Program (Fresh Graduates),Tamheer Program,32.5,32.549452228544325,0.049452228544325294,rubric_assisted_ridge,166,167
remote-only-de,55,SAMA | SAMA Professional Program (SPP),SAMA Professional Program (SPP),31.0,31.024231483055825,0.02423148305582501,rubric_assisted_ridge,168,168
remote-only-de,56,HRDF | Cooperative Training Product,Cooperative Training Product,46.0,45.9819695990973,0.01803040090270258,rubric_assisted_ridge,68,69
remote-only-de,57,IBM,"Automation, Data & AI – Intern",50.0,50.048695348885026,0.048695348885026135,rubric_assisted_ridge,26,26
remote-only-de,58,Unifonic,Internship (Unifonic),34.5,34.557189787295904,0.05718978729590418,rubric_assisted_ridge,98,105
remote-only-de,59,Misk Foundation,Misk Traineeship / Internship Program,32.5,32.55004385533937,0.05004385533936784,rubric_assisted_ridge,166,166
remote-only-de,60,Cisco,Cisco NetVersity (Saudi Arabia),42.5,42.5195841032067,0.019584103206696568,rubric_assisted_ridge,83,83
remote-only-de,61,KAUST,Visiting Student Research Program (VSRP) Internship,48.5,48.52656398420885,0.02656398420884898,rubric_assisted_ridge,32,66
remote-only-de,62,General Authority for Statistics (GASTAT),Cooperative Training Program,44.5,44.55291452302848,0.05291452302847688,rubric_assisted_ridge,71,72
remote-only-de,63,Saudi Center for Opinion Polling (SCOP),Cooperative Training Program,44.5,44.55375503399895,0.053755033998946544,rubric_assisted_ridge,71,71
remote-only-de,64,Al Rajhi Takaful,Cooperative Training Program,48.5,48.54832585646675,0.048325856466746586,rubric_assisted_ridge,32,45
remote-only-de,65,Expenditure & Projects Efficiency Authority (EXPRO),Future Makers (صنّاع المستقبل) – Cooperative Training,34.5,34.5587282358013,0.058728235801297046,rubric_assisted_ridge,98,102
remote-only-de,66,Ministry of Finance (Saudi Arabia),Cooperative Training Program (Ministry of Finance),34.5,34.56190831118069,0.06190831118068729,rubric_assisted_ridge,98,100
remote-only-de,67,General Entertainment Authority (GEA),GEA Cooperative Training Program,34.5,34.55809660688545,0.058096606885449376,rubric_assisted_ridge,98,104
remote-only-de,68,Banque Saudi Fransi (BSF),COOP Training,34.5,34.54025980189519,0.040259801895189185,rubric_assisted_ridge,98,143
remote-only-de,69,Arab National Bank (ANB),COOP Trainee,48.5,48.53957465060671,0.03957465060670984,rubric_assisted_ridge,32,58
remote-only-de,70,Tamara,Builders Program,48.5,48.55484826092639,0.05484826092639139,rubric_assisted_ridge,32,38
remote-only-de,71,OmniOps,Co‑op Training Program,48.5,48.54721429046701,0.047214290467010755,rubric_assisted_ridge,32,47
remote-only-de,72,Tatweer Educational Technologies (TETCO),Cooperative Training Program,48.5,48.548395179254186,0.048395179254185905,rubric_assisted_ridge,32,44
remote-only-de,73,The Saudi Investment Bank (SAIB),Cooperative Program,48.5,48.55295890938478,0.05295890938477754,rubric_assisted_ridge,32,40
remote-only-de,74,Saudi Awwal Bank (SAB),COOP Program,48.5,48.548312420674904,0.04831242067490393,rubric_assisted_ridge,32,46
remote-only-de,75,Riyad Bank,Internships and Coop Trainings (CSR 2019),48.5,48.545165200235054,0.045165200235054215,rubric_assisted_ridge,32,50
remote-only-de,76,Tabby,Intern DevOps Engineer,58.5,58.52158507560356,0.02158507560356071,rubric_assisted_ridge,4,5
remote-only-de,77,Tabby,Intern Backend (GO) Engineer,61.5,61.51759753036957,0.01759753036957079,rubric_assisted_ridge,3,3
remote-only-de,78,Tabby,Intern Frontend Engineer,48.5,48.556996012789156,0.056996012789156225,rubric_assisted_ridge,32,35
remote-only-de,79,Tabby,Intern Data Engineer,54.5,54.55830128272335,0.05830128272334889,rubric_assisted_ridge,10,10
remote-only-de,80,Tabby,No-Code / AI Agents Engineering Intern,48.5,48.558398532989656,0.05839853298965636,rubric_assisted_ridge,32,33
remote-only-de,81,Bank Albilad,Cooperative Training Program,58.5,58.51701509583542,0.017015095835418492,rubric_assisted_ridge,4,8
remote-only-de,82,Saudi Ground Services (SGS),COOP Program,34.5,34.52941878625131,0.029418786251312667,rubric_assisted_ridge,98,159
remote-only-de,83,CEER,Cooperative Training Program (COOP),34.5,34.5460646020717,0.046064602071702154,rubric_assisted_ridge,98,128
remote-only-de,84,Al Rajhi Takaful,Coop Training Program,48.5,48.549018582803434,0.049018582803434185,rubric_assisted_ridge,32,43
remote-only-de,85,TAWAL,COOP Training Program,48.5,48.54583167615214,0.04583167615214023,rubric_assisted_ridge,32,48
remote-only-de,86,Wakeb_Data,COOP Training,48.5,48.554615253465215,0.05461525346521512,rubric_assisted_ridge,32,39
remote-only-de,87,Banque Saudi Fransi (BSF),Coop Training Program,34.5,34.540826138047464,0.040826138047464156,rubric_assisted_ridge,98,142
remote-only-de,88,Tech Economy,COOP Training Program,34.5,34.55046973594128,0.05046973594127735,rubric_assisted_ridge,98,113
remote-only-de,89,SAMI Advanced Electronics (SAMI-AEC),Coop Trainee,34.5,34.545855812034816,0.04585581203481581,rubric_assisted_ridge,98,129
remote-only-de,90,NHC,COOP Trainee,44.5,44.512727874181074,0.012727874181074128,rubric_assisted_ridge,71,76
remote-only-de,91,REMAT ADVANCED,Cooperative Training Program,34.5,34.552952456719964,0.0529524567199644,rubric_assisted_ridge,98,109
remote-only-de,92,SDM,AI COOP,51.5,51.55734076051974,0.05734076051974313,rubric_assisted_ridge,19,22
remote-only-de,93,HUED,HUED COOP Program 2026,48.5,48.54194515951261,0.04194515951260769,rubric_assisted_ridge,32,55
remote-only-de,94,Araamis • أرامس,Araamis COOP Program 2026,48.5,48.54364293092518,0.04364293092518068,rubric_assisted_ridge,32,52
remote-only-de,95,ARDARA,COOP Training for Students,34.5,34.548474150593975,0.048474150593975196,rubric_assisted_ridge,98,118
remote-only-de,96,flynas,COOP Trainee / Internship Program,34.5,34.549677678656046,0.049677678656046,rubric_assisted_ridge,98,116
remote-only-de,97,Saudi Motorsport Company (SMC),COOP Trainee (IT Asset Project Management),48.5,48.52727348025467,0.0272734802546708,rubric_assisted_ridge,32,65
remote-only-de,98,Saudi Motorsport Company (SMC),COOP Trainee (Supply Chain Excellence Associate),34.5,34.542793016304955,0.042793016304955245,rubric_assisted_ridge,98,139
remote-only-de,99,Mobily,Cooperative Training Program,34.5,34.55353307311292,0.053533073112923546,rubric_assisted_ridge,98,108
remote-only-de,100,Saudi Awwal Bank (SAB),Student Opportunities: Cooperative / Practical Training,48.5,48.55566214721378,0.0556621472137806,rubric_assisted_ridge,32,36
remote-only-de,101,Alvarez & Marsal,COOP Training Program,34.5,34.548362858414116,0.048362858414115806,rubric_assisted_ridge,98,119
remote-only-de,102,Visa,COOP Trainee (Jan 2026),34.5,34.54447604345958,0.044476043459582115,rubric_assisted_ridge,98,133
remote-only-de,103,Zain KSA,Evolve Program (Fresh Graduates),29.5,29.54797416985469,0.047974169854690274,rubric_assisted_ridge,169,170
remote-only-de,104,Zain KSA,Zain Pioneers Program,29.5,29.548221882185267,0.04822188218526691,rubric_assisted_ridge,169,169
remote-only-de,105,Savvy Games Group,Cooperative Training Program (Co-op),34.5,34.54680289454105,0.04680289454105235,rubric_assisted_ridge,98,124
remote-only-de,106,Bank AlJazira,Tamheer Program,43.5,43.53842915927825,0.038429159278251745,rubric_assisted_ridge,80,81
remote-only-de,107,sirar by stc,Cooperative Training Program,48.5,48.53860855338982,0.038608553389821054,rubric_assisted_ridge,32,59
remote-only-de,108,Gathern,Co-op Program,48.5,48.5405302555866,0.04053025558660295,rubric_assisted_ridge,32,57
remote-only-de,109,Elm Company (شركة علم),Coop Training - Computer Science (Jan/Mar/Jun/Aug 2025 Intake),34.5,34.55205598575794,0.05205598575793857,rubric_assisted_ridge,98,110
remote-only-de,110,Elm Company (شركة علم),Co-Op Training - Information Technology (Jun & Aug 2025 Intake),34.5,34.54946734284118,0.049467342841182926,rubric_assisted_ridge,98,117
remote-only-de,111,EJADA,COOP Administration & Support Engineer,34.5,34.55044564975269,0.05044564975268884,rubric_assisted_ridge,98,114
remote-only-de,112,Emdad By Elm,Network Cooperative Training (Network Intern),34.5,34.54770737889328,0.047707378893278474,rubric_assisted_ridge,98,122
remote-only-de,113,AILA,Co-op Training Programme,58.5,58.5272007855884,0.027200785588398446,rubric_assisted_ridge,4,4
remote-only-de,114,Foodics,Foodics 360 Internship Program,34.5,34.55834292608421,0.0583429260842081,rubric_assisted_ridge,98,103
remote-only-de,115,Salla,برنامج التدريب التعاوني (Coop Training) – Salla,34.5,34.52509815773311,0.025098157733111748,rubric_assisted_ridge,98,163
remote-only-de,116,Lucidya,Technical Internship or Coop – Lucidya,48.5,48.54182696146532,0.04182696146531839,rubric_assisted_ridge,32,56
remote-only-de,117,Diriyah Company,Diriyah Co-op Training Program,34.5,34.55167547000644,0.0516754700064368,rubric_assisted_ridge,98,112
remote-only-de,118,Riyadh Air,Co-op – Riyadh Air,34.5,34.54804081818094,0.04804081818093664,rubric_assisted_ridge,98,121
remote-only-de,119,Jahez Group,Jahez Internship Program (as described in Sustainability Report),34.5,34.555353733594416,0.055353733594415644,rubric_assisted_ridge,98,106
remote-only-de,120,Lumi | لومي,COOP Intern 2025 – Lumi,34.5,34.55428298831363,0.05428298831363065,rubric_assisted_ridge,98,107
remote-only-de,121,webook.com,COOP Trainee Opportunities – webook.com,34.5,34.54698479938026,0.04698479938026168,rubric_assisted_ridge,98,123
remote-only-de,122,moneymoon,Tech & AI Co-op Program 2025,51.5,51.56129512283034,0.061295122830337334,rubric_assisted_ridge,19,21
remote-only-de,123,EjadTech - إيجاد التقنية,"Summer Internship Program 2025 (Computer, Data, and AI Majors)",53.0,53.0263022263783,0.0263022263782986,rubric_assisted_ridge,14,15
remote-only-de,124,InnovationTeam,Java Microservices Internship Programme (Saudi Nationals),53.0,53.02838449211918,0.028384492119180038,rubric_assisted_ridge,14,14
remote-only-de,125,Tamkeen Technologies,On the Job Training (Internship Program) — Technology field,34.5,34.562202284202215,0.06220228420221474,rubric_assisted_ridge,98,99
remote-only-de,126,Trendyol Group,Trendyol Tech Talent - Bootcamp & COOP Internship Program (Saudi Students Only),36.0,36.03110684873616,0.0311068487361581,rubric_assisted_ridge,92,94
remote-only-de,127,Ninja نينجا,COOP Training Program,36.0,36.01619384490573,0.016193844905728838,rubric_assisted_ridge,92,96
remote-only-de,128,SCAI | سكاي,CO-OP Training Opportunities (Intern),51.5,51.54844054960427,0.048440549604272576,rubric_assisted_ridge,19,24
remote-only-de,129,WalaPlus,Coop & Tamheer Opportunities,34.5,34.540114427883864,0.04011442788386432,rubric_assisted_ridge,98,144
remote-only-de,130,Aon,IT Co-op Trainee 2026,34.5,34.53515563642439,0.0351556364243919,rubric_assisted_ridge,98,153
remote-only-de,131,Hewlett Packard Enterprise (HPE),College Intern (Coop),34.5,34.535766437708816,0.0357664377088156,rubric_assisted_ridge,98,148
remote-only-de,132,Signify,KSA Coop Internship Program,34.5,34.534317185323566,0.03431718532356598,rubric_assisted_ridge,98,154
remote-only-de,133,Help AG (e& enterprise),Cybersecurity Intern,34.5,34.532762623311015,0.032762623311015204,rubric_assisted_ridge,98,157
remote-only-de,134,TrendAI (Trend Micro),CyberGATE Internship Program,34.5,34.54421456503927,0.044214565039268905,rubric_assisted_ridge,98,136
remote-only-de,135,Golf Saudi,IT Co-op Trainee,48.5,48.5380010945718,0.03800109457179701,rubric_assisted_ridge,32,60
remote-only-de,136,Siemens Healthineers,Healthineers Early Talent Program – IT (Riyadh),34.5,34.537812476251695,0.037812476251694704,rubric_assisted_ridge,98,146
remote-only-de,137,1957 Ventures,Internship / Co-Op Program,48.5,48.536386087851824,0.036386087851823845,rubric_assisted_ridge,32,62
remote-only-de,138,Nokia,Graduate Trainee (Saudi Arabia) – Fledgers Program,46.5,46.54198199230902,0.04198199230901878,rubric_assisted_ridge,67,67
remote-only-de,139,Ericsson,Summer Interns (Ericsson Saudi),48.5,48.534014611044164,0.0340146110441637,rubric_assisted_ridge,32,64
remote-only-de,140,Bosch Middle East,Software Development Intern (AI/Cloud),51.5,51.5437173855835,0.04371738558349847,rubric_assisted_ridge,19,25
remote-only-de,141,Saudi Payments | المدفوعات السعودية,COOP Training – August 2024,48.5,48.536255435311176,0.03625543531117614,rubric_assisted_ridge,32,63
remote-only-de,142,Saudi Tadawul Group | تداول,Cooperative Training Program (COOP),48.5,48.5456579385516,0.045657938551599386,rubric_assisted_ridge,32,49
remote-only-de,143,Lean Technologies,Software Engineering Intern – KSA,54.5,54.52044193141761,0.02044193141760786,rubric_assisted_ridge,10,13
remote-only-de,144,Mirai (Scopely) | مِراي,AI Engineering Intern (GenAI),51.5,51.55283709490381,0.052837094903807724,rubric_assisted_ridge,19,23
remote-only-de,145,HungerStation | هنقرستيشن,"Co-OP Trainee, Data Analysis – Info Sec",54.5,54.54401921552357,0.044019215523569244,rubric_assisted_ridge,10,11
remote-only-de,146,NCGR | المركز الوطني لنظم الموارد الحكومية,Coop Training Program,34.5,34.54369929359225,0.04369929359224756,rubric_assisted_ridge,98,137
remote-only-de,147,nybl,nybl Graduate Programme – Saudi Nationals (AI Bootcamp),43.5,43.52848938548142,0.028489385481421436,rubric_assisted_ridge,80,82
remote-only-de,148,Procter & Gamble (P&G),P&G LEADgen Internship Program 2026 (Riyadh),34.5,34.53565380581073,0.03565380581073185,rubric_assisted_ridge,98,149
remote-only-de,149,New Murabba | المربع الجديد,New Murabba Co-op Training Program,34.5,34.54635543710074,0.0463554371007433,rubric_assisted_ridge,98,127
remote-only-de,150,Boeing Saudi Arabia Limited,Intern - Info Technology & Data Analytics (Riyadh),48.5,48.559704124708354,0.059704124708353845,rubric_assisted_ridge,32,32
remote-only-de,151,Motorola Solutions,Deployment Engineer Intern (KSA National - Tamheer Program),34.5,34.54816056753806,0.04816056753806208,rubric_assisted_ridge,98,120
remote-only-de,152,Schneider Electric,Co-op Intern (Engineering) - Al Khobar (Jan–Aug 2026),34.5,34.542275909548465,0.04227590954846505,rubric_assisted_ridge,98,140
remote-only-de,153,Lockheed Martin,Tamheer Space Internship (Riyadh),34.5,34.546386382760005,0.04638638276000506,rubric_assisted_ridge,98,126
remote-only-de,154,Markaba | مركبة,Start-up Software Intern – TAMHEER (Saudi nationals only),50.0,50.029936582017456,0.02993658201745575,rubric_assisted_ridge,26,28
remote-only-de,155,Laverne Group | مجموعة لافيرن,Data Analyst / Data Engineer Intern (IT Department),51.5,51.56538742001503,0.0653874200150284,rubric_assisted_ridge,19,19
remote-only-de,156,Meel | ميل,"Software Developer Internship (Remote, min 2 months)",63.5,63.49343648963878,0.00656351036121805,rubric_assisted_ridge,1,2
remote-only-de,157,Nahdi Medical Co.,IT Internship / COOP Program (6 months),44.5,44.517483089847374,0.017483089847374345,rubric_assisted_ridge,71,75
remote-only-de,158,SMART Technology Solutions | سمارت لحلول التقنية,R&D Intern (Riyadh),48.5,48.55558069378379,0.055580693783788604,rubric_assisted_ridge,32,37
remote-only-de,159,Knodemy Inc.,AI Developer & Tech Trainer Intern - Riyadh,51.5,51.56156013484179,0.061560134841791125,rubric_assisted_ridge,19,20
remote-only-de,160,Water Transmission Company | شركة نقل المياه,Tamheer Internship Program (HRIS / Engineering & PM - Riyadh),48.5,48.55267035179964,0.05267035179964097,rubric_assisted_ridge,32,41
remote-only-de,161,AFNOYS,"AI Automation Intern - KSA (Remote, 4 weeks)",63.5,63.496454404466476,0.0035455955335237377,rubric_assisted_ridge,1,1
remote-only-de,162,SAS,CareerStart@SAS 2026 - Presales Customer Intelligence Intern (Riyadh),52.0,52.03496541360131,0.03496541360131289,rubric_assisted_ridge,16,18
remote-only-de,163,Devoteam,Trainee - Future Leaders Program (Co-op/Fresh Graduate),50.0,50.044140599459055,0.04414059945905535,rubric_assisted_ridge,26,27
remote-only-de,164,ضالتي Dhallaty,Tech Intern: Fresh Grad or Student,52.0,52.03676052991062,0.03676052991062306,rubric_assisted_ridge,16,16
remote-only-de,165,Innovative Solutions SA,Presales - Tamheer,36.0,36.020928218666285,0.020928218666284693,rubric_assisted_ridge,92,95
remote-only-de,166,HUMAIN,Tamheer Program (Software Engineer / Cybersecurity / MIS),50.0,50.01173035668215,0.0117303566821505,rubric_assisted_ridge,26,29
remote-only-de,167,TAM | تام,"Tamheer Opportunity, Advisory",15.0,14.994602377911747,0.005397622088253229,rubric_assisted_ridge,173,173
remote-only-de,168,هيئة التأمين | Insurance Authority,Tamheer Opportunity - Specialist of Information Security,36.0,36.0106423708817,0.010642370881697616,rubric_assisted_ridge,92,97
remote-only-de,169,Snbla | سنبله,Paid Internship Program (FinTech),52.0,52.03552202443203,0.035522024432026456,rubric_assisted_ridge,16,17
remote-only-de,170,2P Perfect Presentation,Data Analyst (Tamheer),50.0,49.99847986040203,0.0015201395979715926,rubric_assisted_ridge,26,31
remote-only-de,171,Infosys,Summer Intern (Infosys InStep ’26 – Bangalore),37.5,37.51715715487193,0.017157154871931368,rubric_assisted_ridge,89,91
remote-only-de,172,شركة الخدمات المدارة | Managed Services Company,Intern Cybersecurity Engineer,36.0,36.03131789509073,0.03131789509073002,rubric_assisted_ridge,92,93
remote-only-de,173,Abunayyan Holding,Data Analyst (Tamheer),50.0,50.002040252068404,0.0020402520684044134,rubric_assisted_ridge,26,30
no-interview-ft,1,Saudi Aramco,University Internship Program (UIP),29.5,29.545758620611053,0.0457586206110534,rubric_assisted_ridge,165,168
no-interview-ft,2,SABIC,COOP Training Program,32.5,32.54093578139263,0.04093578139263343,rubric_assisted_ridge,163,164
no-interview-ft,3,stc (Saudi Telecom Company),Cooperative Training Program (COOP),39.5,39.550549231634236,0.050549231634235525,rubric_assisted_ridge,101,101
no-interview-ft,4,Saudi National Bank (SNB),SNB Cooperative Training Program,48.5,48.54448618600435,0.04448618600434884,rubric_assisted_ridge,82,83
no-interview-ft,5,Al Rajhi Bank,Cooperative Training Program,48.5,48.54511743286277,0.04511743286276726,rubric_assisted_ridge,82,82
no-interview-ft,6,Capital Market Authority (CMA),COOP Program,53.5,53.52259889605788,0.022598896057878903,rubric_assisted_ridge,34,55
no-interview-ft,7,Digital Government Authority (DGA),Maidan Cooperative Training Program,39.5,39.53271145869958,0.032711458699580476,rubric_assisted_ridge,101,109
no-interview-ft,8,KPMG Saudi Arabia,COOP & Internship Programs,34.5,34.527651393742275,0.027651393742274877,rubric_assisted_ridge,156,159
no-interview-ft,9,PwC Middle East,"Deals, COOP and Summer Internship Programme (2026)",39.5,39.523564479523976,0.023564479523976445,rubric_assisted_ridge,101,134
no-interview-ft,10,Deloitte Middle East (KSA),Jusoor Al Sharqiyah Internship Program,39.5,39.547245261938194,0.047245261938194005,rubric_assisted_ridge,101,102
no-interview-ft,11,Bank Albilad,Cooperative & Summer Training Program,48.5,48.54060975860553,0.040609758605526736,rubric_assisted_ridge,82,85
no-interview-ft,12,Tamara,Tamara Builders Program,53.5,53.53704393651835,0.03704393651835147,rubric_assisted_ridge,34,37
no-interview-ft,13,Bupa Arabia,Cooperative Training Program,39.5,39.52579854943403,0.025798549434028928,rubric_assisted_ridge,101,129
no-interview-ft,14,Saudi Exports (Saudi Export Development Authority),COOP & Summer Training (FAQ-confirmed),34.5,34.51851958712579,0.018519587125787496,rubric_assisted_ridge,156,161
no-interview-ft,15,Local Content and Government Procurement Authority (LCGPA),COOP Training (role posting),39.5,39.508288369416555,0.00828836941655453,rubric_assisted_ridge,101,149
no-interview-ft,16,McKinsey & Company (Maqdira),Maqdira Fellowship Program,39.5,39.54130285340995,0.041302853409952434,rubric_assisted_ridge,101,103
no-interview-ft,17,Boston Consulting Group (BCG),Visiting Associate Internship (Riyadh),39.5,39.5248192612119,0.0248192612119027,rubric_assisted_ridge,101,130
no-interview-ft,18,Bain & Company,COOP Training Program (Riyadh),39.5,39.51676279388738,0.016762793887380667,rubric_assisted_ridge,101,142
no-interview-ft,19,Amazon Web Services (AWS),IT/Computer Hardware Internship (Intern-to-FTE Pathway),49.5,49.52119203062722,0.021192030627219083,rubric_assisted_ridge,70,75
no-interview-ft,20,Amazon Web Services (AWS) - Associate Solutions Architect Intern,Associate Solutions Architect Intern (2026),49.5,49.51893359060328,0.01893359060328237,rubric_assisted_ridge,70,77
no-interview-ft,21,Google (Saudi Arabia),Google Careers (Saudi location filter),39.5,39.53227975287947,0.03227975287946805,rubric_assisted_ridge,101,110
no-interview-ft,22,BlackRock,Client & Product Summer Internship Programme (EMEA) - includes Riyadh,69.5,69.49248032802373,0.0075196719762686826,rubric_assisted_ridge,2,7
no-interview-ft,23,noon,Student Internship,49.5,49.51209779710705,0.012097797107053054,rubric_assisted_ridge,70,79
no-interview-ft,24,MOZN,Data Science Intern,69.5,69.51039480530301,0.01039480530300807,rubric_assisted_ridge,2,5
no-interview-ft,25,Elm,Elm Co-op Training Program (March 2026 Intake),39.5,39.51683730908955,0.016837309089552832,rubric_assisted_ridge,101,141
no-interview-ft,26,Yasref,Yasref Cooperative Training Program,32.5,32.548954185797214,0.04895418579721422,rubric_assisted_ridge,163,163
no-interview-ft,27,"Saudi Standards, Metrology and Quality Organization (SASO)",Cooperative Training (Collaborative Training),39.5,39.52366071195049,0.02366071195049102,rubric_assisted_ridge,101,133
no-interview-ft,28,"Zakat, Tax and Customs Authority (ZATCA)",Binaa-Alkafaat Program,34.5,34.52269673160724,0.022696731607240395,rubric_assisted_ridge,156,160
no-interview-ft,29,Human Resources Development Fund (HRDF) – Cooperative Training Product,Cooperative Training (HRDF product),15.0,14.970133629945344,0.029866370054655533,rubric_assisted_ridge,172,173
no-interview-ft,30,EXPRO,COOP Training (Future Makers Program),39.5,39.514222650123344,0.014222650123343783,rubric_assisted_ridge,101,143
no-interview-ft,31,Ministry of Industry and Mineral Resources (MIM) – Cooperative Training Initiative,Cooperative Training Initiative,15.0,14.98342002809489,0.016579971905109403,rubric_assisted_ridge,172,172
no-interview-ft,32,TBC (The Beauty Company),Cooperative Training Program,34.5,34.51722921662209,0.017229216622091315,rubric_assisted_ridge,156,162
no-interview-ft,33,National Center for Vegetation Cover Development & Combating Desertification (NCVC),COOP Training Program,39.5,39.51398297593812,0.013982975938120035,rubric_assisted_ridge,101,146
no-interview-ft,34,Saudi Power Procurement Company (SPPC),Future Power – COOP Training Program,39.5,39.507432295146884,0.007432295146884371,rubric_assisted_ridge,101,150
no-interview-ft,35,TBC (Tatweer Building Company),Cooperative Training Program,39.5,39.52887884911235,0.02887884911235261,rubric_assisted_ridge,101,117
no-interview-ft,36,PwC Middle East (Assurance COOP & Summer Internship Programme 2026),"Assurance, COOP and Summer Internship Programme 2026 – Middle East",39.5,39.518811841799916,0.01881184179991635,rubric_assisted_ridge,101,138
no-interview-ft,37,KAPSARC,Intern (Coop- Trainee),53.5,53.51635699505703,0.016356995057030588,rubric_assisted_ridge,34,64
no-interview-ft,38,BSF (Banque Saudi Fransi),COOP / Internship,29.5,29.527907267587544,0.027907267587544027,rubric_assisted_ridge,165,171
no-interview-ft,39,Saudi Food & Drug Authority (SFDA),COOP training (First semester 2025-2026 intake),34.5,34.543101044607724,0.04310104460772379,rubric_assisted_ridge,156,156
no-interview-ft,40,Saudi Power Procurement Company (SPPC) – Future Power (Business Admin COOP),Future Power – Business Administration COOP Training Program,39.5,39.506874353410126,0.006874353410125877,rubric_assisted_ridge,101,151
no-interview-ft,41,Bank Albilad,Cooperative and Summer Training Program,53.5,53.525273191319165,0.025273191319165278,rubric_assisted_ridge,34,51
no-interview-ft,42,The Saudi National Bank (SNB),SNB Rowad Program,53.5,53.52205779490495,0.022057794904952743,rubric_assisted_ridge,34,57
no-interview-ft,43,National Cybersecurity Authority (NCA) – Academy,Cybersecurity training programs (academy),44.5,44.52896768393997,0.028967683939967515,rubric_assisted_ridge,88,88
no-interview-ft,44,PIF | Graduate Development Program,Graduate Development Program (GDP),59.5,59.48750512450826,0.012494875491739776,rubric_assisted_ridge,23,26
no-interview-ft,45,NEOM | GrOW (Graduates Opportunities in Work),GrOW (Graduates Opportunities in Work),36.0,36.02085105194446,0.020851051944461574,rubric_assisted_ridge,153,153
no-interview-ft,46,ROSHN | COOP Trainee Program,COOP Trainee Program,39.5,39.51412966120112,0.014129661201117472,rubric_assisted_ridge,101,144
no-interview-ft,47,Microsoft | Ru'aa Program (Riyadh),Ru'aa Program Internship (Solution Engineering),63.5,63.525004640365545,0.025004640365544617,rubric_assisted_ridge,10,18
no-interview-ft,48,Oracle | Business Development Intern (KSA market),Business Development Intern (KSA market),46.0,46.002129464577415,0.002129464577414808,rubric_assisted_ridge,86,87
no-interview-ft,49,SAP | Student Internship (Riyadh),Student Internship - Riyadh,49.5,49.52442396957634,0.024423969576339744,rubric_assisted_ridge,70,74
no-interview-ft,50,SAB (Saudi Awwal Bank) | Cooperative Training Programme (COOP),SAB Cooperative Training Programme (COOP),53.5,53.52159018044448,0.021590180444476914,rubric_assisted_ridge,34,58
no-interview-ft,51,Ministry of Finance (Saudi Arabia) | Cooperative Training Program,Cooperative Training Program,41.0,41.02018009579655,0.020180095796547448,rubric_assisted_ridge,94,94
no-interview-ft,52,Ministry of Industry and Mineral Resources | Cooperative Training,Cooperative Training Initiative,36.0,36.00220060433289,0.002200604332891487,rubric_assisted_ridge,153,155
no-interview-ft,53,King Fahd Causeway Authority | Internship Program,Internship Program,46.0,46.01714629722352,0.017146297223519014,rubric_assisted_ridge,86,86
no-interview-ft,54,Tawuniya | Tamheer Program (Fresh Graduates),Tamheer Program,42.5,42.52589480921793,0.02589480921793097,rubric_assisted_ridge,91,92
no-interview-ft,55,SAMA | SAMA Professional Program (SPP),SAMA Professional Program (SPP),41.0,40.99990029919509,9.970080490973032e-05,rubric_assisted_ridge,94,96
no-interview-ft,56,HRDF | Cooperative Training Product,Cooperative Training Product,36.0,36.004356380762346,0.00435638076234568,rubric_assisted_ridge,153,154
no-interview-ft,57,IBM,"Automation, Data & AI – Intern",65.0,65.02391357396074,0.023913573960740564,rubric_assisted_ridge,8,8
no-interview-ft,58,Unifonic,Internship (Unifonic),49.5,49.53474495428347,0.03474495428346813,rubric_assisted_ridge,70,72
no-interview-ft,59,Misk Foundation,Misk Traineeship / Internship Program,42.5,42.527515868654035,0.027515868654035103,rubric_assisted_ridge,91,91
no-interview-ft,60,Cisco,Cisco NetVersity (Saudi Arabia),37.5,37.5417462440317,0.041746244031699575,rubric_assisted_ridge,152,152
no-interview-ft,61,KAUST,Visiting Student Research Program (VSRP) Internship,53.5,53.53400468241706,0.03400468241706278,rubric_assisted_ridge,34,40
no-interview-ft,62,General Authority for Statistics (GASTAT),Cooperative Training Program,59.5,59.5148909486838,0.014890948683799365,rubric_assisted_ridge,23,25
no-interview-ft,63,Saudi Center for Opinion Polling (SCOP),Cooperative Training Program,59.5,59.51601633969558,0.01601633969558236,rubric_assisted_ridge,23,24
no-interview-ft,64,Al Rajhi Takaful,Cooperative Training Program,53.5,53.526742258476894,0.02674225847689371,rubric_assisted_ridge,34,49
no-interview-ft,65,Expenditure & Projects Efficiency Authority (EXPRO),Future Makers (صنّاع المستقبل) – Cooperative Training,39.5,39.53764694614112,0.037646946141123294,rubric_assisted_ridge,101,105
no-interview-ft,66,Ministry of Finance (Saudi Arabia),Cooperative Training Program (Ministry of Finance),39.5,39.540141062329056,0.0401410623290559,rubric_assisted_ridge,101,104
no-interview-ft,67,General Entertainment Authority (GEA),GEA Cooperative Training Program,39.5,39.537208333112446,0.03720833311244576,rubric_assisted_ridge,101,106
no-interview-ft,68,Banque Saudi Fransi (BSF),COOP Training,39.5,39.51879889232629,0.01879889232628784,rubric_assisted_ridge,101,139
no-interview-ft,69,Arab National Bank (ANB),COOP Trainee,53.5,53.52055079355921,0.020550793559209524,rubric_assisted_ridge,34,60
no-interview-ft,70,Tamara,Builders Program,53.5,53.534782362965906,0.03478236296590609,rubric_assisted_ridge,34,39
no-interview-ft,71,OmniOps,Co‑op Training Program,53.5,53.52697806427104,0.026978064271041546,rubric_assisted_ridge,34,48
no-interview-ft,72,Tatweer Educational Technologies (TETCO),Cooperative Training Program,53.5,53.52779130370366,0.027791303703658343,rubric_assisted_ridge,34,47
no-interview-ft,73,The Saudi Investment Bank (SAIB),Cooperative Program,53.5,53.53163679190164,0.03163679190164004,rubric_assisted_ridge,34,42
no-interview-ft,74,Saudi Awwal Bank (SAB),COOP Program,53.5,53.5285736320149,0.028573632014897044,rubric_assisted_ridge,34,45
no-interview-ft,75,Riyad Bank,Internships and Coop Trainings (CSR 2019),53.5,53.525716411709034,0.02571641170903405,rubric_assisted_ridge,34,50
no-interview-ft,76,Tabby,Intern DevOps Engineer,63.5,63.531583328191715,0.031583328191715054,rubric_assisted_ridge,10,16
no-interview-ft,77,Tabby,Intern Backend (GO) Engineer,69.5,69.52302171448491,0.02302171448491208,rubric_assisted_ridge,2,4
no-interview-ft,78,Tabby,Intern Frontend Engineer,63.5,63.53404758700354,0.034047587003541935,rubric_assisted_ridge,10,13
no-interview-ft,79,Tabby,Intern Data Engineer,69.5,69.53568189147192,0.03568189147192413,rubric_assisted_ridge,2,3
no-interview-ft,80,Tabby,No-Code / AI Agents Engineering Intern,63.5,63.534120062662595,0.03412006266259482,rubric_assisted_ridge,10,12
no-interview-ft,81,Bank Albilad,Cooperative Training Program,48.5,48.54246234865897,0.04246234865897236,rubric_assisted_ridge,82,84
no-interview-ft,82,Saudi Ground Services (SGS),COOP Program,29.5,29.53960824966677,0.039608249666770234,rubric_assisted_ridge,165,169
no-interview-ft,83,CEER,Cooperative Training Program (COOP),39.5,39.526975305043784,0.026975305043784203,rubric_assisted_ridge,101,122
no-interview-ft,84,Al Rajhi Takaful,Coop Training Program,53.5,53.5284284132379,0.028428413237897132,rubric_assisted_ridge,34,46
no-interview-ft,85,TAWAL,COOP Training Program,53.5,53.52487858184593,0.0248785818459325,rubric_assisted_ridge,34,52
no-interview-ft,86,Wakeb_Data,COOP Training,53.5,53.53375808573096,0.03375808573095895,rubric_assisted_ridge,34,41
no-interview-ft,87,Banque Saudi Fransi (BSF),Coop Training Program,39.5,39.520251129515174,0.020251129515173716,rubric_assisted_ridge,101,137
no-interview-ft,88,Tech Economy,COOP Training Program,39.5,39.53015475754878,0.030154757548778832,rubric_assisted_ridge,101,114
no-interview-ft,89,SAMI Advanced Electronics (SAMI-AEC),Coop Trainee,39.5,39.524578779220164,0.024578779220163938,rubric_assisted_ridge,101,131
no-interview-ft,90,NHC,COOP Trainee,34.5,34.53788684454524,0.03788684454524116,rubric_assisted_ridge,156,158
no-interview-ft,91,REMAT ADVANCED,Cooperative Training Program,39.5,39.531838400004936,0.03183840000493632,rubric_assisted_ridge,101,112
no-interview-ft,92,SDM,AI COOP,53.5,53.539954918310904,0.039954918310904475,rubric_assisted_ridge,34,35
no-interview-ft,93,HUED,HUED COOP Program 2026,53.5,53.52086577792853,0.020865777928527507,rubric_assisted_ridge,34,59
no-interview-ft,94,Araamis • أرامس,Araamis COOP Program 2026,53.5,53.522719877046995,0.022719877046995407,rubric_assisted_ridge,34,54
no-interview-ft,95,ARDARA,COOP Training for Students,39.5,39.52865554597976,0.028655545979759722,rubric_assisted_ridge,101,118
no-interview-ft,96,flynas,COOP Trainee / Internship Program,39.5,39.52953257629804,0.029532576298038293,rubric_assisted_ridge,101,115
no-interview-ft,97,Saudi Motorsport Company (SMC),COOP Trainee (IT Asset Project Management),43.5,43.534484707475286,0.034484707475286314,rubric_assisted_ridge,89,90
no-interview-ft,98,Saudi Motorsport Company (SMC),COOP Trainee (Supply Chain Excellence Associate),29.5,29.550505890241546,0.050505890241545615,rubric_assisted_ridge,165,166
no-interview-ft,99,Mobily,Cooperative Training Program,39.5,39.535662512132276,0.03566251213227645,rubric_assisted_ridge,101,107
no-interview-ft,100,Saudi Awwal Bank (SAB),Student Opportunities: Cooperative / Practical Training,53.5,53.535412469810225,0.03541246981022539,rubric_assisted_ridge,34,38
no-interview-ft,101,Alvarez & Marsal,COOP Training Program,39.5,39.52918714451677,0.029187144516768626,rubric_assisted_ridge,101,116
no-interview-ft,102,Visa,COOP Trainee (Jan 2026),39.5,39.52248958839361,0.02248958839361137,rubric_assisted_ridge,101,136
no-interview-ft,103,Zain KSA,Evolve Program (Fresh Graduates),39.5,39.525961388572924,0.025961388572923738,rubric_assisted_ridge,101,128
no-interview-ft,104,Zain KSA,Zain Pioneers Program,39.5,39.52651962406755,0.026519624067546488,rubric_assisted_ridge,101,124
no-interview-ft,105,Savvy Games Group,Cooperative Training Program (Co-op),39.5,39.526253622001235,0.026253622001235044,rubric_assisted_ridge,101,126
no-interview-ft,106,Bank AlJazira,Tamheer Program,53.5,53.51700388555292,0.017003885552917097,rubric_assisted_ridge,34,62
no-interview-ft,107,sirar by stc,Cooperative Training Program,53.5,53.516534413947625,0.01653441394762467,rubric_assisted_ridge,34,63
no-interview-ft,108,Gathern,Co-op Program,53.5,53.5182238925608,0.018223892560797594,rubric_assisted_ridge,34,61
no-interview-ft,109,Elm Company (شركة علم),Coop Training - Computer Science (Jan/Mar/Jun/Aug 2025 Intake),39.5,39.53029203371439,0.030292033714388822,rubric_assisted_ridge,101,113
no-interview-ft,110,Elm Company (شركة علم),Co-Op Training - Information Technology (Jun & Aug 2025 Intake),39.5,39.52740214944271,0.02740214944270747,rubric_assisted_ridge,101,120
no-interview-ft,111,EJADA,COOP Administration & Support Engineer,39.5,39.5284070548517,0.02840705485169792,rubric_assisted_ridge,101,119
no-interview-ft,112,Emdad By Elm,Network Cooperative Training (Network Intern),29.5,29.55412662744601,0.054126627446009934,rubric_assisted_ridge,165,165
no-interview-ft,113,AILA,Co-op Training Programme,53.5,53.53939962605003,0.03939962605002734,rubric_assisted_ridge,34,36
no-interview-ft,114,Foodics,Foodics 360 Internship Program,49.5,49.534840732865206,0.03484073286520584,rubric_assisted_ridge,70,71
no-interview-ft,115,Salla,برنامج التدريب التعاوني (Coop Training) – Salla,29.5,29.53506156503459,0.03506156503458868,rubric_assisted_ridge,165,170
no-interview-ft,116,Lucidya,Technical Internship or Coop – Lucidya,43.5,43.549344241859906,0.049344241859905935,rubric_assisted_ridge,89,89
no-interview-ft,117,Diriyah Company,Diriyah Co-op Training Program,39.5,39.5321322096533,0.032132209653298105,rubric_assisted_ridge,101,111
no-interview-ft,118,Riyadh Air,Co-op – Riyadh Air,39.5,39.52710628086086,0.027106280860863308,rubric_assisted_ridge,101,121
no-interview-ft,119,Jahez Group,Jahez Internship Program (as described in Sustainability Report),49.5,49.53167460155607,0.031674601556069604,rubric_assisted_ridge,70,73
no-interview-ft,120,Lumi | لومي,COOP Intern 2025 – Lumi,39.5,39.53429226166437,0.03429226166436905,rubric_assisted_ridge,101,108
no-interview-ft,121,webook.com,COOP Trainee Opportunities – webook.com,39.5,39.52615872967108,0.02615872967108146,rubric_assisted_ridge,101,127
no-interview-ft,122,moneymoon,Tech & AI Co-op Program 2025,53.5,53.542861219894235,0.04286121989423464,rubric_assisted_ridge,34,34
no-interview-ft,123,EjadTech - إيجاد التقنية,"Summer Internship Program 2025 (Computer, Data, and AI Majors)",65.0,65.00589302896186,0.005893028961864388,rubric_assisted_ridge,8,9
no-interview-ft,124,InnovationTeam,Java Microservices Internship Programme (Saudi Nationals),71.0,70.9960978657892,0.00390213421080432,rubric_assisted_ridge,1,1
no-interview-ft,125,Tamkeen Technologies,On the Job Training (Internship Program) — Technology field,49.5,49.53747446184998,0.03747446184998182,rubric_assisted_ridge,70,70
no-interview-ft,126,Trendyol Group,Trendyol Tech Talent - Bootcamp & COOP Internship Program (Saudi Students Only),41.0,41.00742200688875,0.007422006888752719,rubric_assisted_ridge,94,95
no-interview-ft,127,Ninja نينجا,COOP Training Program,41.0,40.99464120376352,0.0053587962364787245,rubric_assisted_ridge,94,98
no-interview-ft,128,SCAI | سكاي,CO-OP Training Opportunities (Intern),53.5,53.53141754561123,0.03141754561122667,rubric_assisted_ridge,34,43
no-interview-ft,129,WalaPlus,Coop & Tamheer Opportunities,39.5,39.518131406797764,0.018131406797763816,rubric_assisted_ridge,101,140
no-interview-ft,130,Aon,IT Co-op Trainee 2026,39.5,39.51276658719742,0.012766587197418744,rubric_assisted_ridge,101,147
no-interview-ft,131,Hewlett Packard Enterprise (HPE),College Intern (Coop),39.5,39.51410495678461,0.01410495678460677,rubric_assisted_ridge,101,145
no-interview-ft,132,Signify,KSA Coop Internship Program,39.5,39.512634485259426,0.012634485259425787,rubric_assisted_ridge,101,148
no-interview-ft,133,Help AG (e& enterprise),Cybersecurity Intern,49.5,49.50784053168161,0.007840531681608809,rubric_assisted_ridge,70,81
no-interview-ft,134,TrendAI (Trend Micro),CyberGATE Internship Program,49.5,49.51899982531975,0.018999825319752972,rubric_assisted_ridge,70,76
no-interview-ft,135,Golf Saudi,IT Co-op Trainee,53.5,53.51522945371315,0.015229453713146768,rubric_assisted_ridge,34,65
no-interview-ft,136,Siemens Healthineers,Healthineers Early Talent Program – IT (Riyadh),49.5,49.512771838886415,0.01277183888641531,rubric_assisted_ridge,70,78
no-interview-ft,137,1957 Ventures,Internship / Co-Op Program,53.5,53.51396694736149,0.013966947361488735,rubric_assisted_ridge,34,67
no-interview-ft,138,Nokia,Graduate Trainee (Saudi Arabia) – Fledgers Program,53.5,53.522518230349625,0.022518230349625412,rubric_assisted_ridge,34,56
no-interview-ft,139,Ericsson,Summer Interns (Ericsson Saudi),63.5,63.50911374416154,0.009113744161538762,rubric_assisted_ridge,10,22
no-interview-ft,140,Bosch Middle East,Software Development Intern (AI/Cloud),63.5,63.523203005705824,0.023203005705823898,rubric_assisted_ridge,10,20
no-interview-ft,141,Saudi Payments | المدفوعات السعودية,COOP Training – August 2024,53.5,53.51496779966254,0.014967799662542802,rubric_assisted_ridge,34,66
no-interview-ft,142,Saudi Tadawul Group | تداول,Cooperative Training Program (COOP),53.5,53.52398015466841,0.02398015466840775,rubric_assisted_ridge,34,53
no-interview-ft,143,Lean Technologies,Software Engineering Intern – KSA,69.5,69.49497274903572,0.005027250964275254,rubric_assisted_ridge,2,6
no-interview-ft,144,Mirai (Scopely) | مِراي,AI Engineering Intern (GenAI),63.5,63.53256528090293,0.03256528090292932,rubric_assisted_ridge,10,15
no-interview-ft,145,HungerStation | هنقرستيشن,"Co-OP Trainee, Data Analysis – Info Sec",59.5,59.520672219732084,0.02067221973208433,rubric_assisted_ridge,23,23
no-interview-ft,146,NCGR | المركز الوطني لنظم الموارد الحكومية,Coop Training Program,39.5,39.522717355044534,0.022717355044534315,rubric_assisted_ridge,101,135
no-interview-ft,147,nybl,nybl Graduate Programme – Saudi Nationals (AI Bootcamp),53.5,53.504549670946,0.00454967094599823,rubric_assisted_ridge,34,68
no-interview-ft,148,Procter & Gamble (P&G),P&G LEADgen Internship Program 2026 (Riyadh),49.5,49.51206286399842,0.012062863998423268,rubric_assisted_ridge,70,80
no-interview-ft,149,New Murabba | المربع الجديد,New Murabba Co-op Training Program,39.5,39.52427406734116,0.024274067341160332,rubric_assisted_ridge,101,132
no-interview-ft,150,Boeing Saudi Arabia Limited,Intern - Info Technology & Data Analytics (Riyadh),63.5,63.5352202946853,0.03522029468530263,rubric_assisted_ridge,10,11
no-interview-ft,151,Motorola Solutions,Deployment Engineer Intern (KSA National - Tamheer Program),39.5,39.526947275115845,0.026947275115844604,rubric_assisted_ridge,101,123
no-interview-ft,152,Schneider Electric,Co-op Intern (Engineering) - Al Khobar (Jan–Aug 2026),29.5,29.550304833339993,0.05030483333999314,rubric_assisted_ridge,165,167
no-interview-ft,153,Lockheed Martin,Tamheer Space Internship (Riyadh),39.5,39.526502828251665,0.026502828251665278,rubric_assisted_ridge,101,125
no-interview-ft,154,Markaba | مركبة,Start-up Software Intern – TAMHEER (Saudi nationals only),55.0,55.0083384144152,0.008338414415199225,rubric_assisted_ridge,29,30
no-interview-ft,155,Laverne Group | مجموعة لافيرن,Data Analyst / Data Engineer Intern (IT Department),69.5,69.53597136145757,0.03597136145756963,rubric_assisted_ridge,2,2
no-interview-ft,156,Meel | ميل,"Software Developer Internship (Remote, min 2 months)",58.5,58.53389743195936,0.03389743195936035,rubric_assisted_ridge,27,28
no-interview-ft,157,Nahdi Medical Co.,IT Internship / COOP Program (6 months),34.5,34.541101015247236,0.04110101524723575,rubric_assisted_ridge,156,157
no-interview-ft,158,SMART Technology Solutions | سمارت لحلول التقنية,R&D Intern (Riyadh),63.5,63.532630052337154,0.032630052337154325,rubric_assisted_ridge,10,14
no-interview-ft,159,Knodemy Inc.,AI Developer & Tech Trainer Intern - Riyadh,63.5,63.541775147499166,0.04177514749916611,rubric_assisted_ridge,10,10
no-interview-ft,160,Water Transmission Company | شركة نقل المياه,Tamheer Internship Program (HRIS / Engineering & PM - Riyadh),53.5,53.530239071264255,0.030239071264254846,rubric_assisted_ridge,34,44
no-interview-ft,161,AFNOYS,"AI Automation Intern - KSA (Remote, 4 weeks)",58.5,58.53648905266392,0.03648905266391722,rubric_assisted_ridge,27,27
no-interview-ft,162,SAS,CareerStart@SAS 2026 - Presales Customer Intelligence Intern (Riyadh),63.5,63.52259666028533,0.022596660285330472,rubric_assisted_ridge,10,21
no-interview-ft,163,Devoteam,Trainee - Future Leaders Program (Co-op/Fresh Graduate),55.0,55.02223090901806,0.022230909018063016,rubric_assisted_ridge,29,29
no-interview-ft,164,ضالتي Dhallaty,Tech Intern: Fresh Grad or Student,63.5,63.52522194625886,0.025221946258859873,rubric_assisted_ridge,10,17
no-interview-ft,165,Innovative Solutions SA,Presales - Tamheer,41.0,40.999051814692855,0.0009481853071449109,rubric_assisted_ridge,94,97
no-interview-ft,166,HUMAIN,Tamheer Program (Software Engineer / Cybersecurity / MIS),55.0,54.99006691673496,0.0099330832650395,rubric_assisted_ridge,29,31
no-interview-ft,167,TAM | تام,"Tamheer Opportunity, Advisory",41.0,40.92357432911875,0.07642567088124963,rubric_assisted_ridge,94,100
no-interview-ft,168,هيئة التأمين | Insurance Authority,Tamheer Opportunity - Specialist of Information Security,41.0,40.988520562784394,0.011479437215605515,rubric_assisted_ridge,94,99
no-interview-ft,169,Snbla | سنبله,Paid Internship Program (FinTech),63.5,63.52357423846505,0.023574238465052133,rubric_assisted_ridge,10,19
no-interview-ft,170,2P Perfect Presentation,Data Analyst (Tamheer),55.0,54.97693736106591,0.02306263893409266,rubric_assisted_ridge,29,33
no-interview-ft,171,Infosys,Summer Intern (Infosys InStep ’26 – Bangalore),42.5,42.52280303051554,0.02280303051554,rubric_assisted_ridge,91,93
no-interview-ft,172,شركة الخدمات المدارة | Managed Services Company,Intern Cybersecurity Engineer,51.0,51.00966382189025,0.009663821890249835,rubric_assisted_ridge,69,69
no-interview-ft,173,Abunayyan Holding,Data Analyst (Tamheer),55.0,54.98065846259868,0.019341537401317055,rubric_assisted_ridge,29,32
qual-ielts-intern,1,Saudi Aramco,University Internship Program (UIP),44.0,43.990879273525046,0.00912072647495421,rubric_assisted_ridge,134,156
qual-ielts-intern,2,SABIC,COOP Training Program,47.0,46.984616539582085,0.015383460417915273,rubric_assisted_ridge,127,129
qual-ielts-intern,3,stc (Saudi Telecom Company),Cooperative Training Program (COOP),44.0,44.02436824844218,0.024368248442179663,rubric_assisted_ridge,134,134
qual-ielts-intern,4,Saudi National Bank (SNB),SNB Cooperative Training Program,53.67,53.67091426588567,0.0009142658856688968,rubric_assisted_ridge,58,59
qual-ielts-intern,5,Al Rajhi Bank,Cooperative Training Program,53.67,53.67162686743767,0.0016268674376718195,rubric_assisted_ridge,58,58
qual-ielts-intern,6,Capital Market Authority (CMA),COOP Program,48.67,48.67804549357335,0.008045493573348494,rubric_assisted_ridge,96,105
qual-ielts-intern,7,Digital Government Authority (DGA),Maidan Cooperative Training Program,44.0,44.00611904618475,0.006119046184750232,rubric_assisted_ridge,134,140
qual-ielts-intern,8,KPMG Saudi Arabia,COOP & Internship Programs,49.0,48.97155070313292,0.02844929686708042,rubric_assisted_ridge,89,92
qual-ielts-intern,9,PwC Middle East,"Deals, COOP and Summer Internship Programme (2026)",48.5,48.498057691557754,0.0019423084422456327,rubric_assisted_ridge,109,118
qual-ielts-intern,10,Deloitte Middle East (KSA),Jusoor Al Sharqiyah Internship Program,58.5,58.49125815583493,0.00874184416507262,rubric_assisted_ridge,30,35
qual-ielts-intern,11,Bank Albilad,Cooperative & Summer Training Program,58.17,58.16715582450521,0.002844175494793433,rubric_assisted_ridge,39,39
qual-ielts-intern,12,Tamara,Tamara Builders Program,53.17,53.192489984720886,0.022489984720884593,rubric_assisted_ridge,62,65
qual-ielts-intern,13,Bupa Arabia,Cooperative Training Program,44.0,43.999099134653335,0.000900865346665114,rubric_assisted_ridge,134,151
qual-ielts-intern,14,Saudi Exports (Saudi Export Development Authority),COOP & Summer Training (FAQ-confirmed),49.0,48.96371513850989,0.03628486149010968,rubric_assisted_ridge,89,94
qual-ielts-intern,15,Local Content and Government Procurement Authority (LCGPA),COOP Training (role posting),44.0,43.98244621127824,0.017553788721762942,rubric_assisted_ridge,134,164
qual-ielts-intern,16,McKinsey & Company (Maqdira),Maqdira Fellowship Program,48.5,48.51481102355293,0.01481102355293018,rubric_assisted_ridge,109,109
qual-ielts-intern,17,Boston Consulting Group (BCG),Visiting Associate Internship (Riyadh),44.0,43.9988349336172,0.0011650663827964536,rubric_assisted_ridge,134,153
qual-ielts-intern,18,Bain & Company,COOP Training Program (Riyadh),44.0,43.99027015888794,0.009729841112061877,rubric_assisted_ridge,134,157
qual-ielts-intern,19,Amazon Web Services (AWS),IT/Computer Hardware Internship (Intern-to-FTE Pathway),58.5,58.49588836877448,0.0041116312255198295,rubric_assisted_ridge,30,32
qual-ielts-intern,20,Amazon Web Services (AWS) - Associate Solutions Architect Intern,Associate Solutions Architect Intern (2026),58.5,58.494045690565436,0.005954309434564209,rubric_assisted_ridge,30,34
qual-ielts-intern,21,Google (Saudi Arabia),Google Careers (Saudi location filter),47.0,47.01153885103409,0.011538851034089248,rubric_assisted_ridge,127,127
qual-ielts-intern,22,BlackRock,Client & Product Summer Internship Programme (EMEA) - includes Riyadh,65.17,65.15539042508135,0.014609574918651447,rubric_assisted_ridge,2,7
qual-ielts-intern,23,noon,Student Internship,54.0,53.9855655928305,0.01443440716950306,rubric_assisted_ridge,52,54
qual-ielts-intern,24,MOZN,Data Science Intern,51.17,51.20629781965522,0.03629781965521772,rubric_assisted_ridge,81,81
qual-ielts-intern,25,Elm,Elm Co-op Training Program (March 2026 Intake),44.0,43.99022646069175,0.009773539308248758,rubric_assisted_ridge,134,158
qual-ielts-intern,26,Yasref,Yasref Cooperative Training Program,51.5,51.4929342675589,0.00706573244109876,rubric_assisted_ridge,79,80
qual-ielts-intern,27,"Saudi Standards, Metrology and Quality Organization (SASO)",Cooperative Training (Collaborative Training),48.5,48.497938056661575,0.002061943338425465,rubric_assisted_ridge,109,119
qual-ielts-intern,28,"Zakat, Tax and Customs Authority (ZATCA)",Binaa-Alkafaat Program,49.0,48.96692843651398,0.03307156348601836,rubric_assisted_ridge,89,93
qual-ielts-intern,29,Human Resources Development Fund (HRDF) – Cooperative Training Product,Cooperative Training (HRDF product),10.5,10.469623457432476,0.030376542567523757,rubric_assisted_ridge,172,173
qual-ielts-intern,30,EXPRO,COOP Training (Future Makers Program),44.0,43.988113264774384,0.011886735225616007,rubric_assisted_ridge,134,161
qual-ielts-intern,31,Ministry of Industry and Mineral Resources (MIM) – Cooperative Training Initiative,Cooperative Training Initiative,10.5,10.483518284726706,0.016481715273293673,rubric_assisted_ridge,172,172
qual-ielts-intern,32,TBC (The Beauty Company),Cooperative Training Program,49.0,48.96129819533641,0.038701804663588746,rubric_assisted_ridge,89,95
qual-ielts-intern,33,National Center for Vegetation Cover Development & Combating Desertification (NCVC),COOP Training Program,44.0,43.9883046591682,0.011695340831799683,rubric_assisted_ridge,134,160
qual-ielts-intern,34,Saudi Power Procurement Company (SPPC),Future Power – COOP Training Program,44.0,43.98264302465974,0.017356975340263148,rubric_assisted_ridge,134,163
qual-ielts-intern,35,TBC (Tatweer Building Company),Cooperative Training Program,50.67,50.658554684141514,0.011445315858487959,rubric_assisted_ridge,82,82
qual-ielts-intern,36,PwC Middle East (Assurance COOP & Summer Internship Programme 2026),"Assurance, COOP and Summer Internship Programme 2026 – Middle East",55.17,55.149504086325166,0.02049591367483572,rubric_assisted_ridge,47,50
qual-ielts-intern,37,KAPSARC,Intern (Coop- Trainee),53.17,53.172679755163664,0.0026797551636619232,rubric_assisted_ridge,62,75
qual-ielts-intern,38,BSF (Banque Saudi Fransi),COOP / Internship,54.0,53.94292443094959,0.057075569050411445,rubric_assisted_ridge,52,57
qual-ielts-intern,39,Saudi Food & Drug Authority (SFDA),COOP training (First semester 2025-2026 intake),49.0,48.988091576426385,0.011908423573615323,rubric_assisted_ridge,89,90
qual-ielts-intern,40,Saudi Power Procurement Company (SPPC) – Future Power (Business Admin COOP),Future Power – Business Administration COOP Training Program,44.0,43.98284780147037,0.01715219852962946,rubric_assisted_ridge,134,162
qual-ielts-intern,41,Bank Albilad,Cooperative and Summer Training Program,48.67,48.682008301734655,0.01200830173465306,rubric_assisted_ridge,96,102
qual-ielts-intern,42,The Saudi National Bank (SNB),SNB Rowad Program,48.67,48.67776832190262,0.007768321902617004,rubric_assisted_ridge,96,106
qual-ielts-intern,43,National Cybersecurity Authority (NCA) – Academy,Cybersecurity training programs (academy),49.0,49.00329540593582,0.0032954059358232257,rubric_assisted_ridge,89,89
qual-ielts-intern,44,PIF | Graduate Development Program,Graduate Development Program (GDP),61.83,61.807158306775285,0.022841693224712856,rubric_assisted_ridge,19,19
qual-ielts-intern,45,NEOM | GrOW (Graduates Opportunities in Work),GrOW (Graduates Opportunities in Work),50.0,49.98452106070124,0.015478939298759542,rubric_assisted_ridge,84,84
qual-ielts-intern,46,ROSHN | COOP Trainee Program,COOP Trainee Program,44.0,43.9887561258645,0.011243874135502097,rubric_assisted_ridge,134,159
qual-ielts-intern,47,Microsoft | Ru'aa Program (Riyadh),Ru'aa Program Internship (Solution Engineering),63.17,63.18241438596319,0.01241438596319,rubric_assisted_ridge,9,15
qual-ielts-intern,48,Oracle | Business Development Intern (KSA market),Business Development Intern (KSA market),55.5,55.46675390034154,0.033246099658462924,rubric_assisted_ridge,46,46
qual-ielts-intern,49,SAP | Student Internship (Riyadh),Student Internship - Riyadh,54.0,53.998425593643226,0.0015744063567737498,rubric_assisted_ridge,52,53
qual-ielts-intern,50,SAB (Saudi Awwal Bank) | Cooperative Training Programme (COOP),SAB Cooperative Training Programme (COOP),48.67,48.67805677838942,0.008056778389416763,rubric_assisted_ridge,96,104
qual-ielts-intern,51,Ministry of Finance (Saudi Arabia) | Cooperative Training Program,Cooperative Training Program,40.5,40.5128909148607,0.012890914860697933,rubric_assisted_ridge,165,165
qual-ielts-intern,52,Ministry of Industry and Mineral Resources | Cooperative Training,Cooperative Training Initiative,45.5,45.46600223944141,0.033997760558591494,rubric_assisted_ridge,131,132
qual-ielts-intern,53,King Fahd Causeway Authority | Internship Program,Internship Program,60.0,59.98015006405193,0.019849935948073494,rubric_assisted_ridge,24,24
qual-ielts-intern,54,Tawuniya | Tamheer Program (Fresh Graduates),Tamheer Program,51.5,51.500667364787944,0.0006673647879438249,rubric_assisted_ridge,79,79
qual-ielts-intern,55,SAMA | SAMA Professional Program (SPP),SAMA Professional Program (SPP),40.5,40.49406366162935,0.00593633837065255,rubric_assisted_ridge,165,166
qual-ielts-intern,56,HRDF | Cooperative Training Product,Cooperative Training Product,45.5,45.46813171943354,0.03186828056645652,rubric_assisted_ridge,131,131
qual-ielts-intern,57,IBM,"Automation, Data & AI – Intern",59.67,59.699454923453004,0.02945492345300238,rubric_assisted_ridge,27,27
qual-ielts-intern,58,Unifonic,Internship (Unifonic),58.5,58.50833708907321,0.008337089073208404,rubric_assisted_ridge,30,31
qual-ielts-intern,59,Misk Foundation,Misk Traineeship / Internship Program,47.0,47.00190632069028,0.0019063206902814045,rubric_assisted_ridge,127,128
qual-ielts-intern,60,Cisco,Cisco NetVersity (Saudi Arabia),56.5,56.48606993291246,0.013930067087542852,rubric_assisted_ridge,41,41
qual-ielts-intern,61,KAUST,Visiting Student Research Program (VSRP) Internship,58.67,58.66023223464832,0.009767765351682556,rubric_assisted_ridge,29,29
qual-ielts-intern,62,General Authority for Statistics (GASTAT),Cooperative Training Program,55.17,55.17813377108422,0.008133771084217756,rubric_assisted_ridge,47,49
qual-ielts-intern,63,Saudi Center for Opinion Polling (SCOP),Cooperative Training Program,55.17,55.179548305446104,0.009548305446102745,rubric_assisted_ridge,47,48
qual-ielts-intern,64,Al Rajhi Takaful,Cooperative Training Program,48.67,48.684205163338376,0.014205163338374405,rubric_assisted_ridge,96,101
qual-ielts-intern,65,Expenditure & Projects Efficiency Authority (EXPRO),Future Makers (صنّاع المستقبل) – Cooperative Training,44.0,44.01171316852024,0.011713168520238071,rubric_assisted_ridge,134,136
qual-ielts-intern,66,Ministry of Finance (Saudi Arabia),Cooperative Training Program (Ministry of Finance),44.0,44.01413517348389,0.014135173483893482,rubric_assisted_ridge,134,135
qual-ielts-intern,67,General Entertainment Authority (GEA),GEA Cooperative Training Program,44.0,44.0111994385982,0.011199438598197275,rubric_assisted_ridge,134,137
qual-ielts-intern,68,Banque Saudi Fransi (BSF),COOP Training,44.0,43.9933556226192,0.006644377380801814,rubric_assisted_ridge,134,155
qual-ielts-intern,69,Arab National Bank (ANB),COOP Trainee,48.67,48.675838825868404,0.005838825868401898,rubric_assisted_ridge,96,107
qual-ielts-intern,70,Tamara,Builders Program,48.67,48.68972164671571,0.019721646715709085,rubric_assisted_ridge,96,97
qual-ielts-intern,71,OmniOps,Co‑op Training Program,53.17,53.182683003117454,0.012683003117452074,rubric_assisted_ridge,62,68
qual-ielts-intern,72,Tatweer Educational Technologies (TETCO),Cooperative Training Program,53.17,53.18371365167821,0.01371365167820926,rubric_assisted_ridge,62,67
qual-ielts-intern,73,The Saudi Investment Bank (SAIB),Cooperative Program,48.67,48.68778847844374,0.017788478443740985,rubric_assisted_ridge,96,98
qual-ielts-intern,74,Saudi Awwal Bank (SAB),COOP Program,48.67,48.68441287261286,0.014412872612858507,rubric_assisted_ridge,96,100
qual-ielts-intern,75,Riyad Bank,Internships and Coop Trainings (CSR 2019),48.67,48.68100053576217,0.011000535762171637,rubric_assisted_ridge,96,103
qual-ielts-intern,76,Tabby,Intern DevOps Engineer,63.17,63.192626080136066,0.02262608013606382,rubric_assisted_ridge,9,10
qual-ielts-intern,77,Tabby,Intern Backend (GO) Engineer,65.17,65.19057640722882,0.02057640722881615,rubric_assisted_ridge,2,4
qual-ielts-intern,78,Tabby,Intern Frontend Engineer,63.17,63.19051065906929,0.02051065906928784,rubric_assisted_ridge,9,13
qual-ielts-intern,79,Tabby,Intern Data Engineer,65.17,65.19881623701791,0.028816237017906587,rubric_assisted_ridge,2,2
qual-ielts-intern,80,Tabby,No-Code / AI Agents Engineering Intern,63.17,63.19154451674977,0.021544516749770537,rubric_assisted_ridge,9,12
qual-ielts-intern,81,Bank Albilad,Cooperative Training Program,53.67,53.66927358356116,0.0007264164388445238,rubric_assisted_ridge,58,60
qual-ielts-intern,82,Saudi Ground Services (SGS),COOP Program,54.0,53.95478225926454,0.0452177407354597,rubric_assisted_ridge,52,56
qual-ielts-intern,83,CEER,Cooperative Training Program (COOP),44.0,44.000515533505414,0.0005155335054141119,rubric_assisted_ridge,134,147
qual-ielts-intern,84,Al Rajhi Takaful,Coop Training Program,48.67,48.68560250064377,0.015602500643765893,rubric_assisted_ridge,96,99
qual-ielts-intern,85,TAWAL,COOP Training Program,53.17,53.18106009329015,0.011060093290147677,rubric_assisted_ridge,62,69
qual-ielts-intern,86,Wakeb_Data,COOP Training,59.83,59.845108722182175,0.015108722182176848,rubric_assisted_ridge,25,25
qual-ielts-intern,87,Banque Saudi Fransi (BSF),Coop Training Program,44.0,43.99443182255603,0.005568177443969091,rubric_assisted_ridge,134,154
qual-ielts-intern,88,Tech Economy,COOP Training Program,44.0,44.00407627652844,0.004076276528437006,rubric_assisted_ridge,134,142
qual-ielts-intern,89,SAMI Advanced Electronics (SAMI-AEC),Coop Trainee,44.0,43.99902145492689,0.0009785450731101264,rubric_assisted_ridge,134,152
qual-ielts-intern,90,NHC,COOP Trainee,49.0,48.98159121014529,0.018408789854710506,rubric_assisted_ridge,89,91
qual-ielts-intern,91,REMAT ADVANCED,Cooperative Training Program,48.5,48.506009967858105,0.0060099678581053695,rubric_assisted_ridge,109,110
qual-ielts-intern,92,SDM,AI COOP,53.17,53.19649344378974,0.0264934437897395,rubric_assisted_ridge,62,64
qual-ielts-intern,93,HUED,HUED COOP Program 2026,53.17,53.17708064794779,0.007080647947788066,rubric_assisted_ridge,62,72
qual-ielts-intern,94,Araamis • أرامس,Araamis COOP Program 2026,53.17,53.17863962388091,0.008639623880910108,rubric_assisted_ridge,62,71
qual-ielts-intern,95,ARDARA,COOP Training for Students,44.0,44.0024025294315,0.002402529431499545,rubric_assisted_ridge,134,145
qual-ielts-intern,96,flynas,COOP Trainee / Internship Program,48.5,48.50337305062214,0.0033730506221374412,rubric_assisted_ridge,109,112
qual-ielts-intern,97,Saudi Motorsport Company (SMC),COOP Trainee (IT Asset Project Management),69.83,69.78748018019611,0.04251981980388564,rubric_assisted_ridge,1,1
qual-ielts-intern,98,Saudi Motorsport Company (SMC),COOP Trainee (Supply Chain Excellence Associate),65.17,65.12132310934135,0.04867689065865477,rubric_assisted_ridge,2,8
qual-ielts-intern,99,Mobily,Cooperative Training Program,44.0,44.00840755068265,0.00840755068264798,rubric_assisted_ridge,134,138
qual-ielts-intern,100,Saudi Awwal Bank (SAB),Student Opportunities: Cooperative / Practical Training,48.67,48.691285850402906,0.021285850402904316,rubric_assisted_ridge,96,96
qual-ielts-intern,101,Alvarez & Marsal,COOP Training Program,44.0,44.002666662360774,0.0026666623607738416,rubric_assisted_ridge,134,144
qual-ielts-intern,102,Visa,COOP Trainee (Jan 2026),50.67,50.65283048962761,0.017169510372390562,rubric_assisted_ridge,82,83
qual-ielts-intern,103,Zain KSA,Evolve Program (Fresh Graduates),44.0,44.000151711714125,0.00015171171412475815,rubric_assisted_ridge,134,150
qual-ielts-intern,104,Zain KSA,Zain Pioneers Program,48.5,48.500555419757355,0.0005554197573545139,rubric_assisted_ridge,109,115
qual-ielts-intern,105,Savvy Games Group,Cooperative Training Program (Co-op),44.0,44.00035872821476,0.0003587282147634596,rubric_assisted_ridge,134,149
qual-ielts-intern,106,Bank AlJazira,Tamheer Program,48.67,48.674143315068456,0.004143315068454001,rubric_assisted_ridge,96,108
qual-ielts-intern,107,sirar by stc,Cooperative Training Program,53.17,53.173303365058324,0.003303365058322072,rubric_assisted_ridge,62,74
qual-ielts-intern,108,Gathern,Co-op Program,53.17,53.17507538460535,0.005075384605348177,rubric_assisted_ridge,62,73
qual-ielts-intern,109,Elm Company (شركة علم),Coop Training - Computer Science (Jan/Mar/Jun/Aug 2025 Intake),48.5,48.50430306255528,0.004303062555280235,rubric_assisted_ridge,109,111
qual-ielts-intern,110,Elm Company (شركة علم),Co-Op Training - Information Technology (Jun & Aug 2025 Intake),48.5,48.50162969698894,0.0016296969889424417,rubric_assisted_ridge,109,113
qual-ielts-intern,111,EJADA,COOP Administration & Support Engineer,44.0,44.00305001513224,0.0030500151322385705,rubric_assisted_ridge,134,143
qual-ielts-intern,112,Emdad By Elm,Network Cooperative Training (Network Intern),58.5,58.469251488174635,0.0307485118253652,rubric_assisted_ridge,30,38
qual-ielts-intern,113,AILA,Co-op Training Programme,53.17,53.199678057006835,0.02967805700683357,rubric_assisted_ridge,62,63
qual-ielts-intern,114,Foodics,Foodics 360 Internship Program,58.5,58.508891844573405,0.008891844573405194,rubric_assisted_ridge,30,30
qual-ielts-intern,115,Salla,برنامج التدريب التعاوني (Coop Training) – Salla,48.5,48.47940380325773,0.02059619674226809,rubric_assisted_ridge,109,126
qual-ielts-intern,116,Lucidya,Technical Internship or Coop – Lucidya,63.17,63.14600962084123,0.023990379158775,rubric_assisted_ridge,9,18
qual-ielts-intern,117,Diriyah Company,Diriyah Co-op Training Program,44.0,44.00567526626462,0.005675266264617562,rubric_assisted_ridge,134,141
qual-ielts-intern,118,Riyadh Air,Co-op – Riyadh Air,44.0,44.00133976488392,0.001339764883923067,rubric_assisted_ridge,134,146
qual-ielts-intern,119,Jahez Group,Jahez Internship Program (as described in Sustainability Report),54.0,54.00593687902502,0.005936879025021824,rubric_assisted_ridge,52,52
qual-ielts-intern,120,Lumi | لومي,COOP Intern 2025 – Lumi,44.0,44.00797182423299,0.007971824232988922,rubric_assisted_ridge,134,139
qual-ielts-intern,121,webook.com,COOP Trainee Opportunities – webook.com,44.0,44.000390644756855,0.0003906447568553517,rubric_assisted_ridge,134,148
qual-ielts-intern,122,moneymoon,Tech & AI Co-op Program 2025,53.17,53.199909534981174,0.029909534981172214,rubric_assisted_ridge,62,62
qual-ielts-intern,123,EjadTech - إيجاد التقنية,"Summer Internship Program 2025 (Computer, Data, and AI Majors)",59.67,59.68197976663933,0.011979766639328204,rubric_assisted_ridge,27,28
qual-ielts-intern,124,InnovationTeam,Java Microservices Internship Programme (Saudi Nationals),61.67,61.67968133432483,0.009681334324831425,rubric_assisted_ridge,20,23
qual-ielts-intern,125,Tamkeen Technologies,On the Job Training (Internship Program) — Technology field,65.17,65.1675784106497,0.002421589350305453,rubric_assisted_ridge,2,5
qual-ielts-intern,126,Trendyol Group,Trendyol Tech Talent - Bootcamp & COOP Internship Program (Saudi Students Only),45.0,45.00160861631977,0.0016086163197712722,rubric_assisted_ridge,133,133
qual-ielts-intern,127,Ninja نينجا,COOP Training Program,51.67,51.64449429172499,0.02550570827501275,rubric_assisted_ridge,78,78
qual-ielts-intern,128,SCAI | سكاي,CO-OP Training Opportunities (Intern),53.17,53.18800854029394,0.018008540293941167,rubric_assisted_ridge,62,66
qual-ielts-intern,129,WalaPlus,Coop & Tamheer Opportunities,48.5,48.492944170621264,0.007055829378735723,rubric_assisted_ridge,109,122
qual-ielts-intern,130,Aon,IT Co-op Trainee 2026,48.5,48.487742602116775,0.012257397883224996,rubric_assisted_ridge,109,124
qual-ielts-intern,131,Hewlett Packard Enterprise (HPE),College Intern (Coop),48.5,48.48885222898622,0.011147771013781949,rubric_assisted_ridge,109,123
qual-ielts-intern,132,Signify,KSA Coop Internship Program,48.5,48.48752145950056,0.012478540499436974,rubric_assisted_ridge,109,125
qual-ielts-intern,133,Help AG (e& enterprise),Cybersecurity Intern,54.0,53.983045569353024,0.016954430646975993,rubric_assisted_ridge,52,55
qual-ielts-intern,134,TrendAI (Trend Micro),CyberGATE Internship Program,58.5,58.49406617132026,0.005933828679737019,rubric_assisted_ridge,30,33
qual-ielts-intern,135,Golf Saudi,IT Co-op Trainee,53.17,53.17232366320095,0.0023236632009471236,rubric_assisted_ridge,62,76
qual-ielts-intern,136,Siemens Healthineers,Healthineers Early Talent Program – IT (Riyadh),58.5,58.487859468392564,0.01214053160743589,rubric_assisted_ridge,30,36
qual-ielts-intern,137,1957 Ventures,Internship / Co-Op Program,45.83,45.86017419047134,0.0301741904713424,rubric_assisted_ridge,130,130
qual-ielts-intern,138,Nokia,Graduate Trainee (Saudi Arabia) – Fledgers Program,39.17,39.21364609003057,0.043646090030570406,rubric_assisted_ridge,170,170
qual-ielts-intern,139,Ericsson,Summer Interns (Ericsson Saudi),55.83,55.85545839711139,0.025458397111393083,rubric_assisted_ridge,45,45
qual-ielts-intern,140,Bosch Middle East,Software Development Intern (AI/Cloud),49.17,49.2142181480149,0.04421814801489887,rubric_assisted_ridge,87,88
qual-ielts-intern,141,Saudi Payments | المدفوعات السعودية,COOP Training – August 2024,53.17,53.17184835946877,0.0018483594687666027,rubric_assisted_ridge,62,77
qual-ielts-intern,142,Saudi Tadawul Group | تداول,Cooperative Training Program (COOP),53.17,53.180995372878634,0.010995372878632281,rubric_assisted_ridge,62,70
qual-ielts-intern,143,Lean Technologies,Software Engineering Intern – KSA,65.17,65.159048797635,0.010951202365006907,rubric_assisted_ridge,2,6
qual-ielts-intern,144,Mirai (Scopely) | مِراي,AI Engineering Intern (GenAI),49.17,49.22327803669549,0.05327803669548814,rubric_assisted_ridge,87,87
qual-ielts-intern,145,HungerStation | هنقرستيشن,"Co-OP Trainee, Data Analysis – Info Sec",55.17,55.18467838499454,0.014678384994539329,rubric_assisted_ridge,47,47
qual-ielts-intern,146,NCGR | المركز الوطني لنظم الموارد الحكومية,Coop Training Program,48.5,48.49695721411199,0.0030427858880131,rubric_assisted_ridge,109,120
qual-ielts-intern,147,nybl,nybl Graduate Programme – Saudi Nationals (AI Bootcamp),34.67,34.69570279048566,0.025702790485659932,rubric_assisted_ridge,171,171
qual-ielts-intern,148,Procter & Gamble (P&G),P&G LEADgen Internship Program 2026 (Riyadh),58.5,58.486700872571035,0.013299127428965107,rubric_assisted_ridge,30,37
qual-ielts-intern,149,New Murabba | المربع الجديد,New Murabba Co-op Training Program,48.5,48.49895362106748,0.0010463789325214634,rubric_assisted_ridge,109,117
qual-ielts-intern,150,Boeing Saudi Arabia Limited,Intern - Info Technology & Data Analytics (Riyadh),63.17,63.19185150152625,0.021851501526249706,rubric_assisted_ridge,9,11
qual-ielts-intern,151,Motorola Solutions,Deployment Engineer Intern (KSA National - Tamheer Program),48.5,48.50123926897061,0.0012392689706075544,rubric_assisted_ridge,109,114
qual-ielts-intern,152,Schneider Electric,Co-op Intern (Engineering) - Al Khobar (Jan–Aug 2026),48.5,48.49491396639251,0.005086033607490492,rubric_assisted_ridge,109,121
qual-ielts-intern,153,Lockheed Martin,Tamheer Space Internship (Riyadh),48.5,48.500309667664354,0.00030966766435369664,rubric_assisted_ridge,109,116
qual-ielts-intern,154,Markaba | مركبة,Start-up Software Intern – TAMHEER (Saudi nationals only),49.67,49.68373945341644,0.01373945341644145,rubric_assisted_ridge,85,85
qual-ielts-intern,155,Laverne Group | مجموعة لافيرن,Data Analyst / Data Engineer Intern (IT Department),65.17,65.19880068779253,0.028800687792525537,rubric_assisted_ridge,2,3
qual-ielts-intern,156,Meel | ميل,"Software Developer Internship (Remote, min 2 months)",63.17,63.17924361621367,0.009243616213666428,rubric_assisted_ridge,9,17
qual-ielts-intern,157,Nahdi Medical Co.,IT Internship / COOP Program (6 months),53.5,53.48541285811855,0.014587141881449384,rubric_assisted_ridge,61,61
qual-ielts-intern,158,SMART Technology Solutions | سمارت لحلول التقنية,R&D Intern (Riyadh),63.17,63.188145835310934,0.018145835310932057,rubric_assisted_ridge,9,14
qual-ielts-intern,159,Knodemy Inc.,AI Developer & Tech Trainer Intern - Riyadh,63.17,63.19825381840672,0.028253818406717812,rubric_assisted_ridge,9,9
qual-ielts-intern,160,Water Transmission Company | شركة نقل المياه,Tamheer Internship Program (HRIS / Engineering & PM - Riyadh),59.83,59.84236053550492,0.012360535504924997,rubric_assisted_ridge,25,26
qual-ielts-intern,161,AFNOYS,"AI Automation Intern - KSA (Remote, 4 weeks)",63.17,63.18193114487931,0.011931144879305577,rubric_assisted_ridge,9,16
qual-ielts-intern,162,SAS,CareerStart@SAS 2026 - Presales Customer Intelligence Intern (Riyadh),61.67,61.68538501972597,0.015385019725968618,rubric_assisted_ridge,20,22
qual-ielts-intern,163,Devoteam,Trainee - Future Leaders Program (Co-op/Fresh Graduate),56.33,56.352994981891165,0.022994981891166333,rubric_assisted_ridge,42,42
qual-ielts-intern,164,ضالتي Dhallaty,Tech Intern: Fresh Grad or Student,61.67,61.687553293736975,0.017553293736973785,rubric_assisted_ridge,20,20
qual-ielts-intern,165,Innovative Solutions SA,Presales - Tamheer,40.5,40.49286530382627,0.007134696173729083,rubric_assisted_ridge,165,167
qual-ielts-intern,166,HUMAIN,Tamheer Program (Software Engineer / Cybersecurity / MIS),49.67,49.6658261380932,0.004173861906799914,rubric_assisted_ridge,85,86
qual-ielts-intern,167,TAM | تام,"Tamheer Opportunity, Advisory",40.5,40.41860258156658,0.08139741843341852,rubric_assisted_ridge,165,169
qual-ielts-intern,168,هيئة التأمين | Insurance Authority,Tamheer Opportunity - Specialist of Information Security,40.5,40.482569231892136,0.01743076810786448,rubric_assisted_ridge,165,168
qual-ielts-intern,169,Snbla | سنبله,Paid Internship Program (FinTech),61.67,61.6865934539431,0.01659345394309497,rubric_assisted_ridge,20,21
qual-ielts-intern,170,2P Perfect Presentation,Data Analyst (Tamheer),56.33,56.30854243219426,0.02145756780574004,rubric_assisted_ridge,42,44
qual-ielts-intern,171,Infosys,Summer Intern (Infosys InStep ’26 – Bangalore),57.0,56.9679225630016,0.03207743699839938,rubric_assisted_ridge,40,40
qual-ielts-intern,172,شركة الخدمات المدارة | Managed Services Company,Intern Cybersecurity Engineer,55.0,55.00240510491968,0.002405104919681378,rubric_assisted_ridge,51,51
qual-ielts-intern,173,Abunayyan Holding,Data Analyst (Tamheer),56.33,56.31238152052954,0.017618479470456805,rubric_assisted_ridge,42,43
cs-iau-backend,1,Saudi Aramco,University Internship Program (UIP),42.5,42.57517361111112,0.07517361111111853,rubric_assisted_random_forest,168,170
cs-iau-backend,2,SABIC,COOP Training Program,45.5,45.701904761904764,0.20190476190476403,rubric_assisted_random_forest,165,165
cs-iau-backend,3,stc (Saudi Telecom Company),Cooperative Training Program (COOP),52.5,52.5,0.0,rubric_assisted_random_forest,118,123
cs-iau-backend,4,Saudi National Bank (SNB),SNB Cooperative Training Program,61.5,61.845527514689806,0.345527514689806,rubric_assisted_random_forest,85,96
cs-iau-backend,5,Al Rajhi Bank,Cooperative Training Program,61.5,61.985975971479924,0.4859759714799239,rubric_assisted_random_forest,85,95
cs-iau-backend,6,Capital Market Authority (CMA),COOP Program,66.5,66.651205,0.15120500000000447,rubric_assisted_random_forest,64,65
cs-iau-backend,7,Digital Government Authority (DGA),Maidan Cooperative Training Program,52.5,52.5,0.0,rubric_assisted_random_forest,118,123
cs-iau-backend,8,KPMG Saudi Arabia,COOP & Internship Programs,47.5,47.61741387014179,0.11741387014178883,rubric_assisted_random_forest,157,159
cs-iau-backend,9,PwC Middle East,"Deals, COOP and Summer Internship Programme (2026)",57.0,57.06583333333333,0.0658333333333303,rubric_assisted_random_forest,103,104
cs-iau-backend,10,Deloitte Middle East (KSA),Jusoor Al Sharqiyah Internship Program,61.5,60.68187196722123,0.8181280327787732,rubric_assisted_random_forest,85,100
cs-iau-backend,11,Bank Albilad,Cooperative & Summer Training Program,70.5,70.5545790335957,0.05457903359570082,rubric_assisted_random_forest,52,52
cs-iau-backend,12,Tamara,Tamara Builders Program,75.5,74.5090242515838,0.9909757484162043,rubric_assisted_random_forest,27,33
cs-iau-backend,13,Bupa Arabia,Cooperative Training Program,52.5,52.5,0.0,rubric_assisted_random_forest,118,123
cs-iau-backend,14,Saudi Exports (Saudi Export Development Authority),COOP & Summer Training (FAQ-confirmed),47.5,47.61741387014179,0.11741387014178883,rubric_assisted_random_forest,157,159
cs-iau-backend,15,Local Content and Government Procurement Authority (LCGPA),COOP Training (role posting),52.5,52.5,0.0,rubric_assisted_random_forest,118,123
cs-iau-backend,16,McKinsey & Company (Maqdira),Maqdira Fellowship Program,57.0,57.0,0.0,rubric_assisted_random_forest,103,106
cs-iau-backend,17,Boston Consulting Group (BCG),Visiting Associate Internship (Riyadh),52.5,52.5,0.0,rubric_assisted_random_forest,118,123
cs-iau-backend,18,Bain & Company,COOP Training Program (Riyadh),52.5,52.5,0.0,rubric_assisted_random_forest,118,123
cs-iau-backend,19,Amazon Web Services (AWS),IT/Computer Hardware Internship (Intern-to-FTE Pathway),71.5,72.57015277777778,1.0701527777777784,rubric_assisted_random_forest,47,49
cs-iau-backend,20,Amazon Web Services (AWS) - Associate Solutions Architect Intern,Associate Solutions Architect Intern (2026),71.5,72.76139861111112,1.2613986111111188,rubric_assisted_random_forest,47,47
cs-iau-backend,21,Google (Saudi Arabia),Google Careers (Saudi location filter),58.5,58.5,0.0,rubric_assisted_random_forest,101,102
cs-iau-backend,22,BlackRock,Client & Product Summer Internship Programme (EMEA) - includes Riyadh,77.0,77.64266105113344,0.6426610511334445,rubric_assisted_random_forest,24,25
cs-iau-backend,23,noon,Student Internship,62.5,62.4375,0.0625,rubric_assisted_random_forest,81,93
cs-iau-backend,24,MOZN,Data Science Intern,87.0,86.48104166666667,0.5189583333333303,rubric_assisted_random_forest,8,8
cs-iau-backend,25,Elm,Elm Co-op Training Program (March 2026 Intake),52.5,52.5,0.0,rubric_assisted_random_forest,118,123
cs-iau-backend,26,Yasref,Yasref Cooperative Training Program,54.5,54.02586407094725,0.4741359290527498,rubric_assisted_random_forest,116,117
cs-iau-backend,27,"Saudi Standards, Metrology and Quality Organization (SASO)",Cooperative Training (Collaborative Training),61.5,62.814126984126986,1.314126984126986,rubric_assisted_random_forest,85,88
cs-iau-backend,28,"Zakat, Tax and Customs Authority (ZATCA)",Binaa-Alkafaat Program,47.5,47.629913870141785,0.12991387014178457,rubric_assisted_random_forest,157,157
cs-iau-backend,29,Human Resources Development Fund (HRDF) – Cooperative Training Product,Cooperative Training (HRDF product),10.5,11.005694444444442,0.5056944444444422,rubric_assisted_random_forest,172,172
cs-iau-backend,30,EXPRO,COOP Training (Future Makers Program),52.5,52.525,0.02499999999999858,rubric_assisted_random_forest,118,121
cs-iau-backend,31,Ministry of Industry and Mineral Resources (MIM) – Cooperative Training Initiative,Cooperative Training Initiative,10.5,10.82638888888889,0.3263888888888893,rubric_assisted_random_forest,172,173
cs-iau-backend,32,TBC (The Beauty Company),Cooperative Training Program,47.5,47.58824720347512,0.08824720347512027,rubric_assisted_random_forest,157,161
cs-iau-backend,33,National Center for Vegetation Cover Development & Combating Desertification (NCVC),COOP Training Program,52.5,52.525,0.02499999999999858,rubric_assisted_random_forest,118,121
cs-iau-backend,34,Saudi Power Procurement Company (SPPC),Future Power – COOP Training Program,52.5,52.5,0.0,rubric_assisted_random_forest,118,123
cs-iau-backend,35,TBC (Tatweer Building Company),Cooperative Training Program,52.5,52.5,0.0,rubric_assisted_random_forest,118,123
cs-iau-backend,36,PwC Middle East (Assurance COOP & Summer Internship Programme 2026),"Assurance, COOP and Summer Internship Programme 2026 – Middle East",57.0,57.0,0.0,rubric_assisted_random_forest,103,106
cs-iau-backend,37,KAPSARC,Intern (Coop- Trainee),75.5,74.23633896247402,1.2636610375259778,rubric_assisted_random_forest,27,40
cs-iau-backend,38,BSF (Banque Saudi Fransi),COOP / Internship,42.5,43.106349206349215,0.6063492063492149,rubric_assisted_random_forest,168,168
cs-iau-backend,39,Saudi Food & Drug Authority (SFDA),COOP training (First semester 2025-2026 intake),47.5,47.52893209728502,0.028932097285021996,rubric_assisted_random_forest,157,162
cs-iau-backend,40,Saudi Power Procurement Company (SPPC) – Future Power (Business Admin COOP),Future Power – Business Administration COOP Training Program,52.5,52.5,0.0,rubric_assisted_random_forest,118,123
cs-iau-backend,41,Bank Albilad,Cooperative and Summer Training Program,66.5,66.59970833333334,0.09970833333333928,rubric_assisted_random_forest,64,67
cs-iau-backend,42,The Saudi National Bank (SNB),SNB Rowad Program,66.5,66.563705,0.06370499999999879,rubric_assisted_random_forest,64,72
cs-iau-backend,43,National Cybersecurity Authority (NCA) – Academy,Cybersecurity training programs (academy),57.5,58.61944444444443,1.119444444444433,rubric_assisted_random_forest,102,101
cs-iau-backend,44,PIF | Graduate Development Program,Graduate Development Program (GDP),67.0,67.6848431698639,0.6848431698638962,rubric_assisted_random_forest,56,56
cs-iau-backend,45,NEOM | GrOW (Graduates Opportunities in Work),GrOW (Graduates Opportunities in Work),54.5,54.244789675442576,0.25521032455742443,rubric_assisted_random_forest,116,116
cs-iau-backend,46,ROSHN | COOP Trainee Program,COOP Trainee Program,52.5,52.5,0.0,rubric_assisted_random_forest,118,123
cs-iau-backend,47,Microsoft | Ru'aa Program (Riyadh),Ru'aa Program Internship (Solution Engineering),85.5,84.95637761683868,0.5436223831613205,rubric_assisted_random_forest,12,11
cs-iau-backend,48,Oracle | Business Development Intern (KSA market),Business Development Intern (KSA market),55.5,55.08517078269589,0.41482921730410993,rubric_assisted_random_forest,110,112
cs-iau-backend,49,SAP | Student Internship (Riyadh),Student Internship - Riyadh,62.5,62.43333333333333,0.06666666666666998,rubric_assisted_random_forest,81,94
cs-iau-backend,50,SAB (Saudi Awwal Bank) | Cooperative Training Programme (COOP),SAB Cooperative Training Programme (COOP),66.5,66.53037166666667,0.030371666666667352,rubric_assisted_random_forest,64,78
cs-iau-backend,51,Ministry of Finance (Saudi Arabia) | Cooperative Training Program,Cooperative Training Program,50.5,50.52291666666667,0.02291666666666714,rubric_assisted_random_forest,153,154
cs-iau-backend,52,Ministry of Industry and Mineral Resources | Cooperative Training,Cooperative Training Initiative,45.5,45.33298483923484,0.16701516076516043,rubric_assisted_random_forest,165,166
cs-iau-backend,53,King Fahd Causeway Authority | Internship Program,Internship Program,64.5,63.35182539682538,1.148174603174617,rubric_assisted_random_forest,79,83
cs-iau-backend,54,Tawuniya | Tamheer Program (Fresh Graduates),Tamheer Program,64.5,64.75923115079364,0.2592311507936387,rubric_assisted_random_forest,79,79
cs-iau-backend,55,SAMA | SAMA Professional Program (SPP),SAMA Professional Program (SPP),50.5,50.525,0.02499999999999858,rubric_assisted_random_forest,153,153
cs-iau-backend,56,HRDF | Cooperative Training Product,Cooperative Training Product,45.5,45.32548483923484,0.17451516076516072,rubric_assisted_random_forest,165,167
cs-iau-backend,57,IBM,"Automation, Data & AI – Intern",83.5,82.78978576413323,0.710214235866772,rubric_assisted_random_forest,16,16
cs-iau-backend,58,Unifonic,Internship (Unifonic),67.0,67.08172192005524,0.08172192005524437,rubric_assisted_random_forest,56,60
cs-iau-backend,59,Misk Foundation,Misk Traineeship / Internship Program,55.5,55.720833333333324,0.22083333333332433,rubric_assisted_random_forest,110,110
cs-iau-backend,60,Cisco,Cisco NetVersity (Saudi Arabia),55.0,54.86590536965537,0.13409463034462732,rubric_assisted_random_forest,113,115
cs-iau-backend,61,KAUST,Visiting Student Research Program (VSRP) Internship,66.5,67.22567013977307,0.7256701397730723,rubric_assisted_random_forest,64,59
cs-iau-backend,62,General Authority for Statistics (GASTAT),Cooperative Training Program,67.0,67.60606324862775,0.6060632486277484,rubric_assisted_random_forest,56,57
cs-iau-backend,63,Saudi Center for Opinion Polling (SCOP),Cooperative Training Program,67.0,67.5942438041833,0.5942438041832929,rubric_assisted_random_forest,56,58
cs-iau-backend,64,Al Rajhi Takaful,Cooperative Training Program,66.5,66.58095833333333,0.08095833333332791,rubric_assisted_random_forest,64,68
cs-iau-backend,65,Expenditure & Projects Efficiency Authority (EXPRO),Future Makers (صنّاع المستقبل) – Cooperative Training,52.5,52.5,0.0,rubric_assisted_random_forest,118,123
cs-iau-backend,66,Ministry of Finance (Saudi Arabia),Cooperative Training Program (Ministry of Finance),52.5,52.5,0.0,rubric_assisted_random_forest,118,123
cs-iau-backend,67,General Entertainment Authority (GEA),GEA Cooperative Training Program,52.5,52.5,0.0,rubric_assisted_random_forest,118,123
cs-iau-backend,68,Banque Saudi Fransi (BSF),COOP Training,52.5,52.5,0.0,rubric_assisted_random_forest,118,123
cs-iau-backend,69,Arab National Bank (ANB),COOP Trainee,66.5,66.563705,0.06370499999999879,rubric_assisted_random_forest,64,72
cs-iau-backend,70,Tamara,Builders Program,66.5,66.58095833333333,0.08095833333332791,rubric_assisted_random_forest,64,68
cs-iau-backend,71,OmniOps,Co‑op Training Program,75.5,74.5065126858095,0.993487314190503,rubric_assisted_random_forest,27,34
cs-iau-backend,72,Tatweer Educational Technologies (TETCO),Cooperative Training Program,75.5,74.66003439898195,0.8399656010180507,rubric_assisted_random_forest,27,32
cs-iau-backend,73,The Saudi Investment Bank (SAIB),Cooperative Program,66.5,66.58095833333333,0.08095833333332791,rubric_assisted_random_forest,64,68
cs-iau-backend,74,Saudi Awwal Bank (SAB),COOP Program,66.5,66.563705,0.06370499999999879,rubric_assisted_random_forest,64,72
cs-iau-backend,75,Riyad Bank,Internships and Coop Trainings (CSR 2019),66.5,66.58095833333333,0.08095833333332791,rubric_assisted_random_forest,64,68
cs-iau-backend,76,Tabby,Intern DevOps Engineer,81.0,80.16911938955741,0.8308806104425912,rubric_assisted_random_forest,20,20
cs-iau-backend,77,Tabby,Intern Backend (GO) Engineer,88.5,87.28628200897748,1.21371799102252,rubric_assisted_random_forest,3,6
cs-iau-backend,78,Tabby,Intern Frontend Engineer,85.5,85.0844866122715,0.41551338772849533,rubric_assisted_random_forest,12,9
cs-iau-backend,79,Tabby,Intern Data Engineer,91.5,90.59281250000002,0.9071874999999778,rubric_assisted_random_forest,1,2
cs-iau-backend,80,Tabby,No-Code / AI Agents Engineering Intern,85.5,84.98144400495399,0.5185559950460146,rubric_assisted_random_forest,12,10
cs-iau-backend,81,Bank Albilad,Cooperative Training Program,61.5,61.52419997423758,0.024199974237582467,rubric_assisted_random_forest,85,97
cs-iau-backend,82,Saudi Ground Services (SGS),COOP Program,42.5,42.60121527777778,0.10121527777778283,rubric_assisted_random_forest,168,169
cs-iau-backend,83,CEER,Cooperative Training Program (COOP),52.5,52.5,0.0,rubric_assisted_random_forest,118,123
cs-iau-backend,84,Al Rajhi Takaful,Coop Training Program,66.5,66.563705,0.06370499999999879,rubric_assisted_random_forest,64,72
cs-iau-backend,85,TAWAL,COOP Training Program,75.5,74.68735010411017,0.8126498958898338,rubric_assisted_random_forest,27,31
cs-iau-backend,86,Wakeb_Data,COOP Training,75.5,74.6977539920231,0.8022460079769047,rubric_assisted_random_forest,27,30
cs-iau-backend,87,Banque Saudi Fransi (BSF),Coop Training Program,52.5,52.5,0.0,rubric_assisted_random_forest,118,123
cs-iau-backend,88,Tech Economy,COOP Training Program,52.5,52.5,0.0,rubric_assisted_random_forest,118,123
cs-iau-backend,89,SAMI Advanced Electronics (SAMI-AEC),Coop Trainee,52.5,52.53125,0.03125,rubric_assisted_random_forest,118,119
cs-iau-backend,90,NHC,COOP Trainee,47.5,47.62366387014178,0.12366387014178315,rubric_assisted_random_forest,157,158
cs-iau-backend,91,REMAT ADVANCED,Cooperative Training Program,61.5,62.47250992063492,0.9725099206349199,rubric_assisted_random_forest,85,90
cs-iau-backend,92,SDM,AI COOP,74.0,77.21354941398195,3.2135494139819514,rubric_assisted_random_forest,41,26
cs-iau-backend,93,HUED,HUED COOP Program 2026,75.5,74.42759527560534,1.0724047243946586,rubric_assisted_random_forest,27,37
cs-iau-backend,94,Araamis • أرامس,Araamis COOP Program 2026,75.5,74.04888185798431,1.4511181420156873,rubric_assisted_random_forest,27,43
cs-iau-backend,95,ARDARA,COOP Training for Students,52.5,52.5,0.0,rubric_assisted_random_forest,118,123
cs-iau-backend,96,flynas,COOP Trainee / Internship Program,57.0,57.0125,0.012500000000002842,rubric_assisted_random_forest,103,105
cs-iau-backend,97,Saudi Motorsport Company (SMC),COOP Trainee (IT Asset Project Management),61.0,61.380950814653815,0.380950814653815,rubric_assisted_random_forest,99,98
cs-iau-backend,98,Saudi Motorsport Company (SMC),COOP Trainee (Supply Chain Excellence Associate),47.0,47.00158272283272,0.0015827228327225384,rubric_assisted_random_forest,163,164
cs-iau-backend,99,Mobily,Cooperative Training Program,52.5,52.52777777777778,0.027777777777778567,rubric_assisted_random_forest,118,120
cs-iau-backend,100,Saudi Awwal Bank (SAB),Student Opportunities: Cooperative / Practical Training,66.5,66.563705,0.06370499999999879,rubric_assisted_random_forest,64,72
cs-iau-backend,101,Alvarez & Marsal,COOP Training Program,52.5,52.5,0.0,rubric_assisted_random_forest,118,123
cs-iau-backend,102,Visa,COOP Trainee (Jan 2026),52.5,52.5,0.0,rubric_assisted_random_forest,118,123
cs-iau-backend,103,Zain KSA,Evolve Program (Fresh Graduates),52.5,52.5,0.0,rubric_assisted_random_forest,118,123
cs-iau-backend,104,Zain KSA,Zain Pioneers Program,61.5,62.8199255952381,1.3199255952380966,rubric_assisted_random_forest,85,87
cs-iau-backend,105,Savvy Games Group,Cooperative Training Program (Co-op),52.5,52.5,0.0,rubric_assisted_random_forest,118,123
cs-iau-backend,106,Bank AlJazira,Tamheer Program,66.5,66.563705,0.06370499999999879,rubric_assisted_random_forest,64,72
cs-iau-backend,107,sirar by stc,Cooperative Training Program,75.5,74.10841752405403,1.3915824759459667,rubric_assisted_random_forest,27,42
cs-iau-backend,108,Gathern,Co-op Program,75.5,74.01573679383655,1.4842632061634475,rubric_assisted_random_forest,27,45
cs-iau-backend,109,Elm Company (شركة علم),Coop Training - Computer Science (Jan/Mar/Jun/Aug 2025 Intake),57.0,57.0,0.0,rubric_assisted_random_forest,103,106
cs-iau-backend,110,Elm Company (شركة علم),Co-Op Training - Information Technology (Jun & Aug 2025 Intake),57.0,57.0,0.0,rubric_assisted_random_forest,103,106
cs-iau-backend,111,EJADA,COOP Administration & Support Engineer,52.5,52.5,0.0,rubric_assisted_random_forest,118,123
cs-iau-backend,112,Emdad By Elm,Network Cooperative Training (Network Intern),51.5,53.62871831406432,2.128718314064322,rubric_assisted_random_forest,151,118
cs-iau-backend,113,AILA,Co-op Training Programme,71.0,70.93686977367571,0.0631302263242901,rubric_assisted_random_forest,50,51
cs-iau-backend,114,Foodics,Foodics 360 Internship Program,67.0,67.05747206859952,0.05747206859952314,rubric_assisted_random_forest,56,62
cs-iau-backend,115,Salla,برنامج التدريب التعاوني (Coop Training) – Salla,47.0,47.01857155444784,0.018571554447838423,rubric_assisted_random_forest,163,163
cs-iau-backend,116,Lucidya,Technical Internship or Coop – Lucidya,61.0,61.28743613114992,0.2874361311499172,rubric_assisted_random_forest,99,99
cs-iau-backend,117,Diriyah Company,Diriyah Co-op Training Program,52.5,52.5,0.0,rubric_assisted_random_forest,118,123
cs-iau-backend,118,Riyadh Air,Co-op – Riyadh Air,52.5,52.5,0.0,rubric_assisted_random_forest,118,123
cs-iau-backend,119,Jahez Group,Jahez Internship Program (as described in Sustainability Report),62.5,62.43888888888889,0.061111111111110006,rubric_assisted_random_forest,81,92
cs-iau-backend,120,Lumi | لومي,COOP Intern 2025 – Lumi,52.5,52.5,0.0,rubric_assisted_random_forest,118,123
cs-iau-backend,121,webook.com,COOP Trainee Opportunities – webook.com,52.5,52.5,0.0,rubric_assisted_random_forest,118,123
cs-iau-backend,122,moneymoon,Tech & AI Co-op Program 2025,74.0,76.57604941398195,2.5760494139819485,rubric_assisted_random_forest,41,28
cs-iau-backend,123,EjadTech - إيجاد التقنية,"Summer Internship Program 2025 (Computer, Data, and AI Majors)",86.5,83.58914424603175,2.9108557539682494,rubric_assisted_random_forest,9,14
cs-iau-backend,124,InnovationTeam,Java Microservices Internship Programme (Saudi Nationals),86.5,83.32320574935402,3.176794250645983,rubric_assisted_random_forest,9,15
cs-iau-backend,125,Tamkeen Technologies,On the Job Training (Internship Program) — Technology field,67.0,67.08172192005524,0.08172192005524437,rubric_assisted_random_forest,56,60
cs-iau-backend,126,Trendyol Group,Trendyol Tech Talent - Bootcamp & COOP Internship Program (Saudi Students Only),55.0,55.02916666666667,0.02916666666666856,rubric_assisted_random_forest,113,114
cs-iau-backend,127,Ninja نينجا,COOP Training Program,55.0,55.072916666666664,0.0729166666666643,rubric_assisted_random_forest,113,113
cs-iau-backend,128,SCAI | سكاي,CO-OP Training Opportunities (Intern),78.5,78.51724303957857,0.01724303957857387,rubric_assisted_random_forest,23,23
cs-iau-backend,129,WalaPlus,Coop & Tamheer Opportunities,61.5,63.55004201680673,2.050042016806728,rubric_assisted_random_forest,85,81
cs-iau-backend,130,Aon,IT Co-op Trainee 2026,61.5,63.36756448412699,1.8675644841269872,rubric_assisted_random_forest,85,82
cs-iau-backend,131,Hewlett Packard Enterprise (HPE),College Intern (Coop),61.5,62.9319742063492,1.431974206349203,rubric_assisted_random_forest,85,85
cs-iau-backend,132,Signify,KSA Coop Internship Program,61.5,62.84829365079365,1.34829365079365,rubric_assisted_random_forest,85,86
cs-iau-backend,133,Help AG (e& enterprise),Cybersecurity Intern,62.5,62.44001436781609,0.05998563218390984,rubric_assisted_random_forest,81,91
cs-iau-backend,134,TrendAI (Trend Micro),CyberGATE Internship Program,67.0,67.01417141500475,0.014171415004753385,rubric_assisted_random_forest,56,64
cs-iau-backend,135,Golf Saudi,IT Co-op Trainee,75.5,73.80902990866413,1.6909700913358705,rubric_assisted_random_forest,27,46
cs-iau-backend,136,Siemens Healthineers,Healthineers Early Talent Program – IT (Riyadh),71.5,72.58541666666666,1.08541666666666,rubric_assisted_random_forest,47,48
cs-iau-backend,137,1957 Ventures,Internship / Co-Op Program,75.5,74.02259676492939,1.4774032350706108,rubric_assisted_random_forest,27,44
cs-iau-backend,138,Nokia,Graduate Trainee (Saudi Arabia) – Fledgers Program,74.0,76.84840060445813,2.848400604458135,rubric_assisted_random_forest,41,27
cs-iau-backend,139,Ericsson,Summer Interns (Ericsson Saudi),81.0,80.03010936572403,0.9698906342759699,rubric_assisted_random_forest,20,22
cs-iau-backend,140,Bosch Middle East,Software Development Intern (AI/Cloud),88.5,87.7170129268879,0.7829870731120963,rubric_assisted_random_forest,3,3
cs-iau-backend,141,Saudi Payments | المدفوعات السعودية,COOP Training – August 2024,71.0,70.93895310700904,0.06104689299095867,rubric_assisted_random_forest,50,50
cs-iau-backend,142,Saudi Tadawul Group | تداول,Cooperative Training Program (COOP),75.5,74.39671231681578,1.1032876831842202,rubric_assisted_random_forest,27,38
cs-iau-backend,143,Lean Technologies,Software Engineering Intern – KSA,91.5,90.71253472222223,0.7874652777777698,rubric_assisted_random_forest,1,1
cs-iau-backend,144,Mirai (Scopely) | مِراي,AI Engineering Intern (GenAI),88.5,87.60893638537387,0.8910636146261339,rubric_assisted_random_forest,3,4
cs-iau-backend,145,HungerStation | هنقرستيشن,"Co-OP Trainee, Data Analysis – Info Sec",77.0,78.00644615009746,1.0064461500974602,rubric_assisted_random_forest,24,24
cs-iau-backend,146,NCGR | المركز الوطني لنظم الموارد الحكومية,Coop Training Program,57.0,57.09916666666666,0.09916666666666174,rubric_assisted_random_forest,103,103
cs-iau-backend,147,nybl,nybl Graduate Programme – Saudi Nationals (AI Bootcamp),66.5,66.63795191358025,0.1379519135802525,rubric_assisted_random_forest,64,66
cs-iau-backend,148,Procter & Gamble (P&G),P&G LEADgen Internship Program 2026 (Riyadh),67.0,67.05747206859952,0.05747206859952314,rubric_assisted_random_forest,56,62
cs-iau-backend,149,New Murabba | المربع الجديد,New Murabba Co-op Training Program,61.5,64.39915411998133,2.8991541199813327,rubric_assisted_random_forest,85,80
cs-iau-backend,150,Boeing Saudi Arabia Limited,Intern - Info Technology & Data Analytics (Riyadh),81.0,80.12921782928488,0.8707821707151169,rubric_assisted_random_forest,20,21
cs-iau-backend,151,Motorola Solutions,Deployment Engineer Intern (KSA National - Tamheer Program),61.5,62.79718253968254,1.297182539682538,rubric_assisted_random_forest,85,89
cs-iau-backend,152,Schneider Electric,Co-op Intern (Engineering) - Al Khobar (Jan–Aug 2026),51.5,52.121817129045766,0.6218171290457661,rubric_assisted_random_forest,151,152
cs-iau-backend,153,Lockheed Martin,Tamheer Space Internship (Riyadh),61.5,62.99367559523809,1.4936755952380878,rubric_assisted_random_forest,85,84
cs-iau-backend,154,Markaba | مركبة,Start-up Software Intern – TAMHEER (Saudi nationals only),73.5,74.22350038666693,0.7235003866669274,rubric_assisted_random_forest,44,41
cs-iau-backend,155,Laverne Group | مجموعة لافيرن,Data Analyst / Data Engineer Intern (IT Department),88.5,87.08990257387012,1.4100974261298802,rubric_assisted_random_forest,3,7
cs-iau-backend,156,Meel | ميل,"Software Developer Internship (Remote, min 2 months)",86.5,84.71055156451736,1.7894484354826403,rubric_assisted_random_forest,9,13
cs-iau-backend,157,Nahdi Medical Co.,IT Internship / COOP Program (6 months),52.0,52.32164751506662,0.3216475150666227,rubric_assisted_random_forest,150,151
cs-iau-backend,158,SMART Technology Solutions | سمارت لحلول التقنية,R&D Intern (Riyadh),85.5,84.86538562984954,0.6346143701504587,rubric_assisted_random_forest,12,12
cs-iau-backend,159,Knodemy Inc.,AI Developer & Tech Trainer Intern - Riyadh,88.5,87.44691085231194,1.0530891476880555,rubric_assisted_random_forest,3,5
cs-iau-backend,160,Water Transmission Company | شركة نقل المياه,Tamheer Internship Program (HRIS / Engineering & PM - Riyadh),75.5,74.4810679871954,1.0189320128045978,rubric_assisted_random_forest,27,35
cs-iau-backend,161,AFNOYS,"AI Automation Intern - KSA (Remote, 4 weeks)",76.0,75.05837316849816,0.9416268315018357,rubric_assisted_random_forest,26,29
cs-iau-backend,162,SAS,CareerStart@SAS 2026 - Presales Customer Intelligence Intern (Riyadh),82.5,82.01906753366794,0.48093246633206377,rubric_assisted_random_forest,17,17
cs-iau-backend,163,Devoteam,Trainee - Future Leaders Program (Co-op/Fresh Graduate),73.5,74.33294024521979,0.8329402452197883,rubric_assisted_random_forest,44,39
cs-iau-backend,164,ضالتي Dhallaty,Tech Intern: Fresh Grad or Student,82.5,81.85375928034513,0.6462407196548696,rubric_assisted_random_forest,17,19
cs-iau-backend,165,Innovative Solutions SA,Presales - Tamheer,50.5,50.510416666666664,0.010416666666664298,rubric_assisted_random_forest,153,155
cs-iau-backend,166,HUMAIN,Tamheer Program (Software Engineer / Cybersecurity / MIS),73.5,74.45453906476445,0.9545390647644467,rubric_assisted_random_forest,44,36
cs-iau-backend,167,TAM | تام,"Tamheer Opportunity, Advisory",36.5,36.498800326607736,0.0011996733922643443,rubric_assisted_random_forest,171,171
cs-iau-backend,168,هيئة التأمين | Insurance Authority,Tamheer Opportunity - Specialist of Information Security,50.5,50.50416666666667,0.0041666666666699825,rubric_assisted_random_forest,153,156
cs-iau-backend,169,Snbla | سنبله,Paid Internship Program (FinTech),82.5,81.91961247618814,0.580387523811865,rubric_assisted_random_forest,17,18
cs-iau-backend,170,2P Perfect Presentation,Data Analyst (Tamheer),69.0,69.04596693649975,0.045966936499752364,rubric_assisted_random_forest,54,54
cs-iau-backend,171,Infosys,Summer Intern (Infosys InStep ’26 – Bangalore),55.5,55.12518911820842,0.37481088179158206,rubric_assisted_random_forest,110,111
cs-iau-backend,172,شركة الخدمات المدارة | Managed Services Company,Intern Cybersecurity Engineer,69.5,68.93381944444445,0.5661805555555475,rubric_assisted_random_forest,53,55
cs-iau-backend,173,Abunayyan Holding,Data Analyst (Tamheer),69.0,69.0831864877818,0.08318648778180204,rubric_assisted_random_forest,54,53
ds-scientist-jeddah,1,Saudi Aramco,University Internship Program (UIP),38.5,39.25319555298206,0.7531955529820635,rubric_assisted_random_forest,108,139
ds-scientist-jeddah,2,SABIC,COOP Training Program,41.5,39.576649990442554,1.9233500095574456,rubric_assisted_random_forest,100,108
ds-scientist-jeddah,3,stc (Saudi Telecom Company),Cooperative Training Program (COOP),38.5,39.28095075121391,0.7809507512139078,rubric_assisted_random_forest,108,135
ds-scientist-jeddah,4,Saudi National Bank (SNB),SNB Cooperative Training Program,60.33,61.53250913734736,1.2025091373473629,rubric_assisted_random_forest,8,9
ds-scientist-jeddah,5,Al Rajhi Bank,Cooperative Training Program,60.33,61.54768473258546,1.217684732585461,rubric_assisted_random_forest,8,8
ds-scientist-jeddah,6,Capital Market Authority (CMA),COOP Program,47.83,51.10674785840393,3.2767478584039296,rubric_assisted_random_forest,59,44
ds-scientist-jeddah,7,Digital Government Authority (DGA),Maidan Cooperative Training Program,38.5,39.287580688771655,0.787580688771655,rubric_assisted_random_forest,108,130
ds-scientist-jeddah,8,KPMG Saudi Arabia,COOP & Internship Programs,43.5,41.67961122018407,1.8203887798159286,rubric_assisted_random_forest,74,99
ds-scientist-jeddah,9,PwC Middle East,"Deals, COOP and Summer Internship Programme (2026)",43.0,42.83825568167116,0.16174431832884295,rubric_assisted_random_forest,80,86
ds-scientist-jeddah,10,Deloitte Middle East (KSA),Jusoor Al Sharqiyah Internship Program,33.0,33.45291037103914,0.4529103710391382,rubric_assisted_random_forest,147,152
ds-scientist-jeddah,11,Bank Albilad,Cooperative & Summer Training Program,60.33,62.19479818857393,1.8647981885739284,rubric_assisted_random_forest,8,7
ds-scientist-jeddah,12,Tamara,Tamara Builders Program,55.33,59.41098260567653,4.080982605676532,rubric_assisted_random_forest,21,20
ds-scientist-jeddah,13,Bupa Arabia,Cooperative Training Program,38.5,39.29172147552114,0.7917214755211432,rubric_assisted_random_forest,108,129
ds-scientist-jeddah,14,Saudi Exports (Saudi Export Development Authority),COOP & Summer Training (FAQ-confirmed),43.5,41.65680231213809,1.8431976878619096,rubric_assisted_random_forest,74,100
ds-scientist-jeddah,15,Local Content and Government Procurement Authority (LCGPA),COOP Training (role posting),38.5,39.4110484981362,0.9110484981362035,rubric_assisted_random_forest,108,111
ds-scientist-jeddah,16,McKinsey & Company (Maqdira),Maqdira Fellowship Program,43.0,42.83825568167116,0.16174431832884295,rubric_assisted_random_forest,80,86
ds-scientist-jeddah,17,Boston Consulting Group (BCG),Visiting Associate Internship (Riyadh),38.5,39.31764046695643,0.8176404669564334,rubric_assisted_random_forest,108,119
ds-scientist-jeddah,18,Bain & Company,COOP Training Program (Riyadh),38.5,39.334187831628796,0.8341878316287961,rubric_assisted_random_forest,108,116
ds-scientist-jeddah,19,Amazon Web Services (AWS),IT/Computer Hardware Internship (Intern-to-FTE Pathway),33.0,33.274497821170705,0.274497821170705,rubric_assisted_random_forest,147,157
ds-scientist-jeddah,20,Amazon Web Services (AWS) - Associate Solutions Architect Intern,Associate Solutions Architect Intern (2026),33.0,33.467784069712565,0.4677840697125646,rubric_assisted_random_forest,147,150
ds-scientist-jeddah,21,Google (Saudi Arabia),Google Careers (Saudi location filter),34.5,34.49140778549796,0.00859221450203762,rubric_assisted_random_forest,144,145
ds-scientist-jeddah,22,BlackRock,Client & Product Summer Internship Programme (EMEA) - includes Riyadh,47.17,42.87087606481315,4.299123935186849,rubric_assisted_random_forest,64,83
ds-scientist-jeddah,23,noon,Student Internship,28.5,28.588159013975428,0.08815901397542802,rubric_assisted_random_forest,163,165
ds-scientist-jeddah,24,MOZN,Data Science Intern,56.83,52.607143772045866,4.222856227954132,rubric_assisted_random_forest,17,41
ds-scientist-jeddah,25,Elm,Elm Co-op Training Program (March 2026 Intake),38.5,39.287580688771655,0.787580688771655,rubric_assisted_random_forest,108,130
ds-scientist-jeddah,26,Yasref,Yasref Cooperative Training Program,46.0,45.69577038343876,0.30422961656123704,rubric_assisted_random_forest,68,76
ds-scientist-jeddah,27,"Saudi Standards, Metrology and Quality Organization (SASO)",Cooperative Training (Collaborative Training),43.0,42.81950568167115,0.18049431832884721,rubric_assisted_random_forest,80,91
ds-scientist-jeddah,28,"Zakat, Tax and Customs Authority (ZATCA)",Binaa-Alkafaat Program,33.5,33.10199605212626,0.3980039478737396,rubric_assisted_random_forest,145,158
ds-scientist-jeddah,29,Human Resources Development Fund (HRDF) – Cooperative Training Product,Cooperative Training (HRDF product),20.5,21.207916666666666,0.7079166666666659,rubric_assisted_random_forest,172,172
ds-scientist-jeddah,30,EXPRO,COOP Training (Future Makers Program),38.5,39.30296894634741,0.8029689463474128,rubric_assisted_random_forest,108,122
ds-scientist-jeddah,31,Ministry of Industry and Mineral Resources (MIM) – Cooperative Training Initiative,Cooperative Training Initiative,20.5,21.024305555555554,0.5243055555555536,rubric_assisted_random_forest,172,173
ds-scientist-jeddah,32,TBC (The Beauty Company),Cooperative Training Program,43.5,41.63462824833781,1.8653717516621882,rubric_assisted_random_forest,74,101
ds-scientist-jeddah,33,National Center for Vegetation Cover Development & Combating Desertification (NCVC),COOP Training Program,38.5,39.32497103964885,0.824971039648851,rubric_assisted_random_forest,108,118
ds-scientist-jeddah,34,Saudi Power Procurement Company (SPPC),Future Power – COOP Training Program,38.5,39.26517937298218,0.7651793729821819,rubric_assisted_random_forest,108,136
ds-scientist-jeddah,35,TBC (Tatweer Building Company),Cooperative Training Program,38.5,39.30038770631552,0.8003877063155187,rubric_assisted_random_forest,108,124
ds-scientist-jeddah,36,PwC Middle East (Assurance COOP & Summer Internship Programme 2026),"Assurance, COOP and Summer Internship Programme 2026 – Middle East",43.0,42.85600093682451,0.14399906317549238,rubric_assisted_random_forest,80,84
ds-scientist-jeddah,37,KAPSARC,Intern (Coop- Trainee),56.83,60.31169809102931,3.4816980910293083,rubric_assisted_random_forest,17,14
ds-scientist-jeddah,38,BSF (Banque Saudi Fransi),COOP / Internship,48.5,48.384722222222216,0.11527777777778425,rubric_assisted_random_forest,55,60
ds-scientist-jeddah,39,Saudi Food & Drug Authority (SFDA),COOP training (First semester 2025-2026 intake),43.5,42.18254630918857,1.3174536908114334,rubric_assisted_random_forest,74,97
ds-scientist-jeddah,40,Saudi Power Procurement Company (SPPC) – Future Power (Business Admin COOP),Future Power – Business Administration COOP Training Program,38.5,39.298743899359586,0.7987438993595859,rubric_assisted_random_forest,108,126
ds-scientist-jeddah,41,Bank Albilad,Cooperative and Summer Training Program,55.33,59.36427615920905,4.03427615920905,rubric_assisted_random_forest,21,21
ds-scientist-jeddah,42,The Saudi National Bank (SNB),SNB Rowad Program,45.33,48.20961990054323,2.879619900543233,rubric_assisted_random_forest,69,66
ds-scientist-jeddah,43,National Cybersecurity Authority (NCA) – Academy,Cybersecurity training programs (academy),33.5,35.63812624576095,2.138126245760951,rubric_assisted_random_forest,145,144
ds-scientist-jeddah,44,PIF | Graduate Development Program,Graduate Development Program (GDP),47.17,42.26228948714023,4.907710512859772,rubric_assisted_random_forest,64,96
ds-scientist-jeddah,45,NEOM | GrOW (Graduates Opportunities in Work),GrOW (Graduates Opportunities in Work),36.0,36.29527500393239,0.2952750039323888,rubric_assisted_random_forest,141,141
ds-scientist-jeddah,46,ROSHN | COOP Trainee Program,COOP Trainee Program,38.5,39.34611015843636,0.8461101584363604,rubric_assisted_random_forest,108,115
ds-scientist-jeddah,47,Microsoft | Ru'aa Program (Riyadh),Ru'aa Program Internship (Solution Engineering),49.83,49.0579286553384,0.7720713446615974,rubric_assisted_random_forest,51,51
ds-scientist-jeddah,48,Oracle | Business Development Intern (KSA market),Business Development Intern (KSA market),31.5,30.78394234277052,0.7160576572294808,rubric_assisted_random_forest,159,161
ds-scientist-jeddah,49,SAP | Student Internship (Riyadh),Student Internship - Riyadh,28.5,28.55955292650498,0.05955292650498123,rubric_assisted_random_forest,163,166
ds-scientist-jeddah,50,SAB (Saudi Awwal Bank) | Cooperative Training Programme (COOP),SAB Cooperative Training Programme (COOP),55.33,59.457472056734744,4.127472056734746,rubric_assisted_random_forest,21,19
ds-scientist-jeddah,51,Ministry of Finance (Saudi Arabia) | Cooperative Training Program,Cooperative Training Program,36.5,41.017290545055516,4.517290545055516,rubric_assisted_random_forest,140,104
ds-scientist-jeddah,52,Ministry of Industry and Mineral Resources | Cooperative Training,Cooperative Training Initiative,41.5,41.32718004825836,0.1728199517416371,rubric_assisted_random_forest,100,102
ds-scientist-jeddah,53,King Fahd Causeway Authority | Internship Program,Internship Program,36.0,35.76128945527117,0.23871054472883202,rubric_assisted_random_forest,141,143
ds-scientist-jeddah,54,Tawuniya | Tamheer Program (Fresh Graduates),Tamheer Program,36.0,35.88286083872234,0.1171391612776631,rubric_assisted_random_forest,141,142
ds-scientist-jeddah,55,SAMA | SAMA Professional Program (SPP),SAMA Professional Program (SPP),26.5,27.241335880078058,0.7413358800780578,rubric_assisted_random_forest,168,169
ds-scientist-jeddah,56,HRDF | Cooperative Training Product,Cooperative Training Product,41.5,41.20805698882792,0.29194301117208,rubric_assisted_random_forest,100,103
ds-scientist-jeddah,57,IBM,"Automation, Data & AI – Intern",43.33,48.27191078885097,4.941910788850969,rubric_assisted_random_forest,79,64
ds-scientist-jeddah,58,Unifonic,Internship (Unifonic),33.0,33.428827305430644,0.4288273054306444,rubric_assisted_random_forest,147,153
ds-scientist-jeddah,59,Misk Foundation,Misk Traineeship / Internship Program,31.5,30.54309731929892,0.9569026807010808,rubric_assisted_random_forest,159,162
ds-scientist-jeddah,60,Cisco,Cisco NetVersity (Saudi Arabia),41.0,39.48360719825352,1.516392801746477,rubric_assisted_random_forest,103,109
ds-scientist-jeddah,61,KAUST,Visiting Student Research Program (VSRP) Internship,49.83,48.802716333594574,1.027283666405424,rubric_assisted_random_forest,51,53
ds-scientist-jeddah,62,General Authority for Statistics (GASTAT),Cooperative Training Program,57.17,56.6784008009556,0.4915991990444013,rubric_assisted_random_forest,15,31
ds-scientist-jeddah,63,Saudi Center for Opinion Polling (SCOP),Cooperative Training Program,57.17,56.7554178299411,0.41458217005889964,rubric_assisted_random_forest,15,30
ds-scientist-jeddah,64,Al Rajhi Takaful,Cooperative Training Program,55.33,59.284635052578246,3.954635052578247,rubric_assisted_random_forest,21,22
ds-scientist-jeddah,65,Expenditure & Projects Efficiency Authority (EXPRO),Future Makers (صنّاع المستقبل) – Cooperative Training,38.5,39.28330437298219,0.7833043729821867,rubric_assisted_random_forest,108,133
ds-scientist-jeddah,66,Ministry of Finance (Saudi Arabia),Cooperative Training Program (Ministry of Finance),38.5,40.983609684208226,2.4836096842082256,rubric_assisted_random_forest,108,105
ds-scientist-jeddah,67,General Entertainment Authority (GEA),GEA Cooperative Training Program,38.5,39.29997103964885,0.7999710396488524,rubric_assisted_random_forest,108,125
ds-scientist-jeddah,68,Banque Saudi Fransi (BSF),COOP Training,38.5,39.37095390843636,0.8709539084363627,rubric_assisted_random_forest,108,113
ds-scientist-jeddah,69,Arab National Bank (ANB),COOP Trainee,55.33,59.15126908248949,3.8212690824894935,rubric_assisted_random_forest,21,25
ds-scientist-jeddah,70,Tamara,Builders Program,55.33,59.057641767674674,3.727641767674676,rubric_assisted_random_forest,21,26
ds-scientist-jeddah,71,OmniOps,Co‑op Training Program,62.83,66.88760694444443,4.05760694444443,rubric_assisted_random_forest,3,2
ds-scientist-jeddah,72,Tatweer Educational Technologies (TETCO),Cooperative Training Program,52.33,53.65192033157182,1.3219203315718246,rubric_assisted_random_forest,37,38
ds-scientist-jeddah,73,The Saudi Investment Bank (SAIB),Cooperative Program,55.33,58.99990648328314,3.6699064832831425,rubric_assisted_random_forest,21,28
ds-scientist-jeddah,74,Saudi Awwal Bank (SAB),COOP Program,55.33,59.21939143698685,3.8893914369868483,rubric_assisted_random_forest,21,24
ds-scientist-jeddah,75,Riyad Bank,Internships and Coop Trainings (CSR 2019),55.33,59.01672033910324,3.686720339103239,rubric_assisted_random_forest,21,27
ds-scientist-jeddah,76,Tabby,Intern DevOps Engineer,50.33,48.56121129812077,1.768788701879231,rubric_assisted_random_forest,48,57
ds-scientist-jeddah,77,Tabby,Intern Backend (GO) Engineer,52.33,49.27573543833242,3.05426456166758,rubric_assisted_random_forest,37,48
ds-scientist-jeddah,78,Tabby,Intern Frontend Engineer,45.33,48.371371294292125,3.0413712942921265,rubric_assisted_random_forest,69,61
ds-scientist-jeddah,79,Tabby,Intern Data Engineer,50.83,49.296541520984334,1.533458479015664,rubric_assisted_random_forest,47,47
ds-scientist-jeddah,80,Tabby,No-Code / AI Agents Engineering Intern,45.33,48.24823735431765,2.918237354317654,rubric_assisted_random_forest,69,65
ds-scientist-jeddah,81,Bank Albilad,Cooperative Training Program,60.33,61.16965291647958,0.8396529164795794,rubric_assisted_random_forest,8,11
ds-scientist-jeddah,82,Saudi Ground Services (SGS),COOP Program,48.5,48.31180555555555,0.18819444444444855,rubric_assisted_random_forest,55,63
ds-scientist-jeddah,83,CEER,Cooperative Training Program (COOP),38.5,39.25799735543832,0.7579973554383201,rubric_assisted_random_forest,108,137
ds-scientist-jeddah,84,Al Rajhi Takaful,Coop Training Program,55.33,59.257800464764614,3.9278004647646156,rubric_assisted_random_forest,21,23
ds-scientist-jeddah,85,TAWAL,COOP Training Program,52.33,53.672104075972854,1.3421040759728555,rubric_assisted_random_forest,37,37
ds-scientist-jeddah,86,Wakeb_Data,COOP Training,55.33,59.58692721741011,4.256927217410109,rubric_assisted_random_forest,21,18
ds-scientist-jeddah,87,Banque Saudi Fransi (BSF),Coop Training Program,38.5,39.31247103964885,0.8124710396488481,rubric_assisted_random_forest,108,120
ds-scientist-jeddah,88,Tech Economy,COOP Training Program,38.5,39.28614906484003,0.786149064840032,rubric_assisted_random_forest,108,132
ds-scientist-jeddah,89,SAMI Advanced Electronics (SAMI-AEC),Coop Trainee,38.5,39.29830437298219,0.7983043729821873,rubric_assisted_random_forest,108,127
ds-scientist-jeddah,90,NHC,COOP Trainee,43.5,41.916908306290146,1.5830916937098536,rubric_assisted_random_forest,74,98
ds-scientist-jeddah,91,REMAT ADVANCED,Cooperative Training Program,43.0,42.81325568167116,0.18674431832884153,rubric_assisted_random_forest,80,93
ds-scientist-jeddah,92,SDM,AI COOP,61.83,62.953156415343905,1.1231564153439066,rubric_assisted_random_forest,6,6
ds-scientist-jeddah,93,HUED,HUED COOP Program 2026,52.33,53.6000951744577,1.2700951744577011,rubric_assisted_random_forest,37,39
ds-scientist-jeddah,94,Araamis • أرامس,Araamis COOP Program 2026,56.83,60.647639748677214,3.817639748677216,rubric_assisted_random_forest,17,12
ds-scientist-jeddah,95,ARDARA,COOP Training for Students,38.5,39.28303651583932,0.7830365158393207,rubric_assisted_random_forest,108,134
ds-scientist-jeddah,96,flynas,COOP Trainee / Internship Program,43.0,42.83825568167116,0.16174431832884295,rubric_assisted_random_forest,80,86
ds-scientist-jeddah,97,Saudi Motorsport Company (SMC),COOP Trainee (IT Asset Project Management),62.33,65.85595778426959,3.5259577842695933,rubric_assisted_random_forest,5,4
ds-scientist-jeddah,98,Saudi Motorsport Company (SMC),COOP Trainee (Supply Chain Excellence Associate),60.5,54.42907582593799,6.070924174062007,rubric_assisted_random_forest,7,33
ds-scientist-jeddah,99,Mobily,Cooperative Training Program,38.5,39.362478236698294,0.8624782366982942,rubric_assisted_random_forest,108,114
ds-scientist-jeddah,100,Saudi Awwal Bank (SAB),Student Opportunities: Cooperative / Practical Training,55.33,58.89601445285986,3.5660144528598607,rubric_assisted_random_forest,21,29
ds-scientist-jeddah,101,Alvarez & Marsal,COOP Training Program,38.5,39.25487235543832,0.754872355438323,rubric_assisted_random_forest,108,138
ds-scientist-jeddah,102,Visa,COOP Trainee (Jan 2026),38.5,39.38925966215155,0.8892596621515523,rubric_assisted_random_forest,108,112
ds-scientist-jeddah,103,Zain KSA,Evolve Program (Fresh Graduates),28.5,28.63702288748222,0.13702288748222102,rubric_assisted_random_forest,163,164
ds-scientist-jeddah,104,Zain KSA,Zain Pioneers Program,33.0,33.34408100595977,0.3440810059597723,rubric_assisted_random_forest,147,155
ds-scientist-jeddah,105,Savvy Games Group,Cooperative Training Program (Co-op),38.5,39.046542694646526,0.5465426946465257,rubric_assisted_random_forest,108,140
ds-scientist-jeddah,106,Bank AlJazira,Tamheer Program,45.33,48.159064245781316,2.8290642457813178,rubric_assisted_random_forest,69,67
ds-scientist-jeddah,107,sirar by stc,Cooperative Training Program,52.33,54.13554630950159,1.8055463095015938,rubric_assisted_random_forest,37,34
ds-scientist-jeddah,108,Gathern,Co-op Program,62.83,66.85683908730157,4.026839087301568,rubric_assisted_random_forest,3,3
ds-scientist-jeddah,109,Elm Company (شركة علم),Coop Training - Computer Science (Jan/Mar/Jun/Aug 2025 Intake),43.0,42.87783901500449,0.12216098499551009,rubric_assisted_random_forest,80,80
ds-scientist-jeddah,110,Elm Company (شركة علم),Co-Op Training - Information Technology (Jun & Aug 2025 Intake),43.0,42.87783901500449,0.12216098499551009,rubric_assisted_random_forest,80,80
ds-scientist-jeddah,111,EJADA,COOP Administration & Support Engineer,38.5,39.30657575121391,0.8065757512139129,rubric_assisted_random_forest,108,121
ds-scientist-jeddah,112,Emdad By Elm,Network Cooperative Training (Network Intern),53.0,52.63518373335732,0.3648162666426771,rubric_assisted_random_forest,35,40
ds-scientist-jeddah,113,AILA,Co-op Training Programme,60.33,59.976347596342066,0.35365240365793227,rubric_assisted_random_forest,8,16
ds-scientist-jeddah,114,Foodics,Foodics 360 Internship Program,33.0,33.504377461558676,0.5043774615586756,rubric_assisted_random_forest,147,148
ds-scientist-jeddah,115,Salla,برنامج التدريب التعاوني (Coop Training) – Salla,43.0,42.81950568167115,0.18049431832884721,rubric_assisted_random_forest,80,91
ds-scientist-jeddah,116,Lucidya,Technical Internship or Coop – Lucidya,69.83,68.41762826291352,1.412371737086474,rubric_assisted_random_forest,1,1
ds-scientist-jeddah,117,Diriyah Company,Diriyah Co-op Training Program,38.5,39.30216402210499,0.8021640221049893,rubric_assisted_random_forest,108,123
ds-scientist-jeddah,118,Riyadh Air,Co-op – Riyadh Air,38.5,39.33220318250599,0.8322031825059923,rubric_assisted_random_forest,108,117
ds-scientist-jeddah,119,Jahez Group,Jahez Internship Program (as described in Sustainability Report),28.5,28.54750431539387,0.047504315393869234,rubric_assisted_random_forest,163,167
ds-scientist-jeddah,120,Lumi | لومي,COOP Intern 2025 – Lumi,38.5,39.4551898050758,0.955189805075797,rubric_assisted_random_forest,108,110
ds-scientist-jeddah,121,webook.com,COOP Trainee Opportunities – webook.com,38.5,39.29767937298218,0.7976793729821807,rubric_assisted_random_forest,108,128
ds-scientist-jeddah,122,moneymoon,Tech & AI Co-op Program 2025,57.33,60.59133760920646,3.261337609206464,rubric_assisted_random_forest,14,13
ds-scientist-jeddah,123,EjadTech - إيجاد التقنية,"Summer Internship Program 2025 (Computer, Data, and AI Majors)",52.83,51.84957137245005,0.9804286275499479,rubric_assisted_random_forest,36,43
ds-scientist-jeddah,124,InnovationTeam,Java Microservices Internship Programme (Saudi Nationals),42.33,45.805466657209664,3.4754666572096653,rubric_assisted_random_forest,96,75
ds-scientist-jeddah,125,Tamkeen Technologies,On the Job Training (Internship Program) — Technology field,33.0,33.60841019965391,0.6084101996539104,rubric_assisted_random_forest,147,147
ds-scientist-jeddah,126,Trendyol Group,Trendyol Tech Talent - Bootcamp & COOP Internship Program (Saudi Students Only),41.0,40.37262255310916,0.62737744689084,rubric_assisted_random_forest,103,106
ds-scientist-jeddah,127,Ninja نينجا,COOP Training Program,41.0,40.32838329123153,0.6716167087684681,rubric_assisted_random_forest,103,107
ds-scientist-jeddah,128,SCAI | سكاي,CO-OP Training Opportunities (Intern),58.83,61.24040299564269,2.4104029956426913,rubric_assisted_random_forest,13,10
ds-scientist-jeddah,129,WalaPlus,Coop & Tamheer Opportunities,43.0,42.82158901500449,0.17841098499550867,rubric_assisted_random_forest,80,90
ds-scientist-jeddah,130,Aon,IT Co-op Trainee 2026,43.0,42.70283901500449,0.29716098499550725,rubric_assisted_random_forest,80,95
ds-scientist-jeddah,131,Hewlett Packard Enterprise (HPE),College Intern (Coop),43.0,42.83825568167116,0.16174431832884295,rubric_assisted_random_forest,80,86
ds-scientist-jeddah,132,Signify,KSA Coop Internship Program,43.0,42.756204399619875,0.2437956003801247,rubric_assisted_random_forest,80,94
ds-scientist-jeddah,133,Help AG (e& enterprise),Cybersecurity Intern,28.5,28.64567383081277,0.1456738308127683,rubric_assisted_random_forest,163,163
ds-scientist-jeddah,134,TrendAI (Trend Micro),CyberGATE Internship Program,33.0,33.62379438004959,0.6237943800495884,rubric_assisted_random_forest,147,146
ds-scientist-jeddah,135,Golf Saudi,IT Co-op Trainee,52.33,54.43817479351756,2.1081747935175628,rubric_assisted_random_forest,37,32
ds-scientist-jeddah,136,Siemens Healthineers,Healthineers Early Talent Program – IT (Riyadh),33.0,33.45892391645586,0.45892391645585917,rubric_assisted_random_forest,147,151
ds-scientist-jeddah,137,1957 Ventures,Internship / Co-Op Program,55.33,59.77486921263116,4.444869212631161,rubric_assisted_random_forest,21,17
ds-scientist-jeddah,138,Nokia,Graduate Trainee (Saudi Arabia) – Fledgers Program,51.83,49.56399818395793,2.2660018160420705,rubric_assisted_random_forest,44,45
ds-scientist-jeddah,139,Ericsson,Summer Interns (Ericsson Saudi),42.33,46.40209670455042,4.072096704550418,rubric_assisted_random_forest,96,71
ds-scientist-jeddah,140,Bosch Middle East,Software Development Intern (AI/Cloud),54.83,52.14184361091659,2.68815638908341,rubric_assisted_random_forest,34,42
ds-scientist-jeddah,141,Saudi Payments | المدفوعات السعودية,COOP Training – August 2024,56.83,59.9837788690476,3.153778869047599,rubric_assisted_random_forest,17,15
ds-scientist-jeddah,142,Saudi Tadawul Group | تداول,Cooperative Training Program (COOP),52.33,53.90902585950555,1.579025859505549,rubric_assisted_random_forest,37,35
ds-scientist-jeddah,143,Lean Technologies,Software Engineering Intern – KSA,46.33,46.26527157426314,0.06472842573685966,rubric_assisted_random_forest,67,72
ds-scientist-jeddah,144,Mirai (Scopely) | مِراي,AI Engineering Intern (GenAI),51.83,49.50976251273236,2.32023748726764,rubric_assisted_random_forest,44,46
ds-scientist-jeddah,145,HungerStation | هنقرستيشن,"Co-OP Trainee, Data Analysis – Info Sec",63.83,65.2532243716931,1.4232243716930952,rubric_assisted_random_forest,2,5
ds-scientist-jeddah,146,NCGR | المركز الوطني لنظم الموارد الحكومية,Coop Training Program,43.0,42.85075568167115,0.14924431832884721,rubric_assisted_random_forest,80,85
ds-scientist-jeddah,147,nybl,nybl Graduate Programme – Saudi Nationals (AI Bootcamp),49.83,48.83091162641824,0.9990883735817562,rubric_assisted_random_forest,51,52
ds-scientist-jeddah,148,Procter & Gamble (P&G),P&G LEADgen Internship Program 2026 (Riyadh),33.0,33.473172543525884,0.4731725435258838,rubric_assisted_random_forest,147,149
ds-scientist-jeddah,149,New Murabba | المربع الجديد,New Murabba Co-op Training Program,43.0,42.87783901500449,0.12216098499551009,rubric_assisted_random_forest,80,80
ds-scientist-jeddah,150,Boeing Saudi Arabia Limited,Intern - Info Technology & Data Analytics (Riyadh),49.83,48.602071197089934,1.2279288029100641,rubric_assisted_random_forest,51,55
ds-scientist-jeddah,151,Motorola Solutions,Deployment Engineer Intern (KSA National - Tamheer Program),33.0,33.31195273920349,0.3119527392034911,rubric_assisted_random_forest,147,156
ds-scientist-jeddah,152,Schneider Electric,Co-op Intern (Engineering) - Al Khobar (Jan–Aug 2026),43.0,42.894505681671156,0.10549431832884437,rubric_assisted_random_forest,80,79
ds-scientist-jeddah,153,Lockheed Martin,Tamheer Space Internship (Riyadh),33.0,33.382353652034865,0.3823536520348654,rubric_assisted_random_forest,147,154
ds-scientist-jeddah,154,Markaba | مركبة,Start-up Software Intern – TAMHEER (Saudi nationals only),40.33,45.347461021665914,5.017461021665916,rubric_assisted_random_forest,106,77
ds-scientist-jeddah,155,Laverne Group | مجموعة لافيرن,Data Analyst / Data Engineer Intern (IT Department),51.83,49.08273815168206,2.7472618483179403,rubric_assisted_random_forest,44,50
ds-scientist-jeddah,156,Meel | ميل,"Software Developer Internship (Remote, min 2 months)",47.33,48.082891999974166,0.7528919999741674,rubric_assisted_random_forest,62,68
ds-scientist-jeddah,157,Nahdi Medical Co.,IT Internship / COOP Program (6 months),48.0,46.484121716243834,1.515878283756166,rubric_assisted_random_forest,58,70
ds-scientist-jeddah,158,SMART Technology Solutions | سمارت لحلول التقنية,R&D Intern (Riyadh),42.33,45.935995536265935,3.6059955362659366,rubric_assisted_random_forest,96,74
ds-scientist-jeddah,159,Knodemy Inc.,AI Developer & Tech Trainer Intern - Riyadh,47.33,49.161626419573395,1.8316264195733964,rubric_assisted_random_forest,62,49
ds-scientist-jeddah,160,Water Transmission Company | شركة نقل المياه,Tamheer Internship Program (HRIS / Engineering & PM - Riyadh),42.33,46.01674577464016,3.6867457746401584,rubric_assisted_random_forest,96,73
ds-scientist-jeddah,161,AFNOYS,"AI Automation Intern - KSA (Remote, 4 weeks)",50.33,48.65960296478743,1.6703970352125665,rubric_assisted_random_forest,48,54
ds-scientist-jeddah,162,SAS,CareerStart@SAS 2026 - Presales Customer Intelligence Intern (Riyadh),48.33,48.58716511614745,0.25716511614745485,rubric_assisted_random_forest,57,56
ds-scientist-jeddah,163,Devoteam,Trainee - Future Leaders Program (Co-op/Fresh Graduate),50.33,53.813476611642606,3.483476611642608,rubric_assisted_random_forest,48,36
ds-scientist-jeddah,164,ضالتي Dhallaty,Tech Intern: Fresh Grad or Student,43.83,46.596166583546264,2.7661665835462657,rubric_assisted_random_forest,73,69
ds-scientist-jeddah,165,Innovative Solutions SA,Presales - Tamheer,26.5,27.222859340296885,0.7228593402968855,rubric_assisted_random_forest,168,170
ds-scientist-jeddah,166,HUMAIN,Tamheer Program (Software Engineer / Cybersecurity / MIS),40.33,44.3536019632637,4.023601963263701,rubric_assisted_random_forest,106,78
ds-scientist-jeddah,167,TAM | تام,"Tamheer Opportunity, Advisory",26.5,27.10322979260761,0.6032297926076104,rubric_assisted_random_forest,168,171
ds-scientist-jeddah,168,هيئة التأمين | Insurance Authority,Tamheer Opportunity - Specialist of Information Security,26.5,27.25202600696355,0.7520260069635505,rubric_assisted_random_forest,168,168
ds-scientist-jeddah,169,Snbla | سنبله,Paid Internship Program (FinTech),46.83,48.53205489833863,1.7020548983386306,rubric_assisted_random_forest,66,59
ds-scientist-jeddah,170,2P Perfect Presentation,Data Analyst (Tamheer),47.83,48.55324093608661,0.7232409360866114,rubric_assisted_random_forest,59,58
ds-scientist-jeddah,171,Infosys,Summer Intern (Infosys InStep ’26 – Bangalore),31.5,30.961621853885774,0.5383781461142263,rubric_assisted_random_forest,159,160
ds-scientist-jeddah,172,شركة الخدمات المدارة | Managed Services Company,Intern Cybersecurity Engineer,31.0,31.32047937138605,0.32047937138604965,rubric_assisted_random_forest,162,159
ds-scientist-jeddah,173,Abunayyan Holding,Data Analyst (Tamheer),47.83,48.33949649164218,0.5094964916421816,rubric_assisted_random_forest,59,62
ds-remote-coop,1,Saudi Aramco,University Internship Program (UIP),40.0,39.93315581377592,0.06684418622408117,rubric_assisted_random_forest,88,122
ds-remote-coop,2,SABIC,COOP Training Program,38.0,40.065843627474926,2.0658436274749263,rubric_assisted_random_forest,133,101
ds-remote-coop,3,stc (Saudi Telecom Company),Cooperative Training Program (COOP),40.0,39.94956381911892,0.050436180881078485,rubric_assisted_random_forest,88,117
ds-remote-coop,4,Saudi National Bank (SNB),SNB Cooperative Training Program,44.67,44.59950079365079,0.07049920634921136,rubric_assisted_random_forest,29,49
ds-remote-coop,5,Al Rajhi Bank,Cooperative Training Program,44.67,44.73125373482727,0.06125373482726815,rubric_assisted_random_forest,29,43
ds-remote-coop,6,Capital Market Authority (CMA),COOP Program,44.67,44.52636087768441,0.14363912231559084,rubric_assisted_random_forest,29,58
ds-remote-coop,7,Digital Government Authority (DGA),Maidan Cooperative Training Program,40.0,39.96599965032599,0.034000349674009556,rubric_assisted_random_forest,88,110
ds-remote-coop,8,KPMG Saudi Arabia,COOP & Internship Programs,40.0,41.92691739880974,1.926917398809742,rubric_assisted_random_forest,88,82
ds-remote-coop,9,PwC Middle East,"Deals, COOP and Summer Internship Programme (2026)",44.5,44.47221961085557,0.02778038914443215,rubric_assisted_random_forest,43,66
ds-remote-coop,10,Deloitte Middle East (KSA),Jusoor Al Sharqiyah Internship Program,34.5,34.46195879361747,0.03804120638253039,rubric_assisted_random_forest,145,157
ds-remote-coop,11,Bank Albilad,Cooperative & Summer Training Program,49.17,51.57333691885228,2.4033369188522755,rubric_assisted_random_forest,12,7
ds-remote-coop,12,Tamara,Tamara Builders Program,49.17,51.0529285437319,1.8829285437319,rubric_assisted_random_forest,12,16
ds-remote-coop,13,Bupa Arabia,Cooperative Training Program,40.0,39.955557103742144,0.04444289625785558,rubric_assisted_random_forest,88,116
ds-remote-coop,14,Saudi Exports (Saudi Export Development Authority),COOP & Summer Training (FAQ-confirmed),40.0,41.89491386993121,1.8949138699312087,rubric_assisted_random_forest,88,84
ds-remote-coop,15,Local Content and Government Procurement Authority (LCGPA),COOP Training (role posting),40.0,40.01646099189584,0.016460991895840493,rubric_assisted_random_forest,88,103
ds-remote-coop,16,McKinsey & Company (Maqdira),Maqdira Fellowship Program,44.5,44.43950963292501,0.06049036707499056,rubric_assisted_random_forest,43,69
ds-remote-coop,17,Boston Consulting Group (BCG),Visiting Associate Internship (Riyadh),40.0,40.119819316219726,0.11981931621972564,rubric_assisted_random_forest,88,100
ds-remote-coop,18,Bain & Company,COOP Training Program (Riyadh),40.0,39.988133108972605,0.011866891027395354,rubric_assisted_random_forest,88,106
ds-remote-coop,19,Amazon Web Services (AWS),IT/Computer Hardware Internship (Intern-to-FTE Pathway),34.5,34.44800677341546,0.05199322658454264,rubric_assisted_random_forest,145,158
ds-remote-coop,20,Amazon Web Services (AWS) - Associate Solutions Architect Intern,Associate Solutions Architect Intern (2026),34.5,34.485797015580694,0.01420298441930612,rubric_assisted_random_forest,145,155
ds-remote-coop,21,Google (Saudi Arabia),Google Careers (Saudi location filter),38.0,37.04021296941722,0.9597870305827811,rubric_assisted_random_forest,133,137
ds-remote-coop,22,BlackRock,Client & Product Summer Internship Programme (EMEA) - includes Riyadh,34.5,34.523701217859895,0.02370121785989454,rubric_assisted_random_forest,145,150
ds-remote-coop,23,noon,Student Internship,30.0,30.134906898980105,0.13490689898010544,rubric_assisted_random_forest,165,167
ds-remote-coop,24,MOZN,Data Science Intern,54.33,51.832947144054984,2.4970528559450145,rubric_assisted_random_forest,4,5
ds-remote-coop,25,Elm,Elm Co-op Training Program (March 2026 Intake),40.0,39.96599965032599,0.034000349674009556,rubric_assisted_random_forest,88,110
ds-remote-coop,26,Yasref,Yasref Cooperative Training Program,42.5,43.62436782484015,1.1243678248401494,rubric_assisted_random_forest,73,73
ds-remote-coop,27,"Saudi Standards, Metrology and Quality Organization (SASO)",Cooperative Training (Collaborative Training),44.5,44.499276544574315,0.0007234554256854153,rubric_assisted_random_forest,43,62
ds-remote-coop,28,"Zakat, Tax and Customs Authority (ZATCA)",Binaa-Alkafaat Program,30.0,30.104775919489466,0.10477591948946596,rubric_assisted_random_forest,165,168
ds-remote-coop,29,Human Resources Development Fund (HRDF) – Cooperative Training Product,Cooperative Training (HRDF product),20.5,20.425694444444442,0.07430555555555785,rubric_assisted_random_forest,172,172
ds-remote-coop,30,EXPRO,COOP Training (Future Makers Program),40.0,39.966804574568414,0.033195425431586045,rubric_assisted_random_forest,88,109
ds-remote-coop,31,Ministry of Industry and Mineral Resources (MIM) – Cooperative Training Initiative,Cooperative Training Initiative,20.5,20.402083333333334,0.09791666666666643,rubric_assisted_random_forest,172,173
ds-remote-coop,32,TBC (The Beauty Company),Cooperative Training Program,40.0,41.78814259392956,1.7881425939295568,rubric_assisted_random_forest,88,86
ds-remote-coop,33,National Center for Vegetation Cover Development & Combating Desertification (NCVC),COOP Training Program,40.0,39.96599965032599,0.034000349674009556,rubric_assisted_random_forest,88,110
ds-remote-coop,34,Saudi Power Procurement Company (SPPC),Future Power – COOP Training Program,40.0,39.91171951473049,0.08828048526950738,rubric_assisted_random_forest,88,127
ds-remote-coop,35,TBC (Tatweer Building Company),Cooperative Training Program,40.0,39.962941012101375,0.03705898789862516,rubric_assisted_random_forest,88,114
ds-remote-coop,36,PwC Middle East (Assurance COOP & Summer Internship Programme 2026),"Assurance, COOP and Summer Internship Programme 2026 – Middle East",44.5,44.696828728850406,0.1968287288504058,rubric_assisted_random_forest,43,45
ds-remote-coop,37,KAPSARC,Intern (Coop- Trainee),49.17,50.932760192872934,1.762760192872932,rubric_assisted_random_forest,12,22
ds-remote-coop,38,BSF (Banque Saudi Fransi),COOP / Internship,40.0,39.905265700700156,0.09473429929984434,rubric_assisted_random_forest,88,130
ds-remote-coop,39,Saudi Food & Drug Authority (SFDA),COOP training (First semester 2025-2026 intake),40.0,41.75841974949101,1.7584197494910114,rubric_assisted_random_forest,88,87
ds-remote-coop,40,Saudi Power Procurement Company (SPPC) – Future Power (Business Admin COOP),Future Power – Business Administration COOP Training Program,40.0,39.96480407819764,0.03519592180236231,rubric_assisted_random_forest,88,113
ds-remote-coop,41,Bank Albilad,Cooperative and Summer Training Program,44.67,44.68182043650795,0.011820436507946397,rubric_assisted_random_forest,29,46
ds-remote-coop,42,The Saudi National Bank (SNB),SNB Rowad Program,34.67,35.99820727119159,1.3282072711915873,rubric_assisted_random_forest,141,141
ds-remote-coop,43,National Cybersecurity Authority (NCA) – Academy,Cybersecurity training programs (academy),35.0,35.75749255872672,0.7574925587267174,rubric_assisted_random_forest,140,144
ds-remote-coop,44,PIF | Graduate Development Program,Graduate Development Program (GDP),34.5,34.51884292969368,0.018842929693683175,rubric_assisted_random_forest,145,152
ds-remote-coop,45,NEOM | GrOW (Graduates Opportunities in Work),GrOW (Graduates Opportunities in Work),36.0,36.14086257176986,0.1408625717698584,rubric_assisted_random_forest,137,140
ds-remote-coop,46,ROSHN | COOP Trainee Program,COOP Trainee Program,40.0,39.913660895449446,0.08633910455055371,rubric_assisted_random_forest,88,126
ds-remote-coop,47,Microsoft | Ru'aa Program (Riyadh),Ru'aa Program Internship (Solution Engineering),39.17,41.116013530541444,1.9460135305414425,rubric_assisted_random_forest,127,97
ds-remote-coop,48,Oracle | Business Development Intern (KSA market),Business Development Intern (KSA market),31.5,31.462421637856504,0.037578362143495525,rubric_assisted_random_forest,160,160
ds-remote-coop,49,SAP | Student Internship (Riyadh),Student Internship - Riyadh,30.0,30.050452604500574,0.05045260450057398,rubric_assisted_random_forest,165,169
ds-remote-coop,50,SAB (Saudi Awwal Bank) | Cooperative Training Programme (COOP),SAB Cooperative Training Programme (COOP),44.67,44.33722198879552,0.332778011204482,rubric_assisted_random_forest,29,72
ds-remote-coop,51,Ministry of Finance (Saudi Arabia) | Cooperative Training Program,Cooperative Training Program,41.5,41.67714856386285,0.1771485638628505,rubric_assisted_random_forest,76,90
ds-remote-coop,52,Ministry of Industry and Mineral Resources | Cooperative Training,Cooperative Training Initiative,41.5,41.684711013349144,0.18471101334914408,rubric_assisted_random_forest,76,89
ds-remote-coop,53,King Fahd Causeway Authority | Internship Program,Internship Program,36.0,35.871491153111855,0.12850884688814546,rubric_assisted_random_forest,137,143
ds-remote-coop,54,Tawuniya | Tamheer Program (Fresh Graduates),Tamheer Program,37.5,37.27732870485568,0.22267129514432327,rubric_assisted_random_forest,135,135
ds-remote-coop,55,SAMA | SAMA Professional Program (SPP),SAMA Professional Program (SPP),31.5,31.24015401968581,0.25984598031418926,rubric_assisted_random_forest,160,161
ds-remote-coop,56,HRDF | Cooperative Training Product,Cooperative Training Product,41.5,41.57756075767805,0.07756075767805015,rubric_assisted_random_forest,76,91
ds-remote-coop,57,IBM,"Automation, Data & AI – Intern",40.67,41.81512550953334,1.1451255095333366,rubric_assisted_random_forest,84,85
ds-remote-coop,58,Unifonic,Internship (Unifonic),34.5,34.87137901906598,0.3713790190659765,rubric_assisted_random_forest,145,145
ds-remote-coop,59,Misk Foundation,Misk Traineeship / Internship Program,33.0,32.47837276438378,0.5216272356162222,rubric_assisted_random_forest,159,159
ds-remote-coop,60,Cisco,Cisco NetVersity (Saudi Arabia),37.5,39.30810678239312,1.8081067823931178,rubric_assisted_random_forest,135,134
ds-remote-coop,61,KAUST,Visiting Student Research Program (VSRP) Internship,34.67,37.08327392417463,2.413273924174625,rubric_assisted_random_forest,141,136
ds-remote-coop,62,General Authority for Statistics (GASTAT),Cooperative Training Program,44.5,44.65611964763796,0.15611964763795783,rubric_assisted_random_forest,43,47
ds-remote-coop,63,Saudi Center for Opinion Polling (SCOP),Cooperative Training Program,44.5,44.82058160289513,0.3205816028951318,rubric_assisted_random_forest,43,41
ds-remote-coop,64,Al Rajhi Takaful,Cooperative Training Program,44.67,44.358650793650796,0.31134920634920604,rubric_assisted_random_forest,29,71
ds-remote-coop,65,Expenditure & Projects Efficiency Authority (EXPRO),Future Makers (صنّاع المستقبل) – Cooperative Training,40.0,39.97960767876804,0.020392321231959443,rubric_assisted_random_forest,88,107
ds-remote-coop,66,Ministry of Finance (Saudi Arabia),Cooperative Training Program (Ministry of Finance),40.0,41.38212275578952,1.382122755789517,rubric_assisted_random_forest,88,92
ds-remote-coop,67,General Entertainment Authority (GEA),GEA Cooperative Training Program,40.0,39.938820355066625,0.06117964493337524,rubric_assisted_random_forest,88,121
ds-remote-coop,68,Banque Saudi Fransi (BSF),COOP Training,40.0,39.99231944698421,0.007680553015788405,rubric_assisted_random_forest,88,104
ds-remote-coop,69,Arab National Bank (ANB),COOP Trainee,44.67,44.58870634920636,0.08129365079363993,rubric_assisted_random_forest,29,50
ds-remote-coop,70,Tamara,Builders Program,44.67,44.45478571428573,0.21521428571427492,rubric_assisted_random_forest,29,68
ds-remote-coop,71,OmniOps,Co‑op Training Program,62.33,64.57284900793648,2.242849007936485,rubric_assisted_random_forest,1,1
ds-remote-coop,72,Tatweer Educational Technologies (TETCO),Cooperative Training Program,49.17,50.99652893596958,1.826528935969577,rubric_assisted_random_forest,12,19
ds-remote-coop,73,The Saudi Investment Bank (SAIB),Cooperative Program,44.67,44.53698015873017,0.13301984126983513,rubric_assisted_random_forest,29,57
ds-remote-coop,74,Saudi Awwal Bank (SAB),COOP Program,44.67,44.57287301587302,0.09712698412698018,rubric_assisted_random_forest,29,51
ds-remote-coop,75,Riyad Bank,Internships and Coop Trainings (CSR 2019),44.67,44.55828968253969,0.11171031746031446,rubric_assisted_random_forest,29,55
ds-remote-coop,76,Tabby,Intern DevOps Engineer,44.17,45.4928294927601,1.3228294927600999,rubric_assisted_random_forest,64,34
ds-remote-coop,77,Tabby,Intern Backend (GO) Engineer,44.17,45.61566104665692,1.445661046656916,rubric_assisted_random_forest,64,31
ds-remote-coop,78,Tabby,Intern Frontend Engineer,39.17,42.36821013282891,3.1982101328289048,rubric_assisted_random_forest,127,78
ds-remote-coop,79,Tabby,Intern Data Engineer,41.17,42.0858294996426,0.915829499642598,rubric_assisted_random_forest,79,80
ds-remote-coop,80,Tabby,No-Code / AI Agents Engineering Intern,39.17,42.03760629016805,2.867606290168048,rubric_assisted_random_forest,127,81
ds-remote-coop,81,Bank Albilad,Cooperative Training Program,44.67,44.861098214285725,0.1910982142857236,rubric_assisted_random_forest,29,40
ds-remote-coop,82,Saudi Ground Services (SGS),COOP Program,40.0,39.722605673256744,0.2773943267432557,rubric_assisted_random_forest,88,132
ds-remote-coop,83,CEER,Cooperative Training Program (COOP),40.0,39.904341232151026,0.09565876784897398,rubric_assisted_random_forest,88,131
ds-remote-coop,84,Al Rajhi Takaful,Coop Training Program,44.67,44.87434523809525,0.20434523809525018,rubric_assisted_random_forest,29,39
ds-remote-coop,85,TAWAL,COOP Training Program,49.17,51.046188801570196,1.8761888015701942,rubric_assisted_random_forest,12,17
ds-remote-coop,86,Wakeb_Data,COOP Training,49.17,51.790250476016816,2.620250476016814,rubric_assisted_random_forest,12,6
ds-remote-coop,87,Banque Saudi Fransi (BSF),Coop Training Program,40.0,39.91171951473049,0.08828048526950738,rubric_assisted_random_forest,88,127
ds-remote-coop,88,Tech Economy,COOP Training Program,40.0,40.05349224189584,0.05349224189583879,rubric_assisted_random_forest,88,102
ds-remote-coop,89,SAMI Advanced Electronics (SAMI-AEC),Coop Trainee,40.0,39.92246297878278,0.07753702121721773,rubric_assisted_random_forest,88,123
ds-remote-coop,90,NHC,COOP Trainee,40.0,41.90115496679731,1.901154966797307,rubric_assisted_random_forest,88,83
ds-remote-coop,91,REMAT ADVANCED,Cooperative Training Program,44.5,44.475225731382885,0.02477426861711507,rubric_assisted_random_forest,43,65
ds-remote-coop,92,SDM,AI COOP,51.17,51.34587747837277,0.1758774783727688,rubric_assisted_random_forest,8,10
ds-remote-coop,93,HUED,HUED COOP Program 2026,49.17,51.00869647878881,1.8386964787888118,rubric_assisted_random_forest,12,18
ds-remote-coop,94,Araamis • أرامس,Araamis COOP Program 2026,49.17,51.11094159168245,1.9409415916824457,rubric_assisted_random_forest,12,15
ds-remote-coop,95,ARDARA,COOP Training for Students,40.0,39.941434632010974,0.058565367989025674,rubric_assisted_random_forest,88,118
ds-remote-coop,96,flynas,COOP Trainee / Internship Program,44.5,44.56580579674235,0.0658057967423531,rubric_assisted_random_forest,43,52
ds-remote-coop,97,Saudi Motorsport Company (SMC),COOP Trainee (IT Asset Project Management),49.17,50.941243424643766,1.7712434246437638,rubric_assisted_random_forest,12,21
ds-remote-coop,98,Saudi Motorsport Company (SMC),COOP Trainee (Supply Chain Excellence Associate),44.5,44.756887288832296,0.2568872888322957,rubric_assisted_random_forest,43,42
ds-remote-coop,99,Mobily,Cooperative Training Program,40.0,39.988582157435225,0.011417842564775071,rubric_assisted_random_forest,88,105
ds-remote-coop,100,Saudi Awwal Bank (SAB),Student Opportunities: Cooperative / Practical Training,44.67,44.5171884920635,0.1528115079365051,rubric_assisted_random_forest,29,60
ds-remote-coop,101,Alvarez & Marsal,COOP Training Program,40.0,39.93889880998985,0.0611011900101488,rubric_assisted_random_forest,88,120
ds-remote-coop,102,Visa,COOP Trainee (Jan 2026),40.0,39.92246297878278,0.07753702121721773,rubric_assisted_random_forest,88,123
ds-remote-coop,103,Zain KSA,Evolve Program (Fresh Graduates),30.0,30.1660938505753,0.1660938505753009,rubric_assisted_random_forest,165,165
ds-remote-coop,104,Zain KSA,Zain Pioneers Program,34.5,34.8046431262234,0.3046431262233966,rubric_assisted_random_forest,145,146
ds-remote-coop,105,Savvy Games Group,Cooperative Training Program (Co-op),40.0,39.65613758892692,0.3438624110730828,rubric_assisted_random_forest,88,133
ds-remote-coop,106,Bank AlJazira,Tamheer Program,34.67,36.41364962424546,1.7436496242454567,rubric_assisted_random_forest,141,138
ds-remote-coop,107,sirar by stc,Cooperative Training Program,49.17,50.869111076317004,1.6991110763170028,rubric_assisted_random_forest,12,23
ds-remote-coop,108,Gathern,Co-op Program,62.33,64.56738015873013,2.237380158730133,rubric_assisted_random_forest,1,2
ds-remote-coop,109,Elm Company (شركة علم),Coop Training - Computer Science (Jan/Mar/Jun/Aug 2025 Intake),44.5,44.54772573138288,0.04772573138288294,rubric_assisted_random_forest,43,56
ds-remote-coop,110,Elm Company (شركة علم),Co-Op Training - Information Technology (Jun & Aug 2025 Intake),44.5,44.559392398049546,0.0593923980495461,rubric_assisted_random_forest,43,54
ds-remote-coop,111,EJADA,COOP Administration & Support Engineer,40.0,39.92246297878278,0.07753702121721773,rubric_assisted_random_forest,88,123
ds-remote-coop,112,Emdad By Elm,Network Cooperative Training (Network Intern),44.5,44.70864050286555,0.20864050286554914,rubric_assisted_random_forest,43,44
ds-remote-coop,113,AILA,Co-op Training Programme,54.17,53.30239133464452,0.8676086653554833,rubric_assisted_random_forest,6,4
ds-remote-coop,114,Foodics,Foodics 360 Internship Program,34.5,34.50432826544722,0.004328265447220758,rubric_assisted_random_forest,145,153
ds-remote-coop,115,Salla,برنامج التدريب التعاوني (Coop Training) – Salla,44.5,44.52459441825157,0.024594418251567163,rubric_assisted_random_forest,43,59
ds-remote-coop,116,Lucidya,Technical Internship or Coop – Lucidya,49.17,50.86909928395372,1.6990992839537213,rubric_assisted_random_forest,12,24
ds-remote-coop,117,Diriyah Company,Diriyah Co-op Training Program,40.0,39.95556547665652,0.04443452334348308,rubric_assisted_random_forest,88,115
ds-remote-coop,118,Riyadh Air,Co-op – Riyadh Air,40.0,39.91171951473049,0.08828048526950738,rubric_assisted_random_forest,88,127
ds-remote-coop,119,Jahez Group,Jahez Internship Program (as described in Sustainability Report),30.0,30.039136094328434,0.03913609432843401,rubric_assisted_random_forest,165,170
ds-remote-coop,120,Lumi | لومي,COOP Intern 2025 – Lumi,40.0,39.97204930969734,0.027950690302660064,rubric_assisted_random_forest,88,108
ds-remote-coop,121,webook.com,COOP Trainee Opportunities – webook.com,40.0,39.939129645449455,0.0608703545505449,rubric_assisted_random_forest,88,119
ds-remote-coop,122,moneymoon,Tech & AI Co-op Program 2025,51.17,51.24297820916974,0.07297820916974018,rubric_assisted_random_forest,8,12
ds-remote-coop,123,EjadTech - إيجاد التقنية,"Summer Internship Program 2025 (Computer, Data, and AI Majors)",55.83,51.172832483561145,4.657167516438854,rubric_assisted_random_forest,3,13
ds-remote-coop,124,InnovationTeam,Java Microservices Internship Programme (Saudi Nationals),40.67,40.981406085210956,0.3114060852109546,rubric_assisted_random_forest,84,99
ds-remote-coop,125,Tamkeen Technologies,On the Job Training (Internship Program) — Technology field,34.5,34.522992884526566,0.022992884526566115,rubric_assisted_random_forest,145,151
ds-remote-coop,126,Trendyol Group,Trendyol Tech Talent - Bootcamp & COOP Internship Program (Saudi Students Only),46.0,45.5840225623195,0.4159774376805032,rubric_assisted_random_forest,27,32
ds-remote-coop,127,Ninja نينجا,COOP Training Program,46.0,45.51096538686545,0.48903461313454955,rubric_assisted_random_forest,27,33
ds-remote-coop,128,SCAI | سكاي,CO-OP Training Opportunities (Intern),51.17,51.28346457629527,0.11346457629527151,rubric_assisted_random_forest,8,11
ds-remote-coop,129,WalaPlus,Coop & Tamheer Opportunities,44.5,44.4764163136764,0.02358368632359742,rubric_assisted_random_forest,43,64
ds-remote-coop,130,Aon,IT Co-op Trainee 2026,44.5,44.61954605842109,0.11954605842109345,rubric_assisted_random_forest,43,48
ds-remote-coop,131,Hewlett Packard Enterprise (HPE),College Intern (Coop),44.5,44.56376462027177,0.06376462027176899,rubric_assisted_random_forest,43,53
ds-remote-coop,132,Signify,KSA Coop Internship Program,44.5,44.516214371969504,0.016214371969503816,rubric_assisted_random_forest,43,61
ds-remote-coop,133,Help AG (e& enterprise),Cybersecurity Intern,30.0,30.138829497344354,0.13882949734435357,rubric_assisted_random_forest,165,166
ds-remote-coop,134,TrendAI (Trend Micro),CyberGATE Internship Program,34.5,34.47233547711916,0.027664522880840536,rubric_assisted_random_forest,145,156
ds-remote-coop,135,Golf Saudi,IT Co-op Trainee,49.17,50.83238456927313,1.6623845692731294,rubric_assisted_random_forest,12,25
ds-remote-coop,136,Siemens Healthineers,Healthineers Early Talent Program – IT (Riyadh),34.5,34.60601603267471,0.10601603267470949,rubric_assisted_random_forest,145,147
ds-remote-coop,137,1957 Ventures,Internship / Co-Op Program,49.17,51.13074524694269,1.960745246942686,rubric_assisted_random_forest,12,14
ds-remote-coop,138,Nokia,Graduate Trainee (Saudi Arabia) – Fledgers Program,41.17,41.36226281128446,0.19226281128445777,rubric_assisted_random_forest,79,94
ds-remote-coop,139,Ericsson,Summer Interns (Ericsson Saudi),39.17,41.053143574246484,1.883143574246482,rubric_assisted_random_forest,127,98
ds-remote-coop,140,Bosch Middle East,Software Development Intern (AI/Cloud),54.33,51.48128484246767,2.8487151575323253,rubric_assisted_random_forest,4,9
ds-remote-coop,141,Saudi Payments | المدفوعات السعودية,COOP Training – August 2024,49.17,50.942141819388844,1.7721418193888425,rubric_assisted_random_forest,12,20
ds-remote-coop,142,Saudi Tadawul Group | تداول,Cooperative Training Program (COOP),49.17,51.504038346359934,2.3340383463599323,rubric_assisted_random_forest,12,8
ds-remote-coop,143,Lean Technologies,Software Engineering Intern – KSA,41.17,41.2885663626175,0.11856636261749998,rubric_assisted_random_forest,79,96
ds-remote-coop,144,Mirai (Scopely) | مِراي,AI Engineering Intern (GenAI),41.17,41.324451543143674,0.15445154314367215,rubric_assisted_random_forest,79,95
ds-remote-coop,145,HungerStation | هنقرستيشن,"Co-OP Trainee, Data Analysis – Info Sec",53.83,54.44670248380507,0.6167024838050708,rubric_assisted_random_forest,7,3
ds-remote-coop,146,NCGR | المركز الوطني لنظم الموارد الحكومية,Coop Training Program,44.5,44.46127367393524,0.03872632606476145,rubric_assisted_random_forest,43,67
ds-remote-coop,147,nybl,nybl Graduate Programme – Saudi Nationals (AI Bootcamp),34.67,36.17758167045447,1.5075816704544707,rubric_assisted_random_forest,141,139
ds-remote-coop,148,Procter & Gamble (P&G),P&G LEADgen Internship Program 2026 (Riyadh),34.5,34.48967344008212,0.010326559917878342,rubric_assisted_random_forest,145,154
ds-remote-coop,149,New Murabba | المربع الجديد,New Murabba Co-op Training Program,44.5,44.48672355273364,0.013276447266356683,rubric_assisted_random_forest,43,63
ds-remote-coop,150,Boeing Saudi Arabia Limited,Intern - Info Technology & Data Analytics (Riyadh),41.83,45.73572911422526,3.9057291142252595,rubric_assisted_random_forest,74,28
ds-remote-coop,151,Motorola Solutions,Deployment Engineer Intern (KSA National - Tamheer Program),34.5,34.548163023415455,0.048163023415455086,rubric_assisted_random_forest,145,148
ds-remote-coop,152,Schneider Electric,Co-op Intern (Engineering) - Al Khobar (Jan–Aug 2026),44.5,44.91068831493903,0.4106883149390299,rubric_assisted_random_forest,43,38
ds-remote-coop,153,Lockheed Martin,Tamheer Space Internship (Riyadh),34.5,34.53140955119323,0.03140955119322797,rubric_assisted_random_forest,145,149
ds-remote-coop,154,Markaba | مركبة,Start-up Software Intern – TAMHEER (Saudi nationals only),40.67,42.26279970298804,1.5927997029880387,rubric_assisted_random_forest,84,79
ds-remote-coop,155,Laverne Group | مجموعة لافيرن,Data Analyst / Data Engineer Intern (IT Department),41.83,44.393335620747294,2.5633356207472957,rubric_assisted_random_forest,74,70
ds-remote-coop,156,Meel | ميل,"Software Developer Internship (Remote, min 2 months)",44.17,46.03773277921341,1.867732779213405,rubric_assisted_random_forest,64,27
ds-remote-coop,157,Nahdi Medical Co.,IT Internship / COOP Program (6 months),44.5,45.1504870604476,0.6504870604476025,rubric_assisted_random_forest,43,37
ds-remote-coop,158,SMART Technology Solutions | سمارت لحلول التقنية,R&D Intern (Riyadh),39.17,42.52251276820244,3.3525127682024376,rubric_assisted_random_forest,127,76
ds-remote-coop,159,Knodemy Inc.,AI Developer & Tech Trainer Intern - Riyadh,41.17,42.76065512214912,1.5906551221491156,rubric_assisted_random_forest,79,75
ds-remote-coop,160,Water Transmission Company | شركة نقل المياه,Tamheer Internship Program (HRIS / Engineering & PM - Riyadh),39.17,41.372889115377255,2.2028891153772534,rubric_assisted_random_forest,127,93
ds-remote-coop,161,AFNOYS,"AI Automation Intern - KSA (Remote, 4 weeks)",44.17,45.42039489914071,1.2503948991407086,rubric_assisted_random_forest,64,35
ds-remote-coop,162,SAS,CareerStart@SAS 2026 - Presales Customer Intelligence Intern (Riyadh),42.67,42.515745986046944,0.15425401395305727,rubric_assisted_random_forest,70,77
ds-remote-coop,163,Devoteam,Trainee - Future Leaders Program (Co-op/Fresh Graduate),50.67,49.86829943429335,0.8017005657066534,rubric_assisted_random_forest,11,26
ds-remote-coop,164,ضالتي Dhallaty,Tech Intern: Fresh Grad or Student,42.67,43.4529362912208,0.7829362912207998,rubric_assisted_random_forest,70,74
ds-remote-coop,165,Innovative Solutions SA,Presales - Tamheer,31.5,31.064625548979002,0.4353744510209978,rubric_assisted_random_forest,160,162
ds-remote-coop,166,HUMAIN,Tamheer Program (Software Engineer / Cybersecurity / MIS),40.67,41.71565992890998,1.045659928909977,rubric_assisted_random_forest,84,88
ds-remote-coop,167,TAM | تام,"Tamheer Opportunity, Advisory",31.5,31.031513886320877,0.4684861136791234,rubric_assisted_random_forest,160,164
ds-remote-coop,168,هيئة التأمين | Insurance Authority,Tamheer Opportunity - Specialist of Information Security,31.5,31.064625548979002,0.4353744510209978,rubric_assisted_random_forest,160,162
ds-remote-coop,169,Snbla | سنبله,Paid Internship Program (FinTech),42.67,45.71200013565272,3.042000135652721,rubric_assisted_random_forest,70,29
ds-remote-coop,170,2P Perfect Presentation,Data Analyst (Tamheer),43.33,45.32295858965817,1.9929585896581727,rubric_assisted_random_forest,68,36
ds-remote-coop,171,Infosys,Summer Intern (Infosys InStep ’26 – Bangalore),28.0,29.442946789059825,1.4429467890598247,rubric_assisted_random_forest,171,171
ds-remote-coop,172,شركة الخدمات المدارة | Managed Services Company,Intern Cybersecurity Engineer,36.0,35.90098505832794,0.09901494167205982,rubric_assisted_random_forest,137,142
ds-remote-coop,173,Abunayyan Holding,Data Analyst (Tamheer),43.33,45.63773675642928,2.3077367564292786,rubric_assisted_random_forest,68,30
ds-gpa-ielts,1,Saudi Aramco,University Internship Program (UIP),33.33,33.104261694468065,0.22573830553193375,rubric_assisted_random_forest,167,168
ds-gpa-ielts,2,SABIC,COOP Training Program,36.33,35.28645095600145,1.0435490439985458,rubric_assisted_random_forest,158,158
ds-gpa-ielts,3,stc (Saudi Telecom Company),Cooperative Training Program (COOP),40.0,39.79397222222222,0.20602777777777703,rubric_assisted_random_forest,125,144
ds-gpa-ielts,4,Saudi National Bank (SNB),SNB Cooperative Training Program,43.0,43.62140555555554,0.6214055555555404,rubric_assisted_random_forest,118,107
ds-gpa-ielts,5,Al Rajhi Bank,Cooperative Training Program,39.67,37.15114702352862,2.518852976471379,rubric_assisted_random_forest,146,151
ds-gpa-ielts,6,Capital Market Authority (CMA),COOP Program,44.67,44.35451527777777,0.3154847222222301,rubric_assisted_random_forest,80,94
ds-gpa-ielts,7,Digital Government Authority (DGA),Maidan Cooperative Training Program,40.0,39.939946428571425,0.06005357142857548,rubric_assisted_random_forest,125,132
ds-gpa-ielts,8,KPMG Saudi Arabia,COOP & Internship Programs,35.0,34.918168510902206,0.08183148909779447,rubric_assisted_random_forest,159,163
ds-gpa-ielts,9,PwC Middle East,"Deals, COOP and Summer Internship Programme (2026)",44.5,44.57468677128679,0.07468677128679246,rubric_assisted_random_forest,91,89
ds-gpa-ielts,10,Deloitte Middle East (KSA),Jusoor Al Sharqiyah Internship Program,44.5,44.58734775964627,0.08734775964627062,rubric_assisted_random_forest,91,88
ds-gpa-ielts,11,Bank Albilad,Cooperative & Summer Training Program,44.17,44.658671072076444,0.48867107207644267,rubric_assisted_random_forest,104,87
ds-gpa-ielts,12,Tamara,Tamara Builders Program,49.17,48.92009037698416,0.24990962301583863,rubric_assisted_random_forest,59,68
ds-gpa-ielts,13,Bupa Arabia,Cooperative Training Program,40.0,39.856613095238096,0.14338690476190408,rubric_assisted_random_forest,125,141
ds-gpa-ielts,14,Saudi Exports (Saudi Export Development Authority),COOP & Summer Training (FAQ-confirmed),35.0,34.987710177568864,0.012289822431135633,rubric_assisted_random_forest,159,160
ds-gpa-ielts,15,Local Content and Government Procurement Authority (LCGPA),COOP Training (role posting),40.0,39.88079166666667,0.11920833333333292,rubric_assisted_random_forest,125,136
ds-gpa-ielts,16,McKinsey & Company (Maqdira),Maqdira Fellowship Program,44.5,44.49132121155413,0.008678788445870111,rubric_assisted_random_forest,91,92
ds-gpa-ielts,17,Boston Consulting Group (BCG),Visiting Associate Internship (Riyadh),40.0,39.8315,0.16850000000000165,rubric_assisted_random_forest,125,142
ds-gpa-ielts,18,Bain & Company,COOP Training Program (Riyadh),40.0,39.880125,0.1198750000000004,rubric_assisted_random_forest,125,137
ds-gpa-ielts,19,Amazon Web Services (AWS),IT/Computer Hardware Internship (Intern-to-FTE Pathway),54.5,53.28921166557318,1.210788334426823,rubric_assisted_random_forest,30,31
ds-gpa-ielts,20,Amazon Web Services (AWS) - Associate Solutions Architect Intern,Associate Solutions Architect Intern (2026),54.5,53.533332122872174,0.9666678771278256,rubric_assisted_random_forest,30,28
ds-gpa-ielts,21,Google (Saudi Arabia),Google Careers (Saudi location filter),43.0,43.487436698861934,0.4874366988619343,rubric_assisted_random_forest,118,112
ds-gpa-ielts,22,BlackRock,Client & Product Summer Internship Programme (EMEA) - includes Riyadh,62.33,58.49897313103565,3.8310268689643507,rubric_assisted_random_forest,6,15
ds-gpa-ielts,23,noon,Student Internship,50.0,50.22659722222222,0.22659722222221745,rubric_assisted_random_forest,54,53
ds-gpa-ielts,24,MOZN,Data Science Intern,65.67,61.671642768658785,3.998357231341217,rubric_assisted_random_forest,2,2
ds-gpa-ielts,25,Elm,Elm Co-op Training Program (March 2026 Intake),40.0,39.971196428571425,0.02880357142857548,rubric_assisted_random_forest,125,129
ds-gpa-ielts,26,Yasref,Yasref Cooperative Training Program,37.5,36.23212239512106,1.2678776048789402,rubric_assisted_random_forest,153,157
ds-gpa-ielts,27,"Saudi Standards, Metrology and Quality Organization (SASO)",Cooperative Training (Collaborative Training),44.5,45.09509201133944,0.5950920113394389,rubric_assisted_random_forest,91,82
ds-gpa-ielts,28,"Zakat, Tax and Customs Authority (ZATCA)",Binaa-Alkafaat Program,35.0,34.9780182057057,0.02198179429429814,rubric_assisted_random_forest,159,161
ds-gpa-ielts,29,Human Resources Development Fund (HRDF) – Cooperative Training Product,Cooperative Training (HRDF product),10.5,11.115694444444445,0.6156944444444452,rubric_assisted_random_forest,172,172
ds-gpa-ielts,30,EXPRO,COOP Training (Future Makers Program),40.0,39.82733333333333,0.17266666666667163,rubric_assisted_random_forest,125,143
ds-gpa-ielts,31,Ministry of Industry and Mineral Resources (MIM) – Cooperative Training Initiative,Cooperative Training Initiative,10.5,10.907361111111111,0.4073611111111113,rubric_assisted_random_forest,172,173
ds-gpa-ielts,32,TBC (The Beauty Company),Cooperative Training Program,35.0,34.974403716216216,0.0255962837837842,rubric_assisted_random_forest,159,162
ds-gpa-ielts,33,National Center for Vegetation Cover Development & Combating Desertification (NCVC),COOP Training Program,40.0,39.87733333333333,0.12266666666666737,rubric_assisted_random_forest,125,138
ds-gpa-ielts,34,Saudi Power Procurement Company (SPPC),Future Power – COOP Training Program,40.0,39.97108333333333,0.028916666666667368,rubric_assisted_random_forest,125,130
ds-gpa-ielts,35,TBC (Tatweer Building Company),Cooperative Training Program,40.0,39.92108333333333,0.07891666666667163,rubric_assisted_random_forest,125,134
ds-gpa-ielts,36,PwC Middle East (Assurance COOP & Summer Internship Programme 2026),"Assurance, COOP and Summer Internship Programme 2026 – Middle East",44.5,44.47459067318201,0.025409326817992905,rubric_assisted_random_forest,91,93
ds-gpa-ielts,37,KAPSARC,Intern (Coop- Trainee),57.0,57.19228430412182,0.19228430412182007,rubric_assisted_random_forest,19,24
ds-gpa-ielts,38,BSF (Banque Saudi Fransi),COOP / Internship,33.33,33.20321683712703,0.1267831628729681,rubric_assisted_random_forest,167,167
ds-gpa-ielts,39,Saudi Food & Drug Authority (SFDA),COOP training (First semester 2025-2026 intake),35.0,35.17082051707505,0.1708205170750503,rubric_assisted_random_forest,159,159
ds-gpa-ielts,40,Saudi Power Procurement Company (SPPC) – Future Power (Business Admin COOP),Future Power – Business Administration COOP Training Program,43.33,43.74243749999997,0.4124374999999745,rubric_assisted_random_forest,106,106
ds-gpa-ielts,41,Bank Albilad,Cooperative and Summer Training Program,48.0,49.45930694444443,1.4593069444444282,rubric_assisted_random_forest,66,61
ds-gpa-ielts,42,The Saudi National Bank (SNB),SNB Rowad Program,44.67,44.151220833333326,0.5187791666666755,rubric_assisted_random_forest,80,101
ds-gpa-ielts,43,National Cybersecurity Authority (NCA) – Academy,Cybersecurity training programs (academy),45.0,44.69834424603175,0.30165575396824806,rubric_assisted_random_forest,79,86
ds-gpa-ielts,44,PIF | Graduate Development Program,Graduate Development Program (GDP),55.67,52.025779933682884,3.644220066317118,rubric_assisted_random_forest,25,39
ds-gpa-ielts,45,NEOM | GrOW (Graduates Opportunities in Work),GrOW (Graduates Opportunities in Work),39.33,40.07767555317125,0.7476755531712485,rubric_assisted_random_forest,148,126
ds-gpa-ielts,46,ROSHN | COOP Trainee Program,COOP Trainee Program,43.33,43.394606944444405,0.06460694444440662,rubric_assisted_random_forest,106,118
ds-gpa-ielts,47,Microsoft | Ru'aa Program (Riyadh),Ru'aa Program Internship (Solution Engineering),59.17,58.817508730356806,0.35249126964319544,rubric_assisted_random_forest,12,12
ds-gpa-ielts,48,Oracle | Business Development Intern (KSA market),Business Development Intern (KSA market),41.5,41.11831538097762,0.38168461902237993,rubric_assisted_random_forest,122,121
ds-gpa-ielts,49,SAP | Student Internship (Riyadh),Student Internship - Riyadh,50.0,50.06094444444444,0.060944444444437806,rubric_assisted_random_forest,54,56
ds-gpa-ielts,50,SAB (Saudi Awwal Bank) | Cooperative Training Programme (COOP),SAB Cooperative Training Programme (COOP),44.67,44.2299736111111,0.4400263888889029,rubric_assisted_random_forest,80,98
ds-gpa-ielts,51,Ministry of Finance (Saudi Arabia) | Cooperative Training Program,Cooperative Training Program,39.83,38.81286814397694,1.017131856023056,rubric_assisted_random_forest,145,148
ds-gpa-ielts,52,Ministry of Industry and Mineral Resources | Cooperative Training,Cooperative Training Initiative,31.5,31.490556752921055,0.00944324707894495,rubric_assisted_random_forest,170,171
ds-gpa-ielts,53,King Fahd Causeway Authority | Internship Program,Internship Program,49.33,48.94022625854616,0.3897737414538369,rubric_assisted_random_forest,58,67
ds-gpa-ielts,54,Tawuniya | Tamheer Program (Fresh Graduates),Tamheer Program,50.83,47.82850518877443,3.0014948112255695,rubric_assisted_random_forest,51,69
ds-gpa-ielts,55,SAMA | SAMA Professional Program (SPP),SAMA Professional Program (SPP),36.5,36.52965575590067,0.029655755900670044,rubric_assisted_random_forest,154,155
ds-gpa-ielts,56,HRDF | Cooperative Training Product,Cooperative Training Product,31.5,31.500278975143278,0.0002789751432779042,rubric_assisted_random_forest,170,170
ds-gpa-ielts,57,IBM,"Automation, Data & AI – Intern",55.67,57.89867030176255,2.2286703017625484,rubric_assisted_random_forest,25,21
ds-gpa-ielts,58,Unifonic,Internship (Unifonic),54.5,53.282390306175536,1.217609693824464,rubric_assisted_random_forest,30,32
ds-gpa-ielts,59,Misk Foundation,Misk Traineeship / Internship Program,46.33,43.96458105158728,2.3654189484127173,rubric_assisted_random_forest,75,103
ds-gpa-ielts,60,Cisco,Cisco NetVersity (Saudi Arabia),45.83,43.82768230550007,2.0023176944999292,rubric_assisted_random_forest,76,105
ds-gpa-ielts,61,KAUST,Visiting Student Research Program (VSRP) Internship,48.0,49.81899109432233,1.8189910943223282,rubric_assisted_random_forest,66,59
ds-gpa-ielts,62,General Authority for Statistics (GASTAT),Cooperative Training Program,52.33,49.25613174603174,3.073868253968257,rubric_assisted_random_forest,48,62
ds-gpa-ielts,63,Saudi Center for Opinion Polling (SCOP),Cooperative Training Program,52.33,49.199687301587296,3.130312698412702,rubric_assisted_random_forest,48,63
ds-gpa-ielts,64,Al Rajhi Takaful,Cooperative Training Program,48.0,49.975595039682524,1.9755950396825241,rubric_assisted_random_forest,66,58
ds-gpa-ielts,65,Expenditure & Projects Efficiency Authority (EXPRO),Future Makers (صنّاع المستقبل) – Cooperative Training,40.0,39.954458333333335,0.04554166666666504,rubric_assisted_random_forest,125,131
ds-gpa-ielts,66,Ministry of Finance (Saudi Arabia),Cooperative Training Program (Ministry of Finance),43.33,43.49024861111108,0.16024861111107924,rubric_assisted_random_forest,106,111
ds-gpa-ielts,67,General Entertainment Authority (GEA),GEA Cooperative Training Program,40.0,39.93570833333333,0.0642916666666693,rubric_assisted_random_forest,125,133
ds-gpa-ielts,68,Banque Saudi Fransi (BSF),COOP Training,43.33,43.38440555555553,0.05440555555553317,rubric_assisted_random_forest,106,119
ds-gpa-ielts,69,Arab National Bank (ANB),COOP Trainee,44.67,44.17828194444442,0.49171805555558024,rubric_assisted_random_forest,80,99
ds-gpa-ielts,70,Tamara,Builders Program,44.67,44.33615416666666,0.33384583333334206,rubric_assisted_random_forest,80,95
ds-gpa-ielts,71,OmniOps,Co‑op Training Program,53.67,51.7373525567763,1.9326474432237006,rubric_assisted_random_forest,39,40
ds-gpa-ielts,72,Tatweer Educational Technologies (TETCO),Cooperative Training Program,52.5,50.302957341269824,2.197042658730176,rubric_assisted_random_forest,42,52
ds-gpa-ielts,73,The Saudi Investment Bank (SAIB),Cooperative Program,44.67,44.172411111111096,0.49758888888890596,rubric_assisted_random_forest,80,100
ds-gpa-ielts,74,Saudi Awwal Bank (SAB),COOP Program,44.67,44.09274861111109,0.5772513888889108,rubric_assisted_random_forest,80,102
ds-gpa-ielts,75,Riyad Bank,Internships and Coop Trainings (CSR 2019),44.67,44.29917499999999,0.3708250000000106,rubric_assisted_random_forest,80,96
ds-gpa-ielts,76,Tabby,Intern DevOps Engineer,54.17,58.30534303590229,4.135343035902288,rubric_assisted_random_forest,38,18
ds-gpa-ielts,77,Tabby,Intern Backend (GO) Engineer,55.17,58.48409941396867,3.3140994139686697,rubric_assisted_random_forest,28,16
ds-gpa-ielts,78,Tabby,Intern Frontend Engineer,59.17,58.958505555743535,0.21149444425646635,rubric_assisted_random_forest,12,9
ds-gpa-ielts,79,Tabby,Intern Data Engineer,65.67,61.27725173781464,4.392748262185364,rubric_assisted_random_forest,2,3
ds-gpa-ielts,80,Tabby,No-Code / AI Agents Engineering Intern,59.17,59.12023821447371,0.04976178552629307,rubric_assisted_random_forest,12,8
ds-gpa-ielts,81,Bank Albilad,Cooperative Training Program,43.0,41.31930396825395,1.6806960317460522,rubric_assisted_random_forest,118,120
ds-gpa-ielts,82,Saudi Ground Services (SGS),COOP Program,33.33,32.70577620661557,0.6242237933844308,rubric_assisted_random_forest,167,169
ds-gpa-ielts,83,CEER,Cooperative Training Program (COOP),43.33,43.5086222222222,0.17862222222220225,rubric_assisted_random_forest,106,109
ds-gpa-ielts,84,Al Rajhi Takaful,Coop Training Program,48.0,49.48723234126983,1.4872323412698307,rubric_assisted_random_forest,66,60
ds-gpa-ielts,85,TAWAL,COOP Training Program,52.5,50.482330952380934,2.0176690476190657,rubric_assisted_random_forest,42,48
ds-gpa-ielts,86,Wakeb_Data,COOP Training,52.5,50.399239285714266,2.100760714285734,rubric_assisted_random_forest,42,50
ds-gpa-ielts,87,Banque Saudi Fransi (BSF),Coop Training Program,43.33,43.39784999999997,0.06784999999997154,rubric_assisted_random_forest,106,116
ds-gpa-ielts,88,Tech Economy,COOP Training Program,40.0,39.862125,0.13787500000000108,rubric_assisted_random_forest,125,139
ds-gpa-ielts,89,SAMI Advanced Electronics (SAMI-AEC),Coop Trainee,43.33,43.454731944444426,0.12473194444442726,rubric_assisted_random_forest,106,114
ds-gpa-ielts,90,NHC,COOP Trainee,38.33,37.248701143178636,1.0812988568213626,rubric_assisted_random_forest,152,150
ds-gpa-ielts,91,REMAT ADVANCED,Cooperative Training Program,47.83,46.05059670748718,1.7794032925128178,rubric_assisted_random_forest,70,73
ds-gpa-ielts,92,SDM,AI COOP,50.17,50.421933937590204,0.2519339375902021,rubric_assisted_random_forest,52,49
ds-gpa-ielts,93,HUED,HUED COOP Program 2026,52.5,50.53727023809521,1.9627297619047894,rubric_assisted_random_forest,42,47
ds-gpa-ielts,94,Araamis • أرامس,Araamis COOP Program 2026,57.0,57.37878344208897,0.37878344208896664,rubric_assisted_random_forest,19,23
ds-gpa-ielts,95,ARDARA,COOP Training for Students,43.33,43.45730416666663,0.12730416666663302,rubric_assisted_random_forest,106,113
ds-gpa-ielts,96,flynas,COOP Trainee / Internship Program,44.5,44.54405732266524,0.044057322665238985,rubric_assisted_random_forest,91,90
ds-gpa-ielts,97,Saudi Motorsport Company (SMC),COOP Trainee (IT Asset Project Management),39.17,39.06873338208847,0.10126661791153424,rubric_assisted_random_forest,149,146
ds-gpa-ielts,98,Saudi Motorsport Company (SMC),COOP Trainee (Supply Chain Excellence Associate),39.0,37.04709647817724,1.952903521822762,rubric_assisted_random_forest,151,152
ds-gpa-ielts,99,Mobily,Cooperative Training Program,40.0,40.27458531746033,0.2745853174603283,rubric_assisted_random_forest,125,124
ds-gpa-ielts,100,Saudi Awwal Bank (SAB),Student Opportunities: Cooperative / Practical Training,44.67,44.25918888888888,0.4108111111111228,rubric_assisted_random_forest,80,97
ds-gpa-ielts,101,Alvarez & Marsal,COOP Training Program,43.33,43.394683333333305,0.06468333333330634,rubric_assisted_random_forest,106,117
ds-gpa-ielts,102,Visa,COOP Trainee (Jan 2026),40.0,40.089000000000006,0.08900000000000574,rubric_assisted_random_forest,125,125
ds-gpa-ielts,103,Zain KSA,Evolve Program (Fresh Graduates),40.0,39.99796130952382,0.0020386904761835467,rubric_assisted_random_forest,125,128
ds-gpa-ielts,104,Zain KSA,Zain Pioneers Program,44.5,45.272015844444276,0.772015844444276,rubric_assisted_random_forest,91,78
ds-gpa-ielts,105,Savvy Games Group,Cooperative Training Program (Co-op),40.0,39.899625,0.10037499999999966,rubric_assisted_random_forest,125,135
ds-gpa-ielts,106,Bank AlJazira,Tamheer Program,44.67,43.90262777777775,0.7673722222222494,rubric_assisted_random_forest,80,104
ds-gpa-ielts,107,sirar by stc,Cooperative Training Program,49.17,49.08028153978377,0.08971846021623264,rubric_assisted_random_forest,59,64
ds-gpa-ielts,108,Gathern,Co-op Program,53.67,52.056373680254936,1.613626319745066,rubric_assisted_random_forest,39,38
ds-gpa-ielts,109,Elm Company (شركة علم),Coop Training - Computer Science (Jan/Mar/Jun/Aug 2025 Intake),47.83,45.362074203744584,2.4679257962554146,rubric_assisted_random_forest,70,76
ds-gpa-ielts,110,Elm Company (شركة علم),Co-Op Training - Information Technology (Jun & Aug 2025 Intake),47.83,45.514498363408435,2.315501636591563,rubric_assisted_random_forest,70,75
ds-gpa-ielts,111,EJADA,COOP Administration & Support Engineer,40.0,39.85725,0.1427499999999995,rubric_assisted_random_forest,125,140
ds-gpa-ielts,112,Emdad By Elm,Network Cooperative Training (Network Intern),34.5,34.78460694236301,0.28460694236301265,rubric_assisted_random_forest,164,165
ds-gpa-ielts,113,AILA,Co-op Training Programme,44.17,46.42832179891188,2.2583217989118793,rubric_assisted_random_forest,104,71
ds-gpa-ielts,114,Foodics,Foodics 360 Internship Program,54.5,52.8727715800112,1.6272284199888034,rubric_assisted_random_forest,30,35
ds-gpa-ielts,115,Salla,برنامج التدريب التعاوني (Coop Training) – Salla,34.5,34.48218299985758,0.017817000142422046,rubric_assisted_random_forest,164,166
ds-gpa-ielts,116,Lucidya,Technical Internship or Coop – Lucidya,39.17,38.95883451275331,0.2111654872466886,rubric_assisted_random_forest,149,147
ds-gpa-ielts,117,Diriyah Company,Diriyah Co-op Training Program,43.33,43.4452458333333,0.1152458333333044,rubric_assisted_random_forest,106,115
ds-gpa-ielts,118,Riyadh Air,Co-op – Riyadh Air,43.33,43.502912499999965,0.17291249999996694,rubric_assisted_random_forest,106,110
ds-gpa-ielts,119,Jahez Group,Jahez Internship Program (as described in Sustainability Report),50.0,50.17704166666666,0.17704166666666055,rubric_assisted_random_forest,54,54
ds-gpa-ielts,120,Lumi | لومي,COOP Intern 2025 – Lumi,43.33,43.54501249999998,0.21501249999997896,rubric_assisted_random_forest,106,108
ds-gpa-ielts,121,webook.com,COOP Trainee Opportunities – webook.com,40.0,40.072944444444445,0.07294444444444537,rubric_assisted_random_forest,125,127
ds-gpa-ielts,122,moneymoon,Tech & AI Co-op Program 2025,50.17,50.33149088203463,0.16149088203462725,rubric_assisted_random_forest,52,51
ds-gpa-ielts,123,EjadTech - إيجاد التقنية,"Summer Internship Program 2025 (Computer, Data, and AI Majors)",61.17,60.75963146441522,0.41036853558478015,rubric_assisted_random_forest,8,5
ds-gpa-ielts,124,InnovationTeam,Java Microservices Internship Programme (Saudi Nationals),56.67,57.831592960190974,1.1615929601909727,rubric_assisted_random_forest,22,22
ds-gpa-ielts,125,Tamkeen Technologies,On the Job Training (Internship Program) — Technology field,54.5,52.16897773735495,2.3310222626450496,rubric_assisted_random_forest,30,37
ds-gpa-ielts,126,Trendyol Group,Trendyol Tech Talent - Bootcamp & COOP Internship Program (Saudi Students Only),41.0,40.96307823520695,0.03692176479304976,rubric_assisted_random_forest,123,122
ds-gpa-ielts,127,Ninja نينجا,COOP Training Program,41.0,40.954161035257144,0.04583896474285609,rubric_assisted_random_forest,123,123
ds-gpa-ielts,128,SCAI | سكاي,CO-OP Training Opportunities (Intern),53.5,50.88280257936505,2.6171974206349518,rubric_assisted_random_forest,41,46
ds-gpa-ielts,129,WalaPlus,Coop & Tamheer Opportunities,44.5,45.16687990816484,0.6668799081648373,rubric_assisted_random_forest,91,79
ds-gpa-ielts,130,Aon,IT Co-op Trainee 2026,44.5,45.06429707608463,0.5642970760846282,rubric_assisted_random_forest,91,84
ds-gpa-ielts,131,Hewlett Packard Enterprise (HPE),College Intern (Coop),44.5,45.119319554629485,0.6193195546294845,rubric_assisted_random_forest,91,81
ds-gpa-ielts,132,Signify,KSA Coop Internship Program,44.5,45.093581495466424,0.5935814954664238,rubric_assisted_random_forest,91,83
ds-gpa-ielts,133,Help AG (e& enterprise),Cybersecurity Intern,50.0,50.051087301587295,0.051087301587294576,rubric_assisted_random_forest,54,57
ds-gpa-ielts,134,TrendAI (Trend Micro),CyberGATE Internship Program,54.5,53.40480136847839,1.0951986315216118,rubric_assisted_random_forest,30,29
ds-gpa-ielts,135,Golf Saudi,IT Co-op Trainee,49.17,49.04018987311711,0.1298101268828944,rubric_assisted_random_forest,59,65
ds-gpa-ielts,136,Siemens Healthineers,Healthineers Early Talent Program – IT (Riyadh),54.5,53.38413858730779,1.1158614126922117,rubric_assisted_random_forest,30,30
ds-gpa-ielts,137,1957 Ventures,Internship / Co-Op Program,52.5,51.218032738095204,1.2819672619047964,rubric_assisted_random_forest,42,42
ds-gpa-ielts,138,Nokia,Graduate Trainee (Saudi Arabia) – Fledgers Program,54.67,52.69753800380477,1.9724619961952286,rubric_assisted_random_forest,29,36
ds-gpa-ielts,139,Ericsson,Summer Interns (Ericsson Saudi),59.17,58.285904181096704,0.8840958189032975,rubric_assisted_random_forest,12,19
ds-gpa-ielts,140,Bosch Middle East,Software Development Intern (AI/Cloud),64.67,60.58635246309246,4.083647536907542,rubric_assisted_random_forest,4,6
ds-gpa-ielts,141,Saudi Payments | المدفوعات السعودية,COOP Training – August 2024,57.0,57.166064775733524,0.16606477573352407,rubric_assisted_random_forest,19,25
ds-gpa-ielts,142,Saudi Tadawul Group | تداول,Cooperative Training Program (COOP),52.5,51.08983075396823,1.4101692460317707,rubric_assisted_random_forest,42,43
ds-gpa-ielts,143,Lean Technologies,Software Engineering Intern – KSA,61.17,58.70005383936813,2.4699461606318707,rubric_assisted_random_forest,8,14
ds-gpa-ielts,144,Mirai (Scopely) | مِراي,AI Engineering Intern (GenAI),60.17,58.28253254704935,1.887467452950652,rubric_assisted_random_forest,10,20
ds-gpa-ielts,145,HungerStation | هنقرستيشن,"Co-OP Trainee, Data Analysis – Info Sec",55.67,52.980636962071145,2.6893630379288567,rubric_assisted_random_forest,25,34
ds-gpa-ielts,146,NCGR | المركز الوطني لنظم الموارد الحكومية,Coop Training Program,47.83,45.85479112712622,1.9752088728737789,rubric_assisted_random_forest,70,74
ds-gpa-ielts,147,nybl,nybl Graduate Programme – Saudi Nationals (AI Bootcamp),44.67,44.71896249999999,0.048962499999987585,rubric_assisted_random_forest,80,85
ds-gpa-ielts,148,Procter & Gamble (P&G),P&G LEADgen Internship Program 2026 (Riyadh),54.5,53.1858914595266,1.3141085404733985,rubric_assisted_random_forest,30,33
ds-gpa-ielts,149,New Murabba | المربع الجديد,New Murabba Co-op Training Program,47.83,45.342819574114955,2.487180425885043,rubric_assisted_random_forest,70,77
ds-gpa-ielts,150,Boeing Saudi Arabia Limited,Intern - Info Technology & Data Analytics (Riyadh),63.67,60.40674928543681,3.263250714563192,rubric_assisted_random_forest,5,7
ds-gpa-ielts,151,Motorola Solutions,Deployment Engineer Intern (KSA National - Tamheer Program),44.5,45.14003209343328,0.6400320934332768,rubric_assisted_random_forest,91,80
ds-gpa-ielts,152,Schneider Electric,Co-op Intern (Engineering) - Al Khobar (Jan–Aug 2026),34.5,34.78896961203691,0.2889696120369081,rubric_assisted_random_forest,164,164
ds-gpa-ielts,153,Lockheed Martin,Tamheer Space Internship (Riyadh),44.5,44.5368726214868,0.03687262148680048,rubric_assisted_random_forest,91,91
ds-gpa-ielts,154,Markaba | مركبة,Start-up Software Intern – TAMHEER (Saudi nationals only),45.67,46.15746892192775,0.48746892192774993,rubric_assisted_random_forest,77,72
ds-gpa-ielts,155,Laverne Group | مجموعة لافيرن,Data Analyst / Data Engineer Intern (IT Department),70.67,65.73347862554115,4.936521374458849,rubric_assisted_random_forest,1,1
ds-gpa-ielts,156,Meel | ميل,"Software Developer Internship (Remote, min 2 months)",49.17,50.93302014969731,1.7630201496973115,rubric_assisted_random_forest,59,45
ds-gpa-ielts,157,Nahdi Medical Co.,IT Internship / COOP Program (6 months),39.5,37.87323102585641,1.6267689741435873,rubric_assisted_random_forest,147,149
ds-gpa-ielts,158,SMART Technology Solutions | سمارت لحلول التقنية,R&D Intern (Riyadh),59.17,58.76138701576203,0.4086129842379691,rubric_assisted_random_forest,12,13
ds-gpa-ielts,159,Knodemy Inc.,AI Developer & Tech Trainer Intern - Riyadh,60.17,58.88898846292599,1.281011537074015,rubric_assisted_random_forest,10,11
ds-gpa-ielts,160,Water Transmission Company | شركة نقل المياه,Tamheer Internship Program (HRIS / Engineering & PM - Riyadh),49.17,48.97577043650797,0.1942295634920299,rubric_assisted_random_forest,59,66
ds-gpa-ielts,161,AFNOYS,"AI Automation Intern - KSA (Remote, 4 weeks)",49.17,51.56346200104022,2.39346200104022,rubric_assisted_random_forest,59,41
ds-gpa-ielts,162,SAS,CareerStart@SAS 2026 - Presales Customer Intelligence Intern (Riyadh),62.17,60.78040793262296,1.3895920673770448,rubric_assisted_random_forest,7,4
ds-gpa-ielts,163,Devoteam,Trainee - Future Leaders Program (Co-op/Fresh Graduate),49.0,50.13552281746029,1.1355228174602914,rubric_assisted_random_forest,65,55
ds-gpa-ielts,164,ضالتي Dhallaty,Tech Intern: Fresh Grad or Student,57.67,58.39224223276725,0.7222422327672504,rubric_assisted_random_forest,17,17
ds-gpa-ielts,165,Innovative Solutions SA,Presales - Tamheer,36.5,36.55053643771885,0.05053643771884708,rubric_assisted_random_forest,154,154
ds-gpa-ielts,166,HUMAIN,Tamheer Program (Software Engineer / Cybersecurity / MIS),45.67,46.43289227750733,0.7628922775073264,rubric_assisted_random_forest,77,70
ds-gpa-ielts,167,TAM | تام,"Tamheer Opportunity, Advisory",36.5,36.42222788693049,0.07777211306950704,rubric_assisted_random_forest,154,156
ds-gpa-ielts,168,هيئة التأمين | Insurance Authority,Tamheer Opportunity - Specialist of Information Security,36.5,36.57492316029748,0.07492316029748025,rubric_assisted_random_forest,154,153
ds-gpa-ielts,169,Snbla | سنبله,Paid Internship Program (FinTech),57.67,58.897510268481554,1.2275102684815522,rubric_assisted_random_forest,17,10
ds-gpa-ielts,170,2P Perfect Presentation,Data Analyst (Tamheer),56.17,54.49300522875817,1.67699477124183,rubric_assisted_random_forest,23,27
ds-gpa-ielts,171,Infosys,Summer Intern (Infosys InStep ’26 – Bangalore),43.0,39.76602563382971,3.233974366170287,rubric_assisted_random_forest,118,145
ds-gpa-ielts,172,شركة الخدمات المدارة | Managed Services Company,Intern Cybersecurity Engineer,51.0,51.04435725735082,0.04435725735081775,rubric_assisted_random_forest,50,44
ds-gpa-ielts,173,Abunayyan Holding,Data Analyst (Tamheer),56.17,55.1555388888889,1.0144611111111033,rubric_assisted_random_forest,23,26
de-cloud-dammam,1,Saudi Aramco,University Internship Program (UIP),40.5,36.6212640789888,3.8787359210111987,rubric_assisted_random_forest,91,157
de-cloud-dammam,2,SABIC,COOP Training Program,36.5,37.886784785134516,1.386784785134516,rubric_assisted_random_forest,120,122
de-cloud-dammam,3,stc (Saudi Telecom Company),Cooperative Training Program (COOP),33.5,36.905291856766574,3.405291856766574,rubric_assisted_random_forest,127,145
de-cloud-dammam,4,Saudi National Bank (SNB),SNB Cooperative Training Program,47.83,53.63765025312489,5.807650253124891,rubric_assisted_random_forest,49,51
de-cloud-dammam,5,Al Rajhi Bank,Cooperative Training Program,47.83,53.763861452758604,5.933861452758606,rubric_assisted_random_forest,49,49
de-cloud-dammam,6,Capital Market Authority (CMA),COOP Program,42.83,51.053194293066426,8.223194293066427,rubric_assisted_random_forest,65,67
de-cloud-dammam,7,Digital Government Authority (DGA),Maidan Cooperative Training Program,33.5,37.65280330365303,4.15280330365303,rubric_assisted_random_forest,127,124
de-cloud-dammam,8,KPMG Saudi Arabia,COOP & Internship Programs,38.5,41.87195290616246,3.3719529061624627,rubric_assisted_random_forest,97,104
de-cloud-dammam,9,PwC Middle East,"Deals, COOP and Summer Internship Programme (2026)",38.0,42.684240861611485,4.684240861611485,rubric_assisted_random_forest,103,95
de-cloud-dammam,10,Deloitte Middle East (KSA),Jusoor Al Sharqiyah Internship Program,49.5,47.54825583297881,1.9517441670211895,rubric_assisted_random_forest,41,73
de-cloud-dammam,11,Bank Albilad,Cooperative & Summer Training Program,56.83,63.05520191498315,6.225201914983153,rubric_assisted_random_forest,5,5
de-cloud-dammam,12,Tamara,Tamara Builders Program,51.83,60.195069047619,8.365069047619002,rubric_assisted_random_forest,15,25
de-cloud-dammam,13,Bupa Arabia,Cooperative Training Program,33.5,37.57021401793874,4.0702140179387385,rubric_assisted_random_forest,127,127
de-cloud-dammam,14,Saudi Exports (Saudi Export Development Authority),COOP & Summer Training (FAQ-confirmed),38.5,41.765616927326484,3.2656169273264837,rubric_assisted_random_forest,97,105
de-cloud-dammam,15,Local Content and Government Procurement Authority (LCGPA),COOP Training (role posting),33.5,37.642778015760086,4.142778015760086,rubric_assisted_random_forest,127,125
de-cloud-dammam,16,McKinsey & Company (Maqdira),Maqdira Fellowship Program,38.0,42.70299086161149,4.7029908616114895,rubric_assisted_random_forest,103,91
de-cloud-dammam,17,Boston Consulting Group (BCG),Visiting Associate Internship (Riyadh),33.5,36.79823354592538,3.2982335459253775,rubric_assisted_random_forest,127,149
de-cloud-dammam,18,Bain & Company,COOP Training Program (Riyadh),33.5,37.53343161053134,4.033431610531338,rubric_assisted_random_forest,127,128
de-cloud-dammam,19,Amazon Web Services (AWS),IT/Computer Hardware Internship (Intern-to-FTE Pathway),42.5,43.94338995273173,1.443389952731728,rubric_assisted_random_forest,77,87
de-cloud-dammam,20,Amazon Web Services (AWS) - Associate Solutions Architect Intern,Associate Solutions Architect Intern (2026),49.17,55.6577737973818,6.487773797381799,rubric_assisted_random_forest,44,38
de-cloud-dammam,21,Google (Saudi Arabia),Google Careers (Saudi location filter),39.0,36.76472735114888,2.2352726488511223,rubric_assisted_random_forest,96,150
de-cloud-dammam,22,BlackRock,Client & Product Summer Internship Programme (EMEA) - includes Riyadh,44.67,51.15982297982124,6.489822979821241,rubric_assisted_random_forest,61,62
de-cloud-dammam,23,noon,Student Internship,33.5,37.34126636836609,3.8412663683660924,rubric_assisted_random_forest,127,135
de-cloud-dammam,24,MOZN,Data Science Intern,51.33,55.588097241840416,4.258097241840417,rubric_assisted_random_forest,35,40
de-cloud-dammam,25,Elm,Elm Co-op Training Program (March 2026 Intake),33.5,37.5295195734943,4.029519573494298,rubric_assisted_random_forest,127,129
de-cloud-dammam,26,Yasref,Yasref Cooperative Training Program,45.5,47.40905948351931,1.9090594835193073,rubric_assisted_random_forest,57,75
de-cloud-dammam,27,"Saudi Standards, Metrology and Quality Organization (SASO)",Cooperative Training (Collaborative Training),42.5,44.2324177305095,1.7324177305095034,rubric_assisted_random_forest,77,77
de-cloud-dammam,28,"Zakat, Tax and Customs Authority (ZATCA)",Binaa-Alkafaat Program,33.5,33.36782938545959,0.13217061454040646,rubric_assisted_random_forest,127,167
de-cloud-dammam,29,Human Resources Development Fund (HRDF) – Cooperative Training Product,Cooperative Training (HRDF product),15.5,15.602638888888889,0.1026388888888885,rubric_assisted_random_forest,171,171
de-cloud-dammam,30,EXPRO,COOP Training (Future Makers Program),33.5,37.59456256291229,4.094562562912287,rubric_assisted_random_forest,127,126
de-cloud-dammam,31,Ministry of Industry and Mineral Resources (MIM) – Cooperative Training Initiative,Cooperative Training Initiative,15.5,15.53263888888889,0.032638888888889994,rubric_assisted_random_forest,171,173
de-cloud-dammam,32,TBC (The Beauty Company),Cooperative Training Program,38.5,41.59493922596006,3.0949392259600614,rubric_assisted_random_forest,97,107
de-cloud-dammam,33,National Center for Vegetation Cover Development & Combating Desertification (NCVC),COOP Training Program,33.5,37.42745608143081,3.9274560814308117,rubric_assisted_random_forest,127,134
de-cloud-dammam,34,Saudi Power Procurement Company (SPPC),Future Power – COOP Training Program,33.5,36.83142433539906,3.3314243353990634,rubric_assisted_random_forest,127,148
de-cloud-dammam,35,TBC (Tatweer Building Company),Cooperative Training Program,33.5,36.6528513805761,3.1528513805761023,rubric_assisted_random_forest,127,155
de-cloud-dammam,36,PwC Middle East (Assurance COOP & Summer Internship Programme 2026),"Assurance, COOP and Summer Internship Programme 2026 – Middle East",38.0,42.64862330208768,4.648623302087678,rubric_assisted_random_forest,103,97
de-cloud-dammam,37,KAPSARC,Intern (Coop- Trainee),51.83,60.169759433621884,8.339759433621886,rubric_assisted_random_forest,15,26
de-cloud-dammam,38,BSF (Banque Saudi Fransi),COOP / Internship,33.5,36.31293341603436,2.8129334160343618,rubric_assisted_random_forest,127,165
de-cloud-dammam,39,Saudi Food & Drug Authority (SFDA),COOP training (First semester 2025-2026 intake),38.5,40.61193370004704,2.1119337000470395,rubric_assisted_random_forest,97,109
de-cloud-dammam,40,Saudi Power Procurement Company (SPPC) – Future Power (Business Admin COOP),Future Power – Business Administration COOP Training Program,33.5,36.71971854323371,3.2197185432337108,rubric_assisted_random_forest,127,152
de-cloud-dammam,41,Bank Albilad,Cooperative and Summer Training Program,42.83,51.304837139249635,8.474837139249637,rubric_assisted_random_forest,65,60
de-cloud-dammam,42,The Saudi National Bank (SNB),SNB Rowad Program,37.83,40.35630059523806,2.5263005952380624,rubric_assisted_random_forest,116,112
de-cloud-dammam,43,National Cybersecurity Authority (NCA) – Academy,Cybersecurity training programs (academy),38.5,39.339520845375674,0.8395208453756737,rubric_assisted_random_forest,97,118
de-cloud-dammam,44,PIF | Graduate Development Program,Graduate Development Program (GDP),39.67,40.55432273991473,0.8843227399147295,rubric_assisted_random_forest,95,110
de-cloud-dammam,45,NEOM | GrOW (Graduates Opportunities in Work),GrOW (Graduates Opportunities in Work),40.5,37.90637741991522,2.5936225800847765,rubric_assisted_random_forest,91,121
de-cloud-dammam,46,ROSHN | COOP Trainee Program,COOP Trainee Program,33.5,36.40570343592817,2.9057034359281673,rubric_assisted_random_forest,127,163
de-cloud-dammam,47,Microsoft | Ru'aa Program (Riyadh),Ru'aa Program Internship (Solution Engineering),51.83,59.84938849206345,8.019388492063449,rubric_assisted_random_forest,15,32
de-cloud-dammam,48,Oracle | Business Development Intern (KSA market),Business Development Intern (KSA market),36.5,37.667469034329656,1.167469034329656,rubric_assisted_random_forest,120,123
de-cloud-dammam,49,SAP | Student Internship (Riyadh),Student Internship - Riyadh,33.5,37.287815862754684,3.787815862754684,rubric_assisted_random_forest,127,136
de-cloud-dammam,50,SAB (Saudi Awwal Bank) | Cooperative Training Programme (COOP),SAB Cooperative Training Programme (COOP),42.83,50.41450222567436,7.584502225674363,rubric_assisted_random_forest,65,69
de-cloud-dammam,51,Ministry of Finance (Saudi Arabia) | Cooperative Training Program,Cooperative Training Program,31.5,39.65152107069775,8.151521070697747,rubric_assisted_random_forest,165,116
de-cloud-dammam,52,Ministry of Industry and Mineral Resources | Cooperative Training,Cooperative Training Initiative,36.5,39.55466967442601,3.054669674426009,rubric_assisted_random_forest,120,117
de-cloud-dammam,53,King Fahd Causeway Authority | Internship Program,Internship Program,45.5,47.50309998637642,2.0030999863764194,rubric_assisted_random_forest,57,74
de-cloud-dammam,54,Tawuniya | Tamheer Program (Fresh Graduates),Tamheer Program,40.5,38.343097746745165,2.1569022532548345,rubric_assisted_random_forest,91,120
de-cloud-dammam,55,SAMA | SAMA Professional Program (SPP),SAMA Professional Program (SPP),26.5,28.04820251860656,1.5482025186065584,rubric_assisted_random_forest,170,170
de-cloud-dammam,56,HRDF | Cooperative Training Product,Cooperative Training Product,36.5,39.16082623720879,2.660826237208788,rubric_assisted_random_forest,120,119
de-cloud-dammam,57,IBM,"Automation, Data & AI – Intern",49.83,59.64633928571426,9.816339285714264,rubric_assisted_random_forest,37,34
de-cloud-dammam,58,Unifonic,Internship (Unifonic),38.0,42.68459259321322,4.6845925932132175,rubric_assisted_random_forest,103,94
de-cloud-dammam,59,Misk Foundation,Misk Traineeship / Internship Program,31.5,31.253830871220014,0.24616912877998587,rubric_assisted_random_forest,165,168
de-cloud-dammam,60,Cisco,Cisco NetVersity (Saudi Arabia),41.0,39.948831869361285,1.0511681306387146,rubric_assisted_random_forest,90,115
de-cloud-dammam,61,KAUST,Visiting Student Research Program (VSRP) Internship,42.83,50.32511802459926,7.495118024599265,rubric_assisted_random_forest,65,70
de-cloud-dammam,62,General Authority for Statistics (GASTAT),Cooperative Training Program,44.67,51.1429367638262,6.472936763826198,rubric_assisted_random_forest,61,63
de-cloud-dammam,63,Saudi Center for Opinion Polling (SCOP),Cooperative Training Program,44.67,51.085728430492864,6.415728430492862,rubric_assisted_random_forest,61,65
de-cloud-dammam,64,Al Rajhi Takaful,Cooperative Training Program,42.83,51.08444238681223,8.25444238681223,rubric_assisted_random_forest,65,66
de-cloud-dammam,65,Expenditure & Projects Efficiency Authority (EXPRO),Future Makers (صنّاع المستقبل) – Cooperative Training,33.5,36.87199159221632,3.371991592216318,rubric_assisted_random_forest,127,147
de-cloud-dammam,66,Ministry of Finance (Saudi Arabia),Cooperative Training Program (Ministry of Finance),33.5,37.440501558152306,3.940501558152306,rubric_assisted_random_forest,127,132
de-cloud-dammam,67,General Entertainment Authority (GEA),GEA Cooperative Training Program,33.5,36.87685422957896,3.37685422957896,rubric_assisted_random_forest,127,146
de-cloud-dammam,68,Banque Saudi Fransi (BSF),COOP Training,33.5,37.02590000066517,3.5259000006651675,rubric_assisted_random_forest,127,139
de-cloud-dammam,69,Arab National Bank (ANB),COOP Trainee,42.83,51.679604818562176,8.849604818562177,rubric_assisted_random_forest,65,56
de-cloud-dammam,70,Tamara,Builders Program,42.83,50.66827438760425,7.838274387604251,rubric_assisted_random_forest,65,68
de-cloud-dammam,71,OmniOps,Co‑op Training Program,51.83,60.04271289682536,8.212712896825359,rubric_assisted_random_forest,15,29
de-cloud-dammam,72,Tatweer Educational Technologies (TETCO),Cooperative Training Program,51.83,60.46578650793648,8.63578650793648,rubric_assisted_random_forest,15,16
de-cloud-dammam,73,The Saudi Investment Bank (SAIB),Cooperative Program,42.83,51.12517378846614,8.295173788466144,rubric_assisted_random_forest,65,64
de-cloud-dammam,74,Saudi Awwal Bank (SAB),COOP Program,42.83,51.5383473471297,8.708347347129703,rubric_assisted_random_forest,65,57
de-cloud-dammam,75,Riyad Bank,Internships and Coop Trainings (CSR 2019),42.83,51.42543144193879,8.595431441938793,rubric_assisted_random_forest,65,59
de-cloud-dammam,76,Tabby,Intern DevOps Engineer,59.5,61.676567965367944,2.176567965367944,rubric_assisted_random_forest,3,9
de-cloud-dammam,77,Tabby,Intern Backend (GO) Engineer,58.83,63.141950297619026,4.311950297619028,rubric_assisted_random_forest,4,4
de-cloud-dammam,78,Tabby,Intern Frontend Engineer,51.83,59.87597590187586,8.045975901875863,rubric_assisted_random_forest,15,31
de-cloud-dammam,79,Tabby,Intern Data Engineer,61.83,68.03387301587301,6.203873015873015,rubric_assisted_random_forest,1,1
de-cloud-dammam,80,Tabby,No-Code / AI Agents Engineering Intern,51.83,59.90420923520917,8.074209235209175,rubric_assisted_random_forest,15,30
de-cloud-dammam,81,Bank Albilad,Cooperative Training Program,47.83,52.86352607021218,5.033526070212183,rubric_assisted_random_forest,49,55
de-cloud-dammam,82,Saudi Ground Services (SGS),COOP Program,33.5,36.359751054975774,2.8597510549757743,rubric_assisted_random_forest,127,164
de-cloud-dammam,83,CEER,Cooperative Training Program (COOP),33.5,36.91127883275355,3.4112788327535526,rubric_assisted_random_forest,127,143
de-cloud-dammam,84,Al Rajhi Takaful,Coop Training Program,42.83,51.486408656653516,8.656408656653518,rubric_assisted_random_forest,65,58
de-cloud-dammam,85,TAWAL,COOP Training Program,51.83,60.41620535714282,8.586205357142823,rubric_assisted_random_forest,15,19
de-cloud-dammam,86,Wakeb_Data,COOP Training,51.83,60.39267400793646,8.562674007936465,rubric_assisted_random_forest,15,21
de-cloud-dammam,87,Banque Saudi Fransi (BSF),Coop Training Program,33.5,36.64374245709218,3.1437424570921806,rubric_assisted_random_forest,127,156
de-cloud-dammam,88,Tech Economy,COOP Training Program,33.5,36.73705264227737,3.2370526422773693,rubric_assisted_random_forest,127,151
de-cloud-dammam,89,SAMI Advanced Electronics (SAMI-AEC),Coop Trainee,33.5,36.53844153116625,3.0384415311662494,rubric_assisted_random_forest,127,160
de-cloud-dammam,90,NHC,COOP Trainee,38.5,41.70563613265819,3.205636132658192,rubric_assisted_random_forest,97,106
de-cloud-dammam,91,REMAT ADVANCED,Cooperative Training Program,42.5,43.987139952731724,1.4871399527317237,rubric_assisted_random_forest,77,82
de-cloud-dammam,92,SDM,AI COOP,49.33,53.65862620299661,4.32862620299661,rubric_assisted_random_forest,43,50
de-cloud-dammam,93,HUED,HUED COOP Program 2026,51.83,60.42451031746028,8.594510317460283,rubric_assisted_random_forest,15,18
de-cloud-dammam,94,Araamis • أرامس,Araamis COOP Program 2026,51.83,60.4122198412698,8.582219841269804,rubric_assisted_random_forest,15,20
de-cloud-dammam,95,ARDARA,COOP Training for Students,33.5,36.700167721642444,3.200167721642444,rubric_assisted_random_forest,127,153
de-cloud-dammam,96,flynas,COOP Trainee / Internship Program,38.0,42.70299086161149,4.7029908616114895,rubric_assisted_random_forest,103,91
de-cloud-dammam,97,Saudi Motorsport Company (SMC),COOP Trainee (IT Asset Project Management),47.33,53.61853642762131,6.28853642762131,rubric_assisted_random_forest,52,52
de-cloud-dammam,98,Saudi Motorsport Company (SMC),COOP Trainee (Supply Chain Excellence Associate),38.0,43.17857717618104,5.178577176181037,rubric_assisted_random_forest,103,90
de-cloud-dammam,99,Mobily,Cooperative Training Program,33.5,37.467020740627824,3.9670207406278237,rubric_assisted_random_forest,127,130
de-cloud-dammam,100,Saudi Awwal Bank (SAB),Student Opportunities: Cooperative / Practical Training,42.83,51.22227243565229,8.392272435652295,rubric_assisted_random_forest,65,61
de-cloud-dammam,101,Alvarez & Marsal,COOP Training Program,33.5,37.01344153116625,3.513441531166251,rubric_assisted_random_forest,127,140
de-cloud-dammam,102,Visa,COOP Trainee (Jan 2026),33.5,36.54070489484506,3.0407048948450566,rubric_assisted_random_forest,127,159
de-cloud-dammam,103,Zain KSA,Evolve Program (Fresh Graduates),28.5,29.456777623817572,0.9567776238175725,rubric_assisted_random_forest,169,169
de-cloud-dammam,104,Zain KSA,Zain Pioneers Program,37.5,36.4632764659757,1.036723534024297,rubric_assisted_random_forest,119,162
de-cloud-dammam,105,Savvy Games Group,Cooperative Training Program (Co-op),33.5,36.906436315964704,3.4064363159647044,rubric_assisted_random_forest,127,144
de-cloud-dammam,106,Bank AlJazira,Tamheer Program,37.83,40.31112003968251,2.4811200396825086,rubric_assisted_random_forest,116,114
de-cloud-dammam,107,sirar by stc,Cooperative Training Program,51.83,60.11617579365075,8.286175793650749,rubric_assisted_random_forest,15,27
de-cloud-dammam,108,Gathern,Co-op Program,51.83,60.42899781746028,8.59899781746028,rubric_assisted_random_forest,15,17
de-cloud-dammam,109,Elm Company (شركة علم),Coop Training - Computer Science (Jan/Mar/Jun/Aug 2025 Intake),38.0,42.623824194944824,4.623824194944824,rubric_assisted_random_forest,103,98
de-cloud-dammam,110,Elm Company (شركة علم),Co-Op Training - Information Technology (Jun & Aug 2025 Intake),38.0,42.621740861611485,4.621740861611485,rubric_assisted_random_forest,103,99
de-cloud-dammam,111,EJADA,COOP Administration & Support Engineer,33.5,36.5284117692615,3.0284117692615027,rubric_assisted_random_forest,127,161
de-cloud-dammam,112,Emdad By Elm,Network Cooperative Training (Network Intern),42.5,44.157355726541255,1.6573557265412546,rubric_assisted_random_forest,77,78
de-cloud-dammam,113,AILA,Co-op Training Programme,52.33,55.269348263163415,2.939348263163417,rubric_assisted_random_forest,13,41
de-cloud-dammam,114,Foodics,Foodics 360 Internship Program,38.0,42.58424086161149,4.584240861611491,rubric_assisted_random_forest,103,102
de-cloud-dammam,115,Salla,برنامج التدريب التعاوني (Coop Training) – Salla,38.0,42.621740861611485,4.621740861611485,rubric_assisted_random_forest,103,99
de-cloud-dammam,116,Lucidya,Technical Internship or Coop – Lucidya,47.33,53.77503057515434,6.445030575154341,rubric_assisted_random_forest,52,48
de-cloud-dammam,117,Diriyah Company,Diriyah Co-op Training Program,33.5,37.43901362111335,3.9390136211133466,rubric_assisted_random_forest,127,133
de-cloud-dammam,118,Riyadh Air,Co-op – Riyadh Air,33.5,36.9901941766689,3.4901941766689006,rubric_assisted_random_forest,127,141
de-cloud-dammam,119,Jahez Group,Jahez Internship Program (as described in Sustainability Report),33.5,36.68757843592817,3.1875784359281667,rubric_assisted_random_forest,127,154
de-cloud-dammam,120,Lumi | لومي,COOP Intern 2025 – Lumi,33.5,37.23833669782209,3.738336697822092,rubric_assisted_random_forest,127,137
de-cloud-dammam,121,webook.com,COOP Trainee Opportunities – webook.com,33.5,37.11636811846784,3.6163681184678396,rubric_assisted_random_forest,127,138
de-cloud-dammam,122,moneymoon,Tech & AI Co-op Program 2025,53.83,61.10644385344072,7.276443853440725,rubric_assisted_random_forest,9,10
de-cloud-dammam,123,EjadTech - إيجاد التقنية,"Summer Internship Program 2025 (Computer, Data, and AI Majors)",51.83,60.81380873015872,8.98380873015872,rubric_assisted_random_forest,15,14
de-cloud-dammam,124,InnovationTeam,Java Microservices Internship Programme (Saudi Nationals),51.83,63.97933971157566,12.149339711575664,rubric_assisted_random_forest,15,3
de-cloud-dammam,125,Tamkeen Technologies,On the Job Training (Internship Program) — Technology field,38.0,42.592574194944824,4.592574194944824,rubric_assisted_random_forest,103,101
de-cloud-dammam,126,Trendyol Group,Trendyol Tech Talent - Bootcamp & COOP Internship Program (Saudi Students Only),36.0,40.370769666461754,4.370769666461754,rubric_assisted_random_forest,125,111
de-cloud-dammam,127,Ninja نينجا,COOP Training Program,36.0,40.34588450711601,4.345884507116011,rubric_assisted_random_forest,125,113
de-cloud-dammam,128,SCAI | سكاي,CO-OP Training Opportunities (Intern),53.83,61.00723826884917,7.177238268849173,rubric_assisted_random_forest,9,11
de-cloud-dammam,129,WalaPlus,Coop & Tamheer Opportunities,42.5,43.97602884162062,1.476028841620618,rubric_assisted_random_forest,77,83
de-cloud-dammam,130,Aon,IT Co-op Trainee 2026,42.5,43.960889952731726,1.4608899527317263,rubric_assisted_random_forest,77,86
de-cloud-dammam,131,Hewlett Packard Enterprise (HPE),College Intern (Coop),42.5,43.93130661939839,1.4313066193983914,rubric_assisted_random_forest,77,88
de-cloud-dammam,132,Signify,KSA Coop Internship Program,42.5,43.99397755956933,1.4939775595693305,rubric_assisted_random_forest,77,81
de-cloud-dammam,133,Help AG (e& enterprise),Cybersecurity Intern,33.5,36.273710272250554,2.773710272250554,rubric_assisted_random_forest,127,166
de-cloud-dammam,134,TrendAI (Trend Micro),CyberGATE Internship Program,42.5,43.97547328606506,1.4754732860650606,rubric_assisted_random_forest,77,84
de-cloud-dammam,135,Golf Saudi,IT Co-op Trainee,51.83,60.64397142857139,8.813971428571392,rubric_assisted_random_forest,15,15
de-cloud-dammam,136,Siemens Healthineers,Healthineers Early Talent Program – IT (Riyadh),42.5,43.896306619398395,1.3963066193983948,rubric_assisted_random_forest,77,89
de-cloud-dammam,137,1957 Ventures,Internship / Co-Op Program,51.83,60.33907261904759,8.509072619047593,rubric_assisted_random_forest,15,23
de-cloud-dammam,138,Nokia,Graduate Trainee (Saudi Arabia) – Fledgers Program,48.83,49.59899143792617,0.7689914379261751,rubric_assisted_random_forest,45,71
de-cloud-dammam,139,Ericsson,Summer Interns (Ericsson Saudi),47.33,53.84112287649851,6.511122876498511,rubric_assisted_random_forest,52,46
de-cloud-dammam,140,Bosch Middle East,Software Development Intern (AI/Cloud),56.5,62.453244812435436,5.953244812435436,rubric_assisted_random_forest,7,8
de-cloud-dammam,141,Saudi Payments | المدفوعات السعودية,COOP Training – August 2024,47.33,53.61342810818183,6.28342810818183,rubric_assisted_random_forest,52,53
de-cloud-dammam,142,Saudi Tadawul Group | تداول,Cooperative Training Program (COOP),51.83,60.34295178571425,8.51295178571425,rubric_assisted_random_forest,15,22
de-cloud-dammam,143,Lean Technologies,Software Engineering Intern – KSA,55.83,62.73257745535711,6.902577455357111,rubric_assisted_random_forest,8,6
de-cloud-dammam,144,Mirai (Scopely) | مِراي,AI Engineering Intern (GenAI),53.83,60.85368311011902,7.023683110119023,rubric_assisted_random_forest,9,13
de-cloud-dammam,145,HungerStation | هنقرستيشن,"Co-OP Trainee, Data Analysis – Info Sec",51.33,55.59851694345731,4.268516943457314,rubric_assisted_random_forest,35,39
de-cloud-dammam,146,NCGR | المركز الوطني لنظم الموارد الحكومية,Coop Training Program,38.0,42.65807419494482,4.658074194944817,rubric_assisted_random_forest,103,96
de-cloud-dammam,147,nybl,nybl Graduate Programme – Saudi Nationals (AI Bootcamp),37.83,40.87364583333331,3.043645833333315,rubric_assisted_random_forest,116,108
de-cloud-dammam,148,Procter & Gamble (P&G),P&G LEADgen Internship Program 2026 (Riyadh),38.0,42.70299086161149,4.7029908616114895,rubric_assisted_random_forest,103,91
de-cloud-dammam,149,New Murabba | المربع الجديد,New Murabba Co-op Training Program,42.5,44.119987174953955,1.6199871749539554,rubric_assisted_random_forest,77,79
de-cloud-dammam,150,Boeing Saudi Arabia Limited,Intern - Info Technology & Data Analytics (Riyadh),47.33,54.09788089398658,6.767880893986579,rubric_assisted_random_forest,52,44
de-cloud-dammam,151,Motorola Solutions,Deployment Engineer Intern (KSA National - Tamheer Program),42.5,43.97394550828729,1.4739455082872865,rubric_assisted_random_forest,77,85
de-cloud-dammam,152,Schneider Electric,Co-op Intern (Engineering) - Al Khobar (Jan–Aug 2026),49.5,47.84100241339292,1.6589975866070787,rubric_assisted_random_forest,41,72
de-cloud-dammam,153,Lockheed Martin,Tamheer Space Internship (Riyadh),42.5,44.03727884162061,1.537278841620612,rubric_assisted_random_forest,77,80
de-cloud-dammam,154,Markaba | مركبة,Start-up Software Intern – TAMHEER (Saudi nationals only),49.83,59.69976677489174,9.869766774891744,rubric_assisted_random_forest,37,33
de-cloud-dammam,155,Laverne Group | مجموعة لافيرن,Data Analyst / Data Engineer Intern (IT Department),59.83,67.26577638888887,7.435776388888868,rubric_assisted_random_forest,2,2
de-cloud-dammam,156,Meel | ميل,"Software Developer Internship (Remote, min 2 months)",56.83,62.575831845238056,5.745831845238058,rubric_assisted_random_forest,5,7
de-cloud-dammam,157,Nahdi Medical Co.,IT Internship / COOP Program (6 months),43.0,45.818599995533035,2.8185999955330345,rubric_assisted_random_forest,64,76
de-cloud-dammam,158,SMART Technology Solutions | سمارت لحلول التقنية,R&D Intern (Riyadh),51.83,60.111374314574256,8.281374314574258,rubric_assisted_random_forest,15,28
de-cloud-dammam,159,Knodemy Inc.,AI Developer & Tech Trainer Intern - Riyadh,53.83,60.86529413104253,7.035294131042534,rubric_assisted_random_forest,9,12
de-cloud-dammam,160,Water Transmission Company | شركة نقل المياه,Tamheer Internship Program (HRIS / Engineering & PM - Riyadh),51.83,60.2705821428571,8.440582142857103,rubric_assisted_random_forest,15,24
de-cloud-dammam,161,AFNOYS,"AI Automation Intern - KSA (Remote, 4 weeks)",52.33,56.411185205862814,4.081185205862816,rubric_assisted_random_forest,13,37
de-cloud-dammam,162,SAS,CareerStart@SAS 2026 - Presales Customer Intelligence Intern (Riyadh),48.83,55.07760396842567,6.247603968425672,rubric_assisted_random_forest,45,42
de-cloud-dammam,163,Devoteam,Trainee - Future Leaders Program (Co-op/Fresh Graduate),49.83,59.42148194444441,9.59148194444441,rubric_assisted_random_forest,37,35
de-cloud-dammam,164,ضالتي Dhallaty,Tech Intern: Fresh Grad or Student,48.83,53.925348736485745,5.095348736485747,rubric_assisted_random_forest,45,45
de-cloud-dammam,165,Innovative Solutions SA,Presales - Tamheer,31.5,36.93734326664602,5.4373432666460175,rubric_assisted_random_forest,165,142
de-cloud-dammam,166,HUMAIN,Tamheer Program (Software Engineer / Cybersecurity / MIS),49.83,59.39671676587299,9.56671676587299,rubric_assisted_random_forest,37,36
de-cloud-dammam,167,TAM | تام,"Tamheer Opportunity, Advisory",10.5,15.558888888888891,5.058888888888891,rubric_assisted_random_forest,173,172
de-cloud-dammam,168,هيئة التأمين | Insurance Authority,Tamheer Opportunity - Specialist of Information Security,31.5,36.59041468818154,5.090414688181539,rubric_assisted_random_forest,165,158
de-cloud-dammam,169,Snbla | سنبله,Paid Internship Program (FinTech),48.83,54.47609263254355,5.646092632543549,rubric_assisted_random_forest,45,43
de-cloud-dammam,170,2P Perfect Presentation,Data Analyst (Tamheer),45.33,53.510215937189066,8.180215937189068,rubric_assisted_random_forest,59,54
de-cloud-dammam,171,Infosys,Summer Intern (Infosys InStep ’26 – Bangalore),36.5,37.463935273244736,0.9639352732447364,rubric_assisted_random_forest,120,131
de-cloud-dammam,172,شركة الخدمات المدارة | Managed Services Company,Intern Cybersecurity Engineer,40.5,42.517515022904036,2.0175150229040355,rubric_assisted_random_forest,91,103
de-cloud-dammam,173,Abunayyan Holding,Data Analyst (Tamheer),45.33,53.833150229517095,8.503150229517097,rubric_assisted_random_forest,59,47
ce-network-dhahran,1,Saudi Aramco,University Internship Program (UIP),50.0,49.917249999999996,0.08275000000000432,rubric_assisted_random_forest,40,30
ce-network-dhahran,2,SABIC,COOP Training Program,43.0,40.86972569762698,2.1302743023730173,rubric_assisted_random_forest,91,102
ce-network-dhahran,3,stc (Saudi Telecom Company),Cooperative Training Program (COOP),47.0,44.710268099906635,2.289731900093365,rubric_assisted_random_forest,51,66
ce-network-dhahran,4,Saudi National Bank (SNB),SNB Cooperative Training Program,45.0,43.67177134870219,1.3282286512978132,rubric_assisted_random_forest,74,83
ce-network-dhahran,5,Al Rajhi Bank,Cooperative Training Program,45.0,44.69972358336235,0.3002764166376508,rubric_assisted_random_forest,74,67
ce-network-dhahran,6,Capital Market Authority (CMA),COOP Program,40.0,40.08164382402585,0.08164382402585346,rubric_assisted_random_forest,104,116
ce-network-dhahran,7,Digital Government Authority (DGA),Maidan Cooperative Training Program,40.0,40.36088453975239,0.36088453975239076,rubric_assisted_random_forest,104,109
ce-network-dhahran,8,KPMG Saudi Arabia,COOP & Internship Programs,45.0,44.959722222222226,0.040277777777774304,rubric_assisted_random_forest,74,47
ce-network-dhahran,9,PwC Middle East,"Deals, COOP and Summer Internship Programme (2026)",44.5,44.41663489521126,0.08336510478874004,rubric_assisted_random_forest,79,75
ce-network-dhahran,10,Deloitte Middle East (KSA),Jusoor Al Sharqiyah Internship Program,59.0,49.742227095341356,9.257772904658644,rubric_assisted_random_forest,14,31
ce-network-dhahran,11,Bank Albilad,Cooperative & Summer Training Program,67.0,56.376899273989885,10.623100726010115,rubric_assisted_random_forest,2,3
ce-network-dhahran,12,Tamara,Tamara Builders Program,49.0,46.388004957110084,2.611995042889916,rubric_assisted_random_forest,42,33
ce-network-dhahran,13,Bupa Arabia,Cooperative Training Program,40.0,40.31921787308572,0.31921787308571936,rubric_assisted_random_forest,104,111
ce-network-dhahran,14,Saudi Exports (Saudi Export Development Authority),COOP & Summer Training (FAQ-confirmed),45.0,44.9337962962963,0.06620370370369955,rubric_assisted_random_forest,74,51
ce-network-dhahran,15,Local Content and Government Procurement Authority (LCGPA),COOP Training (role posting),40.0,40.38528357821393,0.38528357821392945,rubric_assisted_random_forest,104,106
ce-network-dhahran,16,McKinsey & Company (Maqdira),Maqdira Fellowship Program,44.5,44.42402378410016,0.07597621589984271,rubric_assisted_random_forest,79,74
ce-network-dhahran,17,Boston Consulting Group (BCG),Visiting Associate Internship (Riyadh),47.0,44.856864239877765,2.1431357601222345,rubric_assisted_random_forest,51,58
ce-network-dhahran,18,Bain & Company,COOP Training Program (Riyadh),40.0,40.381827522208525,0.3818275222085248,rubric_assisted_random_forest,104,107
ce-network-dhahran,19,Amazon Web Services (AWS),IT/Computer Hardware Internship (Intern-to-FTE Pathway),55.0,54.03264966931216,0.967350330687843,rubric_assisted_random_forest,20,21
ce-network-dhahran,20,Amazon Web Services (AWS) - Associate Solutions Architect Intern,Associate Solutions Architect Intern (2026),52.0,42.93080351187593,9.06919648812407,rubric_assisted_random_forest,27,84
ce-network-dhahran,21,Google (Saudi Arabia),Google Careers (Saudi location filter),40.0,41.36970278904875,1.3697027890487519,rubric_assisted_random_forest,104,98
ce-network-dhahran,22,BlackRock,Client & Product Summer Internship Programme (EMEA) - includes Riyadh,34.5,34.534646175073235,0.03464617507323453,rubric_assisted_random_forest,145,152
ce-network-dhahran,23,noon,Student Internship,30.0,30.11730123619615,0.1173012361961483,rubric_assisted_random_forest,163,165
ce-network-dhahran,24,MOZN,Data Science Intern,34.5,34.625184507118256,0.1251845071182558,rubric_assisted_random_forest,145,145
ce-network-dhahran,25,Elm,Elm Co-op Training Program (March 2026 Intake),40.0,40.31921787308572,0.31921787308571936,rubric_assisted_random_forest,104,111
ce-network-dhahran,26,Yasref,Yasref Cooperative Training Program,65.0,56.205704846014484,8.794295153985516,rubric_assisted_random_forest,3,10
ce-network-dhahran,27,"Saudi Standards, Metrology and Quality Organization (SASO)",Cooperative Training (Collaborative Training),62.0,56.40980993867243,5.590190061327569,rubric_assisted_random_forest,4,2
ce-network-dhahran,28,"Zakat, Tax and Customs Authority (ZATCA)",Binaa-Alkafaat Program,35.0,34.929088890229515,0.07091110977048487,rubric_assisted_random_forest,144,142
ce-network-dhahran,29,Human Resources Development Fund (HRDF) – Cooperative Training Product,Cooperative Training (HRDF product),20.5,20.5,0.0,rubric_assisted_random_forest,171,171
ce-network-dhahran,30,EXPRO,COOP Training (Future Makers Program),40.0,40.01748688559733,0.017486885597328694,rubric_assisted_random_forest,104,119
ce-network-dhahran,31,Ministry of Industry and Mineral Resources (MIM) – Cooperative Training Initiative,Cooperative Training Initiative,20.5,20.5,0.0,rubric_assisted_random_forest,171,171
ce-network-dhahran,32,TBC (The Beauty Company),Cooperative Training Program,45.0,44.917777777777786,0.08222222222221376,rubric_assisted_random_forest,74,52
ce-network-dhahran,33,National Center for Vegetation Cover Development & Combating Desertification (NCVC),COOP Training Program,40.0,39.97853301604496,0.021466983955036767,rubric_assisted_random_forest,104,120
ce-network-dhahran,34,Saudi Power Procurement Company (SPPC),Future Power – COOP Training Program,40.0,39.953786805504016,0.0462131944959836,rubric_assisted_random_forest,104,123
ce-network-dhahran,35,TBC (Tatweer Building Company),Cooperative Training Program,40.0,39.944173515743664,0.05582648425633607,rubric_assisted_random_forest,104,125
ce-network-dhahran,36,PwC Middle East (Assurance COOP & Summer Internship Programme 2026),"Assurance, COOP and Summer Internship Programme 2026 – Middle East",44.5,44.40940458271127,0.090595417288732,rubric_assisted_random_forest,79,77
ce-network-dhahran,37,KAPSARC,Intern (Coop- Trainee),49.0,46.11515773488786,2.884842265112141,rubric_assisted_random_forest,42,38
ce-network-dhahran,38,BSF (Banque Saudi Fransi),COOP / Internship,47.0,44.86108926587301,2.1389107341269877,rubric_assisted_random_forest,51,56
ce-network-dhahran,39,Saudi Food & Drug Authority (SFDA),COOP training (First semester 2025-2026 intake),52.0,44.89811704365079,7.101882956349208,rubric_assisted_random_forest,27,54
ce-network-dhahran,40,Saudi Power Procurement Company (SPPC) – Future Power (Business Admin COOP),Future Power – Business Administration COOP Training Program,40.0,40.036320567301395,0.0363205673013951,rubric_assisted_random_forest,104,117
ce-network-dhahran,41,Bank Albilad,Cooperative and Summer Training Program,47.0,44.726851080447325,2.273148919552675,rubric_assisted_random_forest,51,64
ce-network-dhahran,42,The Saudi National Bank (SNB),SNB Rowad Program,30.0,30.248183531357075,0.24818353135707483,rubric_assisted_random_forest,163,163
ce-network-dhahran,43,National Cybersecurity Authority (NCA) – Academy,Cybersecurity training programs (academy),51.0,55.26237554392095,4.262375543920953,rubric_assisted_random_forest,39,20
ce-network-dhahran,44,PIF | Graduate Development Program,Graduate Development Program (GDP),34.5,34.550345026881715,0.050345026881714716,rubric_assisted_random_forest,145,151
ce-network-dhahran,45,NEOM | GrOW (Graduates Opportunities in Work),GrOW (Graduates Opportunities in Work),53.5,44.171885945966366,9.328114054033634,rubric_assisted_random_forest,24,81
ce-network-dhahran,46,ROSHN | COOP Trainee Program,COOP Trainee Program,40.0,39.93288798149142,0.06711201850858117,rubric_assisted_random_forest,104,128
ce-network-dhahran,47,Microsoft | Ru'aa Program (Riyadh),Ru'aa Program Internship (Solution Engineering),39.0,37.038913639547474,1.9610863604525264,rubric_assisted_random_forest,129,140
ce-network-dhahran,48,Oracle | Business Development Intern (KSA market),Business Development Intern (KSA market),31.5,31.462421637856504,0.037578362143495525,rubric_assisted_random_forest,160,160
ce-network-dhahran,49,SAP | Student Internship (Riyadh),Student Internship - Riyadh,30.0,30.050467533787444,0.05046753378744384,rubric_assisted_random_forest,163,169
ce-network-dhahran,50,SAB (Saudi Awwal Bank) | Cooperative Training Programme (COOP),SAB Cooperative Training Programme (COOP),40.0,40.24918922659636,0.24918922659635712,rubric_assisted_random_forest,104,113
ce-network-dhahran,51,Ministry of Finance (Saudi Arabia) | Cooperative Training Program,Cooperative Training Program,36.5,41.78812725211157,5.288127252111572,rubric_assisted_random_forest,141,91
ce-network-dhahran,52,Ministry of Industry and Mineral Resources | Cooperative Training,Cooperative Training Initiative,41.5,41.930022085199965,0.43002208519996543,rubric_assisted_random_forest,96,87
ce-network-dhahran,53,King Fahd Causeway Authority | Internship Program,Internship Program,53.5,45.028471237149894,8.471528762850106,rubric_assisted_random_forest,24,44
ce-network-dhahran,54,Tawuniya | Tamheer Program (Fresh Graduates),Tamheer Program,55.0,45.798639353135904,9.201360646864096,rubric_assisted_random_forest,20,42
ce-network-dhahran,55,SAMA | SAMA Professional Program (SPP),SAMA Professional Program (SPP),26.5,27.900896764292543,1.4008967642925434,rubric_assisted_random_forest,170,170
ce-network-dhahran,56,HRDF | Cooperative Training Product,Cooperative Training Product,41.5,41.5031109831866,0.0031109831866018567,rubric_assisted_random_forest,96,97
ce-network-dhahran,57,IBM,"Automation, Data & AI – Intern",42.5,41.530691644971355,0.9693083550286445,rubric_assisted_random_forest,92,96
ce-network-dhahran,58,Unifonic,Internship (Unifonic),34.5,34.60014066180235,0.10014066180234948,rubric_assisted_random_forest,145,147
ce-network-dhahran,59,Misk Foundation,Misk Traineeship / Internship Program,33.0,32.05428976815464,0.9457102318453607,rubric_assisted_random_forest,155,159
ce-network-dhahran,60,Cisco,Cisco NetVersity (Saudi Arabia),54.0,47.50573149082003,6.4942685091799675,rubric_assisted_random_forest,23,32
ce-network-dhahran,61,KAUST,Visiting Student Research Program (VSRP) Internship,30.0,30.104058739966884,0.10405873996688442,rubric_assisted_random_forest,163,167
ce-network-dhahran,62,General Authority for Statistics (GASTAT),Cooperative Training Program,44.5,44.21361396267158,0.2863860373284197,rubric_assisted_random_forest,79,80
ce-network-dhahran,63,Saudi Center for Opinion Polling (SCOP),Cooperative Training Program,44.5,44.223793886914,0.27620611308599763,rubric_assisted_random_forest,79,79
ce-network-dhahran,64,Al Rajhi Takaful,Cooperative Training Program,56.0,55.54098407566699,0.4590159243330092,rubric_assisted_random_forest,15,16
ce-network-dhahran,65,Expenditure & Projects Efficiency Authority (EXPRO),Future Makers (صنّاع المستقبل) – Cooperative Training,40.0,39.944173515743664,0.05582648425633607,rubric_assisted_random_forest,104,125
ce-network-dhahran,66,Ministry of Finance (Saudi Arabia),Cooperative Training Program (Ministry of Finance),40.0,41.5382376720231,1.5382376720231008,rubric_assisted_random_forest,104,95
ce-network-dhahran,67,General Entertainment Authority (GEA),GEA Cooperative Training Program,40.0,39.956800989901176,0.04319901009882443,rubric_assisted_random_forest,104,122
ce-network-dhahran,68,Banque Saudi Fransi (BSF),COOP Training,47.0,44.5907420436508,2.409257956349201,rubric_assisted_random_forest,51,70
ce-network-dhahran,69,Arab National Bank (ANB),COOP Trainee,47.0,44.90251982142857,2.0974801785714305,rubric_assisted_random_forest,51,53
ce-network-dhahran,70,Tamara,Builders Program,47.0,44.786288580447334,2.2137114195526664,rubric_assisted_random_forest,51,62
ce-network-dhahran,71,OmniOps,Co‑op Training Program,56.0,55.70315505045228,0.2968449495477188,rubric_assisted_random_forest,15,15
ce-network-dhahran,72,Tatweer Educational Technologies (TETCO),Cooperative Training Program,62.0,56.29066594065656,5.7093340593434405,rubric_assisted_random_forest,4,4
ce-network-dhahran,73,The Saudi Investment Bank (SAIB),Cooperative Program,47.0,44.675566358225105,2.3244336417748954,rubric_assisted_random_forest,51,68
ce-network-dhahran,74,Saudi Awwal Bank (SAB),COOP Program,47.0,44.80890871031746,2.1910912896825394,rubric_assisted_random_forest,51,60
ce-network-dhahran,75,Riyad Bank,Internships and Coop Trainings (CSR 2019),47.0,44.99202421536797,2.0079757846320305,rubric_assisted_random_forest,51,45
ce-network-dhahran,76,Tabby,Intern DevOps Engineer,41.5,41.91135262527473,0.4113526252747306,rubric_assisted_random_forest,96,88
ce-network-dhahran,77,Tabby,Intern Backend (GO) Engineer,39.0,39.20135602788313,0.20135602788312923,rubric_assisted_random_forest,129,130
ce-network-dhahran,78,Tabby,Intern Frontend Engineer,39.0,37.15470286299613,1.8452971370038682,rubric_assisted_random_forest,129,133
ce-network-dhahran,79,Tabby,Intern Data Engineer,39.0,37.24345980744058,1.7565401925594202,rubric_assisted_random_forest,129,132
ce-network-dhahran,80,Tabby,No-Code / AI Agents Engineering Intern,39.0,37.15470286299613,1.8452971370038682,rubric_assisted_random_forest,129,133
ce-network-dhahran,81,Bank Albilad,Cooperative Training Program,52.0,44.935106130952384,7.064893869047616,rubric_assisted_random_forest,27,50
ce-network-dhahran,82,Saudi Ground Services (SGS),COOP Program,40.0,39.922465706873986,0.07753429312601412,rubric_assisted_random_forest,104,129
ce-network-dhahran,83,CEER,Cooperative Training Program (COOP),40.0,40.37278357821393,0.3727835782139266,rubric_assisted_random_forest,104,108
ce-network-dhahran,84,Al Rajhi Takaful,Coop Training Program,47.0,44.942797599206344,2.0572024007936562,rubric_assisted_random_forest,51,49
ce-network-dhahran,85,TAWAL,COOP Training Program,56.0,55.53098282823006,0.4690171717699414,rubric_assisted_random_forest,15,17
ce-network-dhahran,86,Wakeb_Data,COOP Training,49.0,46.12720806270014,2.8727919372998585,rubric_assisted_random_forest,42,37
ce-network-dhahran,87,Banque Saudi Fransi (BSF),Coop Training Program,47.0,44.96988093253968,2.030119067460319,rubric_assisted_random_forest,51,46
ce-network-dhahran,88,Tech Economy,COOP Training Program,47.0,44.788075376984125,2.211924623015875,rubric_assisted_random_forest,51,61
ce-network-dhahran,89,SAMI Advanced Electronics (SAMI-AEC),Coop Trainee,47.0,44.74210315476191,2.2578968452380934,rubric_assisted_random_forest,51,63
ce-network-dhahran,90,NHC,COOP Trainee,52.0,45.14054759920635,6.85945240079365,rubric_assisted_random_forest,27,43
ce-network-dhahran,91,REMAT ADVANCED,Cooperative Training Program,62.0,56.26184129518359,5.7381587048164135,rubric_assisted_random_forest,4,6
ce-network-dhahran,92,SDM,AI COOP,44.5,44.533991896774516,0.033991896774516306,rubric_assisted_random_forest,79,72
ce-network-dhahran,93,HUED,HUED COOP Program 2026,49.0,46.19432440155453,2.805675598445468,rubric_assisted_random_forest,42,36
ce-network-dhahran,94,Araamis • أرامس,Araamis COOP Program 2026,49.0,46.04349662377675,2.956503376223253,rubric_assisted_random_forest,42,40
ce-network-dhahran,95,ARDARA,COOP Training for Students,40.0,39.97853301604496,0.021466983955036767,rubric_assisted_random_forest,104,120
ce-network-dhahran,96,flynas,COOP Trainee / Internship Program,44.5,44.4110932285446,0.08890677145539883,rubric_assisted_random_forest,79,76
ce-network-dhahran,97,Saudi Motorsport Company (SMC),COOP Trainee (IT Asset Project Management),44.5,44.44109791604459,0.05890208395540952,rubric_assisted_random_forest,79,73
ce-network-dhahran,98,Saudi Motorsport Company (SMC),COOP Trainee (Supply Chain Excellence Associate),51.5,51.26054173591,0.23945826408999693,rubric_assisted_random_forest,33,27
ce-network-dhahran,99,Mobily,Cooperative Training Program,47.0,44.94888977092352,2.051110229076478,rubric_assisted_random_forest,51,48
ce-network-dhahran,100,Saudi Awwal Bank (SAB),Student Opportunities: Cooperative / Practical Training,47.0,44.71883024711399,2.281169752886008,rubric_assisted_random_forest,51,65
ce-network-dhahran,101,Alvarez & Marsal,COOP Training Program,47.0,44.881825376984125,2.118174623015875,rubric_assisted_random_forest,51,55
ce-network-dhahran,102,Visa,COOP Trainee (Jan 2026),40.0,40.01828986962073,0.018289869620730315,rubric_assisted_random_forest,104,118
ce-network-dhahran,103,Zain KSA,Evolve Program (Fresh Graduates),37.0,36.69211032924094,0.30788967075906015,rubric_assisted_random_forest,140,141
ce-network-dhahran,104,Zain KSA,Zain Pioneers Program,52.0,42.912296765994235,9.087703234005765,rubric_assisted_random_forest,27,85
ce-network-dhahran,105,Savvy Games Group,Cooperative Training Program (Co-op),47.0,44.85126982142857,2.1487301785714266,rubric_assisted_random_forest,51,59
ce-network-dhahran,106,Bank AlJazira,Tamheer Program,30.0,30.153052306331126,0.15305230633112643,rubric_assisted_random_forest,163,164
ce-network-dhahran,107,sirar by stc,Cooperative Training Program,56.0,55.28999743396483,0.7100025660351719,rubric_assisted_random_forest,15,19
ce-network-dhahran,108,Gathern,Co-op Program,49.0,46.34558396755526,2.6544160324447432,rubric_assisted_random_forest,42,34
ce-network-dhahran,109,Elm Company (شركة علم),Coop Training - Computer Science (Jan/Mar/Jun/Aug 2025 Intake),44.5,44.53669941240703,0.03669941240703167,rubric_assisted_random_forest,79,71
ce-network-dhahran,110,Elm Company (شركة علم),Co-Op Training - Information Technology (Jun & Aug 2025 Intake),44.5,44.63216601293613,0.13216601293613195,rubric_assisted_random_forest,79,69
ce-network-dhahran,111,EJADA,COOP Administration & Support Engineer,47.0,44.85899429038282,2.1410057096171826,rubric_assisted_random_forest,51,57
ce-network-dhahran,112,Emdad By Elm,Network Cooperative Training (Network Intern),62.0,56.01571813050105,5.98428186949895,rubric_assisted_random_forest,4,13
ce-network-dhahran,113,AILA,Co-op Training Programme,44.5,44.333480216419694,0.1665197835803056,rubric_assisted_random_forest,79,78
ce-network-dhahran,114,Foodics,Foodics 360 Internship Program,34.5,34.57351423062879,0.07351423062878837,rubric_assisted_random_forest,145,149
ce-network-dhahran,115,Salla,برنامج التدريب التعاوني (Coop Training) – Salla,44.5,43.98462991084378,0.515370089156221,rubric_assisted_random_forest,79,82
ce-network-dhahran,116,Lucidya,Technical Internship or Coop – Lucidya,51.5,51.055197559008846,0.44480244099115396,rubric_assisted_random_forest,33,28
ce-network-dhahran,117,Diriyah Company,Diriyah Co-op Training Program,40.0,40.180389890476704,0.18038989047670384,rubric_assisted_random_forest,104,114
ce-network-dhahran,118,Riyadh Air,Co-op – Riyadh Air,40.0,39.953786805504016,0.0462131944959836,rubric_assisted_random_forest,104,123
ce-network-dhahran,119,Jahez Group,Jahez Internship Program (as described in Sustainability Report),30.0,30.067155033787444,0.06715503378744359,rubric_assisted_random_forest,163,168
ce-network-dhahran,120,Lumi | لومي,COOP Intern 2025 – Lumi,40.0,40.10585340749157,0.10585340749157268,rubric_assisted_random_forest,104,115
ce-network-dhahran,121,webook.com,COOP Trainee Opportunities – webook.com,40.0,39.944173515743664,0.05582648425633607,rubric_assisted_random_forest,104,125
ce-network-dhahran,122,moneymoon,Tech & AI Co-op Program 2025,51.5,51.44034369307623,0.05965630692377033,rubric_assisted_random_forest,33,24
ce-network-dhahran,123,EjadTech - إيجاد التقنية,"Summer Internship Program 2025 (Computer, Data, and AI Majors)",35.5,33.96402816036161,1.5359718396383926,rubric_assisted_random_forest,142,154
ce-network-dhahran,124,InnovationTeam,Java Microservices Internship Programme (Saudi Nationals),42.5,40.9472794400416,1.5527205599584022,rubric_assisted_random_forest,92,101
ce-network-dhahran,125,Tamkeen Technologies,On the Job Training (Internship Program) — Technology field,34.5,34.615166016343075,0.11516601634307477,rubric_assisted_random_forest,145,146
ce-network-dhahran,126,Trendyol Group,Trendyol Tech Talent - Bootcamp & COOP Internship Program (Saudi Students Only),41.0,40.686089560476155,0.3139104395238448,rubric_assisted_random_forest,102,105
ce-network-dhahran,127,Ninja نينجا,COOP Training Program,41.0,40.691094837083355,0.3089051629166448,rubric_assisted_random_forest,102,104
ce-network-dhahran,128,SCAI | سكاي,CO-OP Training Opportunities (Intern),56.0,55.76070918991719,0.23929081008280662,rubric_assisted_random_forest,15,14
ce-network-dhahran,129,WalaPlus,Coop & Tamheer Opportunities,62.0,56.242790699945495,5.757209300054505,rubric_assisted_random_forest,4,9
ce-network-dhahran,130,Aon,IT Co-op Trainee 2026,62.0,56.24429180631194,5.755708193688058,rubric_assisted_random_forest,4,8
ce-network-dhahran,131,Hewlett Packard Enterprise (HPE),College Intern (Coop),62.0,56.19315845057717,5.806841549422828,rubric_assisted_random_forest,4,11
ce-network-dhahran,132,Signify,KSA Coop Internship Program,62.0,56.252510037878764,5.747489962121236,rubric_assisted_random_forest,4,7
ce-network-dhahran,133,Help AG (e& enterprise),Cybersecurity Intern,46.0,41.75286086153598,4.247139138464021,rubric_assisted_random_forest,70,92
ce-network-dhahran,134,TrendAI (Trend Micro),CyberGATE Internship Program,46.0,41.64777902947828,4.352220970521721,rubric_assisted_random_forest,70,93
ce-network-dhahran,135,Golf Saudi,IT Co-op Trainee,62.0,56.09557300670876,5.9044269932912385,rubric_assisted_random_forest,4,12
ce-network-dhahran,136,Siemens Healthineers,Healthineers Early Talent Program – IT (Riyadh),52.0,42.601397885330826,9.398602114669174,rubric_assisted_random_forest,27,86
ce-network-dhahran,137,1957 Ventures,Internship / Co-Op Program,49.0,45.987464015081095,3.0125359849189053,rubric_assisted_random_forest,42,41
ce-network-dhahran,138,Nokia,Graduate Trainee (Saudi Arabia) – Fledgers Program,41.5,41.10810360237976,0.3918963976202434,rubric_assisted_random_forest,96,100
ce-network-dhahran,139,Ericsson,Summer Interns (Ericsson Saudi),41.5,40.70881584673974,0.7911841532602608,rubric_assisted_random_forest,96,103
ce-network-dhahran,140,Bosch Middle East,Software Development Intern (AI/Cloud),46.0,41.845340118139475,4.154659881860525,rubric_assisted_random_forest,70,89
ce-network-dhahran,141,Saudi Payments | المدفوعات السعودية,COOP Training – August 2024,51.5,51.34945323313443,0.1505467668655669,rubric_assisted_random_forest,33,25
ce-network-dhahran,142,Saudi Tadawul Group | تداول,Cooperative Training Program (COOP),62.0,56.47076665750244,5.529233342497562,rubric_assisted_random_forest,4,1
ce-network-dhahran,143,Lean Technologies,Software Engineering Intern – KSA,49.0,50.434367212557525,1.4343672125575253,rubric_assisted_random_forest,42,29
ce-network-dhahran,144,Mirai (Scopely) | مِراي,AI Engineering Intern (GenAI),39.0,37.07232786299614,1.92767213700386,rubric_assisted_random_forest,129,139
ce-network-dhahran,145,HungerStation | هنقرستيشن,"Co-OP Trainee, Data Analysis – Info Sec",51.5,51.62632346344429,0.1263234634442867,rubric_assisted_random_forest,33,23
ce-network-dhahran,146,NCGR | المركز الوطني لنظم الموارد الحكومية,Coop Training Program,51.5,51.32001306295783,0.17998693704217317,rubric_assisted_random_forest,33,26
ce-network-dhahran,147,nybl,nybl Graduate Programme – Saudi Nationals (AI Bootcamp),30.0,30.109363896153564,0.1093638961535639,rubric_assisted_random_forest,163,166
ce-network-dhahran,148,Procter & Gamble (P&G),P&G LEADgen Internship Program 2026 (Riyadh),34.5,34.58605931259601,0.08605931259600652,rubric_assisted_random_forest,145,148
ce-network-dhahran,149,New Murabba | المربع الجديد,New Murabba Co-op Training Program,49.0,46.27914804285888,2.7208519571411216,rubric_assisted_random_forest,42,35
ce-network-dhahran,150,Boeing Saudi Arabia Limited,Intern - Info Technology & Data Analytics (Riyadh),41.5,41.17897073427238,0.32102926572761703,rubric_assisted_random_forest,96,99
ce-network-dhahran,151,Motorola Solutions,Deployment Engineer Intern (KSA National - Tamheer Program),55.0,53.92506792328041,1.0749320767195911,rubric_assisted_random_forest,20,22
ce-network-dhahran,152,Schneider Electric,Co-op Intern (Engineering) - Al Khobar (Jan–Aug 2026),69.0,56.26337150351692,12.736628496483078,rubric_assisted_random_forest,1,5
ce-network-dhahran,153,Lockheed Martin,Tamheer Space Internship (Riyadh),39.0,37.142157781028914,1.8578422189710864,rubric_assisted_random_forest,129,135
ce-network-dhahran,154,Markaba | مركبة,Start-up Software Intern – TAMHEER (Saudi nationals only),35.5,33.83302699725268,1.6669730027473193,rubric_assisted_random_forest,142,156
ce-network-dhahran,155,Laverne Group | مجموعة لافيرن,Data Analyst / Data Engineer Intern (IT Department),46.0,41.82351492581042,4.1764850741895785,rubric_assisted_random_forest,70,90
ce-network-dhahran,156,Meel | ميل,"Software Developer Internship (Remote, min 2 months)",39.0,39.132689361216464,0.1326893612164639,rubric_assisted_random_forest,129,131
ce-network-dhahran,157,Nahdi Medical Co.,IT Internship / COOP Program (6 months),49.5,46.07071982700739,3.4292801729926126,rubric_assisted_random_forest,41,39
ce-network-dhahran,158,SMART Technology Solutions | سمارت لحلول التقنية,R&D Intern (Riyadh),39.0,37.142157781028914,1.8578422189710864,rubric_assisted_random_forest,129,135
ce-network-dhahran,159,Knodemy Inc.,AI Developer & Tech Trainer Intern - Riyadh,39.0,37.12775941061518,1.8722405893848233,rubric_assisted_random_forest,129,138
ce-network-dhahran,160,Water Transmission Company | شركة نقل المياه,Tamheer Internship Program (HRIS / Engineering & PM - Riyadh),39.0,37.142157781028914,1.8578422189710864,rubric_assisted_random_forest,129,135
ce-network-dhahran,161,AFNOYS,"AI Automation Intern - KSA (Remote, 4 weeks)",34.5,34.55802867725787,0.058028677257873085,rubric_assisted_random_forest,145,150
ce-network-dhahran,162,SAS,CareerStart@SAS 2026 - Presales Customer Intelligence Intern (Riyadh),33.0,33.45534010520251,0.45534010520250945,rubric_assisted_random_forest,155,157
ce-network-dhahran,163,Devoteam,Trainee - Future Leaders Program (Co-op/Fresh Graduate),52.5,55.30758918572393,2.807589185723927,rubric_assisted_random_forest,26,18
ce-network-dhahran,164,ضالتي Dhallaty,Tech Intern: Fresh Grad or Student,33.0,33.893661248420095,0.893661248420095,rubric_assisted_random_forest,155,155
ce-network-dhahran,165,Innovative Solutions SA,Presales - Tamheer,33.5,34.720000198412684,1.2200001984126843,rubric_assisted_random_forest,153,144
ce-network-dhahran,166,HUMAIN,Tamheer Program (Software Engineer / Cybersecurity / MIS),42.5,40.35606999423997,2.1439300057600335,rubric_assisted_random_forest,92,110
ce-network-dhahran,167,TAM | تام,"Tamheer Opportunity, Advisory",5.5,5.75,0.25,rubric_assisted_random_forest,173,173
ce-network-dhahran,168,هيئة التأمين | Insurance Authority,Tamheer Opportunity - Specialist of Information Security,33.5,34.737616442199766,1.2376164421997657,rubric_assisted_random_forest,153,143
ce-network-dhahran,169,Snbla | سنبله,Paid Internship Program (FinTech),33.0,34.168818046665706,1.1688180466657059,rubric_assisted_random_forest,155,153
ce-network-dhahran,170,2P Perfect Presentation,Data Analyst (Tamheer),31.0,31.045332300868598,0.04533230086859774,rubric_assisted_random_forest,161,162
ce-network-dhahran,171,Infosys,Summer Intern (Infosys InStep ’26 – Bangalore),33.0,32.363661172552945,0.6363388274470552,rubric_assisted_random_forest,155,158
ce-network-dhahran,172,شركة الخدمات المدارة | Managed Services Company,Intern Cybersecurity Engineer,42.5,41.608493161182544,0.8915068388174561,rubric_assisted_random_forest,92,94
ce-network-dhahran,173,Abunayyan Holding,Data Analyst (Tamheer),31.0,31.05757436436066,0.057574364360661434,rubric_assisted_random_forest,161,161
eastern-province-cys,1,Saudi Aramco,University Internship Program (UIP),64.0,62.02326388888889,1.9767361111111086,rubric_assisted_random_forest,49,56
eastern-province-cys,2,SABIC,COOP Training Program,57.0,56.698791894972125,0.3012081050278752,rubric_assisted_random_forest,85,79
eastern-province-cys,3,stc (Saudi Telecom Company),Cooperative Training Program (COOP),68.0,68.0850488185216,0.0850488185215994,rubric_assisted_random_forest,43,43
eastern-province-cys,4,Saudi National Bank (SNB),SNB Cooperative Training Program,59.0,58.96957070707071,0.030429292929291307,rubric_assisted_random_forest,61,60
eastern-province-cys,5,Al Rajhi Bank,Cooperative Training Program,59.0,58.89318181818182,0.10681818181817704,rubric_assisted_random_forest,61,61
eastern-province-cys,6,Capital Market Authority (CMA),COOP Program,54.0,53.88105758737777,0.11894241262223204,rubric_assisted_random_forest,90,88
eastern-province-cys,7,Digital Government Authority (DGA),Maidan Cooperative Training Program,54.0,53.823039637984195,0.17696036201580512,rubric_assisted_random_forest,90,92
eastern-province-cys,8,KPMG Saudi Arabia,COOP & Internship Programs,45.0,44.934027777777786,0.06597222222221433,rubric_assisted_random_forest,126,127
eastern-province-cys,9,PwC Middle East,"Deals, COOP and Summer Internship Programme (2026)",44.5,44.48636180493349,0.013638195066512537,rubric_assisted_random_forest,130,131
eastern-province-cys,10,Deloitte Middle East (KSA),Jusoor Al Sharqiyah Internship Program,58.5,57.790857026772386,0.709142973227614,rubric_assisted_random_forest,63,78
eastern-province-cys,11,Bank Albilad,Cooperative & Summer Training Program,63.5,58.56718682798684,4.932813172013162,rubric_assisted_random_forest,50,62
eastern-province-cys,12,Tamara,Tamara Builders Program,58.5,58.38987897494845,0.11012102505154786,rubric_assisted_random_forest,63,74
eastern-province-cys,13,Bupa Arabia,Cooperative Training Program,40.0,39.60472367481768,0.3952763251823228,rubric_assisted_random_forest,142,145
eastern-province-cys,14,Saudi Exports (Saudi Export Development Authority),COOP & Summer Training (FAQ-confirmed),45.0,44.846250000000005,0.15374999999999517,rubric_assisted_random_forest,126,128
eastern-province-cys,15,Local Content and Government Procurement Authority (LCGPA),COOP Training (role posting),40.0,39.7245067434758,0.2754932565242001,rubric_assisted_random_forest,142,142
eastern-province-cys,16,McKinsey & Company (Maqdira),Maqdira Fellowship Program,44.5,44.46391736048904,0.03608263951095836,rubric_assisted_random_forest,130,133
eastern-province-cys,17,Boston Consulting Group (BCG),Visiting Associate Internship (Riyadh),63.0,61.52698837980561,1.4730116201943915,rubric_assisted_random_forest,57,59
eastern-province-cys,18,Bain & Company,COOP Training Program (Riyadh),40.0,39.515747980373234,0.4842520196267657,rubric_assisted_random_forest,142,148
eastern-province-cys,19,Amazon Web Services (AWS),IT/Computer Hardware Internship (Intern-to-FTE Pathway),54.5,49.629570955433465,4.870429044566535,rubric_assisted_random_forest,88,106
eastern-province-cys,20,Amazon Web Services (AWS) - Associate Solutions Architect Intern,Associate Solutions Architect Intern (2026),53.0,52.224297645387246,0.7757023546127542,rubric_assisted_random_forest,103,103
eastern-province-cys,21,Google (Saudi Arabia),Google Careers (Saudi location filter),61.0,61.538695307432754,0.5386953074327536,rubric_assisted_random_forest,60,58
eastern-province-cys,22,BlackRock,Client & Product Summer Internship Programme (EMEA) - includes Riyadh,34.5,34.512384125390355,0.012384125390354939,rubric_assisted_random_forest,154,158
eastern-province-cys,23,noon,Student Internship,30.0,29.177764463499845,0.8222355365001555,rubric_assisted_random_forest,168,168
eastern-province-cys,24,MOZN,Data Science Intern,34.5,34.60247351548681,0.10247351548680683,rubric_assisted_random_forest,154,153
eastern-province-cys,25,Elm,Elm Co-op Training Program (March 2026 Intake),40.0,39.60472367481768,0.3952763251823228,rubric_assisted_random_forest,142,145
eastern-province-cys,26,Yasref,Yasref Cooperative Training Program,75.5,71.91450507578682,3.5854949242131795,rubric_assisted_random_forest,33,35
eastern-province-cys,27,"Saudi Standards, Metrology and Quality Organization (SASO)",Cooperative Training (Collaborative Training),58.5,54.74044155524816,3.759558444751839,rubric_assisted_random_forest,63,85
eastern-province-cys,28,"Zakat, Tax and Customs Authority (ZATCA)",Binaa-Alkafaat Program,35.0,34.385041666666666,0.6149583333333339,rubric_assisted_random_forest,153,160
eastern-province-cys,29,Human Resources Development Fund (HRDF) – Cooperative Training Product,Cooperative Training (HRDF product),20.5,20.391666666666666,0.10833333333333428,rubric_assisted_random_forest,171,171
eastern-province-cys,30,EXPRO,COOP Training (Future Makers Program),40.0,39.640945265726764,0.3590547342732364,rubric_assisted_random_forest,142,143
eastern-province-cys,31,Ministry of Industry and Mineral Resources (MIM) – Cooperative Training Initiative,Cooperative Training Initiative,20.5,20.205555555555556,0.2944444444444443,rubric_assisted_random_forest,171,172
eastern-province-cys,32,TBC (The Beauty Company),Cooperative Training Program,45.0,44.76638888888889,0.23361111111110944,rubric_assisted_random_forest,126,129
eastern-province-cys,33,National Center for Vegetation Cover Development & Combating Desertification (NCVC),COOP Training Program,40.0,39.64014034148434,0.35985965851565993,rubric_assisted_random_forest,142,144
eastern-province-cys,34,Saudi Power Procurement Company (SPPC),Future Power – COOP Training Program,40.0,39.22799087796199,0.772009122038007,rubric_assisted_random_forest,142,150
eastern-province-cys,35,TBC (Tatweer Building Company),Cooperative Training Program,40.0,39.22799087796199,0.772009122038007,rubric_assisted_random_forest,142,150
eastern-province-cys,36,PwC Middle East (Assurance COOP & Summer Internship Programme 2026),"Assurance, COOP and Summer Internship Programme 2026 – Middle East",44.5,44.53524347160015,0.03524347160014685,rubric_assisted_random_forest,130,130
eastern-province-cys,37,KAPSARC,Intern (Coop- Trainee),44.5,44.47421597160016,0.02578402839984051,rubric_assisted_random_forest,130,132
eastern-province-cys,38,BSF (Banque Saudi Fransi),COOP / Internship,77.0,75.41793213612368,1.5820678638763184,rubric_assisted_random_forest,5,30
eastern-province-cys,39,Saudi Food & Drug Authority (SFDA),COOP training (First semester 2025-2026 intake),82.0,78.54069442711145,3.459305572888553,rubric_assisted_random_forest,2,3
eastern-province-cys,40,Saudi Power Procurement Company (SPPC) – Future Power (Business Admin COOP),Future Power – Business Administration COOP Training Program,40.0,39.55521351503451,0.44478648496549056,rubric_assisted_random_forest,142,147
eastern-province-cys,41,Bank Albilad,Cooperative and Summer Training Program,77.0,77.23872043049543,0.2387204304954338,rubric_assisted_random_forest,5,6
eastern-province-cys,42,The Saudi National Bank (SNB),SNB Rowad Program,44.0,44.36404656051833,0.3640465605183323,rubric_assisted_random_forest,135,135
eastern-province-cys,43,National Cybersecurity Authority (NCA) – Academy,Cybersecurity training programs (academy),72.0,72.99405713926298,0.9940571392629778,rubric_assisted_random_forest,40,34
eastern-province-cys,44,PIF | Graduate Development Program,Graduate Development Program (GDP),34.5,34.53892920735757,0.038929207357568885,rubric_assisted_random_forest,154,155
eastern-province-cys,45,NEOM | GrOW (Graduates Opportunities in Work),GrOW (Graduates Opportunities in Work),50.0,48.036762727068435,1.9632372729315648,rubric_assisted_random_forest,106,120
eastern-province-cys,46,ROSHN | COOP Trainee Program,COOP Trainee Program,40.0,39.20324466742103,0.796755332578968,rubric_assisted_random_forest,142,152
eastern-province-cys,47,Microsoft | Ru'aa Program (Riyadh),Ru'aa Program Internship (Solution Engineering),34.5,34.46777433765041,0.0322256623495889,rubric_assisted_random_forest,154,159
eastern-province-cys,48,Oracle | Business Development Intern (KSA market),Business Development Intern (KSA market),31.5,30.945546629128437,0.5544533708715633,rubric_assisted_random_forest,164,167
eastern-province-cys,49,SAP | Student Internship (Riyadh),Student Internship - Riyadh,30.0,29.017347796833178,0.9826522031668219,rubric_assisted_random_forest,168,170
eastern-province-cys,50,SAB (Saudi Awwal Bank) | Cooperative Training Programme (COOP),SAB Cooperative Training Programme (COOP),40.0,39.38093064118663,0.6190693588133698,rubric_assisted_random_forest,142,149
eastern-province-cys,51,Ministry of Finance (Saudi Arabia) | Cooperative Training Program,Cooperative Training Program,50.5,50.761234313553054,0.2612343135530537,rubric_assisted_random_forest,105,105
eastern-province-cys,52,Ministry of Industry and Mineral Resources | Cooperative Training,Cooperative Training Initiative,55.5,55.45350441886156,0.0464955811384371,rubric_assisted_random_forest,86,80
eastern-province-cys,53,King Fahd Causeway Authority | Internship Program,Internship Program,54.5,53.22026842833093,1.2797315716690676,rubric_assisted_random_forest,88,101
eastern-province-cys,54,Tawuniya | Tamheer Program (Fresh Graduates),Tamheer Program,70.0,69.15264392127182,0.8473560787281826,rubric_assisted_random_forest,41,41
eastern-province-cys,55,SAMA | SAMA Professional Program (SPP),SAMA Professional Program (SPP),40.5,40.46104166666667,0.03895833333333343,rubric_assisted_random_forest,141,141
eastern-province-cys,56,HRDF | Cooperative Training Product,Cooperative Training Product,55.5,55.44725441886156,0.052745581138438524,rubric_assisted_random_forest,86,81
eastern-province-cys,57,IBM,"Automation, Data & AI – Intern",63.5,65.03090110363193,1.5309011036319333,rubric_assisted_random_forest,50,53
eastern-province-cys,58,Unifonic,Internship (Unifonic),48.5,48.49972366835391,0.00027633164609142113,rubric_assisted_random_forest,108,111
eastern-province-cys,59,Misk Foundation,Misk Traineeship / Internship Program,47.0,46.936805555555566,0.06319444444443434,rubric_assisted_random_forest,124,124
eastern-province-cys,60,Cisco,Cisco NetVersity (Saudi Arabia),75.0,71.49498124235909,3.5050187576409115,rubric_assisted_random_forest,34,39
eastern-province-cys,61,KAUST,Visiting Student Research Program (VSRP) Internship,44.0,44.10366524738702,0.10366524738702054,rubric_assisted_random_forest,135,137
eastern-province-cys,62,General Authority for Statistics (GASTAT),Cooperative Training Program,58.5,58.3555470200623,0.14445297993769657,rubric_assisted_random_forest,63,75
eastern-province-cys,63,Saudi Center for Opinion Polling (SCOP),Cooperative Training Program,58.5,58.34096368672897,0.15903631327103085,rubric_assisted_random_forest,63,76
eastern-province-cys,64,Al Rajhi Takaful,Cooperative Training Program,77.0,76.84704053631552,0.152959463684482,rubric_assisted_random_forest,5,17
eastern-province-cys,65,Expenditure & Projects Efficiency Authority (EXPRO),Future Makers (صنّاع المستقبل) – Cooperative Training,54.0,53.82095630465086,0.17904369534913656,rubric_assisted_random_forest,90,93
eastern-province-cys,66,Ministry of Finance (Saudi Arabia),Cooperative Training Program (Ministry of Finance),54.0,53.81429353537649,0.18570646462350737,rubric_assisted_random_forest,90,97
eastern-province-cys,67,General Entertainment Authority (GEA),GEA Cooperative Training Program,54.0,53.82095630465086,0.17904369534913656,rubric_assisted_random_forest,90,93
eastern-province-cys,68,Banque Saudi Fransi (BSF),COOP Training,77.0,76.68927280471435,0.31072719528565074,rubric_assisted_random_forest,5,26
eastern-province-cys,69,Arab National Bank (ANB),COOP Trainee,77.0,76.81024502693658,0.18975497306341538,rubric_assisted_random_forest,5,20
eastern-province-cys,70,Tamara,Builders Program,77.0,76.93117161423815,0.06882838576184724,rubric_assisted_random_forest,5,12
eastern-province-cys,71,OmniOps,Co‑op Training Program,77.0,76.8816162570953,0.11838374290469744,rubric_assisted_random_forest,5,13
eastern-province-cys,72,Tatweer Educational Technologies (TETCO),Cooperative Training Program,77.0,77.2324486050986,0.23244860509859677,rubric_assisted_random_forest,5,7
eastern-province-cys,73,The Saudi Investment Bank (SAIB),Cooperative Program,77.0,77.29228670033669,0.2922867003366889,rubric_assisted_random_forest,5,5
eastern-province-cys,74,Saudi Awwal Bank (SAB),COOP Program,77.0,76.53156943169847,0.4684305683015282,rubric_assisted_random_forest,5,28
eastern-province-cys,75,Riyad Bank,Internships and Coop Trainings (CSR 2019),77.0,76.75056234136234,0.24943765863766032,rubric_assisted_random_forest,5,25
eastern-province-cys,76,Tabby,Intern DevOps Engineer,62.5,61.831946397950944,0.6680536020490564,rubric_assisted_random_forest,58,57
eastern-province-cys,77,Tabby,Intern Backend (GO) Engineer,48.5,49.033791611288315,0.533791611288315,rubric_assisted_random_forest,108,107
eastern-province-cys,78,Tabby,Intern Frontend Engineer,48.5,48.49972366835391,0.00027633164609142113,rubric_assisted_random_forest,108,111
eastern-province-cys,79,Tabby,Intern Data Engineer,48.5,48.49972366835391,0.00027633164609142113,rubric_assisted_random_forest,108,111
eastern-province-cys,80,Tabby,No-Code / AI Agents Engineering Intern,48.5,48.49972366835391,0.00027633164609142113,rubric_assisted_random_forest,108,111
eastern-province-cys,81,Bank Albilad,Cooperative Training Program,82.0,78.67537830989531,3.324621690104692,rubric_assisted_random_forest,2,2
eastern-province-cys,82,Saudi Ground Services (SGS),COOP Program,54.0,53.80776186020642,0.19223813979358084,rubric_assisted_random_forest,90,98
eastern-province-cys,83,CEER,Cooperative Training Program (COOP),54.0,53.80776186020642,0.19223813979358084,rubric_assisted_random_forest,90,98
eastern-province-cys,84,Al Rajhi Takaful,Coop Training Program,77.0,76.75142307527713,0.24857692472286885,rubric_assisted_random_forest,5,24
eastern-province-cys,85,TAWAL,COOP Training Program,72.5,71.52468866426203,0.9753113357379704,rubric_assisted_random_forest,36,38
eastern-province-cys,86,Wakeb_Data,COOP Training,58.5,58.409670641615115,0.09032935838488498,rubric_assisted_random_forest,63,69
eastern-province-cys,87,Banque Saudi Fransi (BSF),Coop Training Program,77.0,76.7958662570953,0.20413374290470188,rubric_assisted_random_forest,5,21
eastern-province-cys,88,Tech Economy,COOP Training Program,77.0,76.94260798989954,0.05739201010045747,rubric_assisted_random_forest,5,11
eastern-province-cys,89,SAMI Advanced Electronics (SAMI-AEC),Coop Trainee,77.0,76.54281447138102,0.45718552861897876,rubric_assisted_random_forest,5,27
eastern-province-cys,90,NHC,COOP Trainee,82.0,78.33865534442408,3.661344655575917,rubric_assisted_random_forest,2,4
eastern-province-cys,91,REMAT ADVANCED,Cooperative Training Program,72.5,71.45594573448788,1.0440542655121163,rubric_assisted_random_forest,36,40
eastern-province-cys,92,SDM,AI COOP,58.5,58.41536807396732,0.084631926032678,rubric_assisted_random_forest,63,68
eastern-province-cys,93,HUED,HUED COOP Program 2026,58.5,58.39508730828178,0.10491269171821926,rubric_assisted_random_forest,63,71
eastern-province-cys,94,Araamis • أرامس,Araamis COOP Program 2026,58.5,58.39508730828178,0.10491269171821926,rubric_assisted_random_forest,63,71
eastern-province-cys,95,ARDARA,COOP Training for Students,54.0,53.80776186020642,0.19223813979358084,rubric_assisted_random_forest,90,98
eastern-province-cys,96,flynas,COOP Trainee / Internship Program,58.5,58.39000310932923,0.10999689067077156,rubric_assisted_random_forest,63,73
eastern-province-cys,97,Saudi Motorsport Company (SMC),COOP Trainee (IT Asset Project Management),58.5,58.22275237493495,0.2772476250650513,rubric_assisted_random_forest,63,77
eastern-province-cys,98,Saudi Motorsport Company (SMC),COOP Trainee (Supply Chain Excellence Associate),77.0,74.98839739649684,2.0116026035031638,rubric_assisted_random_forest,5,31
eastern-province-cys,99,Mobily,Cooperative Training Program,77.0,76.86975631012506,0.13024368987494483,rubric_assisted_random_forest,5,15
eastern-province-cys,100,Saudi Awwal Bank (SAB),Student Opportunities: Cooperative / Practical Training,77.0,77.05928883035537,0.05928883035537069,rubric_assisted_random_forest,5,9
eastern-province-cys,101,Alvarez & Marsal,COOP Training Program,77.0,76.8152650666191,0.18473493338089497,rubric_assisted_random_forest,5,19
eastern-province-cys,102,Visa,COOP Trainee (Jan 2026),54.0,53.86557436020642,0.13442563979357658,rubric_assisted_random_forest,90,90
eastern-province-cys,103,Zain KSA,Evolve Program (Fresh Graduates),67.0,68.27341134911673,1.2734113491167278,rubric_assisted_random_forest,44,42
eastern-province-cys,104,Zain KSA,Zain Pioneers Program,62.5,62.954560127217825,0.45456012721782457,rubric_assisted_random_forest,58,55
eastern-province-cys,105,Savvy Games Group,Cooperative Training Program (Co-op),77.0,76.86531349966754,0.13468650033246377,rubric_assisted_random_forest,5,16
eastern-province-cys,106,Bank AlJazira,Tamheer Program,44.0,44.265088227185,0.2650882271849966,rubric_assisted_random_forest,135,136
eastern-province-cys,107,sirar by stc,Cooperative Training Program,77.0,76.77737795277334,0.22262204722666468,rubric_assisted_random_forest,5,23
eastern-province-cys,108,Gathern,Co-op Program,58.5,58.44383482812305,0.05616517187694825,rubric_assisted_random_forest,63,65
eastern-province-cys,109,Elm Company (شركة علم),Coop Training - Computer Science (Jan/Mar/Jun/Aug 2025 Intake),58.5,58.44383482812305,0.05616517187694825,rubric_assisted_random_forest,63,65
eastern-province-cys,110,Elm Company (شركة علم),Co-Op Training - Information Technology (Jun & Aug 2025 Intake),58.5,58.44383482812305,0.05616517187694825,rubric_assisted_random_forest,63,65
eastern-province-cys,111,EJADA,COOP Administration & Support Engineer,77.0,77.06595138287638,0.0659513828763778,rubric_assisted_random_forest,5,8
eastern-province-cys,112,Emdad By Elm,Network Cooperative Training (Network Intern),72.5,71.87272293516988,0.6272770648301247,rubric_assisted_random_forest,36,36
eastern-province-cys,113,AILA,Co-op Training Programme,58.5,58.50760341317032,0.007603413170322426,rubric_assisted_random_forest,63,63
eastern-province-cys,114,Foodics,Foodics 360 Internship Program,48.5,48.49972366835391,0.00027633164609142113,rubric_assisted_random_forest,108,111
eastern-province-cys,115,Salla,برنامج التدريب التعاوني (Coop Training) – Salla,58.5,58.409670641615115,0.09032935838488498,rubric_assisted_random_forest,63,69
eastern-province-cys,116,Lucidya,Technical Internship or Coop – Lucidya,77.0,74.77008551971622,2.2299144802837816,rubric_assisted_random_forest,5,32
eastern-province-cys,117,Diriyah Company,Diriyah Co-op Training Program,54.0,53.81470630465086,0.18529369534913798,rubric_assisted_random_forest,90,95
eastern-province-cys,118,Riyadh Air,Co-op – Riyadh Air,54.0,53.827206304650865,0.17279369534913513,rubric_assisted_random_forest,90,91
eastern-province-cys,119,Jahez Group,Jahez Internship Program (as described in Sustainability Report),44.0,44.02216524738703,0.022165247387029297,rubric_assisted_random_forest,135,138
eastern-province-cys,120,Lumi | لومي,COOP Intern 2025 – Lumi,54.0,53.81470630465086,0.18529369534913798,rubric_assisted_random_forest,90,95
eastern-province-cys,121,webook.com,COOP Trainee Opportunities – webook.com,54.0,53.869741026873086,0.1302589731269137,rubric_assisted_random_forest,90,89
eastern-province-cys,122,moneymoon,Tech & AI Co-op Program 2025,77.0,76.95593554931625,0.044064450683748646,rubric_assisted_random_forest,5,10
eastern-province-cys,123,EjadTech - إيجاد التقنية,"Summer Internship Program 2025 (Computer, Data, and AI Majors)",31.0,31.01329127110771,0.013291271107711111,rubric_assisted_random_forest,165,166
eastern-province-cys,124,InnovationTeam,Java Microservices Internship Programme (Saudi Nationals),49.5,52.31726315644436,2.817263156444362,rubric_assisted_random_forest,107,102
eastern-province-cys,125,Tamkeen Technologies,On the Job Training (Internship Program) — Technology field,48.5,48.49972366835391,0.00027633164609142113,rubric_assisted_random_forest,108,111
eastern-province-cys,126,Trendyol Group,Trendyol Tech Talent - Bootcamp & COOP Internship Program (Saudi Students Only),41.0,40.72626999772897,0.27373000227103006,rubric_assisted_random_forest,139,139
eastern-province-cys,127,Ninja نينجا,COOP Training Program,41.0,40.64007487751076,0.359925122489237,rubric_assisted_random_forest,139,140
eastern-province-cys,128,SCAI | سكاي,CO-OP Training Opportunities (Intern),72.5,71.7431680252459,0.7568319747541068,rubric_assisted_random_forest,36,37
eastern-province-cys,129,WalaPlus,Coop & Tamheer Opportunities,58.5,54.837865306415296,3.6621346935847043,rubric_assisted_random_forest,63,82
eastern-province-cys,130,Aon,IT Co-op Trainee 2026,58.5,54.67967373185355,3.8203262681464523,rubric_assisted_random_forest,63,86
eastern-province-cys,131,Hewlett Packard Enterprise (HPE),College Intern (Coop),58.5,54.83436887168291,3.665631128317088,rubric_assisted_random_forest,63,83
eastern-province-cys,132,Signify,KSA Coop Internship Program,58.5,54.766136211353825,3.7338637886461754,rubric_assisted_random_forest,63,84
eastern-province-cys,133,Help AG (e& enterprise),Cybersecurity Intern,67.0,68.07416794723346,1.0741679472334624,rubric_assisted_random_forest,44,44
eastern-province-cys,134,TrendAI (Trend Micro),CyberGATE Internship Program,67.0,67.96952008174152,0.9695200817415213,rubric_assisted_random_forest,44,45
eastern-province-cys,135,Golf Saudi,IT Co-op Trainee,58.5,54.61725520316001,3.8827447968399866,rubric_assisted_random_forest,63,87
eastern-province-cys,136,Siemens Healthineers,Healthineers Early Talent Program – IT (Riyadh),48.5,46.684343701528206,1.8156562984717937,rubric_assisted_random_forest,108,125
eastern-province-cys,137,1957 Ventures,Internship / Co-Op Program,44.5,44.407222916044596,0.0927770839554043,rubric_assisted_random_forest,130,134
eastern-province-cys,138,Nokia,Graduate Trainee (Saudi Arabia) – Fledgers Program,48.5,47.5949227985386,0.9050772014614026,rubric_assisted_random_forest,108,121
eastern-province-cys,139,Ericsson,Summer Interns (Ericsson Saudi),48.5,47.500042810303334,0.9999571896966657,rubric_assisted_random_forest,108,122
eastern-province-cys,140,Bosch Middle East,Software Development Intern (AI/Cloud),53.0,51.8314764256713,1.1685235743287024,rubric_assisted_random_forest,103,104
eastern-province-cys,141,Saudi Payments | المدفوعات السعودية,COOP Training – August 2024,77.0,76.82189780471434,0.17810219528566051,rubric_assisted_random_forest,5,18
eastern-province-cys,142,Saudi Tadawul Group | تداول,Cooperative Training Program (COOP),77.0,76.79568769240018,0.204312307599821,rubric_assisted_random_forest,5,22
eastern-province-cys,143,Lean Technologies,Software Engineering Intern – KSA,34.5,34.53892920735757,0.038929207357568885,rubric_assisted_random_forest,154,155
eastern-province-cys,144,Mirai (Scopely) | مِراي,AI Engineering Intern (GenAI),34.5,34.55925477671575,0.05925477671574697,rubric_assisted_random_forest,154,154
eastern-province-cys,145,HungerStation | هنقرستيشن,"Co-OP Trainee, Data Analysis – Info Sec",77.0,76.29101647880343,0.708983521196572,rubric_assisted_random_forest,5,29
eastern-province-cys,146,NCGR | المركز الوطني لنظم الموارد الحكومية,Coop Training Program,77.0,76.87497605218854,0.12502394781145654,rubric_assisted_random_forest,5,14
eastern-province-cys,147,nybl,nybl Graduate Programme – Saudi Nationals (AI Bootcamp),30.0,29.096512201956934,0.9034877980430664,rubric_assisted_random_forest,168,169
eastern-province-cys,148,Procter & Gamble (P&G),P&G LEADgen Internship Program 2026 (Riyadh),34.5,34.53892920735757,0.038929207357568885,rubric_assisted_random_forest,154,155
eastern-province-cys,149,New Murabba | المربع الجديد,New Murabba Co-op Training Program,58.5,58.45945982812305,0.04054017187694825,rubric_assisted_random_forest,63,64
eastern-province-cys,150,Boeing Saudi Arabia Limited,Intern - Info Technology & Data Analytics (Riyadh),67.0,67.59193100506144,0.5919310050614399,rubric_assisted_random_forest,44,47
eastern-province-cys,151,Motorola Solutions,Deployment Engineer Intern (KSA National - Tamheer Program),68.5,66.79793918440657,1.702060815593427,rubric_assisted_random_forest,42,52
eastern-province-cys,152,Schneider Electric,Co-op Intern (Engineering) - Al Khobar (Jan–Aug 2026),82.5,82.3035432910813,0.19645670891870282,rubric_assisted_random_forest,1,1
eastern-province-cys,153,Lockheed Martin,Tamheer Space Internship (Riyadh),48.5,48.49972366835391,0.00027633164609142113,rubric_assisted_random_forest,108,111
eastern-province-cys,154,Markaba | مركبة,Start-up Software Intern – TAMHEER (Saudi nationals only),45.0,45.10893327605957,0.10893327605956671,rubric_assisted_random_forest,126,126
eastern-province-cys,155,Laverne Group | مجموعة لافيرن,Data Analyst / Data Engineer Intern (IT Department),67.0,67.63577570287819,0.6357757028781919,rubric_assisted_random_forest,44,46
eastern-province-cys,156,Meel | ميل,"Software Developer Internship (Remote, min 2 months)",48.5,48.508107252667756,0.008107252667755915,rubric_assisted_random_forest,108,109
eastern-province-cys,157,Nahdi Medical Co.,IT Internship / COOP Program (6 months),63.5,63.281268078939576,0.21873192106042438,rubric_assisted_random_forest,50,54
eastern-province-cys,158,SMART Technology Solutions | سمارت لحلول التقنية,R&D Intern (Riyadh),48.5,48.49972366835391,0.00027633164609142113,rubric_assisted_random_forest,108,111
eastern-province-cys,159,Knodemy Inc.,AI Developer & Tech Trainer Intern - Riyadh,48.5,48.69972366835391,0.19972366835391142,rubric_assisted_random_forest,108,108
eastern-province-cys,160,Water Transmission Company | شركة نقل المياه,Tamheer Internship Program (HRIS / Engineering & PM - Riyadh),48.5,48.49972366835391,0.00027633164609142113,rubric_assisted_random_forest,108,111
eastern-province-cys,161,AFNOYS,"AI Automation Intern - KSA (Remote, 4 weeks)",48.5,48.508107252667756,0.008107252667755915,rubric_assisted_random_forest,108,109
eastern-province-cys,162,SAS,CareerStart@SAS 2026 - Presales Customer Intelligence Intern (Riyadh),33.0,33.388718895830124,0.38871889583012376,rubric_assisted_random_forest,161,162
eastern-province-cys,163,Devoteam,Trainee - Future Leaders Program (Co-op/Fresh Graduate),73.5,74.02044648869649,0.5204464886964928,rubric_assisted_random_forest,35,33
eastern-province-cys,164,ضالتي Dhallaty,Tech Intern: Fresh Grad or Student,47.0,47.05815488778117,0.05815488778117128,rubric_assisted_random_forest,124,123
eastern-province-cys,165,Innovative Solutions SA,Presales - Tamheer,63.5,67.06613763786802,3.5661376378680245,rubric_assisted_random_forest,50,50
eastern-province-cys,166,HUMAIN,Tamheer Program (Software Engineer / Cybersecurity / MIS),63.5,67.20520924708846,3.7052092470884617,rubric_assisted_random_forest,50,48
eastern-province-cys,167,TAM | تام,"Tamheer Opportunity, Advisory",5.5,7.291666666666667,1.791666666666667,rubric_assisted_random_forest,173,173
eastern-province-cys,168,هيئة التأمين | Insurance Authority,Tamheer Opportunity - Specialist of Information Security,63.5,67.11202830738368,3.6120283073836816,rubric_assisted_random_forest,50,49
eastern-province-cys,169,Snbla | سنبله,Paid Internship Program (FinTech),33.0,34.09445874205522,1.0944587420552168,rubric_assisted_random_forest,161,161
eastern-province-cys,170,2P Perfect Presentation,Data Analyst (Tamheer),31.0,31.03760214213844,0.037602142138439376,rubric_assisted_random_forest,165,164
eastern-province-cys,171,Infosys,Summer Intern (Infosys InStep ’26 – Bangalore),33.0,31.941613977565527,1.0583860224344726,rubric_assisted_random_forest,161,163
eastern-province-cys,172,شركة الخدمات المدارة | Managed Services Company,Intern Cybersecurity Engineer,63.5,67.0510669915005,3.5510669915005053,rubric_assisted_random_forest,50,51
eastern-province-cys,173,Abunayyan Holding,Data Analyst (Tamheer),31.0,31.020241031027332,0.020241031027332212,rubric_assisted_random_forest,165,165
remote-only-de,1,Saudi Aramco,University Internship Program (UIP),34.5,40.40005924474909,5.900059244749087,rubric_assisted_random_forest,98,110
remote-only-de,2,SABIC,COOP Training Program,37.5,44.4372781985658,6.937278198565799,rubric_assisted_random_forest,89,85
remote-only-de,3,stc (Saudi Telecom Company),Cooperative Training Program (COOP),34.5,40.36543161033285,5.865431610332848,rubric_assisted_random_forest,98,128
remote-only-de,4,Saudi National Bank (SNB),SNB Cooperative Training Program,58.5,63.895387010693824,5.395387010693824,rubric_assisted_random_forest,4,3
remote-only-de,5,Al Rajhi Bank,Cooperative Training Program,58.5,63.850900899582705,5.3509008995827045,rubric_assisted_random_forest,4,5
remote-only-de,6,Capital Market Authority (CMA),COOP Program,48.5,56.98094350129587,8.480943501295869,rubric_assisted_random_forest,32,44
remote-only-de,7,Digital Government Authority (DGA),Maidan Cooperative Training Program,34.5,40.34190245609265,5.841902456092647,rubric_assisted_random_forest,98,136
remote-only-de,8,KPMG Saudi Arabia,COOP & Internship Programs,44.5,49.86165006467755,5.361650064677548,rubric_assisted_random_forest,71,77
remote-only-de,9,PwC Middle East,"Deals, COOP and Summer Internship Programme (2026)",34.5,40.41696476902553,5.916964769025533,rubric_assisted_random_forest,98,104
remote-only-de,10,Deloitte Middle East (KSA),Jusoor Al Sharqiyah Internship Program,34.5,40.3848537112237,5.884853711223698,rubric_assisted_random_forest,98,116
remote-only-de,11,Bank Albilad,Cooperative & Summer Training Program,58.5,63.891824102197084,5.391824102197084,rubric_assisted_random_forest,4,4
remote-only-de,12,Tamara,Tamara Builders Program,48.5,57.06288863500678,8.562888635006779,rubric_assisted_random_forest,32,31
remote-only-de,13,Bupa Arabia,Cooperative Training Program,34.5,40.38590333444135,5.885903334441352,rubric_assisted_random_forest,98,115
remote-only-de,14,Saudi Exports (Saudi Export Development Authority),COOP & Summer Training (FAQ-confirmed),44.5,49.85503241761873,5.35503241761873,rubric_assisted_random_forest,71,78
remote-only-de,15,Local Content and Government Procurement Authority (LCGPA),COOP Training (role posting),34.5,40.471426002236775,5.971426002236775,rubric_assisted_random_forest,98,94
remote-only-de,16,McKinsey & Company (Maqdira),Maqdira Fellowship Program,34.5,40.39592233923311,5.89592233923311,rubric_assisted_random_forest,98,111
remote-only-de,17,Boston Consulting Group (BCG),Visiting Associate Internship (Riyadh),34.5,40.355768378610406,5.855768378610406,rubric_assisted_random_forest,98,132
remote-only-de,18,Bain & Company,COOP Training Program (Riyadh),34.5,40.32108896402916,5.821088964029158,rubric_assisted_random_forest,98,148
remote-only-de,19,Amazon Web Services (AWS),IT/Computer Hardware Internship (Intern-to-FTE Pathway),34.5,40.354925211360985,5.854925211360985,rubric_assisted_random_forest,98,133
remote-only-de,20,Amazon Web Services (AWS) - Associate Solutions Architect Intern,Associate Solutions Architect Intern (2026),34.5,40.295194867154535,5.795194867154535,rubric_assisted_random_forest,98,154
remote-only-de,21,Google (Saudi Arabia),Google Careers (Saudi location filter),33.0,33.71543393205156,0.7154339320515604,rubric_assisted_random_forest,165,165
remote-only-de,22,BlackRock,Client & Product Summer Internship Programme (EMEA) - includes Riyadh,44.5,55.49144539029215,10.99144539029215,rubric_assisted_random_forest,71,67
remote-only-de,23,noon,Student Internship,34.5,40.33901986670564,5.839019866705641,rubric_assisted_random_forest,98,139
remote-only-de,24,MOZN,Data Science Intern,54.5,61.95623293650793,7.456232936507931,rubric_assisted_random_forest,10,8
remote-only-de,25,Elm,Elm Co-op Training Program (March 2026 Intake),34.5,40.34606912275932,5.846069122759317,rubric_assisted_random_forest,98,135
remote-only-de,26,Yasref,Yasref Cooperative Training Program,37.5,44.12738731834735,6.627387318347353,rubric_assisted_random_forest,89,87
remote-only-de,27,"Saudi Standards, Metrology and Quality Organization (SASO)",Cooperative Training (Collaborative Training),34.5,40.446030703091466,5.946030703091466,rubric_assisted_random_forest,98,99
remote-only-de,28,"Zakat, Tax and Customs Authority (ZATCA)",Binaa-Alkafaat Program,39.5,40.203658973017745,0.7036589730177454,rubric_assisted_random_forest,86,164
remote-only-de,29,Human Resources Development Fund (HRDF) – Cooperative Training Product,Cooperative Training (HRDF product),25.0,19.373719336219335,5.6262806637806655,rubric_assisted_random_forest,171,171
remote-only-de,30,EXPRO,COOP Training (Future Makers Program),34.5,40.4500994996331,5.950099499633097,rubric_assisted_random_forest,98,96
remote-only-de,31,Ministry of Industry and Mineral Resources (MIM) – Cooperative Training Initiative,Cooperative Training Initiative,25.0,19.347330447330442,5.652669552669558,rubric_assisted_random_forest,171,172
remote-only-de,32,TBC (The Beauty Company),Cooperative Training Program,44.5,49.59305259178561,5.093052591785607,rubric_assisted_random_forest,71,79
remote-only-de,33,National Center for Vegetation Cover Development & Combating Desertification (NCVC),COOP Training Program,34.5,40.44810571539373,5.94810571539373,rubric_assisted_random_forest,98,98
remote-only-de,34,Saudi Power Procurement Company (SPPC),Future Power – COOP Training Program,34.5,40.308650967997416,5.808650967997416,rubric_assisted_random_forest,98,150
remote-only-de,35,TBC (Tatweer Building Company),Cooperative Training Program,34.5,40.30587319021963,5.8058731902196286,rubric_assisted_random_forest,98,151
remote-only-de,36,PwC Middle East (Assurance COOP & Summer Internship Programme 2026),"Assurance, COOP and Summer Internship Programme 2026 – Middle East",34.5,40.327056894016565,5.827056894016565,rubric_assisted_random_forest,98,145
remote-only-de,37,KAPSARC,Intern (Coop- Trainee),48.5,56.815872524426545,8.315872524426545,rubric_assisted_random_forest,32,58
remote-only-de,38,BSF (Banque Saudi Fransi),COOP / Internship,34.5,40.357363311617846,5.857363311617846,rubric_assisted_random_forest,98,131
remote-only-de,39,Saudi Food & Drug Authority (SFDA),COOP training (First semester 2025-2026 intake),44.5,49.98716652858537,5.4871665285853695,rubric_assisted_random_forest,71,74
remote-only-de,40,Saudi Power Procurement Company (SPPC) – Future Power (Business Admin COOP),Future Power – Business Administration COOP Training Program,34.5,40.338480886690554,5.838480886690554,rubric_assisted_random_forest,98,140
remote-only-de,41,Bank Albilad,Cooperative and Summer Training Program,48.5,56.72939403660962,8.22939403660962,rubric_assisted_random_forest,32,60
remote-only-de,42,The Saudi National Bank (SNB),SNB Rowad Program,43.5,48.228182166842366,4.728182166842366,rubric_assisted_random_forest,80,81
remote-only-de,43,National Cybersecurity Authority (NCA) – Academy,Cybersecurity training programs (academy),39.5,40.41344331666692,0.9134433166669211,rubric_assisted_random_forest,86,106
remote-only-de,44,PIF | Graduate Development Program,Graduate Development Program (GDP),39.5,46.98366725165689,7.48366725165689,rubric_assisted_random_forest,86,83
remote-only-de,45,NEOM | GrOW (Graduates Opportunities in Work),GrOW (Graduates Opportunities in Work),41.0,40.98185220611908,0.018147793880920915,rubric_assisted_random_forest,84,89
remote-only-de,46,ROSHN | COOP Trainee Program,COOP Trainee Program,34.5,40.24235640428889,5.742356404288891,rubric_assisted_random_forest,98,158
remote-only-de,47,Microsoft | Ru'aa Program (Riyadh),Ru'aa Program Internship (Solution Engineering),48.5,56.736594060313045,8.236594060313045,rubric_assisted_random_forest,32,59
remote-only-de,48,Oracle | Business Development Intern (KSA market),Business Development Intern (KSA market),46.0,50.12390913423964,4.123909134239639,rubric_assisted_random_forest,68,71
remote-only-de,49,SAP | Student Internship (Riyadh),Student Internship - Riyadh,34.5,40.38330558099135,5.8833055809913475,rubric_assisted_random_forest,98,119
remote-only-de,50,SAB (Saudi Awwal Bank) | Cooperative Training Programme (COOP),SAB Cooperative Training Programme (COOP),48.5,56.497230698189206,7.997230698189206,rubric_assisted_random_forest,32,65
remote-only-de,51,Ministry of Finance (Saudi Arabia) | Cooperative Training Program,Cooperative Training Program,36.0,40.321282416410114,4.321282416410114,rubric_assisted_random_forest,92,147
remote-only-de,52,Ministry of Industry and Mineral Resources | Cooperative Training,Cooperative Training Initiative,46.0,50.015283938239,4.015283938239001,rubric_assisted_random_forest,68,72
remote-only-de,53,King Fahd Causeway Authority | Internship Program,Internship Program,41.0,45.651579812034115,4.6515798120341145,rubric_assisted_random_forest,84,84
remote-only-de,54,Tawuniya | Tamheer Program (Fresh Graduates),Tamheer Program,32.5,32.85403890952008,0.354038909520078,rubric_assisted_random_forest,166,167
remote-only-de,55,SAMA | SAMA Professional Program (SPP),SAMA Professional Program (SPP),31.0,31.656805188080106,0.6568051880801065,rubric_assisted_random_forest,168,168
remote-only-de,56,HRDF | Cooperative Training Product,Cooperative Training Product,46.0,50.01139931013562,4.011399310135623,rubric_assisted_random_forest,68,73
remote-only-de,57,IBM,"Automation, Data & AI – Intern",50.0,56.72390265817522,6.72390265817522,rubric_assisted_random_forest,26,61
remote-only-de,58,Unifonic,Internship (Unifonic),34.5,40.33973415241993,5.839734152419929,rubric_assisted_random_forest,98,138
remote-only-de,59,Misk Foundation,Misk Traineeship / Internship Program,32.5,33.031449579123844,0.5314495791238443,rubric_assisted_random_forest,166,166
remote-only-de,60,Cisco,Cisco NetVersity (Saudi Arabia),42.5,42.66733952655698,0.16733952655697948,rubric_assisted_random_forest,83,88
remote-only-de,61,KAUST,Visiting Student Research Program (VSRP) Internship,48.5,56.3884328655195,7.888432865519498,rubric_assisted_random_forest,32,66
remote-only-de,62,General Authority for Statistics (GASTAT),Cooperative Training Program,44.5,54.76183027033976,10.261830270339757,rubric_assisted_random_forest,71,69
remote-only-de,63,Saudi Center for Opinion Polling (SCOP),Cooperative Training Program,44.5,54.90694594494293,10.406945944942933,rubric_assisted_random_forest,71,68
remote-only-de,64,Al Rajhi Takaful,Cooperative Training Program,48.5,56.88226240014537,8.382262400145372,rubric_assisted_random_forest,32,56
remote-only-de,65,Expenditure & Projects Efficiency Authority (EXPRO),Future Makers (صنّاع المستقبل) – Cooperative Training,34.5,40.42623751017327,5.926237510173273,rubric_assisted_random_forest,98,101
remote-only-de,66,Ministry of Finance (Saudi Arabia),Cooperative Training Program (Ministry of Finance),34.5,40.34086183907151,5.840861839071508,rubric_assisted_random_forest,98,137
remote-only-de,67,General Entertainment Authority (GEA),GEA Cooperative Training Program,34.5,40.38356912275932,5.883569122759319,rubric_assisted_random_forest,98,117
remote-only-de,68,Banque Saudi Fransi (BSF),COOP Training,34.5,40.37228640408981,5.872286404089813,rubric_assisted_random_forest,98,126
remote-only-de,69,Arab National Bank (ANB),COOP Trainee,48.5,56.98986518235342,8.48986518235342,rubric_assisted_random_forest,32,43
remote-only-de,70,Tamara,Builders Program,48.5,56.71646438950591,8.216464389505909,rubric_assisted_random_forest,32,62
remote-only-de,71,OmniOps,Co‑op Training Program,48.5,57.06133131563533,8.561331315635329,rubric_assisted_random_forest,32,32
remote-only-de,72,Tatweer Educational Technologies (TETCO),Cooperative Training Program,48.5,56.91372553114205,8.413725531142049,rubric_assisted_random_forest,32,52
remote-only-de,73,The Saudi Investment Bank (SAIB),Cooperative Program,48.5,56.68356402305948,8.183564023059482,rubric_assisted_random_forest,32,64
remote-only-de,74,Saudi Awwal Bank (SAB),COOP Program,48.5,56.960616174416906,8.460616174416906,rubric_assisted_random_forest,32,45
remote-only-de,75,Riyad Bank,Internships and Coop Trainings (CSR 2019),48.5,56.93421187104483,8.43421187104483,rubric_assisted_random_forest,32,48
remote-only-de,76,Tabby,Intern DevOps Engineer,58.5,59.45195386376206,0.951953863762057,rubric_assisted_random_forest,4,21
remote-only-de,77,Tabby,Intern Backend (GO) Engineer,61.5,62.51123214285712,1.0112321428571178,rubric_assisted_random_forest,3,7
remote-only-de,78,Tabby,Intern Frontend Engineer,48.5,57.120639191093204,8.620639191093204,rubric_assisted_random_forest,32,28
remote-only-de,79,Tabby,Intern Data Engineer,54.5,61.920160714285686,7.420160714285686,rubric_assisted_random_forest,10,9
remote-only-de,80,Tabby,No-Code / AI Agents Engineering Intern,48.5,56.99462881324643,8.494628813246429,rubric_assisted_random_forest,32,41
remote-only-de,81,Bank Albilad,Cooperative Training Program,58.5,63.71692953149,5.216929531490003,rubric_assisted_random_forest,4,6
remote-only-de,82,Saudi Ground Services (SGS),COOP Program,34.5,40.36842176705131,5.868421767051309,rubric_assisted_random_forest,98,127
remote-only-de,83,CEER,Cooperative Training Program (COOP),34.5,40.37490840847361,5.874908408473608,rubric_assisted_random_forest,98,125
remote-only-de,84,Al Rajhi Takaful,Coop Training Program,48.5,56.893206325932056,8.393206325932056,rubric_assisted_random_forest,32,55
remote-only-de,85,TAWAL,COOP Training Program,48.5,57.04462761447538,8.544627614475381,rubric_assisted_random_forest,32,35
remote-only-de,86,Wakeb_Data,COOP Training,48.5,57.03223323790897,8.532233237908969,rubric_assisted_random_forest,32,38
remote-only-de,87,Banque Saudi Fransi (BSF),Coop Training Program,34.5,40.36424219968239,5.864242199682387,rubric_assisted_random_forest,98,129
remote-only-de,88,Tech Economy,COOP Training Program,34.5,40.381511544920485,5.881511544920485,rubric_assisted_random_forest,98,121
remote-only-de,89,SAMI Advanced Electronics (SAMI-AEC),Coop Trainee,34.5,40.3908118767789,5.890811876778898,rubric_assisted_random_forest,98,112
remote-only-de,90,NHC,COOP Trainee,44.5,49.94982850304881,5.449828503048813,rubric_assisted_random_forest,71,75
remote-only-de,91,REMAT ADVANCED,Cooperative Training Program,34.5,40.379049056266076,5.879049056266076,rubric_assisted_random_forest,98,124
remote-only-de,92,SDM,AI COOP,51.5,59.693940277777784,8.193940277777784,rubric_assisted_random_forest,19,18
remote-only-de,93,HUED,HUED COOP Program 2026,48.5,56.90817592796744,8.408175927967442,rubric_assisted_random_forest,32,53
remote-only-de,94,Araamis • أرامس,Araamis COOP Program 2026,48.5,56.90029772283924,8.400297722839241,rubric_assisted_random_forest,32,54
remote-only-de,95,ARDARA,COOP Training for Students,34.5,40.33743046652249,5.837430466522491,rubric_assisted_random_forest,98,142
remote-only-de,96,flynas,COOP Trainee / Internship Program,34.5,40.295351711943745,5.795351711943745,rubric_assisted_random_forest,98,153
remote-only-de,97,Saudi Motorsport Company (SMC),COOP Trainee (IT Asset Project Management),48.5,57.10539139126922,8.605391391269222,rubric_assisted_random_forest,32,29
remote-only-de,98,Saudi Motorsport Company (SMC),COOP Trainee (Supply Chain Excellence Associate),34.5,40.32402052612152,5.824020526121522,rubric_assisted_random_forest,98,146
remote-only-de,99,Mobily,Cooperative Training Program,34.5,40.38195053301572,5.8819505330157185,rubric_assisted_random_forest,98,120
remote-only-de,100,Saudi Awwal Bank (SAB),Student Opportunities: Cooperative / Practical Training,48.5,56.690308635537654,8.190308635537654,rubric_assisted_random_forest,32,63
remote-only-de,101,Alvarez & Marsal,COOP Training Program,34.5,40.315998152063344,5.815998152063344,rubric_assisted_random_forest,98,149
remote-only-de,102,Visa,COOP Trainee (Jan 2026),34.5,40.40386081026492,5.9038608102649235,rubric_assisted_random_forest,98,109
remote-only-de,103,Zain KSA,Evolve Program (Fresh Graduates),29.5,31.029946421846333,1.5299464218463328,rubric_assisted_random_forest,169,170
remote-only-de,104,Zain KSA,Zain Pioneers Program,29.5,31.220244040893952,1.7202440408939523,rubric_assisted_random_forest,169,169
remote-only-de,105,Savvy Games Group,Cooperative Training Program (Co-op),34.5,40.30483237339756,5.804832373397559,rubric_assisted_random_forest,98,152
remote-only-de,106,Bank AlJazira,Tamheer Program,43.5,48.23273005265221,4.732730052652208,rubric_assisted_random_forest,80,80
remote-only-de,107,sirar by stc,Cooperative Training Program,48.5,56.940850790458754,8.440850790458754,rubric_assisted_random_forest,32,47
remote-only-de,108,Gathern,Co-op Program,48.5,57.170216154870175,8.670216154870175,rubric_assisted_random_forest,32,27
remote-only-de,109,Elm Company (شركة علم),Coop Training - Computer Science (Jan/Mar/Jun/Aug 2025 Intake),34.5,40.3333618390715,5.8333618390715,rubric_assisted_random_forest,98,144
remote-only-de,110,Elm Company (شركة علم),Co-Op Training - Information Technology (Jun & Aug 2025 Intake),34.5,40.33405628351594,5.834056283515942,rubric_assisted_random_forest,98,143
remote-only-de,111,EJADA,COOP Administration & Support Engineer,34.5,40.379421843201364,5.879421843201364,rubric_assisted_random_forest,98,123
remote-only-de,112,Emdad By Elm,Network Cooperative Training (Network Intern),34.5,40.47667571269788,5.976675712697883,rubric_assisted_random_forest,98,93
remote-only-de,113,AILA,Co-op Training Programme,58.5,59.64364539686263,1.143645396862631,rubric_assisted_random_forest,4,19
remote-only-de,114,Foodics,Foodics 360 Internship Program,34.5,40.22848156819859,5.728481568198589,rubric_assisted_random_forest,98,160
remote-only-de,115,Salla,برنامج التدريب التعاوني (Coop Training) – Salla,34.5,40.414431954617726,5.914431954617726,rubric_assisted_random_forest,98,105
remote-only-de,116,Lucidya,Technical Internship or Coop – Lucidya,48.5,57.03935599476646,8.53935599476646,rubric_assisted_random_forest,32,36
remote-only-de,117,Diriyah Company,Diriyah Co-op Training Program,34.5,40.38356912275932,5.883569122759319,rubric_assisted_random_forest,98,117
remote-only-de,118,Riyadh Air,Co-op – Riyadh Air,34.5,40.38943195461773,5.889431954617727,rubric_assisted_random_forest,98,113
remote-only-de,119,Jahez Group,Jahez Internship Program (as described in Sustainability Report),34.5,40.38068653337231,5.880686533372312,rubric_assisted_random_forest,98,122
remote-only-de,120,Lumi | لومي,COOP Intern 2025 – Lumi,34.5,40.4500994996331,5.950099499633097,rubric_assisted_random_forest,98,96
remote-only-de,121,webook.com,COOP Trainee Opportunities – webook.com,34.5,40.405404176839944,5.905404176839944,rubric_assisted_random_forest,98,108
remote-only-de,122,moneymoon,Tech & AI Co-op Program 2025,51.5,59.765024801587295,8.265024801587295,rubric_assisted_random_forest,19,17
remote-only-de,123,EjadTech - إيجاد التقنية,"Summer Internship Program 2025 (Computer, Data, and AI Majors)",53.0,58.847184523809524,5.847184523809524,rubric_assisted_random_forest,14,22
remote-only-de,124,InnovationTeam,Java Microservices Internship Programme (Saudi Nationals),53.0,59.84066666666666,6.840666666666657,rubric_assisted_random_forest,14,15
remote-only-de,125,Tamkeen Technologies,On the Job Training (Internship Program) — Technology field,34.5,40.215906683393854,5.715906683393854,rubric_assisted_random_forest,98,162
remote-only-de,126,Trendyol Group,Trendyol Tech Talent - Bootcamp & COOP Internship Program (Saudi Students Only),36.0,40.407396349963435,4.4073963499634345,rubric_assisted_random_forest,92,107
remote-only-de,127,Ninja نينجا,COOP Training Program,36.0,40.347323614305125,4.347323614305125,rubric_assisted_random_forest,92,134
remote-only-de,128,SCAI | سكاي,CO-OP Training Opportunities (Intern),51.5,60.29788373015875,8.797883730158752,rubric_assisted_random_forest,19,13
remote-only-de,129,WalaPlus,Coop & Tamheer Opportunities,34.5,40.25733372857089,5.757333728570892,rubric_assisted_random_forest,98,157
remote-only-de,130,Aon,IT Co-op Trainee 2026,34.5,40.3873415399262,5.887341539926197,rubric_assisted_random_forest,98,114
remote-only-de,131,Hewlett Packard Enterprise (HPE),College Intern (Coop),34.5,40.337664746131765,5.837664746131765,rubric_assisted_random_forest,98,141
remote-only-de,132,Signify,KSA Coop Internship Program,34.5,40.25759390278594,5.757593902785942,rubric_assisted_random_forest,98,156
remote-only-de,133,Help AG (e& enterprise),Cybersecurity Intern,34.5,40.22194790578257,5.721947905782571,rubric_assisted_random_forest,98,161
remote-only-de,134,TrendAI (Trend Micro),CyberGATE Internship Program,34.5,40.2151215377062,5.715121537706203,rubric_assisted_random_forest,98,163
remote-only-de,135,Golf Saudi,IT Co-op Trainee,48.5,56.87852121185024,8.378521211850241,rubric_assisted_random_forest,32,57
remote-only-de,136,Siemens Healthineers,Healthineers Early Talent Program – IT (Riyadh),34.5,40.270492486202144,5.770492486202144,rubric_assisted_random_forest,98,155
remote-only-de,137,1957 Ventures,Internship / Co-Op Program,48.5,56.92313745947029,8.42313745947029,rubric_assisted_random_forest,32,50
remote-only-de,138,Nokia,Graduate Trainee (Saudi Arabia) – Fledgers Program,46.5,49.93645105820105,3.436451058201051,rubric_assisted_random_forest,67,76
remote-only-de,139,Ericsson,Summer Interns (Ericsson Saudi),48.5,57.010765891204706,8.510765891204706,rubric_assisted_random_forest,32,39
remote-only-de,140,Bosch Middle East,Software Development Intern (AI/Cloud),51.5,59.50147202380954,8.00147202380954,rubric_assisted_random_forest,19,20
remote-only-de,141,Saudi Payments | المدفوعات السعودية,COOP Training – August 2024,48.5,57.102424882677255,8.602424882677255,rubric_assisted_random_forest,32,30
remote-only-de,142,Saudi Tadawul Group | تداول,Cooperative Training Program (COOP),48.5,56.954125363108325,8.454125363108325,rubric_assisted_random_forest,32,46
remote-only-de,143,Lean Technologies,Software Engineering Intern – KSA,54.5,61.29835813492064,6.79835813492064,rubric_assisted_random_forest,10,11
remote-only-de,144,Mirai (Scopely) | مِراي,AI Engineering Intern (GenAI),51.5,59.87992539682539,8.379925396825392,rubric_assisted_random_forest,19,14
remote-only-de,145,HungerStation | هنقرستيشن,"Co-OP Trainee, Data Analysis – Info Sec",54.5,61.64793154761904,7.147931547619038,rubric_assisted_random_forest,10,10
remote-only-de,146,NCGR | المركز الوطني لنظم الموارد الحكومية,Coop Training Program,34.5,40.55395409425496,6.053954094254962,rubric_assisted_random_forest,98,92
remote-only-de,147,nybl,nybl Graduate Programme – Saudi Nationals (AI Bootcamp),43.5,47.540937467115846,4.040937467115846,rubric_assisted_random_forest,80,82
remote-only-de,148,Procter & Gamble (P&G),P&G LEADgen Internship Program 2026 (Riyadh),34.5,40.241941389627165,5.741941389627165,rubric_assisted_random_forest,98,159
remote-only-de,149,New Murabba | المربع الجديد,New Murabba Co-op Training Program,34.5,40.430076795887565,5.930076795887565,rubric_assisted_random_forest,98,100
remote-only-de,150,Boeing Saudi Arabia Limited,Intern - Info Technology & Data Analytics (Riyadh),48.5,56.93137173509805,8.431371735098047,rubric_assisted_random_forest,32,49
remote-only-de,151,Motorola Solutions,Deployment Engineer Intern (KSA National - Tamheer Program),34.5,40.42493313746265,5.924933137462652,rubric_assisted_random_forest,98,102
remote-only-de,152,Schneider Electric,Co-op Intern (Engineering) - Al Khobar (Jan–Aug 2026),34.5,40.41972264437388,5.919722644373877,rubric_assisted_random_forest,98,103
remote-only-de,153,Lockheed Martin,Tamheer Space Internship (Riyadh),34.5,40.36019546194374,5.860195461943739,rubric_assisted_random_forest,98,130
remote-only-de,154,Markaba | مركبة,Start-up Software Intern – TAMHEER (Saudi nationals only),50.0,57.05322130176636,7.0532213017663565,rubric_assisted_random_forest,26,34
remote-only-de,155,Laverne Group | مجموعة لافيرن,Data Analyst / Data Engineer Intern (IT Department),51.5,60.44260317460317,8.942603174603171,rubric_assisted_random_forest,19,12
remote-only-de,156,Meel | ميل,"Software Developer Internship (Remote, min 2 months)",63.5,66.77569266895354,3.275692668953539,rubric_assisted_random_forest,1,1
remote-only-de,157,Nahdi Medical Co.,IT Internship / COOP Program (6 months),44.5,50.51083284433774,6.010832844337742,rubric_assisted_random_forest,71,70
remote-only-de,158,SMART Technology Solutions | سمارت لحلول التقنية,R&D Intern (Riyadh),48.5,57.05822901165912,8.558229011659122,rubric_assisted_random_forest,32,33
remote-only-de,159,Knodemy Inc.,AI Developer & Tech Trainer Intern - Riyadh,51.5,59.80703968253967,8.307039682539667,rubric_assisted_random_forest,19,16
remote-only-de,160,Water Transmission Company | شركة نقل المياه,Tamheer Internship Program (HRIS / Engineering & PM - Riyadh),48.5,56.91561228925111,8.415612289251108,rubric_assisted_random_forest,32,51
remote-only-de,161,AFNOYS,"AI Automation Intern - KSA (Remote, 4 weeks)",63.5,66.53565122531766,3.0356512253176646,rubric_assisted_random_forest,1,2
remote-only-de,162,SAS,CareerStart@SAS 2026 - Presales Customer Intelligence Intern (Riyadh),52.0,57.819556507098426,5.819556507098426,rubric_assisted_random_forest,16,23
remote-only-de,163,Devoteam,Trainee - Future Leaders Program (Co-op/Fresh Graduate),50.0,57.008311995567006,7.008311995567006,rubric_assisted_random_forest,26,40
remote-only-de,164,ضالتي Dhallaty,Tech Intern: Fresh Grad or Student,52.0,57.40634105989184,5.406341059891837,rubric_assisted_random_forest,16,25
remote-only-de,165,Innovative Solutions SA,Presales - Tamheer,36.0,40.466321060881825,4.466321060881825,rubric_assisted_random_forest,92,95
remote-only-de,166,HUMAIN,Tamheer Program (Software Engineer / Cybersecurity / MIS),50.0,56.993034640173846,6.993034640173846,rubric_assisted_random_forest,26,42
remote-only-de,167,TAM | تام,"Tamheer Opportunity, Advisory",15.0,16.94335317460317,1.9433531746031711,rubric_assisted_random_forest,173,173
remote-only-de,168,هيئة التأمين | Insurance Authority,Tamheer Opportunity - Specialist of Information Security,36.0,40.67294605971126,4.672946059711258,rubric_assisted_random_forest,92,90
remote-only-de,169,Snbla | سنبله,Paid Internship Program (FinTech),52.0,57.57239669219839,5.572396692198389,rubric_assisted_random_forest,16,24
remote-only-de,170,2P Perfect Presentation,Data Analyst (Tamheer),50.0,57.198342370018665,7.198342370018665,rubric_assisted_random_forest,26,26
remote-only-de,171,Infosys,Summer Intern (Infosys InStep ’26 – Bangalore),37.5,44.24203899879521,6.742038998795209,rubric_assisted_random_forest,89,86
remote-only-de,172,شركة الخدمات المدارة | Managed Services Company,Intern Cybersecurity Engineer,36.0,40.56475619402139,4.564756194021392,rubric_assisted_random_forest,92,91
remote-only-de,173,Abunayyan Holding,Data Analyst (Tamheer),50.0,57.03456343483348,7.03456343483348,rubric_assisted_random_forest,26,37
no-interview-ft,1,Saudi Aramco,University Internship Program (UIP),29.5,30.69391354764421,1.193913547644211,rubric_assisted_random_forest,165,168
no-interview-ft,2,SABIC,COOP Training Program,32.5,34.53848185438981,2.038481854389808,rubric_assisted_random_forest,163,163
no-interview-ft,3,stc (Saudi Telecom Company),Cooperative Training Program (COOP),39.5,39.6258235519435,0.1258235519434976,rubric_assisted_random_forest,101,149
no-interview-ft,4,Saudi National Bank (SNB),SNB Cooperative Training Program,48.5,48.55199018503136,0.05199018503135733,rubric_assisted_random_forest,82,85
no-interview-ft,5,Al Rajhi Bank,Cooperative Training Program,48.5,48.55535328026944,0.05535328026944342,rubric_assisted_random_forest,82,84
no-interview-ft,6,Capital Market Authority (CMA),COOP Program,53.5,54.54290396825397,1.0429039682539667,rubric_assisted_random_forest,34,60
no-interview-ft,7,Digital Government Authority (DGA),Maidan Cooperative Training Program,39.5,40.161714528573306,0.6617145285733059,rubric_assisted_random_forest,101,110
no-interview-ft,8,KPMG Saudi Arabia,COOP & Internship Programs,34.5,35.94374694858991,1.4437469485899115,rubric_assisted_random_forest,156,158
no-interview-ft,9,PwC Middle East,"Deals, COOP and Summer Internship Programme (2026)",39.5,39.6279399540599,0.12793995405989733,rubric_assisted_random_forest,101,148
no-interview-ft,10,Deloitte Middle East (KSA),Jusoor Al Sharqiyah Internship Program,39.5,40.59363816151515,1.0936381615151518,rubric_assisted_random_forest,101,101
no-interview-ft,11,Bank Albilad,Cooperative & Summer Training Program,48.5,48.74489742709485,0.2448974270948483,rubric_assisted_random_forest,82,83
no-interview-ft,12,Tamara,Tamara Builders Program,53.5,54.56337499999999,1.0633749999999935,rubric_assisted_random_forest,34,56
no-interview-ft,13,Bupa Arabia,Cooperative Training Program,39.5,40.18004786190665,0.680047861906651,rubric_assisted_random_forest,101,106
no-interview-ft,14,Saudi Exports (Saudi Export Development Authority),COOP & Summer Training (FAQ-confirmed),34.5,35.83217863953785,1.332178639537851,rubric_assisted_random_forest,156,159
no-interview-ft,15,Local Content and Government Procurement Authority (LCGPA),COOP Training (role posting),39.5,40.15575456125305,0.6557545612530475,rubric_assisted_random_forest,101,111
no-interview-ft,16,McKinsey & Company (Maqdira),Maqdira Fellowship Program,39.5,39.95608768573091,0.45608768573090686,rubric_assisted_random_forest,101,131
no-interview-ft,17,Boston Consulting Group (BCG),Visiting Associate Internship (Riyadh),39.5,39.94286304804975,0.44286304804975174,rubric_assisted_random_forest,101,132
no-interview-ft,18,Bain & Company,COOP Training Program (Riyadh),39.5,40.151726783475276,0.6517267834752758,rubric_assisted_random_forest,101,113
no-interview-ft,19,Amazon Web Services (AWS),IT/Computer Hardware Internship (Intern-to-FTE Pathway),49.5,50.820019149859945,1.3200191498599452,rubric_assisted_random_forest,70,75
no-interview-ft,20,Amazon Web Services (AWS) - Associate Solutions Architect Intern,Associate Solutions Architect Intern (2026),49.5,51.14569064839504,1.645690648395039,rubric_assisted_random_forest,70,70
no-interview-ft,21,Google (Saudi Arabia),Google Careers (Saudi location filter),39.5,40.25400254105103,0.7540025410510296,rubric_assisted_random_forest,101,104
no-interview-ft,22,BlackRock,Client & Product Summer Internship Programme (EMEA) - includes Riyadh,69.5,68.3879283730159,1.112071626984104,rubric_assisted_random_forest,2,4
no-interview-ft,23,noon,Student Internship,49.5,51.88510739246855,2.385107392468548,rubric_assisted_random_forest,70,69
no-interview-ft,24,MOZN,Data Science Intern,69.5,68.43804861111111,1.061951388888886,rubric_assisted_random_forest,2,3
no-interview-ft,25,Elm,Elm Co-op Training Program (March 2026 Intake),39.5,40.18004786190665,0.680047861906651,rubric_assisted_random_forest,101,106
no-interview-ft,26,Yasref,Yasref Cooperative Training Program,32.5,34.520107464051755,2.0201074640517547,rubric_assisted_random_forest,163,164
no-interview-ft,27,"Saudi Standards, Metrology and Quality Organization (SASO)",Cooperative Training (Collaborative Training),39.5,40.36942583809712,0.869425838097122,rubric_assisted_random_forest,101,103
no-interview-ft,28,"Zakat, Tax and Customs Authority (ZATCA)",Binaa-Alkafaat Program,34.5,36.020581923641956,1.5205819236419558,rubric_assisted_random_forest,156,156
no-interview-ft,29,Human Resources Development Fund (HRDF) – Cooperative Training Product,Cooperative Training (HRDF product),15.0,10.98027777777778,4.019722222222221,rubric_assisted_random_forest,172,172
no-interview-ft,30,EXPRO,COOP Training (Future Makers Program),39.5,40.07986929047808,0.5798692904780793,rubric_assisted_random_forest,101,117
no-interview-ft,31,Ministry of Industry and Mineral Resources (MIM) – Cooperative Training Initiative,Cooperative Training Initiative,15.0,10.60763888888889,4.392361111111111,rubric_assisted_random_forest,172,173
no-interview-ft,32,TBC (The Beauty Company),Cooperative Training Program,34.5,35.81038708417587,1.310387084175872,rubric_assisted_random_forest,156,160
no-interview-ft,33,National Center for Vegetation Cover Development & Combating Desertification (NCVC),COOP Training Program,39.5,40.06725964135527,0.5672596413552711,rubric_assisted_random_forest,101,123
no-interview-ft,34,Saudi Power Procurement Company (SPPC),Future Power – COOP Training Program,39.5,39.63466614453608,0.13466614453607662,rubric_assisted_random_forest,101,146
no-interview-ft,35,TBC (Tatweer Building Company),Cooperative Training Program,39.5,39.63466614453608,0.13466614453607662,rubric_assisted_random_forest,101,146
no-interview-ft,36,PwC Middle East (Assurance COOP & Summer Internship Programme 2026),"Assurance, COOP and Summer Internship Programme 2026 – Middle East",39.5,39.5792772967773,0.079277296777299,rubric_assisted_random_forest,101,151
no-interview-ft,37,KAPSARC,Intern (Coop- Trainee),53.5,54.79001358695652,1.290013586956519,rubric_assisted_random_forest,34,35
no-interview-ft,38,BSF (Banque Saudi Fransi),COOP / Internship,29.5,30.561440594985015,1.0614405949850152,rubric_assisted_random_forest,165,170
no-interview-ft,39,Saudi Food & Drug Authority (SFDA),COOP training (First semester 2025-2026 intake),34.5,35.399235235965726,0.8992352359657261,rubric_assisted_random_forest,156,162
no-interview-ft,40,Saudi Power Procurement Company (SPPC) – Future Power (Business Admin COOP),Future Power – Business Administration COOP Training Program,39.5,39.68150044471017,0.18150044471016713,rubric_assisted_random_forest,101,141
no-interview-ft,41,Bank Albilad,Cooperative and Summer Training Program,53.5,54.52279830917874,1.0227983091787394,rubric_assisted_random_forest,34,63
no-interview-ft,42,The Saudi National Bank (SNB),SNB Rowad Program,53.5,54.46223283298827,0.9622328329882706,rubric_assisted_random_forest,34,66
no-interview-ft,43,National Cybersecurity Authority (NCA) – Academy,Cybersecurity training programs (academy),44.5,50.34465033335861,5.844650333358608,rubric_assisted_random_forest,88,80
no-interview-ft,44,PIF | Graduate Development Program,Graduate Development Program (GDP),59.5,60.68796825396825,1.1879682539682506,rubric_assisted_random_forest,23,26
no-interview-ft,45,NEOM | GrOW (Graduates Opportunities in Work),GrOW (Graduates Opportunities in Work),36.0,36.07574496645851,0.07574496645850815,rubric_assisted_random_forest,153,155
no-interview-ft,46,ROSHN | COOP Trainee Program,COOP Trainee Program,39.5,39.60082355194349,0.10082355194349191,rubric_assisted_random_forest,101,150
no-interview-ft,47,Microsoft | Ru'aa Program (Riyadh),Ru'aa Program Internship (Solution Engineering),63.5,65.1014741138684,1.6014741138684059,rubric_assisted_random_forest,10,13
no-interview-ft,48,Oracle | Business Development Intern (KSA market),Business Development Intern (KSA market),46.0,45.593553488189464,0.40644651181053604,rubric_assisted_random_forest,86,90
no-interview-ft,49,SAP | Student Internship (Riyadh),Student Internship - Riyadh,49.5,50.42536919461531,0.9253691946153069,rubric_assisted_random_forest,70,77
no-interview-ft,50,SAB (Saudi Awwal Bank) | Cooperative Training Programme (COOP),SAB Cooperative Training Programme (COOP),53.5,54.683993055555554,1.183993055555554,rubric_assisted_random_forest,34,44
no-interview-ft,51,Ministry of Finance (Saudi Arabia) | Cooperative Training Program,Cooperative Training Program,41.0,40.99247476574898,0.007525234251019697,rubric_assisted_random_forest,94,97
no-interview-ft,52,Ministry of Industry and Mineral Resources | Cooperative Training,Cooperative Training Initiative,36.0,36.57985079082487,0.5798507908248709,rubric_assisted_random_forest,153,154
no-interview-ft,53,King Fahd Causeway Authority | Internship Program,Internship Program,46.0,45.5994244839163,0.40057551608369835,rubric_assisted_random_forest,86,89
no-interview-ft,54,Tawuniya | Tamheer Program (Fresh Graduates),Tamheer Program,42.5,42.00144536619752,0.49855463380247755,rubric_assisted_random_forest,91,93
no-interview-ft,55,SAMA | SAMA Professional Program (SPP),SAMA Professional Program (SPP),41.0,40.98942796369483,0.01057203630517023,rubric_assisted_random_forest,94,98
no-interview-ft,56,HRDF | Cooperative Training Product,Cooperative Training Product,36.0,36.5988228611157,0.5988228611156998,rubric_assisted_random_forest,153,153
no-interview-ft,57,IBM,"Automation, Data & AI – Intern",65.0,64.96770246037774,0.032297539622263116,rubric_assisted_random_forest,8,15
no-interview-ft,58,Unifonic,Internship (Unifonic),49.5,50.390564928123354,0.8905649281233536,rubric_assisted_random_forest,70,78
no-interview-ft,59,Misk Foundation,Misk Traineeship / Internship Program,42.5,42.452417338450964,0.04758266154903623,rubric_assisted_random_forest,91,92
no-interview-ft,60,Cisco,Cisco NetVersity (Saudi Arabia),37.5,39.561383865726455,2.061383865726455,rubric_assisted_random_forest,152,152
no-interview-ft,61,KAUST,Visiting Student Research Program (VSRP) Internship,53.5,54.110503476990544,0.6105034769905444,rubric_assisted_random_forest,34,68
no-interview-ft,62,General Authority for Statistics (GASTAT),Cooperative Training Program,59.5,61.20090386002885,1.700903860028852,rubric_assisted_random_forest,23,25
no-interview-ft,63,Saudi Center for Opinion Polling (SCOP),Cooperative Training Program,59.5,61.269862193362194,1.7698621933621936,rubric_assisted_random_forest,23,24
no-interview-ft,64,Al Rajhi Takaful,Cooperative Training Program,53.5,54.64695803140096,1.1469580314009633,rubric_assisted_random_forest,34,51
no-interview-ft,65,Expenditure & Projects Efficiency Authority (EXPRO),Future Makers (صنّاع المستقبل) – Cooperative Training,39.5,40.07986929047808,0.5798692904780793,rubric_assisted_random_forest,101,117
no-interview-ft,66,Ministry of Finance (Saudi Arabia),Cooperative Training Program (Ministry of Finance),39.5,39.709117874723106,0.2091178747231055,rubric_assisted_random_forest,101,139
no-interview-ft,67,General Entertainment Authority (GEA),GEA Cooperative Training Program,39.5,40.07986929047808,0.5798692904780793,rubric_assisted_random_forest,101,117
no-interview-ft,68,Banque Saudi Fransi (BSF),COOP Training,39.5,39.67514534126528,0.17514534126527792,rubric_assisted_random_forest,101,142
no-interview-ft,69,Arab National Bank (ANB),COOP Trainee,53.5,54.54988164251208,1.0498816425120765,rubric_assisted_random_forest,34,57
no-interview-ft,70,Tamara,Builders Program,53.5,54.544256642512075,1.0442566425120745,rubric_assisted_random_forest,34,59
no-interview-ft,71,OmniOps,Co‑op Training Program,53.5,54.62592330917874,1.125923309178738,rubric_assisted_random_forest,34,53
no-interview-ft,72,Tatweer Educational Technologies (TETCO),Cooperative Training Program,53.5,54.67425664251208,1.174256642512077,rubric_assisted_random_forest,34,46
no-interview-ft,73,The Saudi Investment Bank (SAIB),Cooperative Program,53.5,54.53696497584541,1.0369649758454074,rubric_assisted_random_forest,34,61
no-interview-ft,74,Saudi Awwal Bank (SAB),COOP Program,53.5,54.49615277777777,0.9961527777777732,rubric_assisted_random_forest,34,64
no-interview-ft,75,Riyad Bank,Internships and Coop Trainings (CSR 2019),53.5,54.54837499999999,1.048374999999993,rubric_assisted_random_forest,34,58
no-interview-ft,76,Tabby,Intern DevOps Engineer,63.5,63.97408535548629,0.47408535548628805,rubric_assisted_random_forest,10,22
no-interview-ft,77,Tabby,Intern Backend (GO) Engineer,69.5,67.3489265873016,2.151073412698395,rubric_assisted_random_forest,2,7
no-interview-ft,78,Tabby,Intern Frontend Engineer,63.5,65.06032550275731,1.5603255027573084,rubric_assisted_random_forest,10,14
no-interview-ft,79,Tabby,Intern Data Engineer,69.5,68.32001785714287,1.1799821428571278,rubric_assisted_random_forest,2,5
no-interview-ft,80,Tabby,No-Code / AI Agents Engineering Intern,63.5,65.13741782301875,1.637417823018751,rubric_assisted_random_forest,10,12
no-interview-ft,81,Bank Albilad,Cooperative Training Program,48.5,47.853402965467765,0.6465970345322347,rubric_assisted_random_forest,82,86
no-interview-ft,82,Saudi Ground Services (SGS),COOP Program,29.5,30.494379554349518,0.9943795543495177,rubric_assisted_random_forest,165,171
no-interview-ft,83,CEER,Cooperative Training Program (COOP),39.5,40.170751059852485,0.6707510598524848,rubric_assisted_random_forest,101,109
no-interview-ft,84,Al Rajhi Takaful,Coop Training Program,53.5,54.61314553140096,1.11314553140096,rubric_assisted_random_forest,34,54
no-interview-ft,85,TAWAL,COOP Training Program,53.5,54.79209692028985,1.2920969202898505,rubric_assisted_random_forest,34,34
no-interview-ft,86,Wakeb_Data,COOP Training,53.5,54.60238164251208,1.1023816425120785,rubric_assisted_random_forest,34,55
no-interview-ft,87,Banque Saudi Fransi (BSF),Coop Training Program,39.5,39.67376978599267,0.17376978599266835,rubric_assisted_random_forest,101,143
no-interview-ft,88,Tech Economy,COOP Training Program,39.5,39.97480740168747,0.47480740168747104,rubric_assisted_random_forest,101,130
no-interview-ft,89,SAMI Advanced Electronics (SAMI-AEC),Coop Trainee,39.5,39.71481592667116,0.21481592667115734,rubric_assisted_random_forest,101,138
no-interview-ft,90,NHC,COOP Trainee,34.5,35.79961347368697,1.2996134736869678,rubric_assisted_random_forest,156,161
no-interview-ft,91,REMAT ADVANCED,Cooperative Training Program,39.5,40.04784386006674,0.5478438600667417,rubric_assisted_random_forest,101,126
no-interview-ft,92,SDM,AI COOP,53.5,54.76677083333333,1.2667708333333323,rubric_assisted_random_forest,34,36
no-interview-ft,93,HUED,HUED COOP Program 2026,53.5,54.64982638888888,1.1498263888888829,rubric_assisted_random_forest,34,50
no-interview-ft,94,Araamis • أرامس,Araamis COOP Program 2026,53.5,54.67274305555555,1.17274305555555,rubric_assisted_random_forest,34,47
no-interview-ft,95,ARDARA,COOP Training for Students,39.5,39.9802800907631,0.4802800907631024,rubric_assisted_random_forest,101,128
no-interview-ft,96,flynas,COOP Trainee / Internship Program,39.5,39.72126238427997,0.22126238427996725,rubric_assisted_random_forest,101,137
no-interview-ft,97,Saudi Motorsport Company (SMC),COOP Trainee (IT Asset Project Management),43.5,45.60037977956693,2.1003797795669286,rubric_assisted_random_forest,89,88
no-interview-ft,98,Saudi Motorsport Company (SMC),COOP Trainee (Supply Chain Excellence Associate),29.5,30.697352867896768,1.1973528678967682,rubric_assisted_random_forest,165,167
no-interview-ft,99,Mobily,Cooperative Training Program,39.5,40.39416035328,0.8941603532800002,rubric_assisted_random_forest,101,102
no-interview-ft,100,Saudi Awwal Bank (SAB),Student Opportunities: Cooperative / Practical Training,53.5,54.53175664251207,1.0317566425120717,rubric_assisted_random_forest,34,62
no-interview-ft,101,Alvarez & Marsal,COOP Training Program,39.5,40.187131545380026,0.6871315453800264,rubric_assisted_random_forest,101,105
no-interview-ft,102,Visa,COOP Trainee (Jan 2026),39.5,39.65381597618591,0.15381597618591059,rubric_assisted_random_forest,101,144
no-interview-ft,103,Zain KSA,Evolve Program (Fresh Graduates),39.5,39.74331638704049,0.24331638704048686,rubric_assisted_random_forest,101,135
no-interview-ft,104,Zain KSA,Zain Pioneers Program,39.5,40.06357652813396,0.5635765281339573,rubric_assisted_random_forest,101,124
no-interview-ft,105,Savvy Games Group,Cooperative Training Program (Co-op),39.5,40.12055990795314,0.6205599079531368,rubric_assisted_random_forest,101,114
no-interview-ft,106,Bank AlJazira,Tamheer Program,53.5,54.48166338854382,0.9816633885438222,rubric_assisted_random_forest,34,65
no-interview-ft,107,sirar by stc,Cooperative Training Program,53.5,54.66876358695652,1.1687635869565227,rubric_assisted_random_forest,34,48
no-interview-ft,108,Gathern,Co-op Program,53.5,54.743763586956526,1.2437635869565256,rubric_assisted_random_forest,34,38
no-interview-ft,109,Elm Company (شركة علم),Coop Training - Computer Science (Jan/Mar/Jun/Aug 2025 Intake),39.5,39.726519835507425,0.22651983550742472,rubric_assisted_random_forest,101,136
no-interview-ft,110,Elm Company (شركة علم),Co-Op Training - Information Technology (Jun & Aug 2025 Intake),39.5,39.851072975604026,0.3510729756040263,rubric_assisted_random_forest,101,134
no-interview-ft,111,EJADA,COOP Administration & Support Engineer,39.5,39.63999021861015,0.13999021861015137,rubric_assisted_random_forest,101,145
no-interview-ft,112,Emdad By Elm,Network Cooperative Training (Network Intern),29.5,31.31086776545603,1.810867765456031,rubric_assisted_random_forest,165,165
no-interview-ft,113,AILA,Co-op Training Programme,53.5,54.66552172187716,1.1655217218771625,rubric_assisted_random_forest,34,49
no-interview-ft,114,Foodics,Foodics 360 Internship Program,49.5,50.365154381018094,0.8651543810180939,rubric_assisted_random_forest,70,79
no-interview-ft,115,Salla,برنامج التدريب التعاوني (Coop Training) – Salla,29.5,30.585879751277453,1.085879751277453,rubric_assisted_random_forest,165,169
no-interview-ft,116,Lucidya,Technical Internship or Coop – Lucidya,43.5,45.911643196278604,2.411643196278604,rubric_assisted_random_forest,89,87
no-interview-ft,117,Diriyah Company,Diriyah Co-op Training Program,39.5,40.15546452857331,0.6554645285733116,rubric_assisted_random_forest,101,112
no-interview-ft,118,Riyadh Air,Co-op – Riyadh Air,39.5,40.07639706825585,0.5763970682558508,rubric_assisted_random_forest,101,120
no-interview-ft,119,Jahez Group,Jahez Internship Program (as described in Sustainability Report),49.5,50.19402484153414,0.6940248415341372,rubric_assisted_random_forest,70,81
no-interview-ft,120,Lumi | لومي,COOP Intern 2025 – Lumi,39.5,40.08056373492252,0.5805637349225208,rubric_assisted_random_forest,101,116
no-interview-ft,121,webook.com,COOP Trainee Opportunities – webook.com,39.5,40.06795408579971,0.5679540857997125,rubric_assisted_random_forest,101,122
no-interview-ft,122,moneymoon,Tech & AI Co-op Program 2025,53.5,54.67918025362319,1.179180253623187,rubric_assisted_random_forest,34,45
no-interview-ft,123,EjadTech - إيجاد التقنية,"Summer Internship Program 2025 (Computer, Data, and AI Majors)",65.0,66.14266465986915,1.1426646598691548,rubric_assisted_random_forest,8,8
no-interview-ft,124,InnovationTeam,Java Microservices Internship Programme (Saudi Nationals),71.0,68.70697185592186,2.2930281440781357,rubric_assisted_random_forest,1,1
no-interview-ft,125,Tamkeen Technologies,On the Job Training (Internship Program) — Technology field,49.5,50.13438387317692,0.6343838731769225,rubric_assisted_random_forest,70,82
no-interview-ft,126,Trendyol Group,Trendyol Tech Talent - Bootcamp & COOP Internship Program (Saudi Students Only),41.0,40.96898101298473,0.031018987015272614,rubric_assisted_random_forest,94,99
no-interview-ft,127,Ninja نينجا,COOP Training Program,41.0,41.01358255306682,0.013582553066818548,rubric_assisted_random_forest,94,94
no-interview-ft,128,SCAI | سكاي,CO-OP Training Opportunities (Intern),53.5,54.76293025362318,1.262930253623182,rubric_assisted_random_forest,34,37
no-interview-ft,129,WalaPlus,Coop & Tamheer Opportunities,39.5,40.08964580811868,0.5896458081186822,rubric_assisted_random_forest,101,115
no-interview-ft,130,Aon,IT Co-op Trainee 2026,39.5,40.074321512531235,0.5743215125312346,rubric_assisted_random_forest,101,121
no-interview-ft,131,Hewlett Packard Enterprise (HPE),College Intern (Coop),39.5,40.05179864971207,0.5517986497120688,rubric_assisted_random_forest,101,125
no-interview-ft,132,Signify,KSA Coop Internship Program,39.5,40.0412723339226,0.5412723339225991,rubric_assisted_random_forest,101,127
no-interview-ft,133,Help AG (e& enterprise),Cybersecurity Intern,49.5,50.84285648607191,1.3428564860719092,rubric_assisted_random_forest,70,74
no-interview-ft,134,TrendAI (Trend Micro),CyberGATE Internship Program,49.5,50.99036568722114,1.4903656872211428,rubric_assisted_random_forest,70,71
no-interview-ft,135,Golf Saudi,IT Co-op Trainee,53.5,54.708346920289856,1.2083469202898556,rubric_assisted_random_forest,34,41
no-interview-ft,136,Siemens Healthineers,Healthineers Early Talent Program – IT (Riyadh),49.5,50.942334110320154,1.4423341103201537,rubric_assisted_random_forest,70,72
no-interview-ft,137,1957 Ventures,Internship / Co-Op Program,53.5,54.69209692028985,1.192096920289849,rubric_assisted_random_forest,34,42
no-interview-ft,138,Nokia,Graduate Trainee (Saudi Arabia) – Fledgers Program,53.5,54.22616567460317,0.7261656746031733,rubric_assisted_random_forest,34,67
no-interview-ft,139,Ericsson,Summer Interns (Ericsson Saudi),63.5,64.64869089717472,1.148690897174717,rubric_assisted_random_forest,10,21
no-interview-ft,140,Bosch Middle East,Software Development Intern (AI/Cloud),63.5,64.79049903429113,1.2904990342911304,rubric_assisted_random_forest,10,18
no-interview-ft,141,Saudi Payments | المدفوعات السعودية,COOP Training – August 2024,53.5,54.73323977743271,1.2332397774327077,rubric_assisted_random_forest,34,39
no-interview-ft,142,Saudi Tadawul Group | تداول,Cooperative Training Program (COOP),53.5,54.68524305555555,1.1852430555555529,rubric_assisted_random_forest,34,43
no-interview-ft,143,Lean Technologies,Software Engineering Intern – KSA,69.5,68.49558194444447,1.0044180555555329,rubric_assisted_random_forest,2,2
no-interview-ft,144,Mirai (Scopely) | مِراي,AI Engineering Intern (GenAI),63.5,64.89756054222764,1.3975605422276374,rubric_assisted_random_forest,10,16
no-interview-ft,145,HungerStation | هنقرستيشن,"Co-OP Trainee, Data Analysis – Info Sec",59.5,62.42808829365079,2.928088293650788,rubric_assisted_random_forest,23,23
no-interview-ft,146,NCGR | المركز الوطني لنظم الموارد الحكومية,Coop Training Program,39.5,39.694603119326,0.19460311932599694,rubric_assisted_random_forest,101,140
no-interview-ft,147,nybl,nybl Graduate Programme – Saudi Nationals (AI Bootcamp),53.5,54.63302152346446,1.133021523464457,rubric_assisted_random_forest,34,52
no-interview-ft,148,Procter & Gamble (P&G),P&G LEADgen Internship Program 2026 (Riyadh),49.5,50.63109464603997,1.1310946460399691,rubric_assisted_random_forest,70,76
no-interview-ft,149,New Murabba | المربع الجديد,New Murabba Co-op Training Program,39.5,40.1799637870309,0.6799637870308999,rubric_assisted_random_forest,101,108
no-interview-ft,150,Boeing Saudi Arabia Limited,Intern - Info Technology & Data Analytics (Riyadh),63.5,64.82284563492064,1.3228456349206397,rubric_assisted_random_forest,10,17
no-interview-ft,151,Motorola Solutions,Deployment Engineer Intern (KSA National - Tamheer Program),39.5,39.97482104567783,0.4748210456778281,rubric_assisted_random_forest,101,129
no-interview-ft,152,Schneider Electric,Co-op Intern (Engineering) - Al Khobar (Jan–Aug 2026),29.5,30.784544295916405,1.2845442959164046,rubric_assisted_random_forest,165,166
no-interview-ft,153,Lockheed Martin,Tamheer Space Internship (Riyadh),39.5,39.94286304804975,0.44286304804975174,rubric_assisted_random_forest,101,132
no-interview-ft,154,Markaba | مركبة,Start-up Software Intern – TAMHEER (Saudi nationals only),55.0,54.87375,0.12624999999999886,rubric_assisted_random_forest,29,32
no-interview-ft,155,Laverne Group | مجموعة لافيرن,Data Analyst / Data Engineer Intern (IT Department),69.5,67.63176461640212,1.8682353835978773,rubric_assisted_random_forest,2,6
no-interview-ft,156,Meel | ميل,"Software Developer Internship (Remote, min 2 months)",58.5,59.75937221574722,1.25937221574722,rubric_assisted_random_forest,27,27
no-interview-ft,157,Nahdi Medical Co.,IT Internship / COOP Program (6 months),34.5,35.98138775856796,1.481387758567962,rubric_assisted_random_forest,156,157
no-interview-ft,158,SMART Technology Solutions | سمارت لحلول التقنية,R&D Intern (Riyadh),63.5,65.30078605063237,1.800786050632368,rubric_assisted_random_forest,10,11
no-interview-ft,159,Knodemy Inc.,AI Developer & Tech Trainer Intern - Riyadh,63.5,64.66149537602921,1.1614953760292082,rubric_assisted_random_forest,10,20
no-interview-ft,160,Water Transmission Company | شركة نقل المياه,Tamheer Internship Program (HRIS / Engineering & PM - Riyadh),53.5,54.72084692028986,1.2208469202898584,rubric_assisted_random_forest,34,40
no-interview-ft,161,AFNOYS,"AI Automation Intern - KSA (Remote, 4 weeks)",58.5,58.768386852609964,0.2683868526099644,rubric_assisted_random_forest,27,28
no-interview-ft,162,SAS,CareerStart@SAS 2026 - Presales Customer Intelligence Intern (Riyadh),63.5,65.40268008658009,1.9026800865800908,rubric_assisted_random_forest,10,9
no-interview-ft,163,Devoteam,Trainee - Future Leaders Program (Co-op/Fresh Graduate),55.0,54.863749999999996,0.13625000000000398,rubric_assisted_random_forest,29,33
no-interview-ft,164,ضالتي Dhallaty,Tech Intern: Fresh Grad or Student,63.5,65.39232975978271,1.8923297597827116,rubric_assisted_random_forest,10,10
no-interview-ft,165,Innovative Solutions SA,Presales - Tamheer,41.0,41.001224765748994,0.0012247657489936614,rubric_assisted_random_forest,94,95
no-interview-ft,166,HUMAIN,Tamheer Program (Software Engineer / Cybersecurity / MIS),55.0,54.937916666666666,0.06208333333333371,rubric_assisted_random_forest,29,29
no-interview-ft,167,TAM | تام,"Tamheer Opportunity, Advisory",41.0,40.96153178329284,0.03846821670715883,rubric_assisted_random_forest,94,100
no-interview-ft,168,هيئة التأمين | Insurance Authority,Tamheer Opportunity - Specialist of Information Security,41.0,41.001224765748994,0.0012247657489936614,rubric_assisted_random_forest,94,95
no-interview-ft,169,Snbla | سنبله,Paid Internship Program (FinTech),63.5,64.70348015236398,1.20348015236398,rubric_assisted_random_forest,10,19
no-interview-ft,170,2P Perfect Presentation,Data Analyst (Tamheer),55.0,54.88355158730159,0.11644841269841066,rubric_assisted_random_forest,29,31
no-interview-ft,171,Infosys,Summer Intern (Infosys InStep ’26 – Bangalore),42.5,44.4184518364579,1.9184518364578977,rubric_assisted_random_forest,91,91
no-interview-ft,172,شركة الخدمات المدارة | Managed Services Company,Intern Cybersecurity Engineer,51.0,50.9113649307179,0.0886350692820983,rubric_assisted_random_forest,69,73
no-interview-ft,173,Abunayyan Holding,Data Analyst (Tamheer),55.0,54.92144841269842,0.07855158730158252,rubric_assisted_random_forest,29,30
qual-ielts-intern,1,Saudi Aramco,University Internship Program (UIP),44.0,43.99338683829612,0.006613161703882042,rubric_assisted_random_forest,134,149
qual-ielts-intern,2,SABIC,COOP Training Program,47.0,46.40607142857143,0.5939285714285703,rubric_assisted_random_forest,127,129
qual-ielts-intern,3,stc (Saudi Telecom Company),Cooperative Training Program (COOP),44.0,43.84959677419354,0.15040322580645693,rubric_assisted_random_forest,134,160
qual-ielts-intern,4,Saudi National Bank (SNB),SNB Cooperative Training Program,53.67,52.058911333573846,1.6110886664261557,rubric_assisted_random_forest,58,80
qual-ielts-intern,5,Al Rajhi Bank,Cooperative Training Program,53.67,51.929744666907176,1.7402553330928257,rubric_assisted_random_forest,58,81
qual-ielts-intern,6,Capital Market Authority (CMA),COOP Program,48.67,51.05898075396828,2.3889807539682764,rubric_assisted_random_forest,96,95
qual-ielts-intern,7,Digital Government Authority (DGA),Maidan Cooperative Training Program,44.0,44.00793010752688,0.007930107526881613,rubric_assisted_random_forest,134,138
qual-ielts-intern,8,KPMG Saudi Arabia,COOP & Internship Programs,49.0,48.64772006406079,0.35227993593920814,rubric_assisted_random_forest,89,105
qual-ielts-intern,9,PwC Middle East,"Deals, COOP and Summer Internship Programme (2026)",48.5,48.49523483673878,0.0047651632612186745,rubric_assisted_random_forest,109,122
qual-ielts-intern,10,Deloitte Middle East (KSA),Jusoor Al Sharqiyah Internship Program,58.5,58.02001995105741,0.4799800489425934,rubric_assisted_random_forest,30,34
qual-ielts-intern,11,Bank Albilad,Cooperative & Summer Training Program,58.17,53.702142108585875,4.467857891414127,rubric_assisted_random_forest,39,54
qual-ielts-intern,12,Tamara,Tamara Builders Program,53.17,53.0435623876124,0.12643761238760476,rubric_assisted_random_forest,62,65
qual-ielts-intern,13,Bupa Arabia,Cooperative Training Program,44.0,44.00793010752688,0.007930107526881613,rubric_assisted_random_forest,134,138
qual-ielts-intern,14,Saudi Exports (Saudi Export Development Authority),COOP & Summer Training (FAQ-confirmed),49.0,48.62688673072746,0.37311326927253674,rubric_assisted_random_forest,89,106
qual-ielts-intern,15,Local Content and Government Procurement Authority (LCGPA),COOP Training (role posting),44.0,43.857930107526876,0.14206989247312407,rubric_assisted_random_forest,134,155
qual-ielts-intern,16,McKinsey & Company (Maqdira),Maqdira Fellowship Program,48.5,48.50148483673878,0.0014848367387827466,rubric_assisted_random_forest,109,119
qual-ielts-intern,17,Boston Consulting Group (BCG),Visiting Associate Internship (Riyadh),44.0,43.857930107526876,0.14206989247312407,rubric_assisted_random_forest,134,155
qual-ielts-intern,18,Bain & Company,COOP Training Program (Riyadh),44.0,44.00793010752688,0.007930107526881613,rubric_assisted_random_forest,134,138
qual-ielts-intern,19,Amazon Web Services (AWS),IT/Computer Hardware Internship (Intern-to-FTE Pathway),58.5,57.89864070751352,0.6013592924864781,rubric_assisted_random_forest,30,37
qual-ielts-intern,20,Amazon Web Services (AWS) - Associate Solutions Architect Intern,Associate Solutions Architect Intern (2026),58.5,57.95243279846095,0.5475672015390529,rubric_assisted_random_forest,30,35
qual-ielts-intern,21,Google (Saudi Arabia),Google Careers (Saudi location filter),47.0,47.068943833943834,0.06894383394383397,rubric_assisted_random_forest,127,128
qual-ielts-intern,22,BlackRock,Client & Product Summer Internship Programme (EMEA) - includes Riyadh,65.17,66.33735595949095,1.1673559594909477,rubric_assisted_random_forest,2,7
qual-ielts-intern,23,noon,Student Internship,54.0,53.59180154219196,0.40819845780804087,rubric_assisted_random_forest,52,56
qual-ielts-intern,24,MOZN,Data Science Intern,51.17,51.540206008996385,0.3702060089963837,rubric_assisted_random_forest,81,83
qual-ielts-intern,25,Elm,Elm Co-op Training Program (March 2026 Intake),44.0,43.857930107526876,0.14206989247312407,rubric_assisted_random_forest,134,155
qual-ielts-intern,26,Yasref,Yasref Cooperative Training Program,51.5,51.3244444921908,0.17555550780920015,rubric_assisted_random_forest,79,89
qual-ielts-intern,27,"Saudi Standards, Metrology and Quality Organization (SASO)",Cooperative Training (Collaborative Training),48.5,48.513984836738786,0.013984836738785589,rubric_assisted_random_forest,109,114
qual-ielts-intern,28,"Zakat, Tax and Customs Authority (ZATCA)",Binaa-Alkafaat Program,49.0,48.71574089739412,0.28425910260587983,rubric_assisted_random_forest,89,102
qual-ielts-intern,29,Human Resources Development Fund (HRDF) – Cooperative Training Product,Cooperative Training (HRDF product),10.5,10.876111111111111,0.3761111111111113,rubric_assisted_random_forest,172,172
qual-ielts-intern,30,EXPRO,COOP Training (Future Makers Program),44.0,43.99959677419354,0.0004032258064583516,rubric_assisted_random_forest,134,145
qual-ielts-intern,31,Ministry of Industry and Mineral Resources (MIM) – Cooperative Training Initiative,Cooperative Training Initiative,10.5,10.712916666666668,0.21291666666666842,rubric_assisted_random_forest,172,173
qual-ielts-intern,32,TBC (The Beauty Company),Cooperative Training Program,49.0,48.651470064060796,0.34852993593920445,rubric_assisted_random_forest,89,104
qual-ielts-intern,33,National Center for Vegetation Cover Development & Combating Desertification (NCVC),COOP Training Program,44.0,43.99959677419354,0.0004032258064583516,rubric_assisted_random_forest,134,145
qual-ielts-intern,34,Saudi Power Procurement Company (SPPC),Future Power – COOP Training Program,44.0,44.01556899641577,0.015568996415773029,rubric_assisted_random_forest,134,136
qual-ielts-intern,35,TBC (Tatweer Building Company),Cooperative Training Program,50.67,53.01812749819626,2.3481274981962557,rubric_assisted_random_forest,82,67
qual-ielts-intern,36,PwC Middle East (Assurance COOP & Summer Internship Programme 2026),"Assurance, COOP and Summer Internship Programme 2026 – Middle East",55.17,55.08514230914352,0.08485769085648087,rubric_assisted_random_forest,47,46
qual-ielts-intern,37,KAPSARC,Intern (Coop- Trainee),53.17,53.02980931221557,0.14019068778443255,rubric_assisted_random_forest,62,66
qual-ielts-intern,38,BSF (Banque Saudi Fransi),COOP / Internship,54.0,54.0,0.0,rubric_assisted_random_forest,52,52
qual-ielts-intern,39,Saudi Food & Drug Authority (SFDA),COOP training (First semester 2025-2026 intake),49.0,48.60049784183857,0.3995021581614324,rubric_assisted_random_forest,89,107
qual-ielts-intern,40,Saudi Power Procurement Company (SPPC) – Future Power (Business Admin COOP),Future Power – Business Administration COOP Training Program,44.0,44.0364023297491,0.036402329749101625,rubric_assisted_random_forest,134,135
qual-ielts-intern,41,Bank Albilad,Cooperative and Summer Training Program,48.67,51.460502332852336,2.790502332852334,rubric_assisted_random_forest,96,85
qual-ielts-intern,42,The Saudi National Bank (SNB),SNB Rowad Program,48.67,51.41309241221742,2.743092412217422,rubric_assisted_random_forest,96,87
qual-ielts-intern,43,National Cybersecurity Authority (NCA) – Academy,Cybersecurity training programs (academy),49.0,48.57261904761904,0.4273809523809575,rubric_assisted_random_forest,89,108
qual-ielts-intern,44,PIF | Graduate Development Program,Graduate Development Program (GDP),61.83,62.55445810643597,0.724458106435975,rubric_assisted_random_forest,19,25
qual-ielts-intern,45,NEOM | GrOW (Graduates Opportunities in Work),GrOW (Graduates Opportunities in Work),50.0,50.079459158924514,0.07945915892451438,rubric_assisted_random_forest,84,101
qual-ielts-intern,46,ROSHN | COOP Trainee Program,COOP Trainee Program,44.0,44.00306899641577,0.0030689964157701866,rubric_assisted_random_forest,134,144
qual-ielts-intern,47,Microsoft | Ru'aa Program (Riyadh),Ru'aa Program Internship (Solution Engineering),63.17,65.26350475702927,2.0935047570292653,rubric_assisted_random_forest,9,19
qual-ielts-intern,48,Oracle | Business Development Intern (KSA market),Business Development Intern (KSA market),55.5,55.09181760809271,0.4081823919072889,rubric_assisted_random_forest,46,45
qual-ielts-intern,49,SAP | Student Internship (Riyadh),Student Internship - Riyadh,54.0,53.510532386916665,0.48946761308333464,rubric_assisted_random_forest,52,58
qual-ielts-intern,50,SAB (Saudi Awwal Bank) | Cooperative Training Programme (COOP),SAB Cooperative Training Programme (COOP),48.67,51.42406420454548,2.754064204545479,rubric_assisted_random_forest,96,86
qual-ielts-intern,51,Ministry of Finance (Saudi Arabia) | Cooperative Training Program,Cooperative Training Program,40.5,40.54545833333334,0.04545833333334315,rubric_assisted_random_forest,165,167
qual-ielts-intern,52,Ministry of Industry and Mineral Resources | Cooperative Training,Cooperative Training Initiative,45.5,45.12916666666667,0.37083333333333,rubric_assisted_random_forest,131,132
qual-ielts-intern,53,King Fahd Causeway Authority | Internship Program,Internship Program,60.0,60.168272991673646,0.1682729916736463,rubric_assisted_random_forest,24,29
qual-ielts-intern,54,Tawuniya | Tamheer Program (Fresh Graduates),Tamheer Program,51.5,50.443276690863584,1.0567233091364159,rubric_assisted_random_forest,79,100
qual-ielts-intern,55,SAMA | SAMA Professional Program (SPP),SAMA Professional Program (SPP),40.5,40.49645833333333,0.003541666666670551,rubric_assisted_random_forest,165,169
qual-ielts-intern,56,HRDF | Cooperative Training Product,Cooperative Training Product,45.5,45.233333333333334,0.2666666666666657,rubric_assisted_random_forest,131,131
qual-ielts-intern,57,IBM,"Automation, Data & AI – Intern",59.67,64.36068507242905,4.690685072429048,rubric_assisted_random_forest,27,23
qual-ielts-intern,58,Unifonic,Internship (Unifonic),58.5,57.89196381958663,0.6080361804133716,rubric_assisted_random_forest,30,40
qual-ielts-intern,59,Misk Foundation,Misk Traineeship / Internship Program,47.0,46.28472222222222,0.7152777777777786,rubric_assisted_random_forest,127,130
qual-ielts-intern,60,Cisco,Cisco NetVersity (Saudi Arabia),56.5,56.0666368177388,0.4333631822612034,rubric_assisted_random_forest,41,42
qual-ielts-intern,61,KAUST,Visiting Student Research Program (VSRP) Internship,58.67,61.53883477551488,2.868834775514877,rubric_assisted_random_forest,29,28
qual-ielts-intern,62,General Authority for Statistics (GASTAT),Cooperative Training Program,55.17,54.55653495284242,0.6134650471575824,rubric_assisted_random_forest,47,49
qual-ielts-intern,63,Saudi Center for Opinion Polling (SCOP),Cooperative Training Program,55.17,54.63533356395353,0.5346664360464715,rubric_assisted_random_forest,47,48
qual-ielts-intern,64,Al Rajhi Takaful,Cooperative Training Program,48.67,51.524193503487275,2.8541935034872736,rubric_assisted_random_forest,96,84
qual-ielts-intern,65,Expenditure & Projects Efficiency Authority (EXPRO),Future Makers (صنّاع المستقبل) – Cooperative Training,44.0,43.84959677419354,0.15040322580645693,rubric_assisted_random_forest,134,160
qual-ielts-intern,66,Ministry of Finance (Saudi Arabia),Cooperative Training Program (Ministry of Finance),44.0,43.87043010752688,0.12956989247312123,rubric_assisted_random_forest,134,153
qual-ielts-intern,67,General Entertainment Authority (GEA),GEA Cooperative Training Program,44.0,43.99959677419354,0.0004032258064583516,rubric_assisted_random_forest,134,145
qual-ielts-intern,68,Banque Saudi Fransi (BSF),COOP Training,44.0,43.87361111111112,0.1263888888888829,rubric_assisted_random_forest,134,152
qual-ielts-intern,69,Arab National Bank (ANB),COOP Trainee,48.67,51.13461165824918,2.4646116582491757,rubric_assisted_random_forest,96,92
qual-ielts-intern,70,Tamara,Builders Program,48.67,51.12472435666188,2.4547243566618775,rubric_assisted_random_forest,96,93
qual-ielts-intern,71,OmniOps,Co‑op Training Program,53.17,52.367031964331986,0.802968035668016,rubric_assisted_random_forest,62,77
qual-ielts-intern,72,Tatweer Educational Technologies (TETCO),Cooperative Training Program,53.17,52.449777103220875,0.7202228967791271,rubric_assisted_random_forest,62,76
qual-ielts-intern,73,The Saudi Investment Bank (SAIB),Cooperative Program,48.67,51.39799419793171,2.7279941979317073,rubric_assisted_random_forest,96,88
qual-ielts-intern,74,Saudi Awwal Bank (SAB),COOP Program,48.67,50.98920630110633,2.319206301106327,rubric_assisted_random_forest,96,97
qual-ielts-intern,75,Riyad Bank,Internships and Coop Trainings (CSR 2019),48.67,51.14790471380472,2.477904713804719,rubric_assisted_random_forest,96,91
qual-ielts-intern,76,Tabby,Intern DevOps Engineer,63.17,66.12454224743003,2.9545422474300267,rubric_assisted_random_forest,9,10
qual-ielts-intern,77,Tabby,Intern Backend (GO) Engineer,65.17,66.9818483788433,1.811848378843294,rubric_assisted_random_forest,2,4
qual-ielts-intern,78,Tabby,Intern Frontend Engineer,63.17,65.61536081280613,2.445360812806129,rubric_assisted_random_forest,9,13
qual-ielts-intern,79,Tabby,Intern Data Engineer,65.17,66.158270371573,0.9882703715729946,rubric_assisted_random_forest,2,9
qual-ielts-intern,80,Tabby,No-Code / AI Agents Engineering Intern,63.17,65.45918266225297,2.289182662252969,rubric_assisted_random_forest,9,18
qual-ielts-intern,81,Bank Albilad,Cooperative Training Program,53.67,51.92215855579606,1.7478414442039423,rubric_assisted_random_forest,58,82
qual-ielts-intern,82,Saudi Ground Services (SGS),COOP Program,54.0,54.0,0.0,rubric_assisted_random_forest,52,52
qual-ielts-intern,83,CEER,Cooperative Training Program (COOP),44.0,43.857930107526876,0.14206989247312407,rubric_assisted_random_forest,134,155
qual-ielts-intern,84,Al Rajhi Takaful,Coop Training Program,48.67,50.99758526936031,2.3275852693603056,rubric_assisted_random_forest,96,96
qual-ielts-intern,85,TAWAL,COOP Training Program,53.17,52.51207700401452,0.65792299598548,rubric_assisted_random_forest,62,75
qual-ielts-intern,86,Wakeb_Data,COOP Training,59.83,62.21599439104749,2.3859943910474897,rubric_assisted_random_forest,25,26
qual-ielts-intern,87,Banque Saudi Fransi (BSF),Coop Training Program,44.0,44.0125,0.012500000000002842,rubric_assisted_random_forest,134,137
qual-ielts-intern,88,Tech Economy,COOP Training Program,44.0,43.99959677419354,0.0004032258064583516,rubric_assisted_random_forest,134,145
qual-ielts-intern,89,SAMI Advanced Electronics (SAMI-AEC),Coop Trainee,44.0,43.84959677419354,0.15040322580645693,rubric_assisted_random_forest,134,160
qual-ielts-intern,90,NHC,COOP Trainee,49.0,48.67922006406079,0.32077993593920695,rubric_assisted_random_forest,89,103
qual-ielts-intern,91,REMAT ADVANCED,Cooperative Training Program,48.5,48.49523483673878,0.0047651632612186745,rubric_assisted_random_forest,109,122
qual-ielts-intern,92,SDM,AI COOP,53.17,52.12100789025792,1.0489921097420805,rubric_assisted_random_forest,62,79
qual-ielts-intern,93,HUED,HUED COOP Program 2026,53.17,52.62563351856479,0.5443664814352118,rubric_assisted_random_forest,62,72
qual-ielts-intern,94,Araamis • أرامس,Araamis COOP Program 2026,53.17,52.6194690344378,0.5505309655622028,rubric_assisted_random_forest,62,73
qual-ielts-intern,95,ARDARA,COOP Training for Students,44.0,43.86556899641577,0.13443100358423266,rubric_assisted_random_forest,134,154
qual-ielts-intern,96,flynas,COOP Trainee / Internship Program,48.5,48.51867256289308,0.01867256289308017,rubric_assisted_random_forest,109,112
qual-ielts-intern,97,Saudi Motorsport Company (SMC),COOP Trainee (IT Asset Project Management),69.83,68.5976181461436,1.2323818538563955,rubric_assisted_random_forest,1,1
qual-ielts-intern,98,Saudi Motorsport Company (SMC),COOP Trainee (Supply Chain Excellence Associate),65.17,64.68480884927982,0.4851911507201834,rubric_assisted_random_forest,2,22
qual-ielts-intern,99,Mobily,Cooperative Training Program,44.0,44.00793010752688,0.007930107526881613,rubric_assisted_random_forest,134,138
qual-ielts-intern,100,Saudi Awwal Bank (SAB),Student Opportunities: Cooperative / Practical Training,48.67,51.16231721380473,2.492317213804725,rubric_assisted_random_forest,96,90
qual-ielts-intern,101,Alvarez & Marsal,COOP Training Program,44.0,44.00793010752688,0.007930107526881613,rubric_assisted_random_forest,134,138
qual-ielts-intern,102,Visa,COOP Trainee (Jan 2026),50.67,52.63009790163543,1.9600979016354287,rubric_assisted_random_forest,82,71
qual-ielts-intern,103,Zain KSA,Evolve Program (Fresh Graduates),44.0,44.047400727185,0.04740072718499988,rubric_assisted_random_forest,134,134
qual-ielts-intern,104,Zain KSA,Zain Pioneers Program,48.5,48.544818170072126,0.044818170072126406,rubric_assisted_random_forest,109,109
qual-ielts-intern,105,Savvy Games Group,Cooperative Training Program (Co-op),44.0,43.857930107526876,0.14206989247312407,rubric_assisted_random_forest,134,155
qual-ielts-intern,106,Bank AlJazira,Tamheer Program,48.67,51.08553765031266,2.4155376503126575,rubric_assisted_random_forest,96,94
qual-ielts-intern,107,sirar by stc,Cooperative Training Program,53.17,53.12618707195585,0.043812928044154376,rubric_assisted_random_forest,62,63
qual-ielts-intern,108,Gathern,Co-op Program,53.17,52.61595719581346,0.554042804186544,rubric_assisted_random_forest,62,74
qual-ielts-intern,109,Elm Company (شركة علم),Coop Training - Computer Science (Jan/Mar/Jun/Aug 2025 Intake),48.5,48.50148483673878,0.0014848367387827466,rubric_assisted_random_forest,109,119
qual-ielts-intern,110,Elm Company (شركة علم),Co-Op Training - Information Technology (Jun & Aug 2025 Intake),48.5,48.50148483673878,0.0014848367387827466,rubric_assisted_random_forest,109,119
qual-ielts-intern,111,EJADA,COOP Administration & Support Engineer,44.0,43.84959677419354,0.15040322580645693,rubric_assisted_random_forest,134,160
qual-ielts-intern,112,Emdad By Elm,Network Cooperative Training (Network Intern),58.5,58.5,0.0,rubric_assisted_random_forest,30,33
qual-ielts-intern,113,AILA,Co-op Training Programme,53.17,53.34663691678695,0.17663691678694704,rubric_assisted_random_forest,62,61
qual-ielts-intern,114,Foodics,Foodics 360 Internship Program,58.5,57.89308300197516,0.6069169980248432,rubric_assisted_random_forest,30,39
qual-ielts-intern,115,Salla,برنامج التدريب التعاوني (Coop Training) – Salla,48.5,48.49523483673878,0.0047651632612186745,rubric_assisted_random_forest,109,122
qual-ielts-intern,116,Lucidya,Technical Internship or Coop – Lucidya,63.17,62.781051505602264,0.38894849439773793,rubric_assisted_random_forest,9,24
qual-ielts-intern,117,Diriyah Company,Diriyah Co-op Training Program,44.0,44.00793010752688,0.007930107526881613,rubric_assisted_random_forest,134,138
qual-ielts-intern,118,Riyadh Air,Co-op – Riyadh Air,44.0,43.883874551971324,0.11612544802867575,rubric_assisted_random_forest,134,150
qual-ielts-intern,119,Jahez Group,Jahez Internship Program (as described in Sustainability Report),54.0,53.51574072025,0.48425927974999894,rubric_assisted_random_forest,52,57
qual-ielts-intern,120,Lumi | لومي,COOP Intern 2025 – Lumi,44.0,43.84959677419354,0.15040322580645693,rubric_assisted_random_forest,134,160
qual-ielts-intern,121,webook.com,COOP Trainee Opportunities – webook.com,44.0,43.883874551971324,0.11612544802867575,rubric_assisted_random_forest,134,150
qual-ielts-intern,122,moneymoon,Tech & AI Co-op Program 2025,53.17,53.40779682724683,0.23779682724682516,rubric_assisted_random_forest,62,59
qual-ielts-intern,123,EjadTech - إيجاد التقنية,"Summer Internship Program 2025 (Computer, Data, and AI Majors)",59.67,65.12090515371166,5.450905153711659,rubric_assisted_random_forest,27,20
qual-ielts-intern,124,InnovationTeam,Java Microservices Internship Programme (Saudi Nationals),61.67,65.79044349552903,4.120443495529031,rubric_assisted_random_forest,20,11
qual-ielts-intern,125,Tamkeen Technologies,On the Job Training (Internship Program) — Technology field,65.17,66.27816045035247,1.1081604503524716,rubric_assisted_random_forest,2,8
qual-ielts-intern,126,Trendyol Group,Trendyol Tech Talent - Bootcamp & COOP Internship Program (Saudi Students Only),45.0,45.0075,0.007500000000000284,rubric_assisted_random_forest,133,133
qual-ielts-intern,127,Ninja نينجا,COOP Training Program,51.67,54.310922995303095,2.640922995303093,rubric_assisted_random_forest,78,50
qual-ielts-intern,128,SCAI | سكاي,CO-OP Training Opportunities (Intern),53.17,52.68984710983463,0.4801528901653711,rubric_assisted_random_forest,62,70
qual-ielts-intern,129,WalaPlus,Coop & Tamheer Opportunities,48.5,48.507734836738784,0.007734836738784168,rubric_assisted_random_forest,109,116
qual-ielts-intern,130,Aon,IT Co-op Trainee 2026,48.5,48.503568170072114,0.003568170072114185,rubric_assisted_random_forest,109,118
qual-ielts-intern,131,Hewlett Packard Enterprise (HPE),College Intern (Coop),48.5,48.50382327211294,0.00382327211293898,rubric_assisted_random_forest,109,117
qual-ielts-intern,132,Signify,KSA Coop Internship Program,48.5,48.29648483673879,0.20351516326120844,rubric_assisted_random_forest,109,126
qual-ielts-intern,133,Help AG (e& enterprise),Cybersecurity Intern,54.0,53.365641429856986,0.6343585701430143,rubric_assisted_random_forest,52,60
qual-ielts-intern,134,TrendAI (Trend Micro),CyberGATE Internship Program,58.5,57.85995605681215,0.6400439431878482,rubric_assisted_random_forest,30,41
qual-ielts-intern,135,Golf Saudi,IT Co-op Trainee,53.17,53.679633235977015,0.509633235977013,rubric_assisted_random_forest,62,55
qual-ielts-intern,136,Siemens Healthineers,Healthineers Early Talent Program – IT (Riyadh),58.5,57.89478643100299,0.6052135689970086,rubric_assisted_random_forest,30,38
qual-ielts-intern,137,1957 Ventures,Internship / Co-Op Program,45.83,47.69147189639063,1.8614718963906327,rubric_assisted_random_forest,130,127
qual-ielts-intern,138,Nokia,Graduate Trainee (Saudi Arabia) – Fledgers Program,39.17,39.44533043904851,0.27533043904850985,rubric_assisted_random_forest,170,170
qual-ielts-intern,139,Ericsson,Summer Interns (Ericsson Saudi),55.83,54.01792975698958,1.8120702430104174,rubric_assisted_random_forest,45,51
qual-ielts-intern,140,Bosch Middle East,Software Development Intern (AI/Cloud),49.17,50.88649077976618,1.7164907797661755,rubric_assisted_random_forest,87,99
qual-ielts-intern,141,Saudi Payments | المدفوعات السعودية,COOP Training – August 2024,53.17,52.93350140877643,0.23649859122357242,rubric_assisted_random_forest,62,68
qual-ielts-intern,142,Saudi Tadawul Group | تداول,Cooperative Training Program (COOP),53.17,53.33869433205686,0.1686943320568588,rubric_assisted_random_forest,62,62
qual-ielts-intern,143,Lean Technologies,Software Engineering Intern – KSA,65.17,66.38946276200085,1.2194627620008447,rubric_assisted_random_forest,2,6
qual-ielts-intern,144,Mirai (Scopely) | مِراي,AI Engineering Intern (GenAI),49.17,50.915082013768,1.7450820137679983,rubric_assisted_random_forest,87,98
qual-ielts-intern,145,HungerStation | هنقرستيشن,"Co-OP Trainee, Data Analysis – Info Sec",55.17,54.76072629916381,0.4092737008361951,rubric_assisted_random_forest,47,47
qual-ielts-intern,146,NCGR | المركز الوطني لنظم الموارد الحكومية,Coop Training Program,48.5,48.51606817007212,0.016068170072117027,rubric_assisted_random_forest,109,113
qual-ielts-intern,147,nybl,nybl Graduate Programme – Saudi Nationals (AI Bootcamp),34.67,35.61858685739548,0.9485868573954761,rubric_assisted_random_forest,171,171
qual-ielts-intern,148,Procter & Gamble (P&G),P&G LEADgen Internship Program 2026 (Riyadh),58.5,57.90211077975294,0.5978892202470618,rubric_assisted_random_forest,30,36
qual-ielts-intern,149,New Murabba | المربع الجديد,New Murabba Co-op Training Program,48.5,48.513984836738786,0.013984836738785589,rubric_assisted_random_forest,109,114
qual-ielts-intern,150,Boeing Saudi Arabia Limited,Intern - Info Technology & Data Analytics (Riyadh),63.17,65.73673031950219,2.5667303195021844,rubric_assisted_random_forest,9,12
qual-ielts-intern,151,Motorola Solutions,Deployment Engineer Intern (KSA National - Tamheer Program),48.5,48.52606817007212,0.026068170072122143,rubric_assisted_random_forest,109,110
qual-ielts-intern,152,Schneider Electric,Co-op Intern (Engineering) - Al Khobar (Jan–Aug 2026),48.5,48.49523483673878,0.0047651632612186745,rubric_assisted_random_forest,109,122
qual-ielts-intern,153,Lockheed Martin,Tamheer Space Internship (Riyadh),48.5,48.52606817007212,0.026068170072122143,rubric_assisted_random_forest,109,110
qual-ielts-intern,154,Markaba | مركبة,Start-up Software Intern – TAMHEER (Saudi nationals only),49.67,53.05394583668648,3.383945836686479,rubric_assisted_random_forest,85,64
qual-ielts-intern,155,Laverne Group | مجموعة لافيرن,Data Analyst / Data Engineer Intern (IT Department),65.17,66.42239525526259,1.2523952552625843,rubric_assisted_random_forest,2,5
qual-ielts-intern,156,Meel | ميل,"Software Developer Internship (Remote, min 2 months)",63.17,67.62846666157917,4.458466661579166,rubric_assisted_random_forest,9,2
qual-ielts-intern,157,Nahdi Medical Co.,IT Internship / COOP Program (6 months),53.5,52.16047853358514,1.3395214664148583,rubric_assisted_random_forest,61,78
qual-ielts-intern,158,SMART Technology Solutions | سمارت لحلول التقنية,R&D Intern (Riyadh),63.17,65.49282833888147,2.3228283388814646,rubric_assisted_random_forest,9,17
qual-ielts-intern,159,Knodemy Inc.,AI Developer & Tech Trainer Intern - Riyadh,63.17,65.61349961910587,2.4434996191058644,rubric_assisted_random_forest,9,14
qual-ielts-intern,160,Water Transmission Company | شركة نقل المياه,Tamheer Internship Program (HRIS / Engineering & PM - Riyadh),59.83,61.69980705306393,1.86980705306393,rubric_assisted_random_forest,25,27
qual-ielts-intern,161,AFNOYS,"AI Automation Intern - KSA (Remote, 4 weeks)",63.17,67.38884618577696,4.218846185776954,rubric_assisted_random_forest,9,3
qual-ielts-intern,162,SAS,CareerStart@SAS 2026 - Presales Customer Intelligence Intern (Riyadh),61.67,65.54101366936995,3.871013669369944,rubric_assisted_random_forest,20,16
qual-ielts-intern,163,Devoteam,Trainee - Future Leaders Program (Co-op/Fresh Graduate),56.33,59.79127591908314,3.4612759190831426,rubric_assisted_random_forest,42,30
qual-ielts-intern,164,ضالتي Dhallaty,Tech Intern: Fresh Grad or Student,61.67,65.58512671213009,3.915126712130089,rubric_assisted_random_forest,20,15
qual-ielts-intern,165,Innovative Solutions SA,Presales - Tamheer,40.5,40.50069444444445,0.0006944444444485498,rubric_assisted_random_forest,165,168
qual-ielts-intern,166,HUMAIN,Tamheer Program (Software Engineer / Cybersecurity / MIS),49.67,52.80969904817406,3.1396990481740588,rubric_assisted_random_forest,85,69
qual-ielts-intern,167,TAM | تام,"Tamheer Opportunity, Advisory",40.5,40.60967424242425,0.10967424242424784,rubric_assisted_random_forest,165,165
qual-ielts-intern,168,هيئة التأمين | Insurance Authority,Tamheer Opportunity - Specialist of Information Security,40.5,40.55659722222222,0.056597222222222854,rubric_assisted_random_forest,165,166
qual-ielts-intern,169,Snbla | سنبله,Paid Internship Program (FinTech),61.67,65.04880509645899,3.37880509645899,rubric_assisted_random_forest,20,21
qual-ielts-intern,170,2P Perfect Presentation,Data Analyst (Tamheer),56.33,59.43993466773701,3.109934667737015,rubric_assisted_random_forest,42,32
qual-ielts-intern,171,Infosys,Summer Intern (Infosys InStep ’26 – Bangalore),57.0,55.80220731963974,1.1977926803602585,rubric_assisted_random_forest,40,43
qual-ielts-intern,172,شركة الخدمات المدارة | Managed Services Company,Intern Cybersecurity Engineer,55.0,55.572294918784955,0.5722949187849551,rubric_assisted_random_forest,51,44
qual-ielts-intern,173,Abunayyan Holding,Data Analyst (Tamheer),56.33,59.506316661627594,3.1763166616275953,rubric_assisted_random_forest,42,31
cs-iau-backend,1,Saudi Aramco,University Internship Program (UIP),42.5,42.421676376656784,0.0783236233432163,rubric_assisted_gradient_boosting,168,168
cs-iau-backend,2,SABIC,COOP Training Program,45.5,45.30625368823964,0.19374631176035706,rubric_assisted_gradient_boosting,165,167
cs-iau-backend,3,stc (Saudi Telecom Company),Cooperative Training Program (COOP),52.5,52.77183852534284,0.2718385253428366,rubric_assisted_gradient_boosting,118,118
cs-iau-backend,4,Saudi National Bank (SNB),SNB Cooperative Training Program,61.5,62.08123564587314,0.5812356458731429,rubric_assisted_gradient_boosting,85,85
cs-iau-backend,5,Al Rajhi Bank,Cooperative Training Program,61.5,62.08123564587314,0.5812356458731429,rubric_assisted_gradient_boosting,85,85
cs-iau-backend,6,Capital Market Authority (CMA),COOP Program,66.5,66.85569327371381,0.3556932737138112,rubric_assisted_gradient_boosting,64,65
cs-iau-backend,7,Digital Government Authority (DGA),Maidan Cooperative Training Program,52.5,52.77183852534284,0.2718385253428366,rubric_assisted_gradient_boosting,118,118
cs-iau-backend,8,KPMG Saudi Arabia,COOP & Internship Programs,47.5,47.514840279026295,0.014840279026294922,rubric_assisted_gradient_boosting,157,157
cs-iau-backend,9,PwC Middle East,"Deals, COOP and Summer Internship Programme (2026)",57.0,57.140494693282314,0.14049469328231368,rubric_assisted_gradient_boosting,103,102
cs-iau-backend,10,Deloitte Middle East (KSA),Jusoor Al Sharqiyah Internship Program,61.5,61.07297785203708,0.4270221479629228,rubric_assisted_gradient_boosting,85,98
cs-iau-backend,11,Bank Albilad,Cooperative & Summer Training Program,70.5,71.1121877670376,0.6121877670375966,rubric_assisted_gradient_boosting,52,49
cs-iau-backend,12,Tamara,Tamara Builders Program,75.5,74.86998460723859,0.6300153927614076,rubric_assisted_gradient_boosting,27,30
cs-iau-backend,13,Bupa Arabia,Cooperative Training Program,52.5,52.77183852534284,0.2718385253428366,rubric_assisted_gradient_boosting,118,118
cs-iau-backend,14,Saudi Exports (Saudi Export Development Authority),COOP & Summer Training (FAQ-confirmed),47.5,47.514840279026295,0.014840279026294922,rubric_assisted_gradient_boosting,157,157
cs-iau-backend,15,Local Content and Government Procurement Authority (LCGPA),COOP Training (role posting),52.5,52.77183852534284,0.2718385253428366,rubric_assisted_gradient_boosting,118,118
cs-iau-backend,16,McKinsey & Company (Maqdira),Maqdira Fellowship Program,57.0,57.140494693282314,0.14049469328231368,rubric_assisted_gradient_boosting,103,102
cs-iau-backend,17,Boston Consulting Group (BCG),Visiting Associate Internship (Riyadh),52.5,52.77183852534284,0.2718385253428366,rubric_assisted_gradient_boosting,118,118
cs-iau-backend,18,Bain & Company,COOP Training Program (Riyadh),52.5,52.77183852534284,0.2718385253428366,rubric_assisted_gradient_boosting,118,118
cs-iau-backend,19,Amazon Web Services (AWS),IT/Computer Hardware Internship (Intern-to-FTE Pathway),71.5,70.78775193300288,0.7122480669971196,rubric_assisted_gradient_boosting,47,50
cs-iau-backend,20,Amazon Web Services (AWS) - Associate Solutions Architect Intern,Associate Solutions Architect Intern (2026),71.5,70.78775193300288,0.7122480669971196,rubric_assisted_gradient_boosting,47,50
cs-iau-backend,21,Google (Saudi Arabia),Google Careers (Saudi location filter),58.5,58.74473719541649,0.24473719541649075,rubric_assisted_gradient_boosting,101,101
cs-iau-backend,22,BlackRock,Client & Product Summer Internship Programme (EMEA) - includes Riyadh,77.0,77.5298168305088,0.5298168305088069,rubric_assisted_gradient_boosting,24,24
cs-iau-backend,23,noon,Student Internship,62.5,62.317535647434084,0.18246435256591553,rubric_assisted_gradient_boosting,81,81
cs-iau-backend,24,MOZN,Data Science Intern,87.0,87.1052777038454,0.10527770384540247,rubric_assisted_gradient_boosting,8,8
cs-iau-backend,25,Elm,Elm Co-op Training Program (March 2026 Intake),52.5,52.77183852534284,0.2718385253428366,rubric_assisted_gradient_boosting,118,118
cs-iau-backend,26,Yasref,Yasref Cooperative Training Program,54.5,54.655313188976514,0.15531318897651403,rubric_assisted_gradient_boosting,116,117
cs-iau-backend,27,"Saudi Standards, Metrology and Quality Organization (SASO)",Cooperative Training (Collaborative Training),61.5,61.63559684303067,0.13559684303066888,rubric_assisted_gradient_boosting,85,88
cs-iau-backend,28,"Zakat, Tax and Customs Authority (ZATCA)",Binaa-Alkafaat Program,47.5,47.514840279026295,0.014840279026294922,rubric_assisted_gradient_boosting,157,157
cs-iau-backend,29,Human Resources Development Fund (HRDF) – Cooperative Training Product,Cooperative Training (HRDF product),10.5,10.466513711877429,0.03348628812257104,rubric_assisted_gradient_boosting,172,172
cs-iau-backend,30,EXPRO,COOP Training (Future Makers Program),52.5,52.77183852534284,0.2718385253428366,rubric_assisted_gradient_boosting,118,118
cs-iau-backend,31,Ministry of Industry and Mineral Resources (MIM) – Cooperative Training Initiative,Cooperative Training Initiative,10.5,10.466513711877429,0.03348628812257104,rubric_assisted_gradient_boosting,172,172
cs-iau-backend,32,TBC (The Beauty Company),Cooperative Training Program,47.5,47.514840279026295,0.014840279026294922,rubric_assisted_gradient_boosting,157,157
cs-iau-backend,33,National Center for Vegetation Cover Development & Combating Desertification (NCVC),COOP Training Program,52.5,52.77183852534284,0.2718385253428366,rubric_assisted_gradient_boosting,118,118
cs-iau-backend,34,Saudi Power Procurement Company (SPPC),Future Power – COOP Training Program,52.5,52.77183852534284,0.2718385253428366,rubric_assisted_gradient_boosting,118,118
cs-iau-backend,35,TBC (Tatweer Building Company),Cooperative Training Program,52.5,52.77183852534284,0.2718385253428366,rubric_assisted_gradient_boosting,118,118
cs-iau-backend,36,PwC Middle East (Assurance COOP & Summer Internship Programme 2026),"Assurance, COOP and Summer Internship Programme 2026 – Middle East",57.0,57.140494693282314,0.14049469328231368,rubric_assisted_gradient_boosting,103,102
cs-iau-backend,37,KAPSARC,Intern (Coop- Trainee),75.5,74.86998460723859,0.6300153927614076,rubric_assisted_gradient_boosting,27,30
cs-iau-backend,38,BSF (Banque Saudi Fransi),COOP / Internship,42.5,42.421676376656784,0.0783236233432163,rubric_assisted_gradient_boosting,168,168
cs-iau-backend,39,Saudi Food & Drug Authority (SFDA),COOP training (First semester 2025-2026 intake),47.5,47.514840279026295,0.014840279026294922,rubric_assisted_gradient_boosting,157,157
cs-iau-backend,40,Saudi Power Procurement Company (SPPC) – Future Power (Business Admin COOP),Future Power – Business Administration COOP Training Program,52.5,52.77183852534284,0.2718385253428366,rubric_assisted_gradient_boosting,118,118
cs-iau-backend,41,Bank Albilad,Cooperative and Summer Training Program,66.5,66.85569327371381,0.3556932737138112,rubric_assisted_gradient_boosting,64,65
cs-iau-backend,42,The Saudi National Bank (SNB),SNB Rowad Program,66.5,66.85569327371381,0.3556932737138112,rubric_assisted_gradient_boosting,64,65
cs-iau-backend,43,National Cybersecurity Authority (NCA) – Academy,Cybersecurity training programs (academy),57.5,56.088947836564834,1.4110521634351656,rubric_assisted_gradient_boosting,102,109
cs-iau-backend,44,PIF | Graduate Development Program,Graduate Development Program (GDP),67.0,68.21026148159108,1.2102614815910755,rubric_assisted_gradient_boosting,56,56
cs-iau-backend,45,NEOM | GrOW (Graduates Opportunities in Work),GrOW (Graduates Opportunities in Work),54.5,54.69915662028225,0.19915662028225256,rubric_assisted_gradient_boosting,116,116
cs-iau-backend,46,ROSHN | COOP Trainee Program,COOP Trainee Program,52.5,52.77183852534284,0.2718385253428366,rubric_assisted_gradient_boosting,118,118
cs-iau-backend,47,Microsoft | Ru'aa Program (Riyadh),Ru'aa Program Internship (Solution Engineering),85.5,85.2834277360634,0.21657226393659812,rubric_assisted_gradient_boosting,12,12
cs-iau-backend,48,Oracle | Business Development Intern (KSA market),Business Development Intern (KSA market),55.5,55.24222060926899,0.25777939073100953,rubric_assisted_gradient_boosting,110,114
cs-iau-backend,49,SAP | Student Internship (Riyadh),Student Internship - Riyadh,62.5,62.317535647434084,0.18246435256591553,rubric_assisted_gradient_boosting,81,81
cs-iau-backend,50,SAB (Saudi Awwal Bank) | Cooperative Training Programme (COOP),SAB Cooperative Training Programme (COOP),66.5,66.85569327371381,0.3556932737138112,rubric_assisted_gradient_boosting,64,65
cs-iau-backend,51,Ministry of Finance (Saudi Arabia) | Cooperative Training Program,Cooperative Training Program,50.5,50.517050544881926,0.01705054488192559,rubric_assisted_gradient_boosting,153,153
cs-iau-backend,52,Ministry of Industry and Mineral Resources | Cooperative Training,Cooperative Training Initiative,45.5,45.464321760690225,0.03567823930977454,rubric_assisted_gradient_boosting,165,165
cs-iau-backend,53,King Fahd Causeway Authority | Internship Program,Internship Program,64.5,64.17468080700766,0.3253191929923389,rubric_assisted_gradient_boosting,79,80
cs-iau-backend,54,Tawuniya | Tamheer Program (Fresh Graduates),Tamheer Program,64.5,64.2488611246459,0.2511388753541013,rubric_assisted_gradient_boosting,79,79
cs-iau-backend,55,SAMA | SAMA Professional Program (SPP),SAMA Professional Program (SPP),50.5,50.517050544881926,0.01705054488192559,rubric_assisted_gradient_boosting,153,153
cs-iau-backend,56,HRDF | Cooperative Training Product,Cooperative Training Product,45.5,45.464321760690225,0.03567823930977454,rubric_assisted_gradient_boosting,165,165
cs-iau-backend,57,IBM,"Automation, Data & AI – Intern",83.5,83.19098848995377,0.30901151004623273,rubric_assisted_gradient_boosting,16,16
cs-iau-backend,58,Unifonic,Internship (Unifonic),67.0,66.88960266667114,0.11039733332886215,rubric_assisted_gradient_boosting,56,59
cs-iau-backend,59,Misk Foundation,Misk Traineeship / Internship Program,55.5,54.76409951864445,0.7359004813555501,rubric_assisted_gradient_boosting,110,115
cs-iau-backend,60,Cisco,Cisco NetVersity (Saudi Arabia),55.0,55.319467238030356,0.3194672380303558,rubric_assisted_gradient_boosting,113,111
cs-iau-backend,61,KAUST,Visiting Student Research Program (VSRP) Internship,66.5,66.88847007692269,0.38847007692268676,rubric_assisted_gradient_boosting,64,64
cs-iau-backend,62,General Authority for Statistics (GASTAT),Cooperative Training Program,67.0,68.21026148159108,1.2102614815910755,rubric_assisted_gradient_boosting,56,56
cs-iau-backend,63,Saudi Center for Opinion Polling (SCOP),Cooperative Training Program,67.0,68.21026148159108,1.2102614815910755,rubric_assisted_gradient_boosting,56,56
cs-iau-backend,64,Al Rajhi Takaful,Cooperative Training Program,66.5,66.85569327371381,0.3556932737138112,rubric_assisted_gradient_boosting,64,65
cs-iau-backend,65,Expenditure & Projects Efficiency Authority (EXPRO),Future Makers (صنّاع المستقبل) – Cooperative Training,52.5,52.77183852534284,0.2718385253428366,rubric_assisted_gradient_boosting,118,118
cs-iau-backend,66,Ministry of Finance (Saudi Arabia),Cooperative Training Program (Ministry of Finance),52.5,52.77183852534284,0.2718385253428366,rubric_assisted_gradient_boosting,118,118
cs-iau-backend,67,General Entertainment Authority (GEA),GEA Cooperative Training Program,52.5,52.77183852534284,0.2718385253428366,rubric_assisted_gradient_boosting,118,118
cs-iau-backend,68,Banque Saudi Fransi (BSF),COOP Training,52.5,52.77183852534284,0.2718385253428366,rubric_assisted_gradient_boosting,118,118
cs-iau-backend,69,Arab National Bank (ANB),COOP Trainee,66.5,66.85569327371381,0.3556932737138112,rubric_assisted_gradient_boosting,64,65
cs-iau-backend,70,Tamara,Builders Program,66.5,66.85569327371381,0.3556932737138112,rubric_assisted_gradient_boosting,64,65
cs-iau-backend,71,OmniOps,Co‑op Training Program,75.5,74.86998460723859,0.6300153927614076,rubric_assisted_gradient_boosting,27,30
cs-iau-backend,72,Tatweer Educational Technologies (TETCO),Cooperative Training Program,75.5,74.86998460723859,0.6300153927614076,rubric_assisted_gradient_boosting,27,30
cs-iau-backend,73,The Saudi Investment Bank (SAIB),Cooperative Program,66.5,66.85569327371381,0.3556932737138112,rubric_assisted_gradient_boosting,64,65
cs-iau-backend,74,Saudi Awwal Bank (SAB),COOP Program,66.5,66.85569327371381,0.3556932737138112,rubric_assisted_gradient_boosting,64,65
cs-iau-backend,75,Riyad Bank,Internships and Coop Trainings (CSR 2019),66.5,66.85569327371381,0.3556932737138112,rubric_assisted_gradient_boosting,64,65
cs-iau-backend,76,Tabby,Intern DevOps Engineer,81.0,80.9441513085499,0.055848691450094634,rubric_assisted_gradient_boosting,20,20
cs-iau-backend,77,Tabby,Intern Backend (GO) Engineer,88.5,88.40387602293195,0.09612397706804643,rubric_assisted_gradient_boosting,3,3
cs-iau-backend,78,Tabby,Intern Frontend Engineer,85.5,85.2834277360634,0.21657226393659812,rubric_assisted_gradient_boosting,12,12
cs-iau-backend,79,Tabby,Intern Data Engineer,91.5,91.2275097386547,0.27249026134529686,rubric_assisted_gradient_boosting,1,1
cs-iau-backend,80,Tabby,No-Code / AI Agents Engineering Intern,85.5,85.2834277360634,0.21657226393659812,rubric_assisted_gradient_boosting,12,12
cs-iau-backend,81,Bank Albilad,Cooperative Training Program,61.5,62.08123564587314,0.5812356458731429,rubric_assisted_gradient_boosting,85,85
cs-iau-backend,82,Saudi Ground Services (SGS),COOP Program,42.5,42.421676376656784,0.0783236233432163,rubric_assisted_gradient_boosting,168,168
cs-iau-backend,83,CEER,Cooperative Training Program (COOP),52.5,52.77183852534284,0.2718385253428366,rubric_assisted_gradient_boosting,118,118
cs-iau-backend,84,Al Rajhi Takaful,Coop Training Program,66.5,66.85569327371381,0.3556932737138112,rubric_assisted_gradient_boosting,64,65
cs-iau-backend,85,TAWAL,COOP Training Program,75.5,74.86998460723859,0.6300153927614076,rubric_assisted_gradient_boosting,27,30
cs-iau-backend,86,Wakeb_Data,COOP Training,75.5,74.86998460723859,0.6300153927614076,rubric_assisted_gradient_boosting,27,30
cs-iau-backend,87,Banque Saudi Fransi (BSF),Coop Training Program,52.5,52.77183852534284,0.2718385253428366,rubric_assisted_gradient_boosting,118,118
cs-iau-backend,88,Tech Economy,COOP Training Program,52.5,52.77183852534284,0.2718385253428366,rubric_assisted_gradient_boosting,118,118
cs-iau-backend,89,SAMI Advanced Electronics (SAMI-AEC),Coop Trainee,52.5,52.77183852534284,0.2718385253428366,rubric_assisted_gradient_boosting,118,118
cs-iau-backend,90,NHC,COOP Trainee,47.5,47.514840279026295,0.014840279026294922,rubric_assisted_gradient_boosting,157,157
cs-iau-backend,91,REMAT ADVANCED,Cooperative Training Program,61.5,61.63559684303067,0.13559684303066888,rubric_assisted_gradient_boosting,85,88
cs-iau-backend,92,SDM,AI COOP,74.0,75.56358761405465,1.5635876140546543,rubric_assisted_gradient_boosting,41,26
cs-iau-backend,93,HUED,HUED COOP Program 2026,75.5,74.86998460723859,0.6300153927614076,rubric_assisted_gradient_boosting,27,30
cs-iau-backend,94,Araamis • أرامس,Araamis COOP Program 2026,75.5,74.86998460723859,0.6300153927614076,rubric_assisted_gradient_boosting,27,30
cs-iau-backend,95,ARDARA,COOP Training for Students,52.5,52.77183852534284,0.2718385253428366,rubric_assisted_gradient_boosting,118,118
cs-iau-backend,96,flynas,COOP Trainee / Internship Program,57.0,57.140494693282314,0.14049469328231368,rubric_assisted_gradient_boosting,103,102
cs-iau-backend,97,Saudi Motorsport Company (SMC),COOP Trainee (IT Asset Project Management),61.0,60.87571194330601,0.12428805669399168,rubric_assisted_gradient_boosting,99,99
cs-iau-backend,98,Saudi Motorsport Company (SMC),COOP Trainee (Supply Chain Excellence Associate),47.0,46.86781997718603,0.13218002281396934,rubric_assisted_gradient_boosting,163,163
cs-iau-backend,99,Mobily,Cooperative Training Program,52.5,52.77183852534284,0.2718385253428366,rubric_assisted_gradient_boosting,118,118
cs-iau-backend,100,Saudi Awwal Bank (SAB),Student Opportunities: Cooperative / Practical Training,66.5,66.85569327371381,0.3556932737138112,rubric_assisted_gradient_boosting,64,65
cs-iau-backend,101,Alvarez & Marsal,COOP Training Program,52.5,52.77183852534284,0.2718385253428366,rubric_assisted_gradient_boosting,118,118
cs-iau-backend,102,Visa,COOP Trainee (Jan 2026),52.5,52.77183852534284,0.2718385253428366,rubric_assisted_gradient_boosting,118,118
cs-iau-backend,103,Zain KSA,Evolve Program (Fresh Graduates),52.5,52.77183852534284,0.2718385253428366,rubric_assisted_gradient_boosting,118,118
cs-iau-backend,104,Zain KSA,Zain Pioneers Program,61.5,61.63559684303067,0.13559684303066888,rubric_assisted_gradient_boosting,85,88
cs-iau-backend,105,Savvy Games Group,Cooperative Training Program (Co-op),52.5,52.77183852534284,0.2718385253428366,rubric_assisted_gradient_boosting,118,118
cs-iau-backend,106,Bank AlJazira,Tamheer Program,66.5,66.85569327371381,0.3556932737138112,rubric_assisted_gradient_boosting,64,65
cs-iau-backend,107,sirar by stc,Cooperative Training Program,75.5,74.86998460723859,0.6300153927614076,rubric_assisted_gradient_boosting,27,30
cs-iau-backend,108,Gathern,Co-op Program,75.5,74.86998460723859,0.6300153927614076,rubric_assisted_gradient_boosting,27,30
cs-iau-backend,109,Elm Company (شركة علم),Coop Training - Computer Science (Jan/Mar/Jun/Aug 2025 Intake),57.0,57.140494693282314,0.14049469328231368,rubric_assisted_gradient_boosting,103,102
cs-iau-backend,110,Elm Company (شركة علم),Co-Op Training - Information Technology (Jun & Aug 2025 Intake),57.0,57.140494693282314,0.14049469328231368,rubric_assisted_gradient_boosting,103,102
cs-iau-backend,111,EJADA,COOP Administration & Support Engineer,52.5,52.77183852534284,0.2718385253428366,rubric_assisted_gradient_boosting,118,118
cs-iau-backend,112,Emdad By Elm,Network Cooperative Training (Network Intern),51.5,51.34080488535849,0.1591951146415127,rubric_assisted_gradient_boosting,151,151
cs-iau-backend,113,AILA,Co-op Training Programme,71.0,71.16457785335278,0.16457785335278174,rubric_assisted_gradient_boosting,50,47
cs-iau-backend,114,Foodics,Foodics 360 Internship Program,67.0,66.88960266667114,0.11039733332886215,rubric_assisted_gradient_boosting,56,59
cs-iau-backend,115,Salla,برنامج التدريب التعاوني (Coop Training) – Salla,47.0,46.86781997718603,0.13218002281396934,rubric_assisted_gradient_boosting,163,163
cs-iau-backend,116,Lucidya,Technical Internship or Coop – Lucidya,61.0,60.87571194330601,0.12428805669399168,rubric_assisted_gradient_boosting,99,99
cs-iau-backend,117,Diriyah Company,Diriyah Co-op Training Program,52.5,52.77183852534284,0.2718385253428366,rubric_assisted_gradient_boosting,118,118
cs-iau-backend,118,Riyadh Air,Co-op – Riyadh Air,52.5,52.77183852534284,0.2718385253428366,rubric_assisted_gradient_boosting,118,118
cs-iau-backend,119,Jahez Group,Jahez Internship Program (as described in Sustainability Report),62.5,62.317535647434084,0.18246435256591553,rubric_assisted_gradient_boosting,81,81
cs-iau-backend,120,Lumi | لومي,COOP Intern 2025 – Lumi,52.5,52.77183852534284,0.2718385253428366,rubric_assisted_gradient_boosting,118,118
cs-iau-backend,121,webook.com,COOP Trainee Opportunities – webook.com,52.5,52.77183852534284,0.2718385253428366,rubric_assisted_gradient_boosting,118,118
cs-iau-backend,122,moneymoon,Tech & AI Co-op Program 2025,74.0,75.56358761405465,1.5635876140546543,rubric_assisted_gradient_boosting,41,26
cs-iau-backend,123,EjadTech - إيجاد التقنية,"Summer Internship Program 2025 (Computer, Data, and AI Majors)",86.5,86.49464732511275,0.005352674887248554,rubric_assisted_gradient_boosting,9,9
cs-iau-backend,124,InnovationTeam,Java Microservices Internship Programme (Saudi Nationals),86.5,86.49464732511275,0.005352674887248554,rubric_assisted_gradient_boosting,9,9
cs-iau-backend,125,Tamkeen Technologies,On the Job Training (Internship Program) — Technology field,67.0,66.88960266667114,0.11039733332886215,rubric_assisted_gradient_boosting,56,59
cs-iau-backend,126,Trendyol Group,Trendyol Tech Talent - Bootcamp & COOP Internship Program (Saudi Students Only),55.0,55.30090412329479,0.3009041232947922,rubric_assisted_gradient_boosting,113,112
cs-iau-backend,127,Ninja نينجا,COOP Training Program,55.0,55.30090412329479,0.3009041232947922,rubric_assisted_gradient_boosting,113,112
cs-iau-backend,128,SCAI | سكاي,CO-OP Training Opportunities (Intern),78.5,78.46305951998409,0.036940480015914545,rubric_assisted_gradient_boosting,23,23
cs-iau-backend,129,WalaPlus,Coop & Tamheer Opportunities,61.5,61.63559684303067,0.13559684303066888,rubric_assisted_gradient_boosting,85,88
cs-iau-backend,130,Aon,IT Co-op Trainee 2026,61.5,61.63559684303067,0.13559684303066888,rubric_assisted_gradient_boosting,85,88
cs-iau-backend,131,Hewlett Packard Enterprise (HPE),College Intern (Coop),61.5,61.63559684303067,0.13559684303066888,rubric_assisted_gradient_boosting,85,88
cs-iau-backend,132,Signify,KSA Coop Internship Program,61.5,61.63559684303067,0.13559684303066888,rubric_assisted_gradient_boosting,85,88
cs-iau-backend,133,Help AG (e& enterprise),Cybersecurity Intern,62.5,62.317535647434084,0.18246435256591553,rubric_assisted_gradient_boosting,81,81
cs-iau-backend,134,TrendAI (Trend Micro),CyberGATE Internship Program,67.0,66.88960266667114,0.11039733332886215,rubric_assisted_gradient_boosting,56,59
cs-iau-backend,135,Golf Saudi,IT Co-op Trainee,75.5,74.86998460723859,0.6300153927614076,rubric_assisted_gradient_boosting,27,30
cs-iau-backend,136,Siemens Healthineers,Healthineers Early Talent Program – IT (Riyadh),71.5,70.78775193300288,0.7122480669971196,rubric_assisted_gradient_boosting,47,50
cs-iau-backend,137,1957 Ventures,Internship / Co-Op Program,75.5,74.86998460723859,0.6300153927614076,rubric_assisted_gradient_boosting,27,30
cs-iau-backend,138,Nokia,Graduate Trainee (Saudi Arabia) – Fledgers Program,74.0,75.56358761405465,1.5635876140546543,rubric_assisted_gradient_boosting,41,26
cs-iau-backend,139,Ericsson,Summer Interns (Ericsson Saudi),81.0,80.9441513085499,0.055848691450094634,rubric_assisted_gradient_boosting,20,20
cs-iau-backend,140,Bosch Middle East,Software Development Intern (AI/Cloud),88.5,88.40387602293195,0.09612397706804643,rubric_assisted_gradient_boosting,3,3
cs-iau-backend,141,Saudi Payments | المدفوعات السعودية,COOP Training – August 2024,71.0,71.16457785335278,0.16457785335278174,rubric_assisted_gradient_boosting,50,47
cs-iau-backend,142,Saudi Tadawul Group | تداول,Cooperative Training Program (COOP),75.5,74.86998460723859,0.6300153927614076,rubric_assisted_gradient_boosting,27,30
cs-iau-backend,143,Lean Technologies,Software Engineering Intern – KSA,91.5,91.2275097386547,0.27249026134529686,rubric_assisted_gradient_boosting,1,1
cs-iau-backend,144,Mirai (Scopely) | مِراي,AI Engineering Intern (GenAI),88.5,88.40387602293195,0.09612397706804643,rubric_assisted_gradient_boosting,3,3
cs-iau-backend,145,HungerStation | هنقرستيشن,"Co-OP Trainee, Data Analysis – Info Sec",77.0,77.50231885686222,0.5023188568622174,rubric_assisted_gradient_boosting,24,25
cs-iau-backend,146,NCGR | المركز الوطني لنظم الموارد الحكومية,Coop Training Program,57.0,57.140494693282314,0.14049469328231368,rubric_assisted_gradient_boosting,103,102
cs-iau-backend,147,nybl,nybl Graduate Programme – Saudi Nationals (AI Bootcamp),66.5,66.85569327371381,0.3556932737138112,rubric_assisted_gradient_boosting,64,65
cs-iau-backend,148,Procter & Gamble (P&G),P&G LEADgen Internship Program 2026 (Riyadh),67.0,66.88960266667114,0.11039733332886215,rubric_assisted_gradient_boosting,56,59
cs-iau-backend,149,New Murabba | المربع الجديد,New Murabba Co-op Training Program,61.5,61.63559684303067,0.13559684303066888,rubric_assisted_gradient_boosting,85,88
cs-iau-backend,150,Boeing Saudi Arabia Limited,Intern - Info Technology & Data Analytics (Riyadh),81.0,80.9441513085499,0.055848691450094634,rubric_assisted_gradient_boosting,20,20
cs-iau-backend,151,Motorola Solutions,Deployment Engineer Intern (KSA National - Tamheer Program),61.5,61.63559684303067,0.13559684303066888,rubric_assisted_gradient_boosting,85,88
cs-iau-backend,152,Schneider Electric,Co-op Intern (Engineering) - Al Khobar (Jan–Aug 2026),51.5,51.34080488535849,0.1591951146415127,rubric_assisted_gradient_boosting,151,151
cs-iau-backend,153,Lockheed Martin,Tamheer Space Internship (Riyadh),61.5,61.63559684303067,0.13559684303066888,rubric_assisted_gradient_boosting,85,88
cs-iau-backend,154,Markaba | مركبة,Start-up Software Intern – TAMHEER (Saudi nationals only),73.5,73.11206173716046,0.38793826283954047,rubric_assisted_gradient_boosting,44,44
cs-iau-backend,155,Laverne Group | مجموعة لافيرن,Data Analyst / Data Engineer Intern (IT Department),88.5,88.40387602293195,0.09612397706804643,rubric_assisted_gradient_boosting,3,3
cs-iau-backend,156,Meel | ميل,"Software Developer Internship (Remote, min 2 months)",86.5,85.8545919632758,0.6454080367242057,rubric_assisted_gradient_boosting,9,11
cs-iau-backend,157,Nahdi Medical Co.,IT Internship / COOP Program (6 months),52.0,51.84330341256804,0.15669658743195924,rubric_assisted_gradient_boosting,150,150
cs-iau-backend,158,SMART Technology Solutions | سمارت لحلول التقنية,R&D Intern (Riyadh),85.5,85.2834277360634,0.21657226393659812,rubric_assisted_gradient_boosting,12,12
cs-iau-backend,159,Knodemy Inc.,AI Developer & Tech Trainer Intern - Riyadh,88.5,88.40387602293195,0.09612397706804643,rubric_assisted_gradient_boosting,3,3
cs-iau-backend,160,Water Transmission Company | شركة نقل المياه,Tamheer Internship Program (HRIS / Engineering & PM - Riyadh),75.5,74.86998460723859,0.6300153927614076,rubric_assisted_gradient_boosting,27,30
cs-iau-backend,161,AFNOYS,"AI Automation Intern - KSA (Remote, 4 weeks)",76.0,75.45867563451658,0.541324365483419,rubric_assisted_gradient_boosting,26,29
cs-iau-backend,162,SAS,CareerStart@SAS 2026 - Presales Customer Intelligence Intern (Riyadh),82.5,82.16710168467098,0.33289831532901815,rubric_assisted_gradient_boosting,17,17
cs-iau-backend,163,Devoteam,Trainee - Future Leaders Program (Co-op/Fresh Graduate),73.5,73.11206173716046,0.38793826283954047,rubric_assisted_gradient_boosting,44,44
cs-iau-backend,164,ضالتي Dhallaty,Tech Intern: Fresh Grad or Student,82.5,82.16710168467098,0.33289831532901815,rubric_assisted_gradient_boosting,17,17
cs-iau-backend,165,Innovative Solutions SA,Presales - Tamheer,50.5,50.517050544881926,0.01705054488192559,rubric_assisted_gradient_boosting,153,153
cs-iau-backend,166,HUMAIN,Tamheer Program (Software Engineer / Cybersecurity / MIS),73.5,73.11206173716046,0.38793826283954047,rubric_assisted_gradient_boosting,44,44
cs-iau-backend,167,TAM | تام,"Tamheer Opportunity, Advisory",36.5,35.88356684462699,0.6164331553730094,rubric_assisted_gradient_boosting,171,171
cs-iau-backend,168,هيئة التأمين | Insurance Authority,Tamheer Opportunity - Specialist of Information Security,50.5,50.517050544881926,0.01705054488192559,rubric_assisted_gradient_boosting,153,153
cs-iau-backend,169,Snbla | سنبله,Paid Internship Program (FinTech),82.5,82.16710168467098,0.33289831532901815,rubric_assisted_gradient_boosting,17,17
cs-iau-backend,170,2P Perfect Presentation,Data Analyst (Tamheer),69.0,69.02711967153324,0.02711967153324224,rubric_assisted_gradient_boosting,54,54
cs-iau-backend,171,Infosys,Summer Intern (Infosys InStep ’26 – Bangalore),55.5,55.40939260132048,0.0906073986795235,rubric_assisted_gradient_boosting,110,110
cs-iau-backend,172,شركة الخدمات المدارة | Managed Services Company,Intern Cybersecurity Engineer,69.5,69.06576152701088,0.4342384729891222,rubric_assisted_gradient_boosting,53,53
cs-iau-backend,173,Abunayyan Holding,Data Analyst (Tamheer),69.0,69.02711967153324,0.02711967153324224,rubric_assisted_gradient_boosting,54,54
ds-scientist-jeddah,1,Saudi Aramco,University Internship Program (UIP),38.5,38.73002345992332,0.23002345992332351,rubric_assisted_gradient_boosting,108,108
ds-scientist-jeddah,2,SABIC,COOP Training Program,41.5,41.55198198068924,0.051981980689241425,rubric_assisted_gradient_boosting,100,100
ds-scientist-jeddah,3,stc (Saudi Telecom Company),Cooperative Training Program (COOP),38.5,38.73002345992332,0.23002345992332351,rubric_assisted_gradient_boosting,108,108
ds-scientist-jeddah,4,Saudi National Bank (SNB),SNB Cooperative Training Program,60.33,59.773057070743036,0.5569429292569623,rubric_assisted_gradient_boosting,8,9
ds-scientist-jeddah,5,Al Rajhi Bank,Cooperative Training Program,60.33,59.773057070743036,0.5569429292569623,rubric_assisted_gradient_boosting,8,9
ds-scientist-jeddah,6,Capital Market Authority (CMA),COOP Program,47.83,48.37625313334094,0.5462531333409402,rubric_assisted_gradient_boosting,59,57
ds-scientist-jeddah,7,Digital Government Authority (DGA),Maidan Cooperative Training Program,38.5,38.73002345992332,0.23002345992332351,rubric_assisted_gradient_boosting,108,108
ds-scientist-jeddah,8,KPMG Saudi Arabia,COOP & Internship Programs,43.5,43.47284967649494,0.027150323505061635,rubric_assisted_gradient_boosting,74,75
ds-scientist-jeddah,9,PwC Middle East,"Deals, COOP and Summer Internship Programme (2026)",43.0,43.420833321627875,0.42083332162787457,rubric_assisted_gradient_boosting,80,80
ds-scientist-jeddah,10,Deloitte Middle East (KSA),Jusoor Al Sharqiyah Internship Program,33.0,33.53461593069751,0.5346159306975125,rubric_assisted_gradient_boosting,147,147
ds-scientist-jeddah,11,Bank Albilad,Cooperative & Summer Training Program,60.33,59.773057070743036,0.5569429292569623,rubric_assisted_gradient_boosting,8,9
ds-scientist-jeddah,12,Tamara,Tamara Builders Program,55.33,55.45662395207481,0.1266239520748087,rubric_assisted_gradient_boosting,21,22
ds-scientist-jeddah,13,Bupa Arabia,Cooperative Training Program,38.5,38.73002345992332,0.23002345992332351,rubric_assisted_gradient_boosting,108,108
ds-scientist-jeddah,14,Saudi Exports (Saudi Export Development Authority),COOP & Summer Training (FAQ-confirmed),43.5,43.47284967649494,0.027150323505061635,rubric_assisted_gradient_boosting,74,75
ds-scientist-jeddah,15,Local Content and Government Procurement Authority (LCGPA),COOP Training (role posting),38.5,38.73002345992332,0.23002345992332351,rubric_assisted_gradient_boosting,108,108
ds-scientist-jeddah,16,McKinsey & Company (Maqdira),Maqdira Fellowship Program,43.0,43.420833321627875,0.42083332162787457,rubric_assisted_gradient_boosting,80,80
ds-scientist-jeddah,17,Boston Consulting Group (BCG),Visiting Associate Internship (Riyadh),38.5,38.73002345992332,0.23002345992332351,rubric_assisted_gradient_boosting,108,108
ds-scientist-jeddah,18,Bain & Company,COOP Training Program (Riyadh),38.5,38.73002345992332,0.23002345992332351,rubric_assisted_gradient_boosting,108,108
ds-scientist-jeddah,19,Amazon Web Services (AWS),IT/Computer Hardware Internship (Intern-to-FTE Pathway),33.0,33.53461593069751,0.5346159306975125,rubric_assisted_gradient_boosting,147,147
ds-scientist-jeddah,20,Amazon Web Services (AWS) - Associate Solutions Architect Intern,Associate Solutions Architect Intern (2026),33.0,33.53461593069751,0.5346159306975125,rubric_assisted_gradient_boosting,147,147
ds-scientist-jeddah,21,Google (Saudi Arabia),Google Careers (Saudi location filter),34.5,34.477586943693105,0.022413056306895385,rubric_assisted_gradient_boosting,144,145
ds-scientist-jeddah,22,BlackRock,Client & Product Summer Internship Programme (EMEA) - includes Riyadh,47.17,46.889206262290806,0.280793737709196,rubric_assisted_gradient_boosting,64,64
ds-scientist-jeddah,23,noon,Student Internship,28.5,29.159936401256207,0.659936401256207,rubric_assisted_gradient_boosting,163,163
ds-scientist-jeddah,24,MOZN,Data Science Intern,56.83,57.41715870753196,0.5871587075319624,rubric_assisted_gradient_boosting,17,15
ds-scientist-jeddah,25,Elm,Elm Co-op Training Program (March 2026 Intake),38.5,38.73002345992332,0.23002345992332351,rubric_assisted_gradient_boosting,108,108
ds-scientist-jeddah,26,Yasref,Yasref Cooperative Training Program,46.0,45.996163617234956,0.0038363827650442772,rubric_assisted_gradient_boosting,68,68
ds-scientist-jeddah,27,"Saudi Standards, Metrology and Quality Organization (SASO)",Cooperative Training (Collaborative Training),43.0,43.420833321627875,0.42083332162787457,rubric_assisted_gradient_boosting,80,80
ds-scientist-jeddah,28,"Zakat, Tax and Customs Authority (ZATCA)",Binaa-Alkafaat Program,33.5,33.92813841428678,0.4281384142867779,rubric_assisted_gradient_boosting,145,146
ds-scientist-jeddah,29,Human Resources Development Fund (HRDF) – Cooperative Training Product,Cooperative Training (HRDF product),20.5,20.678562506815513,0.17856250681551344,rubric_assisted_gradient_boosting,172,172
ds-scientist-jeddah,30,EXPRO,COOP Training (Future Makers Program),38.5,38.73002345992332,0.23002345992332351,rubric_assisted_gradient_boosting,108,108
ds-scientist-jeddah,31,Ministry of Industry and Mineral Resources (MIM) – Cooperative Training Initiative,Cooperative Training Initiative,20.5,20.678562506815513,0.17856250681551344,rubric_assisted_gradient_boosting,172,172
ds-scientist-jeddah,32,TBC (The Beauty Company),Cooperative Training Program,43.5,43.47284967649494,0.027150323505061635,rubric_assisted_gradient_boosting,74,75
ds-scientist-jeddah,33,National Center for Vegetation Cover Development & Combating Desertification (NCVC),COOP Training Program,38.5,38.73002345992332,0.23002345992332351,rubric_assisted_gradient_boosting,108,108
ds-scientist-jeddah,34,Saudi Power Procurement Company (SPPC),Future Power – COOP Training Program,38.5,38.73002345992332,0.23002345992332351,rubric_assisted_gradient_boosting,108,108
ds-scientist-jeddah,35,TBC (Tatweer Building Company),Cooperative Training Program,38.5,38.73002345992332,0.23002345992332351,rubric_assisted_gradient_boosting,108,108
ds-scientist-jeddah,36,PwC Middle East (Assurance COOP & Summer Internship Programme 2026),"Assurance, COOP and Summer Internship Programme 2026 – Middle East",43.0,43.420833321627875,0.42083332162787457,rubric_assisted_gradient_boosting,80,80
ds-scientist-jeddah,37,KAPSARC,Intern (Coop- Trainee),56.83,56.06775689058503,0.7622431094149675,rubric_assisted_gradient_boosting,17,17
ds-scientist-jeddah,38,BSF (Banque Saudi Fransi),COOP / Internship,48.5,48.72495762537085,0.2249576253708483,rubric_assisted_gradient_boosting,55,55
ds-scientist-jeddah,39,Saudi Food & Drug Authority (SFDA),COOP training (First semester 2025-2026 intake),43.5,43.47284967649494,0.027150323505061635,rubric_assisted_gradient_boosting,74,75
ds-scientist-jeddah,40,Saudi Power Procurement Company (SPPC) – Future Power (Business Admin COOP),Future Power – Business Administration COOP Training Program,38.5,38.73002345992332,0.23002345992332351,rubric_assisted_gradient_boosting,108,108
ds-scientist-jeddah,41,Bank Albilad,Cooperative and Summer Training Program,55.33,55.45662395207481,0.1266239520748087,rubric_assisted_gradient_boosting,21,22
ds-scientist-jeddah,42,The Saudi National Bank (SNB),SNB Rowad Program,45.33,45.347854794755555,0.01785479475555718,rubric_assisted_gradient_boosting,69,69
ds-scientist-jeddah,43,National Cybersecurity Authority (NCA) – Academy,Cybersecurity training programs (academy),33.5,35.41987192796959,1.919871927969588,rubric_assisted_gradient_boosting,145,144
ds-scientist-jeddah,44,PIF | Graduate Development Program,Graduate Development Program (GDP),47.17,46.889206262290806,0.280793737709196,rubric_assisted_gradient_boosting,64,64
ds-scientist-jeddah,45,NEOM | GrOW (Graduates Opportunities in Work),GrOW (Graduates Opportunities in Work),36.0,35.669085770096764,0.33091422990323593,rubric_assisted_gradient_boosting,141,142
ds-scientist-jeddah,46,ROSHN | COOP Trainee Program,COOP Trainee Program,38.5,38.73002345992332,0.23002345992332351,rubric_assisted_gradient_boosting,108,108
ds-scientist-jeddah,47,Microsoft | Ru'aa Program (Riyadh),Ru'aa Program Internship (Solution Engineering),49.83,49.11974823049032,0.7102517695096751,rubric_assisted_gradient_boosting,51,49
ds-scientist-jeddah,48,Oracle | Business Development Intern (KSA market),Business Development Intern (KSA market),31.5,31.326456988337128,0.173543011662872,rubric_assisted_gradient_boosting,159,161
ds-scientist-jeddah,49,SAP | Student Internship (Riyadh),Student Internship - Riyadh,28.5,29.159936401256207,0.659936401256207,rubric_assisted_gradient_boosting,163,163
ds-scientist-jeddah,50,SAB (Saudi Awwal Bank) | Cooperative Training Programme (COOP),SAB Cooperative Training Programme (COOP),55.33,55.45662395207481,0.1266239520748087,rubric_assisted_gradient_boosting,21,22
ds-scientist-jeddah,51,Ministry of Finance (Saudi Arabia) | Cooperative Training Program,Cooperative Training Program,36.5,36.899587329799225,0.39958732979922473,rubric_assisted_gradient_boosting,140,140
ds-scientist-jeddah,52,Ministry of Industry and Mineral Resources | Cooperative Training,Cooperative Training Initiative,41.5,40.85865256277992,0.6413474372200767,rubric_assisted_gradient_boosting,100,104
ds-scientist-jeddah,53,King Fahd Causeway Authority | Internship Program,Internship Program,36.0,35.669085770096764,0.33091422990323593,rubric_assisted_gradient_boosting,141,142
ds-scientist-jeddah,54,Tawuniya | Tamheer Program (Fresh Graduates),Tamheer Program,36.0,36.77217143683556,0.7721714368355634,rubric_assisted_gradient_boosting,141,141
ds-scientist-jeddah,55,SAMA | SAMA Professional Program (SPP),SAMA Professional Program (SPP),26.5,26.802944654842406,0.3029446548424062,rubric_assisted_gradient_boosting,168,168
ds-scientist-jeddah,56,HRDF | Cooperative Training Product,Cooperative Training Product,41.5,40.85865256277992,0.6413474372200767,rubric_assisted_gradient_boosting,100,104
ds-scientist-jeddah,57,IBM,"Automation, Data & AI – Intern",43.33,43.71169376773614,0.38169376773614516,rubric_assisted_gradient_boosting,79,73
ds-scientist-jeddah,58,Unifonic,Internship (Unifonic),33.0,33.53461593069751,0.5346159306975125,rubric_assisted_gradient_boosting,147,147
ds-scientist-jeddah,59,Misk Foundation,Misk Traineeship / Internship Program,31.5,32.397491907394276,0.8974919073942758,rubric_assisted_gradient_boosting,159,159
ds-scientist-jeddah,60,Cisco,Cisco NetVersity (Saudi Arabia),41.0,40.93115811935708,0.06884188064292118,rubric_assisted_gradient_boosting,103,103
ds-scientist-jeddah,61,KAUST,Visiting Student Research Program (VSRP) Internship,49.83,49.11974823049032,0.7102517695096751,rubric_assisted_gradient_boosting,51,49
ds-scientist-jeddah,62,General Authority for Statistics (GASTAT),Cooperative Training Program,57.17,55.48584570324743,1.684154296752574,rubric_assisted_gradient_boosting,15,20
ds-scientist-jeddah,63,Saudi Center for Opinion Polling (SCOP),Cooperative Training Program,57.17,55.48584570324743,1.684154296752574,rubric_assisted_gradient_boosting,15,20
ds-scientist-jeddah,64,Al Rajhi Takaful,Cooperative Training Program,55.33,55.45662395207481,0.1266239520748087,rubric_assisted_gradient_boosting,21,22
ds-scientist-jeddah,65,Expenditure & Projects Efficiency Authority (EXPRO),Future Makers (صنّاع المستقبل) – Cooperative Training,38.5,38.73002345992332,0.23002345992332351,rubric_assisted_gradient_boosting,108,108
ds-scientist-jeddah,66,Ministry of Finance (Saudi Arabia),Cooperative Training Program (Ministry of Finance),38.5,38.73002345992332,0.23002345992332351,rubric_assisted_gradient_boosting,108,108
ds-scientist-jeddah,67,General Entertainment Authority (GEA),GEA Cooperative Training Program,38.5,38.73002345992332,0.23002345992332351,rubric_assisted_gradient_boosting,108,108
ds-scientist-jeddah,68,Banque Saudi Fransi (BSF),COOP Training,38.5,38.73002345992332,0.23002345992332351,rubric_assisted_gradient_boosting,108,108
ds-scientist-jeddah,69,Arab National Bank (ANB),COOP Trainee,55.33,55.45662395207481,0.1266239520748087,rubric_assisted_gradient_boosting,21,22
ds-scientist-jeddah,70,Tamara,Builders Program,55.33,55.45662395207481,0.1266239520748087,rubric_assisted_gradient_boosting,21,22
ds-scientist-jeddah,71,OmniOps,Co‑op Training Program,62.83,61.32594215394517,1.5040578460548275,rubric_assisted_gradient_boosting,3,5
ds-scientist-jeddah,72,Tatweer Educational Technologies (TETCO),Cooperative Training Program,52.33,52.975578034251264,0.6455780342512654,rubric_assisted_gradient_boosting,37,37
ds-scientist-jeddah,73,The Saudi Investment Bank (SAIB),Cooperative Program,55.33,55.45662395207481,0.1266239520748087,rubric_assisted_gradient_boosting,21,22
ds-scientist-jeddah,74,Saudi Awwal Bank (SAB),COOP Program,55.33,55.45662395207481,0.1266239520748087,rubric_assisted_gradient_boosting,21,22
ds-scientist-jeddah,75,Riyad Bank,Internships and Coop Trainings (CSR 2019),55.33,55.45662395207481,0.1266239520748087,rubric_assisted_gradient_boosting,21,22
ds-scientist-jeddah,76,Tabby,Intern DevOps Engineer,50.33,48.959415638505924,1.3705843614940747,rubric_assisted_gradient_boosting,48,53
ds-scientist-jeddah,77,Tabby,Intern Backend (GO) Engineer,52.33,52.03620737236695,0.2937926276330458,rubric_assisted_gradient_boosting,37,46
ds-scientist-jeddah,78,Tabby,Intern Frontend Engineer,45.33,45.347854794755555,0.01785479475555718,rubric_assisted_gradient_boosting,69,69
ds-scientist-jeddah,79,Tabby,Intern Data Engineer,50.83,51.64223448458555,0.8122344845855523,rubric_assisted_gradient_boosting,47,47
ds-scientist-jeddah,80,Tabby,No-Code / AI Agents Engineering Intern,45.33,45.347854794755555,0.01785479475555718,rubric_assisted_gradient_boosting,69,69
ds-scientist-jeddah,81,Bank Albilad,Cooperative Training Program,60.33,59.773057070743036,0.5569429292569623,rubric_assisted_gradient_boosting,8,9
ds-scientist-jeddah,82,Saudi Ground Services (SGS),COOP Program,48.5,48.72495762537085,0.2249576253708483,rubric_assisted_gradient_boosting,55,55
ds-scientist-jeddah,83,CEER,Cooperative Training Program (COOP),38.5,38.73002345992332,0.23002345992332351,rubric_assisted_gradient_boosting,108,108
ds-scientist-jeddah,84,Al Rajhi Takaful,Coop Training Program,55.33,55.45662395207481,0.1266239520748087,rubric_assisted_gradient_boosting,21,22
ds-scientist-jeddah,85,TAWAL,COOP Training Program,52.33,52.975578034251264,0.6455780342512654,rubric_assisted_gradient_boosting,37,37
ds-scientist-jeddah,86,Wakeb_Data,COOP Training,55.33,55.45662395207481,0.1266239520748087,rubric_assisted_gradient_boosting,21,22
ds-scientist-jeddah,87,Banque Saudi Fransi (BSF),Coop Training Program,38.5,38.73002345992332,0.23002345992332351,rubric_assisted_gradient_boosting,108,108
ds-scientist-jeddah,88,Tech Economy,COOP Training Program,38.5,38.73002345992332,0.23002345992332351,rubric_assisted_gradient_boosting,108,108
ds-scientist-jeddah,89,SAMI Advanced Electronics (SAMI-AEC),Coop Trainee,38.5,38.73002345992332,0.23002345992332351,rubric_assisted_gradient_boosting,108,108
ds-scientist-jeddah,90,NHC,COOP Trainee,43.5,43.47284967649494,0.027150323505061635,rubric_assisted_gradient_boosting,74,75
ds-scientist-jeddah,91,REMAT ADVANCED,Cooperative Training Program,43.0,43.420833321627875,0.42083332162787457,rubric_assisted_gradient_boosting,80,80
ds-scientist-jeddah,92,SDM,AI COOP,61.83,62.54273694676432,0.7127369467643234,rubric_assisted_gradient_boosting,6,4
ds-scientist-jeddah,93,HUED,HUED COOP Program 2026,52.33,52.975578034251264,0.6455780342512654,rubric_assisted_gradient_boosting,37,37
ds-scientist-jeddah,94,Araamis • أرامس,Araamis COOP Program 2026,56.83,56.06775689058503,0.7622431094149675,rubric_assisted_gradient_boosting,17,17
ds-scientist-jeddah,95,ARDARA,COOP Training for Students,38.5,38.73002345992332,0.23002345992332351,rubric_assisted_gradient_boosting,108,108
ds-scientist-jeddah,96,flynas,COOP Trainee / Internship Program,43.0,43.420833321627875,0.42083332162787457,rubric_assisted_gradient_boosting,80,80
ds-scientist-jeddah,97,Saudi Motorsport Company (SMC),COOP Trainee (IT Asset Project Management),62.33,63.084258493135906,0.7542584931359073,rubric_assisted_gradient_boosting,5,3
ds-scientist-jeddah,98,Saudi Motorsport Company (SMC),COOP Trainee (Supply Chain Excellence Associate),60.5,60.783386480757244,0.28338648075724393,rubric_assisted_gradient_boosting,7,7
ds-scientist-jeddah,99,Mobily,Cooperative Training Program,38.5,38.73002345992332,0.23002345992332351,rubric_assisted_gradient_boosting,108,108
ds-scientist-jeddah,100,Saudi Awwal Bank (SAB),Student Opportunities: Cooperative / Practical Training,55.33,55.45662395207481,0.1266239520748087,rubric_assisted_gradient_boosting,21,22
ds-scientist-jeddah,101,Alvarez & Marsal,COOP Training Program,38.5,38.73002345992332,0.23002345992332351,rubric_assisted_gradient_boosting,108,108
ds-scientist-jeddah,102,Visa,COOP Trainee (Jan 2026),38.5,38.73002345992332,0.23002345992332351,rubric_assisted_gradient_boosting,108,108
ds-scientist-jeddah,103,Zain KSA,Evolve Program (Fresh Graduates),28.5,29.159936401256207,0.659936401256207,rubric_assisted_gradient_boosting,163,163
ds-scientist-jeddah,104,Zain KSA,Zain Pioneers Program,33.0,33.53461593069751,0.5346159306975125,rubric_assisted_gradient_boosting,147,147
ds-scientist-jeddah,105,Savvy Games Group,Cooperative Training Program (Co-op),38.5,38.73002345992332,0.23002345992332351,rubric_assisted_gradient_boosting,108,108
ds-scientist-jeddah,106,Bank AlJazira,Tamheer Program,45.33,45.347854794755555,0.01785479475555718,rubric_assisted_gradient_boosting,69,69
ds-scientist-jeddah,107,sirar by stc,Cooperative Training Program,52.33,52.975578034251264,0.6455780342512654,rubric_assisted_gradient_boosting,37,37
ds-scientist-jeddah,108,Gathern,Co-op Program,62.83,61.32594215394517,1.5040578460548275,rubric_assisted_gradient_boosting,3,5
ds-scientist-jeddah,109,Elm Company (شركة علم),Coop Training - Computer Science (Jan/Mar/Jun/Aug 2025 Intake),43.0,43.420833321627875,0.42083332162787457,rubric_assisted_gradient_boosting,80,80
ds-scientist-jeddah,110,Elm Company (شركة علم),Co-Op Training - Information Technology (Jun & Aug 2025 Intake),43.0,43.420833321627875,0.42083332162787457,rubric_assisted_gradient_boosting,80,80
ds-scientist-jeddah,111,EJADA,COOP Administration & Support Engineer,38.5,38.73002345992332,0.23002345992332351,rubric_assisted_gradient_boosting,108,108
ds-scientist-jeddah,112,Emdad By Elm,Network Cooperative Training (Network Intern),53.0,53.267242661992974,0.26724266199297375,rubric_assisted_gradient_boosting,35,36
ds-scientist-jeddah,113,AILA,Co-op Training Programme,60.33,59.773057070743036,0.5569429292569623,rubric_assisted_gradient_boosting,8,9
ds-scientist-jeddah,114,Foodics,Foodics 360 Internship Program,33.0,33.53461593069751,0.5346159306975125,rubric_assisted_gradient_boosting,147,147
ds-scientist-jeddah,115,Salla,برنامج التدريب التعاوني (Coop Training) – Salla,43.0,43.420833321627875,0.42083332162787457,rubric_assisted_gradient_boosting,80,80
ds-scientist-jeddah,116,Lucidya,Technical Internship or Coop – Lucidya,69.83,71.05847422446566,1.228474224465657,rubric_assisted_gradient_boosting,1,1
ds-scientist-jeddah,117,Diriyah Company,Diriyah Co-op Training Program,38.5,38.73002345992332,0.23002345992332351,rubric_assisted_gradient_boosting,108,108
ds-scientist-jeddah,118,Riyadh Air,Co-op – Riyadh Air,38.5,38.73002345992332,0.23002345992332351,rubric_assisted_gradient_boosting,108,108
ds-scientist-jeddah,119,Jahez Group,Jahez Internship Program (as described in Sustainability Report),28.5,29.159936401256207,0.659936401256207,rubric_assisted_gradient_boosting,163,163
ds-scientist-jeddah,120,Lumi | لومي,COOP Intern 2025 – Lumi,38.5,38.73002345992332,0.23002345992332351,rubric_assisted_gradient_boosting,108,108
ds-scientist-jeddah,121,webook.com,COOP Trainee Opportunities – webook.com,38.5,38.73002345992332,0.23002345992332351,rubric_assisted_gradient_boosting,108,108
ds-scientist-jeddah,122,moneymoon,Tech & AI Co-op Program 2025,57.33,59.132412511669266,1.8024125116692673,rubric_assisted_gradient_boosting,14,14
ds-scientist-jeddah,123,EjadTech - إيجاد التقنية,"Summer Internship Program 2025 (Computer, Data, and AI Majors)",52.83,54.285500412336575,1.4555004123365762,rubric_assisted_gradient_boosting,36,35
ds-scientist-jeddah,124,InnovationTeam,Java Microservices Internship Programme (Saudi Nationals),42.33,42.83511293171758,0.5051129317175835,rubric_assisted_gradient_boosting,96,96
ds-scientist-jeddah,125,Tamkeen Technologies,On the Job Training (Internship Program) — Technology field,33.0,33.53461593069751,0.5346159306975125,rubric_assisted_gradient_boosting,147,147
ds-scientist-jeddah,126,Trendyol Group,Trendyol Tech Talent - Bootcamp & COOP Internship Program (Saudi Students Only),41.0,41.17921071880664,0.17921071880663675,rubric_assisted_gradient_boosting,103,101
ds-scientist-jeddah,127,Ninja نينجا,COOP Training Program,41.0,41.17921071880664,0.17921071880663675,rubric_assisted_gradient_boosting,103,101
ds-scientist-jeddah,128,SCAI | سكاي,CO-OP Training Opportunities (Intern),58.83,60.36990889622226,1.539908896222265,rubric_assisted_gradient_boosting,13,8
ds-scientist-jeddah,129,WalaPlus,Coop & Tamheer Opportunities,43.0,43.420833321627875,0.42083332162787457,rubric_assisted_gradient_boosting,80,80
ds-scientist-jeddah,130,Aon,IT Co-op Trainee 2026,43.0,43.420833321627875,0.42083332162787457,rubric_assisted_gradient_boosting,80,80
ds-scientist-jeddah,131,Hewlett Packard Enterprise (HPE),College Intern (Coop),43.0,43.420833321627875,0.42083332162787457,rubric_assisted_gradient_boosting,80,80
ds-scientist-jeddah,132,Signify,KSA Coop Internship Program,43.0,43.420833321627875,0.42083332162787457,rubric_assisted_gradient_boosting,80,80
ds-scientist-jeddah,133,Help AG (e& enterprise),Cybersecurity Intern,28.5,29.159936401256207,0.659936401256207,rubric_assisted_gradient_boosting,163,163
ds-scientist-jeddah,134,TrendAI (Trend Micro),CyberGATE Internship Program,33.0,33.53461593069751,0.5346159306975125,rubric_assisted_gradient_boosting,147,147
ds-scientist-jeddah,135,Golf Saudi,IT Co-op Trainee,52.33,52.975578034251264,0.6455780342512654,rubric_assisted_gradient_boosting,37,37
ds-scientist-jeddah,136,Siemens Healthineers,Healthineers Early Talent Program – IT (Riyadh),33.0,33.53461593069751,0.5346159306975125,rubric_assisted_gradient_boosting,147,147
ds-scientist-jeddah,137,1957 Ventures,Internship / Co-Op Program,55.33,55.45662395207481,0.1266239520748087,rubric_assisted_gradient_boosting,21,22
ds-scientist-jeddah,138,Nokia,Graduate Trainee (Saudi Arabia) – Fledgers Program,51.83,52.84338110607865,1.0133811060786542,rubric_assisted_gradient_boosting,44,43
ds-scientist-jeddah,139,Ericsson,Summer Interns (Ericsson Saudi),42.33,42.73882015891173,0.4088201589117304,rubric_assisted_gradient_boosting,96,97
ds-scientist-jeddah,140,Bosch Middle East,Software Development Intern (AI/Cloud),54.83,56.27473345791653,1.4447334579165343,rubric_assisted_gradient_boosting,34,16
ds-scientist-jeddah,141,Saudi Payments | المدفوعات السعودية,COOP Training – August 2024,56.83,56.06775689058503,0.7622431094149675,rubric_assisted_gradient_boosting,17,17
ds-scientist-jeddah,142,Saudi Tadawul Group | تداول,Cooperative Training Program (COOP),52.33,52.975578034251264,0.6455780342512654,rubric_assisted_gradient_boosting,37,37
ds-scientist-jeddah,143,Lean Technologies,Software Engineering Intern – KSA,46.33,46.430159022002655,0.10015902200265714,rubric_assisted_gradient_boosting,67,67
ds-scientist-jeddah,144,Mirai (Scopely) | مِراي,AI Engineering Intern (GenAI),51.83,52.84338110607865,1.0133811060786542,rubric_assisted_gradient_boosting,44,43
ds-scientist-jeddah,145,HungerStation | هنقرستيشن,"Co-OP Trainee, Data Analysis – Info Sec",63.83,63.810262734387265,0.019737265612732813,rubric_assisted_gradient_boosting,2,2
ds-scientist-jeddah,146,NCGR | المركز الوطني لنظم الموارد الحكومية,Coop Training Program,43.0,43.420833321627875,0.42083332162787457,rubric_assisted_gradient_boosting,80,80
ds-scientist-jeddah,147,nybl,nybl Graduate Programme – Saudi Nationals (AI Bootcamp),49.83,49.11974823049032,0.7102517695096751,rubric_assisted_gradient_boosting,51,49
ds-scientist-jeddah,148,Procter & Gamble (P&G),P&G LEADgen Internship Program 2026 (Riyadh),33.0,33.53461593069751,0.5346159306975125,rubric_assisted_gradient_boosting,147,147
ds-scientist-jeddah,149,New Murabba | المربع الجديد,New Murabba Co-op Training Program,43.0,43.420833321627875,0.42083332162787457,rubric_assisted_gradient_boosting,80,80
ds-scientist-jeddah,150,Boeing Saudi Arabia Limited,Intern - Info Technology & Data Analytics (Riyadh),49.83,49.11974823049032,0.7102517695096751,rubric_assisted_gradient_boosting,51,49
ds-scientist-jeddah,151,Motorola Solutions,Deployment Engineer Intern (KSA National - Tamheer Program),33.0,33.53461593069751,0.5346159306975125,rubric_assisted_gradient_boosting,147,147
ds-scientist-jeddah,152,Schneider Electric,Co-op Intern (Engineering) - Al Khobar (Jan–Aug 2026),43.0,43.420833321627875,0.42083332162787457,rubric_assisted_gradient_boosting,80,80
ds-scientist-jeddah,153,Lockheed Martin,Tamheer Space Internship (Riyadh),33.0,33.53461593069751,0.5346159306975125,rubric_assisted_gradient_boosting,147,147
ds-scientist-jeddah,154,Markaba | مركبة,Start-up Software Intern – TAMHEER (Saudi nationals only),40.33,40.7466958203427,0.4166958203427029,rubric_assisted_gradient_boosting,106,106
ds-scientist-jeddah,155,Laverne Group | مجموعة لافيرن,Data Analyst / Data Engineer Intern (IT Department),51.83,52.84338110607865,1.0133811060786542,rubric_assisted_gradient_boosting,44,43
ds-scientist-jeddah,156,Meel | ميل,"Software Developer Internship (Remote, min 2 months)",47.33,47.114562945676475,0.21543705432352311,rubric_assisted_gradient_boosting,62,63
ds-scientist-jeddah,157,Nahdi Medical Co.,IT Internship / COOP Program (6 months),48.0,47.659072338123195,0.3409276618768047,rubric_assisted_gradient_boosting,58,59
ds-scientist-jeddah,158,SMART Technology Solutions | سمارت لحلول التقنية,R&D Intern (Riyadh),42.33,42.73882015891173,0.4088201589117304,rubric_assisted_gradient_boosting,96,97
ds-scientist-jeddah,159,Knodemy Inc.,AI Developer & Tech Trainer Intern - Riyadh,47.33,48.21462393658013,0.8846239365801338,rubric_assisted_gradient_boosting,62,58
ds-scientist-jeddah,160,Water Transmission Company | شركة نقل المياه,Tamheer Internship Program (HRIS / Engineering & PM - Riyadh),42.33,42.73882015891173,0.4088201589117304,rubric_assisted_gradient_boosting,96,97
ds-scientist-jeddah,161,AFNOYS,"AI Automation Intern - KSA (Remote, 4 weeks)",50.33,48.959415638505924,1.3705843614940747,rubric_assisted_gradient_boosting,48,53
ds-scientist-jeddah,162,SAS,CareerStart@SAS 2026 - Presales Customer Intelligence Intern (Riyadh),48.33,47.24966708222867,1.0803329177713294,rubric_assisted_gradient_boosting,57,60
ds-scientist-jeddah,163,Devoteam,Trainee - Future Leaders Program (Co-op/Fresh Graduate),50.33,50.91904794985831,0.5890479498583119,rubric_assisted_gradient_boosting,48,48
ds-scientist-jeddah,164,ضالتي Dhallaty,Tech Intern: Fresh Grad or Student,43.83,43.59522404323451,0.234775956765489,rubric_assisted_gradient_boosting,73,74
ds-scientist-jeddah,165,Innovative Solutions SA,Presales - Tamheer,26.5,26.802944654842406,0.3029446548424062,rubric_assisted_gradient_boosting,168,168
ds-scientist-jeddah,166,HUMAIN,Tamheer Program (Software Engineer / Cybersecurity / MIS),40.33,40.7466958203427,0.4166958203427029,rubric_assisted_gradient_boosting,106,106
ds-scientist-jeddah,167,TAM | تام,"Tamheer Opportunity, Advisory",26.5,26.802944654842406,0.3029446548424062,rubric_assisted_gradient_boosting,168,168
ds-scientist-jeddah,168,هيئة التأمين | Insurance Authority,Tamheer Opportunity - Specialist of Information Security,26.5,26.802944654842406,0.3029446548424062,rubric_assisted_gradient_boosting,168,168
ds-scientist-jeddah,169,Snbla | سنبله,Paid Internship Program (FinTech),46.83,46.57243327774065,0.25756672225934807,rubric_assisted_gradient_boosting,66,66
ds-scientist-jeddah,170,2P Perfect Presentation,Data Analyst (Tamheer),47.83,47.23105239622988,0.5989476037701209,rubric_assisted_gradient_boosting,59,61
ds-scientist-jeddah,171,Infosys,Summer Intern (Infosys InStep ’26 – Bangalore),31.5,32.12182956112533,0.621829561125331,rubric_assisted_gradient_boosting,159,160
ds-scientist-jeddah,172,شركة الخدمات المدارة | Managed Services Company,Intern Cybersecurity Engineer,31.0,31.031314898755415,0.031314898755415044,rubric_assisted_gradient_boosting,162,162
ds-scientist-jeddah,173,Abunayyan Holding,Data Analyst (Tamheer),47.83,47.23105239622988,0.5989476037701209,rubric_assisted_gradient_boosting,59,61
ds-remote-coop,1,Saudi Aramco,University Internship Program (UIP),40.0,39.98380666574575,0.01619333425424685,rubric_assisted_gradient_boosting,88,94
ds-remote-coop,2,SABIC,COOP Training Program,38.0,38.07337942337559,0.07337942337559156,rubric_assisted_gradient_boosting,133,133
ds-remote-coop,3,stc (Saudi Telecom Company),Cooperative Training Program (COOP),40.0,39.98380666574575,0.01619333425424685,rubric_assisted_gradient_boosting,88,94
ds-remote-coop,4,Saudi National Bank (SNB),SNB Cooperative Training Program,44.67,45.07243697523986,0.40243697523985844,rubric_assisted_gradient_boosting,29,29
ds-remote-coop,5,Al Rajhi Bank,Cooperative Training Program,44.67,45.07243697523986,0.40243697523985844,rubric_assisted_gradient_boosting,29,29
ds-remote-coop,6,Capital Market Authority (CMA),COOP Program,44.67,45.07243697523986,0.40243697523985844,rubric_assisted_gradient_boosting,29,29
ds-remote-coop,7,Digital Government Authority (DGA),Maidan Cooperative Training Program,40.0,39.98380666574575,0.01619333425424685,rubric_assisted_gradient_boosting,88,94
ds-remote-coop,8,KPMG Saudi Arabia,COOP & Internship Programs,40.0,39.98380666574575,0.01619333425424685,rubric_assisted_gradient_boosting,88,94
ds-remote-coop,9,PwC Middle East,"Deals, COOP and Summer Internship Programme (2026)",44.5,44.36684416915945,0.1331558308405505,rubric_assisted_gradient_boosting,43,49
ds-remote-coop,10,Deloitte Middle East (KSA),Jusoor Al Sharqiyah Internship Program,34.5,34.4019739095485,0.0980260904514978,rubric_assisted_gradient_boosting,145,145
ds-remote-coop,11,Bank Albilad,Cooperative & Summer Training Program,49.17,49.61858183131959,0.4485818313195864,rubric_assisted_gradient_boosting,12,12
ds-remote-coop,12,Tamara,Tamara Builders Program,49.17,49.61858183131959,0.4485818313195864,rubric_assisted_gradient_boosting,12,12
ds-remote-coop,13,Bupa Arabia,Cooperative Training Program,40.0,39.98380666574575,0.01619333425424685,rubric_assisted_gradient_boosting,88,94
ds-remote-coop,14,Saudi Exports (Saudi Export Development Authority),COOP & Summer Training (FAQ-confirmed),40.0,39.98380666574575,0.01619333425424685,rubric_assisted_gradient_boosting,88,94
ds-remote-coop,15,Local Content and Government Procurement Authority (LCGPA),COOP Training (role posting),40.0,39.98380666574575,0.01619333425424685,rubric_assisted_gradient_boosting,88,94
ds-remote-coop,16,McKinsey & Company (Maqdira),Maqdira Fellowship Program,44.5,44.36684416915945,0.1331558308405505,rubric_assisted_gradient_boosting,43,49
ds-remote-coop,17,Boston Consulting Group (BCG),Visiting Associate Internship (Riyadh),40.0,39.98380666574575,0.01619333425424685,rubric_assisted_gradient_boosting,88,94
ds-remote-coop,18,Bain & Company,COOP Training Program (Riyadh),40.0,39.98380666574575,0.01619333425424685,rubric_assisted_gradient_boosting,88,94
ds-remote-coop,19,Amazon Web Services (AWS),IT/Computer Hardware Internship (Intern-to-FTE Pathway),34.5,34.4019739095485,0.0980260904514978,rubric_assisted_gradient_boosting,145,145
ds-remote-coop,20,Amazon Web Services (AWS) - Associate Solutions Architect Intern,Associate Solutions Architect Intern (2026),34.5,34.4019739095485,0.0980260904514978,rubric_assisted_gradient_boosting,145,145
ds-remote-coop,21,Google (Saudi Arabia),Google Careers (Saudi location filter),38.0,37.69360261321903,0.30639738678097217,rubric_assisted_gradient_boosting,133,134
ds-remote-coop,22,BlackRock,Client & Product Summer Internship Programme (EMEA) - includes Riyadh,34.5,34.4019739095485,0.0980260904514978,rubric_assisted_gradient_boosting,145,145
ds-remote-coop,23,noon,Student Internship,30.0,30.303949201229816,0.30394920122981617,rubric_assisted_gradient_boosting,165,165
ds-remote-coop,24,MOZN,Data Science Intern,54.33,53.48078178167726,0.8492182183227399,rubric_assisted_gradient_boosting,4,6
ds-remote-coop,25,Elm,Elm Co-op Training Program (March 2026 Intake),40.0,39.98380666574575,0.01619333425424685,rubric_assisted_gradient_boosting,88,94
ds-remote-coop,26,Yasref,Yasref Cooperative Training Program,42.5,42.324964901093566,0.17503509890643443,rubric_assisted_gradient_boosting,73,75
ds-remote-coop,27,"Saudi Standards, Metrology and Quality Organization (SASO)",Cooperative Training (Collaborative Training),44.5,44.36684416915945,0.1331558308405505,rubric_assisted_gradient_boosting,43,49
ds-remote-coop,28,"Zakat, Tax and Customs Authority (ZATCA)",Binaa-Alkafaat Program,30.0,30.303949201229816,0.30394920122981617,rubric_assisted_gradient_boosting,165,165
ds-remote-coop,29,Human Resources Development Fund (HRDF) – Cooperative Training Product,Cooperative Training (HRDF product),20.5,20.678562506815513,0.17856250681551344,rubric_assisted_gradient_boosting,172,172
ds-remote-coop,30,EXPRO,COOP Training (Future Makers Program),40.0,39.98380666574575,0.01619333425424685,rubric_assisted_gradient_boosting,88,94
ds-remote-coop,31,Ministry of Industry and Mineral Resources (MIM) – Cooperative Training Initiative,Cooperative Training Initiative,20.5,20.678562506815513,0.17856250681551344,rubric_assisted_gradient_boosting,172,172
ds-remote-coop,32,TBC (The Beauty Company),Cooperative Training Program,40.0,39.98380666574575,0.01619333425424685,rubric_assisted_gradient_boosting,88,94
ds-remote-coop,33,National Center for Vegetation Cover Development & Combating Desertification (NCVC),COOP Training Program,40.0,39.98380666574575,0.01619333425424685,rubric_assisted_gradient_boosting,88,94
ds-remote-coop,34,Saudi Power Procurement Company (SPPC),Future Power – COOP Training Program,40.0,39.98380666574575,0.01619333425424685,rubric_assisted_gradient_boosting,88,94
ds-remote-coop,35,TBC (Tatweer Building Company),Cooperative Training Program,40.0,39.98380666574575,0.01619333425424685,rubric_assisted_gradient_boosting,88,94
ds-remote-coop,36,PwC Middle East (Assurance COOP & Summer Internship Programme 2026),"Assurance, COOP and Summer Internship Programme 2026 – Middle East",44.5,44.36684416915945,0.1331558308405505,rubric_assisted_gradient_boosting,43,49
ds-remote-coop,37,KAPSARC,Intern (Coop- Trainee),49.17,49.61858183131959,0.4485818313195864,rubric_assisted_gradient_boosting,12,12
ds-remote-coop,38,BSF (Banque Saudi Fransi),COOP / Internship,40.0,39.98380666574575,0.01619333425424685,rubric_assisted_gradient_boosting,88,94
ds-remote-coop,39,Saudi Food & Drug Authority (SFDA),COOP training (First semester 2025-2026 intake),40.0,39.98380666574575,0.01619333425424685,rubric_assisted_gradient_boosting,88,94
ds-remote-coop,40,Saudi Power Procurement Company (SPPC) – Future Power (Business Admin COOP),Future Power – Business Administration COOP Training Program,40.0,39.98380666574575,0.01619333425424685,rubric_assisted_gradient_boosting,88,94
ds-remote-coop,41,Bank Albilad,Cooperative and Summer Training Program,44.67,45.07243697523986,0.40243697523985844,rubric_assisted_gradient_boosting,29,29
ds-remote-coop,42,The Saudi National Bank (SNB),SNB Rowad Program,34.67,34.84781053110889,0.17781053110888934,rubric_assisted_gradient_boosting,141,141
ds-remote-coop,43,National Cybersecurity Authority (NCA) – Academy,Cybersecurity training programs (academy),35.0,36.358147044930696,1.3581470449306963,rubric_assisted_gradient_boosting,140,137
ds-remote-coop,44,PIF | Graduate Development Program,Graduate Development Program (GDP),34.5,34.4019739095485,0.0980260904514978,rubric_assisted_gradient_boosting,145,145
ds-remote-coop,45,NEOM | GrOW (Graduates Opportunities in Work),GrOW (Graduates Opportunities in Work),36.0,35.669085770096764,0.33091422990323593,rubric_assisted_gradient_boosting,137,138
ds-remote-coop,46,ROSHN | COOP Trainee Program,COOP Trainee Program,40.0,39.98380666574575,0.01619333425424685,rubric_assisted_gradient_boosting,88,94
ds-remote-coop,47,Microsoft | Ru'aa Program (Riyadh),Ru'aa Program Internship (Solution Engineering),39.17,40.079831316613486,0.9098313166134844,rubric_assisted_gradient_boosting,127,88
ds-remote-coop,48,Oracle | Business Development Intern (KSA market),Business Development Intern (KSA market),31.5,31.326456988337128,0.173543011662872,rubric_assisted_gradient_boosting,160,160
ds-remote-coop,49,SAP | Student Internship (Riyadh),Student Internship - Riyadh,30.0,30.303949201229816,0.30394920122981617,rubric_assisted_gradient_boosting,165,165
ds-remote-coop,50,SAB (Saudi Awwal Bank) | Cooperative Training Programme (COOP),SAB Cooperative Training Programme (COOP),44.67,45.07243697523986,0.40243697523985844,rubric_assisted_gradient_boosting,29,29
ds-remote-coop,51,Ministry of Finance (Saudi Arabia) | Cooperative Training Program,Cooperative Training Program,41.5,40.85865256277992,0.6413474372200767,rubric_assisted_gradient_boosting,76,85
ds-remote-coop,52,Ministry of Industry and Mineral Resources | Cooperative Training,Cooperative Training Initiative,41.5,40.85865256277992,0.6413474372200767,rubric_assisted_gradient_boosting,76,85
ds-remote-coop,53,King Fahd Causeway Authority | Internship Program,Internship Program,36.0,35.669085770096764,0.33091422990323593,rubric_assisted_gradient_boosting,137,138
ds-remote-coop,54,Tawuniya | Tamheer Program (Fresh Graduates),Tamheer Program,37.5,37.63952941568655,0.1395294156865532,rubric_assisted_gradient_boosting,135,135
ds-remote-coop,55,SAMA | SAMA Professional Program (SPP),SAMA Professional Program (SPP),31.5,31.326456988337128,0.173543011662872,rubric_assisted_gradient_boosting,160,160
ds-remote-coop,56,HRDF | Cooperative Training Product,Cooperative Training Product,41.5,40.85865256277992,0.6413474372200767,rubric_assisted_gradient_boosting,76,85
ds-remote-coop,57,IBM,"Automation, Data & AI – Intern",40.67,41.27261007244395,0.6026100724439516,rubric_assisted_gradient_boosting,84,81
ds-remote-coop,58,Unifonic,Internship (Unifonic),34.5,34.4019739095485,0.0980260904514978,rubric_assisted_gradient_boosting,145,145
ds-remote-coop,59,Misk Foundation,Misk Traineeship / Internship Program,33.0,33.541504707367885,0.5415047073678849,rubric_assisted_gradient_boosting,159,159
ds-remote-coop,60,Cisco,Cisco NetVersity (Saudi Arabia),37.5,37.63952941568655,0.1395294156865532,rubric_assisted_gradient_boosting,135,135
ds-remote-coop,61,KAUST,Visiting Student Research Program (VSRP) Internship,34.67,34.84781053110889,0.17781053110888934,rubric_assisted_gradient_boosting,141,141
ds-remote-coop,62,General Authority for Statistics (GASTAT),Cooperative Training Program,44.5,44.36684416915945,0.1331558308405505,rubric_assisted_gradient_boosting,43,49
ds-remote-coop,63,Saudi Center for Opinion Polling (SCOP),Cooperative Training Program,44.5,44.36684416915945,0.1331558308405505,rubric_assisted_gradient_boosting,43,49
ds-remote-coop,64,Al Rajhi Takaful,Cooperative Training Program,44.67,45.07243697523986,0.40243697523985844,rubric_assisted_gradient_boosting,29,29
ds-remote-coop,65,Expenditure & Projects Efficiency Authority (EXPRO),Future Makers (صنّاع المستقبل) – Cooperative Training,40.0,39.98380666574575,0.01619333425424685,rubric_assisted_gradient_boosting,88,94
ds-remote-coop,66,Ministry of Finance (Saudi Arabia),Cooperative Training Program (Ministry of Finance),40.0,39.98380666574575,0.01619333425424685,rubric_assisted_gradient_boosting,88,94
ds-remote-coop,67,General Entertainment Authority (GEA),GEA Cooperative Training Program,40.0,39.98380666574575,0.01619333425424685,rubric_assisted_gradient_boosting,88,94
ds-remote-coop,68,Banque Saudi Fransi (BSF),COOP Training,40.0,39.98380666574575,0.01619333425424685,rubric_assisted_gradient_boosting,88,94
ds-remote-coop,69,Arab National Bank (ANB),COOP Trainee,44.67,45.07243697523986,0.40243697523985844,rubric_assisted_gradient_boosting,29,29
ds-remote-coop,70,Tamara,Builders Program,44.67,45.07243697523986,0.40243697523985844,rubric_assisted_gradient_boosting,29,29
ds-remote-coop,71,OmniOps,Co‑op Training Program,62.33,62.78280332478906,0.45280332478905905,rubric_assisted_gradient_boosting,1,1
ds-remote-coop,72,Tatweer Educational Technologies (TETCO),Cooperative Training Program,49.17,49.61858183131959,0.4485818313195864,rubric_assisted_gradient_boosting,12,12
ds-remote-coop,73,The Saudi Investment Bank (SAIB),Cooperative Program,44.67,45.07243697523986,0.40243697523985844,rubric_assisted_gradient_boosting,29,29
ds-remote-coop,74,Saudi Awwal Bank (SAB),COOP Program,44.67,45.07243697523986,0.40243697523985844,rubric_assisted_gradient_boosting,29,29
ds-remote-coop,75,Riyad Bank,Internships and Coop Trainings (CSR 2019),44.67,45.07243697523986,0.40243697523985844,rubric_assisted_gradient_boosting,29,29
ds-remote-coop,76,Tabby,Intern DevOps Engineer,44.17,44.51076060981107,0.3407606098110705,rubric_assisted_gradient_boosting,64,45
ds-remote-coop,77,Tabby,Intern Backend (GO) Engineer,44.17,44.51076060981107,0.3407606098110705,rubric_assisted_gradient_boosting,64,45
ds-remote-coop,78,Tabby,Intern Frontend Engineer,39.17,40.079831316613486,0.9098313166134844,rubric_assisted_gradient_boosting,127,88
ds-remote-coop,79,Tabby,Intern Data Engineer,41.17,41.52286176652681,0.35286176652680723,rubric_assisted_gradient_boosting,79,76
ds-remote-coop,80,Tabby,No-Code / AI Agents Engineering Intern,39.17,40.079831316613486,0.9098313166134844,rubric_assisted_gradient_boosting,127,88
ds-remote-coop,81,Bank Albilad,Cooperative Training Program,44.67,45.07243697523986,0.40243697523985844,rubric_assisted_gradient_boosting,29,29
ds-remote-coop,82,Saudi Ground Services (SGS),COOP Program,40.0,39.98380666574575,0.01619333425424685,rubric_assisted_gradient_boosting,88,94
ds-remote-coop,83,CEER,Cooperative Training Program (COOP),40.0,39.98380666574575,0.01619333425424685,rubric_assisted_gradient_boosting,88,94
ds-remote-coop,84,Al Rajhi Takaful,Coop Training Program,44.67,45.07243697523986,0.40243697523985844,rubric_assisted_gradient_boosting,29,29
ds-remote-coop,85,TAWAL,COOP Training Program,49.17,49.61858183131959,0.4485818313195864,rubric_assisted_gradient_boosting,12,12
ds-remote-coop,86,Wakeb_Data,COOP Training,49.17,49.61858183131959,0.4485818313195864,rubric_assisted_gradient_boosting,12,12
ds-remote-coop,87,Banque Saudi Fransi (BSF),Coop Training Program,40.0,39.98380666574575,0.01619333425424685,rubric_assisted_gradient_boosting,88,94
ds-remote-coop,88,Tech Economy,COOP Training Program,40.0,39.98380666574575,0.01619333425424685,rubric_assisted_gradient_boosting,88,94
ds-remote-coop,89,SAMI Advanced Electronics (SAMI-AEC),Coop Trainee,40.0,39.98380666574575,0.01619333425424685,rubric_assisted_gradient_boosting,88,94
ds-remote-coop,90,NHC,COOP Trainee,40.0,39.98380666574575,0.01619333425424685,rubric_assisted_gradient_boosting,88,94
ds-remote-coop,91,REMAT ADVANCED,Cooperative Training Program,44.5,44.36684416915945,0.1331558308405505,rubric_assisted_gradient_boosting,43,49
ds-remote-coop,92,SDM,AI COOP,51.17,51.0316395717534,0.13836042824659955,rubric_assisted_gradient_boosting,8,8
ds-remote-coop,93,HUED,HUED COOP Program 2026,49.17,49.61858183131959,0.4485818313195864,rubric_assisted_gradient_boosting,12,12
ds-remote-coop,94,Araamis • أرامس,Araamis COOP Program 2026,49.17,49.61858183131959,0.4485818313195864,rubric_assisted_gradient_boosting,12,12
ds-remote-coop,95,ARDARA,COOP Training for Students,40.0,39.98380666574575,0.01619333425424685,rubric_assisted_gradient_boosting,88,94
ds-remote-coop,96,flynas,COOP Trainee / Internship Program,44.5,44.36684416915945,0.1331558308405505,rubric_assisted_gradient_boosting,43,49
ds-remote-coop,97,Saudi Motorsport Company (SMC),COOP Trainee (IT Asset Project Management),49.17,49.61858183131959,0.4485818313195864,rubric_assisted_gradient_boosting,12,12
ds-remote-coop,98,Saudi Motorsport Company (SMC),COOP Trainee (Supply Chain Excellence Associate),44.5,44.36684416915945,0.1331558308405505,rubric_assisted_gradient_boosting,43,49
ds-remote-coop,99,Mobily,Cooperative Training Program,40.0,39.98380666574575,0.01619333425424685,rubric_assisted_gradient_boosting,88,94
ds-remote-coop,100,Saudi Awwal Bank (SAB),Student Opportunities: Cooperative / Practical Training,44.67,45.07243697523986,0.40243697523985844,rubric_assisted_gradient_boosting,29,29
ds-remote-coop,101,Alvarez & Marsal,COOP Training Program,40.0,39.98380666574575,0.01619333425424685,rubric_assisted_gradient_boosting,88,94
ds-remote-coop,102,Visa,COOP Trainee (Jan 2026),40.0,39.98380666574575,0.01619333425424685,rubric_assisted_gradient_boosting,88,94
ds-remote-coop,103,Zain KSA,Evolve Program (Fresh Graduates),30.0,30.303949201229816,0.30394920122981617,rubric_assisted_gradient_boosting,165,165
ds-remote-coop,104,Zain KSA,Zain Pioneers Program,34.5,34.4019739095485,0.0980260904514978,rubric_assisted_gradient_boosting,145,145
ds-remote-coop,105,Savvy Games Group,Cooperative Training Program (Co-op),40.0,39.98380666574575,0.01619333425424685,rubric_assisted_gradient_boosting,88,94
ds-remote-coop,106,Bank AlJazira,Tamheer Program,34.67,34.84781053110889,0.17781053110888934,rubric_assisted_gradient_boosting,141,141
ds-remote-coop,107,sirar by stc,Cooperative Training Program,49.17,49.61858183131959,0.4485818313195864,rubric_assisted_gradient_boosting,12,12
ds-remote-coop,108,Gathern,Co-op Program,62.33,62.78280332478906,0.45280332478905905,rubric_assisted_gradient_boosting,1,1
ds-remote-coop,109,Elm Company (شركة علم),Coop Training - Computer Science (Jan/Mar/Jun/Aug 2025 Intake),44.5,44.36684416915945,0.1331558308405505,rubric_assisted_gradient_boosting,43,49
ds-remote-coop,110,Elm Company (شركة علم),Co-Op Training - Information Technology (Jun & Aug 2025 Intake),44.5,44.36684416915945,0.1331558308405505,rubric_assisted_gradient_boosting,43,49
ds-remote-coop,111,EJADA,COOP Administration & Support Engineer,40.0,39.98380666574575,0.01619333425424685,rubric_assisted_gradient_boosting,88,94
ds-remote-coop,112,Emdad By Elm,Network Cooperative Training (Network Intern),44.5,44.36684416915945,0.1331558308405505,rubric_assisted_gradient_boosting,43,49
ds-remote-coop,113,AILA,Co-op Training Programme,54.17,54.38832754667524,0.21832754667524057,rubric_assisted_gradient_boosting,6,3
ds-remote-coop,114,Foodics,Foodics 360 Internship Program,34.5,34.4019739095485,0.0980260904514978,rubric_assisted_gradient_boosting,145,145
ds-remote-coop,115,Salla,برنامج التدريب التعاوني (Coop Training) – Salla,44.5,44.36684416915945,0.1331558308405505,rubric_assisted_gradient_boosting,43,49
ds-remote-coop,116,Lucidya,Technical Internship or Coop – Lucidya,49.17,49.61858183131959,0.4485818313195864,rubric_assisted_gradient_boosting,12,12
ds-remote-coop,117,Diriyah Company,Diriyah Co-op Training Program,40.0,39.98380666574575,0.01619333425424685,rubric_assisted_gradient_boosting,88,94
ds-remote-coop,118,Riyadh Air,Co-op – Riyadh Air,40.0,39.98380666574575,0.01619333425424685,rubric_assisted_gradient_boosting,88,94
ds-remote-coop,119,Jahez Group,Jahez Internship Program (as described in Sustainability Report),30.0,30.303949201229816,0.30394920122981617,rubric_assisted_gradient_boosting,165,165
ds-remote-coop,120,Lumi | لومي,COOP Intern 2025 – Lumi,40.0,39.98380666574575,0.01619333425424685,rubric_assisted_gradient_boosting,88,94
ds-remote-coop,121,webook.com,COOP Trainee Opportunities – webook.com,40.0,39.98380666574575,0.01619333425424685,rubric_assisted_gradient_boosting,88,94
ds-remote-coop,122,moneymoon,Tech & AI Co-op Program 2025,51.17,51.0316395717534,0.13836042824659955,rubric_assisted_gradient_boosting,8,8
ds-remote-coop,123,EjadTech - إيجاد التقنية,"Summer Internship Program 2025 (Computer, Data, and AI Majors)",55.83,54.10734528550082,1.7226547144991784,rubric_assisted_gradient_boosting,3,4
ds-remote-coop,124,InnovationTeam,Java Microservices Internship Programme (Saudi Nationals),40.67,41.27261007244395,0.6026100724439516,rubric_assisted_gradient_boosting,84,81
ds-remote-coop,125,Tamkeen Technologies,On the Job Training (Internship Program) — Technology field,34.5,34.4019739095485,0.0980260904514978,rubric_assisted_gradient_boosting,145,145
ds-remote-coop,126,Trendyol Group,Trendyol Tech Talent - Bootcamp & COOP Internship Program (Saudi Students Only),46.0,45.51030911061383,0.4896908893861678,rubric_assisted_gradient_boosting,27,27
ds-remote-coop,127,Ninja نينجا,COOP Training Program,46.0,45.51030911061383,0.4896908893861678,rubric_assisted_gradient_boosting,27,27
ds-remote-coop,128,SCAI | سكاي,CO-OP Training Opportunities (Intern),51.17,51.0316395717534,0.13836042824659955,rubric_assisted_gradient_boosting,8,8
ds-remote-coop,129,WalaPlus,Coop & Tamheer Opportunities,44.5,44.36684416915945,0.1331558308405505,rubric_assisted_gradient_boosting,43,49
ds-remote-coop,130,Aon,IT Co-op Trainee 2026,44.5,44.36684416915945,0.1331558308405505,rubric_assisted_gradient_boosting,43,49
ds-remote-coop,131,Hewlett Packard Enterprise (HPE),College Intern (Coop),44.5,44.36684416915945,0.1331558308405505,rubric_assisted_gradient_boosting,43,49
ds-remote-coop,132,Signify,KSA Coop Internship Program,44.5,44.36684416915945,0.1331558308405505,rubric_assisted_gradient_boosting,43,49
ds-remote-coop,133,Help AG (e& enterprise),Cybersecurity Intern,30.0,30.303949201229816,0.30394920122981617,rubric_assisted_gradient_boosting,165,165
ds-remote-coop,134,TrendAI (Trend Micro),CyberGATE Internship Program,34.5,34.4019739095485,0.0980260904514978,rubric_assisted_gradient_boosting,145,145
ds-remote-coop,135,Golf Saudi,IT Co-op Trainee,49.17,49.61858183131959,0.4485818313195864,rubric_assisted_gradient_boosting,12,12
ds-remote-coop,136,Siemens Healthineers,Healthineers Early Talent Program – IT (Riyadh),34.5,34.4019739095485,0.0980260904514978,rubric_assisted_gradient_boosting,145,145
ds-remote-coop,137,1957 Ventures,Internship / Co-Op Program,49.17,49.61858183131959,0.4485818313195864,rubric_assisted_gradient_boosting,12,12
ds-remote-coop,138,Nokia,Graduate Trainee (Saudi Arabia) – Fledgers Program,41.17,41.52286176652681,0.35286176652680723,rubric_assisted_gradient_boosting,79,76
ds-remote-coop,139,Ericsson,Summer Interns (Ericsson Saudi),39.17,40.079831316613486,0.9098313166134844,rubric_assisted_gradient_boosting,127,88
ds-remote-coop,140,Bosch Middle East,Software Development Intern (AI/Cloud),54.33,53.48078178167726,0.8492182183227399,rubric_assisted_gradient_boosting,4,6
ds-remote-coop,141,Saudi Payments | المدفوعات السعودية,COOP Training – August 2024,49.17,49.61858183131959,0.4485818313195864,rubric_assisted_gradient_boosting,12,12
ds-remote-coop,142,Saudi Tadawul Group | تداول,Cooperative Training Program (COOP),49.17,49.61858183131959,0.4485818313195864,rubric_assisted_gradient_boosting,12,12
ds-remote-coop,143,Lean Technologies,Software Engineering Intern – KSA,41.17,41.52286176652681,0.35286176652680723,rubric_assisted_gradient_boosting,79,76
ds-remote-coop,144,Mirai (Scopely) | مِراي,AI Engineering Intern (GenAI),41.17,41.52286176652681,0.35286176652680723,rubric_assisted_gradient_boosting,79,76
ds-remote-coop,145,HungerStation | هنقرستيشن,"Co-OP Trainee, Data Analysis – Info Sec",53.83,54.08487683304838,0.25487683304837816,rubric_assisted_gradient_boosting,7,5
ds-remote-coop,146,NCGR | المركز الوطني لنظم الموارد الحكومية,Coop Training Program,44.5,44.36684416915945,0.1331558308405505,rubric_assisted_gradient_boosting,43,49
ds-remote-coop,147,nybl,nybl Graduate Programme – Saudi Nationals (AI Bootcamp),34.67,34.84781053110889,0.17781053110888934,rubric_assisted_gradient_boosting,141,141
ds-remote-coop,148,Procter & Gamble (P&G),P&G LEADgen Internship Program 2026 (Riyadh),34.5,34.4019739095485,0.0980260904514978,rubric_assisted_gradient_boosting,145,145
ds-remote-coop,149,New Murabba | المربع الجديد,New Murabba Co-op Training Program,44.5,44.36684416915945,0.1331558308405505,rubric_assisted_gradient_boosting,43,49
ds-remote-coop,150,Boeing Saudi Arabia Limited,Intern - Info Technology & Data Analytics (Riyadh),41.83,43.61463072743489,1.7846307274348945,rubric_assisted_gradient_boosting,74,70
ds-remote-coop,151,Motorola Solutions,Deployment Engineer Intern (KSA National - Tamheer Program),34.5,34.4019739095485,0.0980260904514978,rubric_assisted_gradient_boosting,145,145
ds-remote-coop,152,Schneider Electric,Co-op Intern (Engineering) - Al Khobar (Jan–Aug 2026),44.5,44.36684416915945,0.1331558308405505,rubric_assisted_gradient_boosting,43,49
ds-remote-coop,153,Lockheed Martin,Tamheer Space Internship (Riyadh),34.5,34.4019739095485,0.0980260904514978,rubric_assisted_gradient_boosting,145,145
ds-remote-coop,154,Markaba | مركبة,Start-up Software Intern – TAMHEER (Saudi nationals only),40.67,41.27261007244395,0.6026100724439516,rubric_assisted_gradient_boosting,84,81
ds-remote-coop,155,Laverne Group | مجموعة لافيرن,Data Analyst / Data Engineer Intern (IT Department),41.83,43.61463072743489,1.7846307274348945,rubric_assisted_gradient_boosting,74,70
ds-remote-coop,156,Meel | ميل,"Software Developer Internship (Remote, min 2 months)",44.17,44.51076060981107,0.3407606098110705,rubric_assisted_gradient_boosting,64,45
ds-remote-coop,157,Nahdi Medical Co.,IT Internship / COOP Program (6 months),44.5,44.36684416915945,0.1331558308405505,rubric_assisted_gradient_boosting,43,49
ds-remote-coop,158,SMART Technology Solutions | سمارت لحلول التقنية,R&D Intern (Riyadh),39.17,40.079831316613486,0.9098313166134844,rubric_assisted_gradient_boosting,127,88
ds-remote-coop,159,Knodemy Inc.,AI Developer & Tech Trainer Intern - Riyadh,41.17,41.52286176652681,0.35286176652680723,rubric_assisted_gradient_boosting,79,76
ds-remote-coop,160,Water Transmission Company | شركة نقل المياه,Tamheer Internship Program (HRIS / Engineering & PM - Riyadh),39.17,40.079831316613486,0.9098313166134844,rubric_assisted_gradient_boosting,127,88
ds-remote-coop,161,AFNOYS,"AI Automation Intern - KSA (Remote, 4 weeks)",44.17,44.51076060981107,0.3407606098110705,rubric_assisted_gradient_boosting,64,45
ds-remote-coop,162,SAS,CareerStart@SAS 2026 - Presales Customer Intelligence Intern (Riyadh),42.67,43.341561228623355,0.6715612286233537,rubric_assisted_gradient_boosting,70,72
ds-remote-coop,163,Devoteam,Trainee - Future Leaders Program (Co-op/Fresh Graduate),50.67,50.83973739367886,0.16973739367885798,rubric_assisted_gradient_boosting,11,11
ds-remote-coop,164,ضالتي Dhallaty,Tech Intern: Fresh Grad or Student,42.67,43.341561228623355,0.6715612286233537,rubric_assisted_gradient_boosting,70,72
ds-remote-coop,165,Innovative Solutions SA,Presales - Tamheer,31.5,31.326456988337128,0.173543011662872,rubric_assisted_gradient_boosting,160,160
ds-remote-coop,166,HUMAIN,Tamheer Program (Software Engineer / Cybersecurity / MIS),40.67,41.27261007244395,0.6026100724439516,rubric_assisted_gradient_boosting,84,81
ds-remote-coop,167,TAM | تام,"Tamheer Opportunity, Advisory",31.5,31.326456988337128,0.173543011662872,rubric_assisted_gradient_boosting,160,160
ds-remote-coop,168,هيئة التأمين | Insurance Authority,Tamheer Opportunity - Specialist of Information Security,31.5,31.326456988337128,0.173543011662872,rubric_assisted_gradient_boosting,160,160
ds-remote-coop,169,Snbla | سنبله,Paid Internship Program (FinTech),42.67,43.341561228623355,0.6715612286233537,rubric_assisted_gradient_boosting,70,72
ds-remote-coop,170,2P Perfect Presentation,Data Analyst (Tamheer),43.33,44.74719017838172,1.4171901783817233,rubric_assisted_gradient_boosting,68,43
ds-remote-coop,171,Infosys,Summer Intern (Infosys InStep ’26 – Bangalore),28.0,28.412994839848746,0.4129948398487464,rubric_assisted_gradient_boosting,171,171
ds-remote-coop,172,شركة الخدمات المدارة | Managed Services Company,Intern Cybersecurity Engineer,36.0,35.669085770096764,0.33091422990323593,rubric_assisted_gradient_boosting,137,138
ds-remote-coop,173,Abunayyan Holding,Data Analyst (Tamheer),43.33,44.74719017838172,1.4171901783817233,rubric_assisted_gradient_boosting,68,43
ds-gpa-ielts,1,Saudi Aramco,University Internship Program (UIP),33.33,33.768553409890835,0.4385534098908366,rubric_assisted_gradient_boosting,167,167
ds-gpa-ielts,2,SABIC,COOP Training Program,36.33,36.33569950035539,0.005699500355390796,rubric_assisted_gradient_boosting,158,154
ds-gpa-ielts,3,stc (Saudi Telecom Company),Cooperative Training Program (COOP),40.0,39.742274660843975,0.2577253391560248,rubric_assisted_gradient_boosting,125,126
ds-gpa-ielts,4,Saudi National Bank (SNB),SNB Cooperative Training Program,43.0,43.42635293535271,0.42635293535271046,rubric_assisted_gradient_boosting,118,106
ds-gpa-ielts,5,Al Rajhi Bank,Cooperative Training Program,39.67,39.90140043383516,0.23140043383515518,rubric_assisted_gradient_boosting,146,125
ds-gpa-ielts,6,Capital Market Authority (CMA),COOP Program,44.67,44.43885457056482,0.23114542943518046,rubric_assisted_gradient_boosting,80,82
ds-gpa-ielts,7,Digital Government Authority (DGA),Maidan Cooperative Training Program,40.0,39.742274660843975,0.2577253391560248,rubric_assisted_gradient_boosting,125,126
ds-gpa-ielts,8,KPMG Saudi Arabia,COOP & Internship Programs,35.0,34.87014420132245,0.12985579867755348,rubric_assisted_gradient_boosting,159,159
ds-gpa-ielts,9,PwC Middle East,"Deals, COOP and Summer Internship Programme (2026)",44.5,44.14041494554795,0.35958505445204736,rubric_assisted_gradient_boosting,91,94
ds-gpa-ielts,10,Deloitte Middle East (KSA),Jusoor Al Sharqiyah Internship Program,44.5,44.3068097331353,0.19319026686469698,rubric_assisted_gradient_boosting,91,93
ds-gpa-ielts,11,Bank Albilad,Cooperative & Summer Training Program,44.17,44.51076060981107,0.3407606098110705,rubric_assisted_gradient_boosting,104,81
ds-gpa-ielts,12,Tamara,Tamara Builders Program,49.17,49.63946667546023,0.46946667546022525,rubric_assisted_gradient_boosting,59,59
ds-gpa-ielts,13,Bupa Arabia,Cooperative Training Program,40.0,39.742274660843975,0.2577253391560248,rubric_assisted_gradient_boosting,125,126
ds-gpa-ielts,14,Saudi Exports (Saudi Export Development Authority),COOP & Summer Training (FAQ-confirmed),35.0,34.87014420132245,0.12985579867755348,rubric_assisted_gradient_boosting,159,159
ds-gpa-ielts,15,Local Content and Government Procurement Authority (LCGPA),COOP Training (role posting),40.0,39.742274660843975,0.2577253391560248,rubric_assisted_gradient_boosting,125,126
ds-gpa-ielts,16,McKinsey & Company (Maqdira),Maqdira Fellowship Program,44.5,44.14041494554795,0.35958505445204736,rubric_assisted_gradient_boosting,91,94
ds-gpa-ielts,17,Boston Consulting Group (BCG),Visiting Associate Internship (Riyadh),40.0,39.742274660843975,0.2577253391560248,rubric_assisted_gradient_boosting,125,126
ds-gpa-ielts,18,Bain & Company,COOP Training Program (Riyadh),40.0,39.742274660843975,0.2577253391560248,rubric_assisted_gradient_boosting,125,126
ds-gpa-ielts,19,Amazon Web Services (AWS),IT/Computer Hardware Internship (Intern-to-FTE Pathway),54.5,54.21906258372984,0.280937416270163,rubric_assisted_gradient_boosting,30,38
ds-gpa-ielts,20,Amazon Web Services (AWS) - Associate Solutions Architect Intern,Associate Solutions Architect Intern (2026),54.5,54.21906258372984,0.280937416270163,rubric_assisted_gradient_boosting,30,38
ds-gpa-ielts,21,Google (Saudi Arabia),Google Careers (Saudi location filter),43.0,43.02350587178337,0.023505871783370935,rubric_assisted_gradient_boosting,118,108
ds-gpa-ielts,22,BlackRock,Client & Product Summer Internship Programme (EMEA) - includes Riyadh,62.33,60.732571799713796,1.5974282002862026,rubric_assisted_gradient_boosting,6,8
ds-gpa-ielts,23,noon,Student Internship,50.0,49.92756593852372,0.07243406147627951,rubric_assisted_gradient_boosting,54,54
ds-gpa-ielts,24,MOZN,Data Science Intern,65.67,64.78147169190154,0.8885283080984578,rubric_assisted_gradient_boosting,2,2
ds-gpa-ielts,25,Elm,Elm Co-op Training Program (March 2026 Intake),40.0,39.742274660843975,0.2577253391560248,rubric_assisted_gradient_boosting,125,126
ds-gpa-ielts,26,Yasref,Yasref Cooperative Training Program,37.5,37.13806370834176,0.36193629165823893,rubric_assisted_gradient_boosting,153,153
ds-gpa-ielts,27,"Saudi Standards, Metrology and Quality Organization (SASO)",Cooperative Training (Collaborative Training),44.5,44.14041494554795,0.35958505445204736,rubric_assisted_gradient_boosting,91,94
ds-gpa-ielts,28,"Zakat, Tax and Customs Authority (ZATCA)",Binaa-Alkafaat Program,35.0,34.87014420132245,0.12985579867755348,rubric_assisted_gradient_boosting,159,159
ds-gpa-ielts,29,Human Resources Development Fund (HRDF) – Cooperative Training Product,Cooperative Training (HRDF product),10.5,10.466513711877429,0.03348628812257104,rubric_assisted_gradient_boosting,172,172
ds-gpa-ielts,30,EXPRO,COOP Training (Future Makers Program),40.0,39.742274660843975,0.2577253391560248,rubric_assisted_gradient_boosting,125,126
ds-gpa-ielts,31,Ministry of Industry and Mineral Resources (MIM) – Cooperative Training Initiative,Cooperative Training Initiative,10.5,10.466513711877429,0.03348628812257104,rubric_assisted_gradient_boosting,172,172
ds-gpa-ielts,32,TBC (The Beauty Company),Cooperative Training Program,35.0,34.87014420132245,0.12985579867755348,rubric_assisted_gradient_boosting,159,159
ds-gpa-ielts,33,National Center for Vegetation Cover Development & Combating Desertification (NCVC),COOP Training Program,40.0,39.742274660843975,0.2577253391560248,rubric_assisted_gradient_boosting,125,126
ds-gpa-ielts,34,Saudi Power Procurement Company (SPPC),Future Power – COOP Training Program,40.0,39.742274660843975,0.2577253391560248,rubric_assisted_gradient_boosting,125,126
ds-gpa-ielts,35,TBC (Tatweer Building Company),Cooperative Training Program,40.0,39.742274660843975,0.2577253391560248,rubric_assisted_gradient_boosting,125,126
ds-gpa-ielts,36,PwC Middle East (Assurance COOP & Summer Internship Programme 2026),"Assurance, COOP and Summer Internship Programme 2026 – Middle East",44.5,44.14041494554795,0.35958505445204736,rubric_assisted_gradient_boosting,91,94
ds-gpa-ielts,37,KAPSARC,Intern (Coop- Trainee),57.0,58.37995211900567,1.3799521190056723,rubric_assisted_gradient_boosting,19,19
ds-gpa-ielts,38,BSF (Banque Saudi Fransi),COOP / Internship,33.33,33.768553409890835,0.4385534098908366,rubric_assisted_gradient_boosting,167,167
ds-gpa-ielts,39,Saudi Food & Drug Authority (SFDA),COOP training (First semester 2025-2026 intake),35.0,34.87014420132245,0.12985579867755348,rubric_assisted_gradient_boosting,159,159
ds-gpa-ielts,40,Saudi Power Procurement Company (SPPC) – Future Power (Business Admin COOP),Future Power – Business Administration COOP Training Program,43.33,42.97269893979176,0.35730106020823627,rubric_assisted_gradient_boosting,106,109
ds-gpa-ielts,41,Bank Albilad,Cooperative and Summer Training Program,48.0,49.15364130440257,1.1536413044025693,rubric_assisted_gradient_boosting,66,66
ds-gpa-ielts,42,The Saudi National Bank (SNB),SNB Rowad Program,44.67,44.43885457056482,0.23114542943518046,rubric_assisted_gradient_boosting,80,82
ds-gpa-ielts,43,National Cybersecurity Authority (NCA) – Academy,Cybersecurity training programs (academy),45.0,45.07616638561793,0.0761663856179311,rubric_assisted_gradient_boosting,79,79
ds-gpa-ielts,44,PIF | Graduate Development Program,Graduate Development Program (GDP),55.67,55.143016857529034,0.5269831424709679,rubric_assisted_gradient_boosting,25,27
ds-gpa-ielts,45,NEOM | GrOW (Graduates Opportunities in Work),GrOW (Graduates Opportunities in Work),39.33,39.10170861340397,0.22829138659602677,rubric_assisted_gradient_boosting,148,148
ds-gpa-ielts,46,ROSHN | COOP Trainee Program,COOP Trainee Program,43.33,42.97269893979176,0.35730106020823627,rubric_assisted_gradient_boosting,106,109
ds-gpa-ielts,47,Microsoft | Ru'aa Program (Riyadh),Ru'aa Program Internship (Solution Engineering),59.17,59.76482201806395,0.594822018063951,rubric_assisted_gradient_boosting,12,12
ds-gpa-ielts,48,Oracle | Business Development Intern (KSA market),Business Development Intern (KSA market),41.5,40.85865256277992,0.6413474372200767,rubric_assisted_gradient_boosting,122,122
ds-gpa-ielts,49,SAP | Student Internship (Riyadh),Student Internship - Riyadh,50.0,49.92756593852372,0.07243406147627951,rubric_assisted_gradient_boosting,54,54
ds-gpa-ielts,50,SAB (Saudi Awwal Bank) | Cooperative Training Programme (COOP),SAB Cooperative Training Programme (COOP),44.67,44.43885457056482,0.23114542943518046,rubric_assisted_gradient_boosting,80,82
ds-gpa-ielts,51,Ministry of Finance (Saudi Arabia) | Cooperative Training Program,Cooperative Training Program,39.83,38.44398166343473,1.3860183365652716,rubric_assisted_gradient_boosting,145,152
ds-gpa-ielts,52,Ministry of Industry and Mineral Resources | Cooperative Training,Cooperative Training Initiative,31.5,31.326456988337128,0.173543011662872,rubric_assisted_gradient_boosting,170,170
ds-gpa-ielts,53,King Fahd Causeway Authority | Internship Program,Internship Program,49.33,48.333723139117055,0.9962768608829435,rubric_assisted_gradient_boosting,58,69
ds-gpa-ielts,54,Tawuniya | Tamheer Program (Fresh Graduates),Tamheer Program,50.83,49.92415642903975,0.9058435709602506,rubric_assisted_gradient_boosting,51,58
ds-gpa-ielts,55,SAMA | SAMA Professional Program (SPP),SAMA Professional Program (SPP),36.5,35.88356684462699,0.6164331553730094,rubric_assisted_gradient_boosting,154,155
ds-gpa-ielts,56,HRDF | Cooperative Training Product,Cooperative Training Product,31.5,31.326456988337128,0.173543011662872,rubric_assisted_gradient_boosting,170,170
ds-gpa-ielts,57,IBM,"Automation, Data & AI – Intern",55.67,56.06487788568244,0.3948778856824404,rubric_assisted_gradient_boosting,25,25
ds-gpa-ielts,58,Unifonic,Internship (Unifonic),54.5,54.21906258372984,0.280937416270163,rubric_assisted_gradient_boosting,30,38
ds-gpa-ielts,59,Misk Foundation,Misk Traineeship / Internship Program,46.33,45.68025949585942,0.6497405041405813,rubric_assisted_gradient_boosting,75,77
ds-gpa-ielts,60,Cisco,Cisco NetVersity (Saudi Arabia),45.83,45.31606301962559,0.5139369803744103,rubric_assisted_gradient_boosting,76,78
ds-gpa-ielts,61,KAUST,Visiting Student Research Program (VSRP) Internship,48.0,49.5438303312857,1.5438303312856974,rubric_assisted_gradient_boosting,66,65
ds-gpa-ielts,62,General Authority for Statistics (GASTAT),Cooperative Training Program,52.33,51.74599464607455,0.5840053539254484,rubric_assisted_gradient_boosting,48,48
ds-gpa-ielts,63,Saudi Center for Opinion Polling (SCOP),Cooperative Training Program,52.33,51.74599464607455,0.5840053539254484,rubric_assisted_gradient_boosting,48,48
ds-gpa-ielts,64,Al Rajhi Takaful,Cooperative Training Program,48.0,49.15364130440257,1.1536413044025693,rubric_assisted_gradient_boosting,66,66
ds-gpa-ielts,65,Expenditure & Projects Efficiency Authority (EXPRO),Future Makers (صنّاع المستقبل) – Cooperative Training,40.0,39.742274660843975,0.2577253391560248,rubric_assisted_gradient_boosting,125,126
ds-gpa-ielts,66,Ministry of Finance (Saudi Arabia),Cooperative Training Program (Ministry of Finance),43.33,42.97269893979176,0.35730106020823627,rubric_assisted_gradient_boosting,106,109
ds-gpa-ielts,67,General Entertainment Authority (GEA),GEA Cooperative Training Program,40.0,39.742274660843975,0.2577253391560248,rubric_assisted_gradient_boosting,125,126
ds-gpa-ielts,68,Banque Saudi Fransi (BSF),COOP Training,43.33,42.97269893979176,0.35730106020823627,rubric_assisted_gradient_boosting,106,109
ds-gpa-ielts,69,Arab National Bank (ANB),COOP Trainee,44.67,44.43885457056482,0.23114542943518046,rubric_assisted_gradient_boosting,80,82
ds-gpa-ielts,70,Tamara,Builders Program,44.67,44.43885457056482,0.23114542943518046,rubric_assisted_gradient_boosting,80,82
ds-gpa-ielts,71,OmniOps,Co‑op Training Program,53.67,54.03679720850719,0.36679720850718667,rubric_assisted_gradient_boosting,39,46
ds-gpa-ielts,72,Tatweer Educational Technologies (TETCO),Cooperative Training Program,52.5,54.38419194568815,1.8841919456881513,rubric_assisted_gradient_boosting,42,31
ds-gpa-ielts,73,The Saudi Investment Bank (SAIB),Cooperative Program,44.67,44.43885457056482,0.23114542943518046,rubric_assisted_gradient_boosting,80,82
ds-gpa-ielts,74,Saudi Awwal Bank (SAB),COOP Program,44.67,44.43885457056482,0.23114542943518046,rubric_assisted_gradient_boosting,80,82
ds-gpa-ielts,75,Riyad Bank,Internships and Coop Trainings (CSR 2019),44.67,44.43885457056482,0.23114542943518046,rubric_assisted_gradient_boosting,80,82
ds-gpa-ielts,76,Tabby,Intern DevOps Engineer,54.17,54.94357758272942,0.7735775827294162,rubric_assisted_gradient_boosting,38,29
ds-gpa-ielts,77,Tabby,Intern Backend (GO) Engineer,55.17,55.38450969391183,0.21450969391182895,rubric_assisted_gradient_boosting,28,26
ds-gpa-ielts,78,Tabby,Intern Frontend Engineer,59.17,59.76482201806395,0.594822018063951,rubric_assisted_gradient_boosting,12,12
ds-gpa-ielts,79,Tabby,Intern Data Engineer,65.67,64.78147169190154,0.8885283080984578,rubric_assisted_gradient_boosting,2,2
ds-gpa-ielts,80,Tabby,No-Code / AI Agents Engineering Intern,59.17,59.76482201806395,0.594822018063951,rubric_assisted_gradient_boosting,12,12
ds-gpa-ielts,81,Bank Albilad,Cooperative Training Program,43.0,43.42635293535271,0.42635293535271046,rubric_assisted_gradient_boosting,118,106
ds-gpa-ielts,82,Saudi Ground Services (SGS),COOP Program,33.33,33.768553409890835,0.4385534098908366,rubric_assisted_gradient_boosting,167,167
ds-gpa-ielts,83,CEER,Cooperative Training Program (COOP),43.33,42.97269893979176,0.35730106020823627,rubric_assisted_gradient_boosting,106,109
ds-gpa-ielts,84,Al Rajhi Takaful,Coop Training Program,48.0,49.15364130440257,1.1536413044025693,rubric_assisted_gradient_boosting,66,66
ds-gpa-ielts,85,TAWAL,COOP Training Program,52.5,54.38419194568815,1.8841919456881513,rubric_assisted_gradient_boosting,42,31
ds-gpa-ielts,86,Wakeb_Data,COOP Training,52.5,54.38419194568815,1.8841919456881513,rubric_assisted_gradient_boosting,42,31
ds-gpa-ielts,87,Banque Saudi Fransi (BSF),Coop Training Program,43.33,42.97269893979176,0.35730106020823627,rubric_assisted_gradient_boosting,106,109
ds-gpa-ielts,88,Tech Economy,COOP Training Program,40.0,39.742274660843975,0.2577253391560248,rubric_assisted_gradient_boosting,125,126
ds-gpa-ielts,89,SAMI Advanced Electronics (SAMI-AEC),Coop Trainee,43.33,42.97269893979176,0.35730106020823627,rubric_assisted_gradient_boosting,106,109
ds-gpa-ielts,90,NHC,COOP Trainee,38.33,38.683951368756865,0.35395136875686717,rubric_assisted_gradient_boosting,152,150
ds-gpa-ielts,91,REMAT ADVANCED,Cooperative Training Program,47.83,47.216595872972086,0.6134041270279127,rubric_assisted_gradient_boosting,70,70
ds-gpa-ielts,92,SDM,AI COOP,50.17,50.06651681904409,0.10348318095591225,rubric_assisted_gradient_boosting,52,52
ds-gpa-ielts,93,HUED,HUED COOP Program 2026,52.5,54.38419194568815,1.8841919456881513,rubric_assisted_gradient_boosting,42,31
ds-gpa-ielts,94,Araamis • أرامس,Araamis COOP Program 2026,57.0,58.37995211900567,1.3799521190056723,rubric_assisted_gradient_boosting,19,19
ds-gpa-ielts,95,ARDARA,COOP Training for Students,43.33,42.97269893979176,0.35730106020823627,rubric_assisted_gradient_boosting,106,109
ds-gpa-ielts,96,flynas,COOP Trainee / Internship Program,44.5,44.14041494554795,0.35958505445204736,rubric_assisted_gradient_boosting,91,94
ds-gpa-ielts,97,Saudi Motorsport Company (SMC),COOP Trainee (IT Asset Project Management),39.17,39.665597492545395,0.495597492545393,rubric_assisted_gradient_boosting,149,146
ds-gpa-ielts,98,Saudi Motorsport Company (SMC),COOP Trainee (Supply Chain Excellence Associate),39.0,38.89246807039151,0.10753192960849134,rubric_assisted_gradient_boosting,151,149
ds-gpa-ielts,99,Mobily,Cooperative Training Program,40.0,39.742274660843975,0.2577253391560248,rubric_assisted_gradient_boosting,125,126
ds-gpa-ielts,100,Saudi Awwal Bank (SAB),Student Opportunities: Cooperative / Practical Training,44.67,44.43885457056482,0.23114542943518046,rubric_assisted_gradient_boosting,80,82
ds-gpa-ielts,101,Alvarez & Marsal,COOP Training Program,43.33,42.97269893979176,0.35730106020823627,rubric_assisted_gradient_boosting,106,109
ds-gpa-ielts,102,Visa,COOP Trainee (Jan 2026),40.0,39.742274660843975,0.2577253391560248,rubric_assisted_gradient_boosting,125,126
ds-gpa-ielts,103,Zain KSA,Evolve Program (Fresh Graduates),40.0,39.742274660843975,0.2577253391560248,rubric_assisted_gradient_boosting,125,126
ds-gpa-ielts,104,Zain KSA,Zain Pioneers Program,44.5,44.14041494554795,0.35958505445204736,rubric_assisted_gradient_boosting,91,94
ds-gpa-ielts,105,Savvy Games Group,Cooperative Training Program (Co-op),40.0,39.742274660843975,0.2577253391560248,rubric_assisted_gradient_boosting,125,126
ds-gpa-ielts,106,Bank AlJazira,Tamheer Program,44.67,44.43885457056482,0.23114542943518046,rubric_assisted_gradient_boosting,80,82
ds-gpa-ielts,107,sirar by stc,Cooperative Training Program,49.17,49.63946667546023,0.46946667546022525,rubric_assisted_gradient_boosting,59,59
ds-gpa-ielts,108,Gathern,Co-op Program,53.67,54.03679720850719,0.36679720850718667,rubric_assisted_gradient_boosting,39,46
ds-gpa-ielts,109,Elm Company (شركة علم),Coop Training - Computer Science (Jan/Mar/Jun/Aug 2025 Intake),47.83,47.216595872972086,0.6134041270279127,rubric_assisted_gradient_boosting,70,70
ds-gpa-ielts,110,Elm Company (شركة علم),Co-Op Training - Information Technology (Jun & Aug 2025 Intake),47.83,47.216595872972086,0.6134041270279127,rubric_assisted_gradient_boosting,70,70
ds-gpa-ielts,111,EJADA,COOP Administration & Support Engineer,40.0,39.742274660843975,0.2577253391560248,rubric_assisted_gradient_boosting,125,126
ds-gpa-ielts,112,Emdad By Elm,Network Cooperative Training (Network Intern),34.5,34.477586943693105,0.022413056306895385,rubric_assisted_gradient_boosting,164,164
ds-gpa-ielts,113,AILA,Co-op Training Programme,44.17,44.993987789187976,0.8239877891879743,rubric_assisted_gradient_boosting,104,80
ds-gpa-ielts,114,Foodics,Foodics 360 Internship Program,54.5,54.21906258372984,0.280937416270163,rubric_assisted_gradient_boosting,30,38
ds-gpa-ielts,115,Salla,برنامج التدريب التعاوني (Coop Training) – Salla,34.5,34.477586943693105,0.022413056306895385,rubric_assisted_gradient_boosting,164,164
ds-gpa-ielts,116,Lucidya,Technical Internship or Coop – Lucidya,39.17,39.665597492545395,0.495597492545393,rubric_assisted_gradient_boosting,149,146
ds-gpa-ielts,117,Diriyah Company,Diriyah Co-op Training Program,43.33,42.97269893979176,0.35730106020823627,rubric_assisted_gradient_boosting,106,109
ds-gpa-ielts,118,Riyadh Air,Co-op – Riyadh Air,43.33,42.97269893979176,0.35730106020823627,rubric_assisted_gradient_boosting,106,109
ds-gpa-ielts,119,Jahez Group,Jahez Internship Program (as described in Sustainability Report),50.0,49.92756593852372,0.07243406147627951,rubric_assisted_gradient_boosting,54,54
ds-gpa-ielts,120,Lumi | لومي,COOP Intern 2025 – Lumi,43.33,42.97269893979176,0.35730106020823627,rubric_assisted_gradient_boosting,106,109
ds-gpa-ielts,121,webook.com,COOP Trainee Opportunities – webook.com,40.0,39.742274660843975,0.2577253391560248,rubric_assisted_gradient_boosting,125,126
ds-gpa-ielts,122,moneymoon,Tech & AI Co-op Program 2025,50.17,50.06651681904409,0.10348318095591225,rubric_assisted_gradient_boosting,52,52
ds-gpa-ielts,123,EjadTech - إيجاد التقنية,"Summer Internship Program 2025 (Computer, Data, and AI Majors)",61.17,60.13724248117417,1.0327575188258322,rubric_assisted_gradient_boosting,8,9
ds-gpa-ielts,124,InnovationTeam,Java Microservices Internship Programme (Saudi Nationals),56.67,56.448795605411995,0.2212043945880069,rubric_assisted_gradient_boosting,22,24
ds-gpa-ielts,125,Tamkeen Technologies,On the Job Training (Internship Program) — Technology field,54.5,54.21906258372984,0.280937416270163,rubric_assisted_gradient_boosting,30,38
ds-gpa-ielts,126,Trendyol Group,Trendyol Tech Talent - Bootcamp & COOP Internship Program (Saudi Students Only),41.0,40.77684471702779,0.22315528297220766,rubric_assisted_gradient_boosting,123,123
ds-gpa-ielts,127,Ninja نينجا,COOP Training Program,41.0,40.77684471702779,0.22315528297220766,rubric_assisted_gradient_boosting,123,123
ds-gpa-ielts,128,SCAI | سكاي,CO-OP Training Opportunities (Intern),53.5,54.511609421851425,1.0116094218514249,rubric_assisted_gradient_boosting,41,30
ds-gpa-ielts,129,WalaPlus,Coop & Tamheer Opportunities,44.5,44.14041494554795,0.35958505445204736,rubric_assisted_gradient_boosting,91,94
ds-gpa-ielts,130,Aon,IT Co-op Trainee 2026,44.5,44.14041494554795,0.35958505445204736,rubric_assisted_gradient_boosting,91,94
ds-gpa-ielts,131,Hewlett Packard Enterprise (HPE),College Intern (Coop),44.5,44.14041494554795,0.35958505445204736,rubric_assisted_gradient_boosting,91,94
ds-gpa-ielts,132,Signify,KSA Coop Internship Program,44.5,44.14041494554795,0.35958505445204736,rubric_assisted_gradient_boosting,91,94
ds-gpa-ielts,133,Help AG (e& enterprise),Cybersecurity Intern,50.0,49.92756593852372,0.07243406147627951,rubric_assisted_gradient_boosting,54,54
ds-gpa-ielts,134,TrendAI (Trend Micro),CyberGATE Internship Program,54.5,54.21906258372984,0.280937416270163,rubric_assisted_gradient_boosting,30,38
ds-gpa-ielts,135,Golf Saudi,IT Co-op Trainee,49.17,49.63946667546023,0.46946667546022525,rubric_assisted_gradient_boosting,59,59
ds-gpa-ielts,136,Siemens Healthineers,Healthineers Early Talent Program – IT (Riyadh),54.5,54.21906258372984,0.280937416270163,rubric_assisted_gradient_boosting,30,38
ds-gpa-ielts,137,1957 Ventures,Internship / Co-Op Program,52.5,54.38419194568815,1.8841919456881513,rubric_assisted_gradient_boosting,42,31
ds-gpa-ielts,138,Nokia,Graduate Trainee (Saudi Arabia) – Fledgers Program,54.67,54.36203815293175,0.30796184706824903,rubric_assisted_gradient_boosting,29,37
ds-gpa-ielts,139,Ericsson,Summer Interns (Ericsson Saudi),59.17,59.76482201806395,0.594822018063951,rubric_assisted_gradient_boosting,12,12
ds-gpa-ielts,140,Bosch Middle East,Software Development Intern (AI/Cloud),64.67,63.95589269771805,0.7141073022819526,rubric_assisted_gradient_boosting,4,4
ds-gpa-ielts,141,Saudi Payments | المدفوعات السعودية,COOP Training – August 2024,57.0,58.37995211900567,1.3799521190056723,rubric_assisted_gradient_boosting,19,19
ds-gpa-ielts,142,Saudi Tadawul Group | تداول,Cooperative Training Program (COOP),52.5,54.38419194568815,1.8841919456881513,rubric_assisted_gradient_boosting,42,31
ds-gpa-ielts,143,Lean Technologies,Software Engineering Intern – KSA,61.17,61.074183488051425,0.09581651194857699,rubric_assisted_gradient_boosting,8,7
ds-gpa-ielts,144,Mirai (Scopely) | مِراي,AI Engineering Intern (GenAI),60.17,60.121039356298276,0.048960643701725814,rubric_assisted_gradient_boosting,10,10
ds-gpa-ielts,145,HungerStation | هنقرستيشن,"Co-OP Trainee, Data Analysis – Info Sec",55.67,55.143016857529034,0.5269831424709679,rubric_assisted_gradient_boosting,25,27
ds-gpa-ielts,146,NCGR | المركز الوطني لنظم الموارد الحكومية,Coop Training Program,47.83,47.216595872972086,0.6134041270279127,rubric_assisted_gradient_boosting,70,70
ds-gpa-ielts,147,nybl,nybl Graduate Programme – Saudi Nationals (AI Bootcamp),44.67,44.43885457056482,0.23114542943518046,rubric_assisted_gradient_boosting,80,82
ds-gpa-ielts,148,Procter & Gamble (P&G),P&G LEADgen Internship Program 2026 (Riyadh),54.5,54.21906258372984,0.280937416270163,rubric_assisted_gradient_boosting,30,38
ds-gpa-ielts,149,New Murabba | المربع الجديد,New Murabba Co-op Training Program,47.83,47.216595872972086,0.6134041270279127,rubric_assisted_gradient_boosting,70,70
ds-gpa-ielts,150,Boeing Saudi Arabia Limited,Intern - Info Technology & Data Analytics (Riyadh),63.67,63.630651753293435,0.03934824670656667,rubric_assisted_gradient_boosting,5,5
ds-gpa-ielts,151,Motorola Solutions,Deployment Engineer Intern (KSA National - Tamheer Program),44.5,44.14041494554795,0.35958505445204736,rubric_assisted_gradient_boosting,91,94
ds-gpa-ielts,152,Schneider Electric,Co-op Intern (Engineering) - Al Khobar (Jan–Aug 2026),34.5,34.477586943693105,0.022413056306895385,rubric_assisted_gradient_boosting,164,164
ds-gpa-ielts,153,Lockheed Martin,Tamheer Space Internship (Riyadh),44.5,44.14041494554795,0.35958505445204736,rubric_assisted_gradient_boosting,91,94
ds-gpa-ielts,154,Markaba | مركبة,Start-up Software Intern – TAMHEER (Saudi nationals only),45.67,46.04569269658314,0.37569269658313686,rubric_assisted_gradient_boosting,77,75
ds-gpa-ielts,155,Laverne Group | مجموعة لافيرن,Data Analyst / Data Engineer Intern (IT Department),70.67,69.95745423334377,0.712545766656234,rubric_assisted_gradient_boosting,1,1
ds-gpa-ielts,156,Meel | ميل,"Software Developer Internship (Remote, min 2 months)",49.17,49.61858183131959,0.4485818313195864,rubric_assisted_gradient_boosting,59,63
ds-gpa-ielts,157,Nahdi Medical Co.,IT Internship / COOP Program (6 months),39.5,38.677032557106955,0.8229674428930451,rubric_assisted_gradient_boosting,147,151
ds-gpa-ielts,158,SMART Technology Solutions | سمارت لحلول التقنية,R&D Intern (Riyadh),59.17,59.76482201806395,0.594822018063951,rubric_assisted_gradient_boosting,12,12
ds-gpa-ielts,159,Knodemy Inc.,AI Developer & Tech Trainer Intern - Riyadh,60.17,60.121039356298276,0.048960643701725814,rubric_assisted_gradient_boosting,10,10
ds-gpa-ielts,160,Water Transmission Company | شركة نقل المياه,Tamheer Internship Program (HRIS / Engineering & PM - Riyadh),49.17,49.63946667546023,0.46946667546022525,rubric_assisted_gradient_boosting,59,59
ds-gpa-ielts,161,AFNOYS,"AI Automation Intern - KSA (Remote, 4 weeks)",49.17,49.61858183131959,0.4485818313195864,rubric_assisted_gradient_boosting,59,63
ds-gpa-ielts,162,SAS,CareerStart@SAS 2026 - Presales Customer Intelligence Intern (Riyadh),62.17,62.420337742921284,0.25033774292128186,rubric_assisted_gradient_boosting,7,6
ds-gpa-ielts,163,Devoteam,Trainee - Future Leaders Program (Co-op/Fresh Graduate),49.0,50.816253409136415,1.816253409136415,rubric_assisted_gradient_boosting,65,51
ds-gpa-ielts,164,ضالتي Dhallaty,Tech Intern: Fresh Grad or Student,57.67,58.67286725605173,1.0028672560517293,rubric_assisted_gradient_boosting,17,17
ds-gpa-ielts,165,Innovative Solutions SA,Presales - Tamheer,36.5,35.88356684462699,0.6164331553730094,rubric_assisted_gradient_boosting,154,155
ds-gpa-ielts,166,HUMAIN,Tamheer Program (Software Engineer / Cybersecurity / MIS),45.67,46.04569269658314,0.37569269658313686,rubric_assisted_gradient_boosting,77,75
ds-gpa-ielts,167,TAM | تام,"Tamheer Opportunity, Advisory",36.5,35.88356684462699,0.6164331553730094,rubric_assisted_gradient_boosting,154,155
ds-gpa-ielts,168,هيئة التأمين | Insurance Authority,Tamheer Opportunity - Specialist of Information Security,36.5,35.88356684462699,0.6164331553730094,rubric_assisted_gradient_boosting,154,155
ds-gpa-ielts,169,Snbla | سنبله,Paid Internship Program (FinTech),57.67,58.67286725605173,1.0028672560517293,rubric_assisted_gradient_boosting,17,17
ds-gpa-ielts,170,2P Perfect Presentation,Data Analyst (Tamheer),56.17,56.711702160237536,0.5417021602375343,rubric_assisted_gradient_boosting,23,22
ds-gpa-ielts,171,Infosys,Summer Intern (Infosys InStep ’26 – Bangalore),43.0,42.54358855489457,0.45641144510543086,rubric_assisted_gradient_boosting,118,121
ds-gpa-ielts,172,شركة الخدمات المدارة | Managed Services Company,Intern Cybersecurity Engineer,51.0,51.10060458497514,0.10060458497513736,rubric_assisted_gradient_boosting,50,50
ds-gpa-ielts,173,Abunayyan Holding,Data Analyst (Tamheer),56.17,56.711702160237536,0.5417021602375343,rubric_assisted_gradient_boosting,23,22
de-cloud-dammam,1,Saudi Aramco,University Internship Program (UIP),40.5,40.756725542719025,0.2567255427190247,rubric_assisted_gradient_boosting,91,93
de-cloud-dammam,2,SABIC,COOP Training Program,36.5,38.17602740482619,1.6760274048261934,rubric_assisted_gradient_boosting,120,116
de-cloud-dammam,3,stc (Saudi Telecom Company),Cooperative Training Program (COOP),33.5,35.41987192796959,1.919871927969588,rubric_assisted_gradient_boosting,127,127
de-cloud-dammam,4,Saudi National Bank (SNB),SNB Cooperative Training Program,47.83,50.309509988818895,2.479509988818897,rubric_assisted_gradient_boosting,49,45
de-cloud-dammam,5,Al Rajhi Bank,Cooperative Training Program,47.83,50.309509988818895,2.479509988818897,rubric_assisted_gradient_boosting,49,45
de-cloud-dammam,6,Capital Market Authority (CMA),COOP Program,42.83,45.449379561628774,2.619379561628776,rubric_assisted_gradient_boosting,65,64
de-cloud-dammam,7,Digital Government Authority (DGA),Maidan Cooperative Training Program,33.5,35.41987192796959,1.919871927969588,rubric_assisted_gradient_boosting,127,127
de-cloud-dammam,8,KPMG Saudi Arabia,COOP & Internship Programs,38.5,39.98233625798764,1.4823362579876402,rubric_assisted_gradient_boosting,97,96
de-cloud-dammam,9,PwC Middle East,"Deals, COOP and Summer Internship Programme (2026)",38.0,39.86660242592302,1.8666024259230198,rubric_assisted_gradient_boosting,103,101
de-cloud-dammam,10,Deloitte Middle East (KSA),Jusoor Al Sharqiyah Internship Program,49.5,48.909882782869936,0.5901172171300644,rubric_assisted_gradient_boosting,41,55
de-cloud-dammam,11,Bank Albilad,Cooperative & Summer Training Program,56.83,57.254140062547826,0.42414006254782777,rubric_assisted_gradient_boosting,5,7
de-cloud-dammam,12,Tamara,Tamara Builders Program,51.83,53.067085852036925,1.2370858520369268,rubric_assisted_gradient_boosting,15,17
de-cloud-dammam,13,Bupa Arabia,Cooperative Training Program,33.5,35.41987192796959,1.919871927969588,rubric_assisted_gradient_boosting,127,127
de-cloud-dammam,14,Saudi Exports (Saudi Export Development Authority),COOP & Summer Training (FAQ-confirmed),38.5,39.98233625798764,1.4823362579876402,rubric_assisted_gradient_boosting,97,96
de-cloud-dammam,15,Local Content and Government Procurement Authority (LCGPA),COOP Training (role posting),33.5,35.41987192796959,1.919871927969588,rubric_assisted_gradient_boosting,127,127
de-cloud-dammam,16,McKinsey & Company (Maqdira),Maqdira Fellowship Program,38.0,39.86660242592302,1.8666024259230198,rubric_assisted_gradient_boosting,103,101
de-cloud-dammam,17,Boston Consulting Group (BCG),Visiting Associate Internship (Riyadh),33.5,35.41987192796959,1.919871927969588,rubric_assisted_gradient_boosting,127,127
de-cloud-dammam,18,Bain & Company,COOP Training Program (Riyadh),33.5,35.41987192796959,1.919871927969588,rubric_assisted_gradient_boosting,127,127
de-cloud-dammam,19,Amazon Web Services (AWS),IT/Computer Hardware Internship (Intern-to-FTE Pathway),42.5,43.40145429913452,0.9014542991345209,rubric_assisted_gradient_boosting,77,77
de-cloud-dammam,20,Amazon Web Services (AWS) - Associate Solutions Architect Intern,Associate Solutions Architect Intern (2026),49.17,49.53058141723347,0.3605814172334689,rubric_assisted_gradient_boosting,44,54
de-cloud-dammam,21,Google (Saudi Arabia),Google Careers (Saudi location filter),39.0,38.89246807039151,0.10753192960849134,rubric_assisted_gradient_boosting,96,114
de-cloud-dammam,22,BlackRock,Client & Product Summer Internship Programme (EMEA) - includes Riyadh,44.67,46.684893089038354,2.0148930890383525,rubric_assisted_gradient_boosting,61,59
de-cloud-dammam,23,noon,Student Internship,33.5,35.41987192796959,1.919871927969588,rubric_assisted_gradient_boosting,127,127
de-cloud-dammam,24,MOZN,Data Science Intern,51.33,52.692215108425664,1.3622151084256657,rubric_assisted_gradient_boosting,35,35
de-cloud-dammam,25,Elm,Elm Co-op Training Program (March 2026 Intake),33.5,35.41987192796959,1.919871927969588,rubric_assisted_gradient_boosting,127,127
de-cloud-dammam,26,Yasref,Yasref Cooperative Training Program,45.5,46.38675318361802,0.8867531836180191,rubric_assisted_gradient_boosting,57,62
de-cloud-dammam,27,"Saudi Standards, Metrology and Quality Organization (SASO)",Cooperative Training (Collaborative Training),42.5,43.40145429913452,0.9014542991345209,rubric_assisted_gradient_boosting,77,77
de-cloud-dammam,28,"Zakat, Tax and Customs Authority (ZATCA)",Binaa-Alkafaat Program,33.5,33.92813841428678,0.4281384142867779,rubric_assisted_gradient_boosting,127,164
de-cloud-dammam,29,Human Resources Development Fund (HRDF) – Cooperative Training Product,Cooperative Training (HRDF product),15.5,15.440851273724451,0.05914872627554857,rubric_assisted_gradient_boosting,171,171
de-cloud-dammam,30,EXPRO,COOP Training (Future Makers Program),33.5,35.41987192796959,1.919871927969588,rubric_assisted_gradient_boosting,127,127
de-cloud-dammam,31,Ministry of Industry and Mineral Resources (MIM) – Cooperative Training Initiative,Cooperative Training Initiative,15.5,15.440851273724451,0.05914872627554857,rubric_assisted_gradient_boosting,171,171
de-cloud-dammam,32,TBC (The Beauty Company),Cooperative Training Program,38.5,39.98233625798764,1.4823362579876402,rubric_assisted_gradient_boosting,97,96
de-cloud-dammam,33,National Center for Vegetation Cover Development & Combating Desertification (NCVC),COOP Training Program,33.5,35.41987192796959,1.919871927969588,rubric_assisted_gradient_boosting,127,127
de-cloud-dammam,34,Saudi Power Procurement Company (SPPC),Future Power – COOP Training Program,33.5,35.41987192796959,1.919871927969588,rubric_assisted_gradient_boosting,127,127
de-cloud-dammam,35,TBC (Tatweer Building Company),Cooperative Training Program,33.5,35.41987192796959,1.919871927969588,rubric_assisted_gradient_boosting,127,127
de-cloud-dammam,36,PwC Middle East (Assurance COOP & Summer Internship Programme 2026),"Assurance, COOP and Summer Internship Programme 2026 – Middle East",38.0,39.86660242592302,1.8666024259230198,rubric_assisted_gradient_boosting,103,101
de-cloud-dammam,37,KAPSARC,Intern (Coop- Trainee),51.83,53.067085852036925,1.2370858520369268,rubric_assisted_gradient_boosting,15,17
de-cloud-dammam,38,BSF (Banque Saudi Fransi),COOP / Internship,33.5,35.41987192796959,1.919871927969588,rubric_assisted_gradient_boosting,127,127
de-cloud-dammam,39,Saudi Food & Drug Authority (SFDA),COOP training (First semester 2025-2026 intake),38.5,39.98233625798764,1.4823362579876402,rubric_assisted_gradient_boosting,97,96
de-cloud-dammam,40,Saudi Power Procurement Company (SPPC) – Future Power (Business Admin COOP),Future Power – Business Administration COOP Training Program,33.5,35.41987192796959,1.919871927969588,rubric_assisted_gradient_boosting,127,127
de-cloud-dammam,41,Bank Albilad,Cooperative and Summer Training Program,42.83,45.449379561628774,2.619379561628776,rubric_assisted_gradient_boosting,65,64
de-cloud-dammam,42,The Saudi National Bank (SNB),SNB Rowad Program,37.83,37.58789201157442,0.24210798842558034,rubric_assisted_gradient_boosting,116,119
de-cloud-dammam,43,National Cybersecurity Authority (NCA) – Academy,Cybersecurity training programs (academy),38.5,38.73002345992332,0.23002345992332351,rubric_assisted_gradient_boosting,97,115
de-cloud-dammam,44,PIF | Graduate Development Program,Graduate Development Program (GDP),39.67,40.63477637714386,0.9647763771438562,rubric_assisted_gradient_boosting,95,94
de-cloud-dammam,45,NEOM | GrOW (Graduates Opportunities in Work),GrOW (Graduates Opportunities in Work),40.5,40.08691928503925,0.41308071496074916,rubric_assisted_gradient_boosting,91,95
de-cloud-dammam,46,ROSHN | COOP Trainee Program,COOP Trainee Program,33.5,35.41987192796959,1.919871927969588,rubric_assisted_gradient_boosting,127,127
de-cloud-dammam,47,Microsoft | Ru'aa Program (Riyadh),Ru'aa Program Internship (Solution Engineering),51.83,53.067085852036925,1.2370858520369268,rubric_assisted_gradient_boosting,15,17
de-cloud-dammam,48,Oracle | Business Development Intern (KSA market),Business Development Intern (KSA market),36.5,37.380654832038005,0.8806548320380045,rubric_assisted_gradient_boosting,120,122
de-cloud-dammam,49,SAP | Student Internship (Riyadh),Student Internship - Riyadh,33.5,35.41987192796959,1.919871927969588,rubric_assisted_gradient_boosting,127,127
de-cloud-dammam,50,SAB (Saudi Awwal Bank) | Cooperative Training Programme (COOP),SAB Cooperative Training Programme (COOP),42.83,45.449379561628774,2.619379561628776,rubric_assisted_gradient_boosting,65,64
de-cloud-dammam,51,Ministry of Finance (Saudi Arabia) | Cooperative Training Program,Cooperative Training Program,31.5,33.0628801815558,1.5628801815557978,rubric_assisted_gradient_boosting,165,165
de-cloud-dammam,52,Ministry of Industry and Mineral Resources | Cooperative Training,Cooperative Training Initiative,36.5,37.380654832038005,0.8806548320380045,rubric_assisted_gradient_boosting,120,122
de-cloud-dammam,53,King Fahd Causeway Authority | Internship Program,Internship Program,45.5,45.69511848741429,0.19511848741429105,rubric_assisted_gradient_boosting,57,63
de-cloud-dammam,54,Tawuniya | Tamheer Program (Fresh Graduates),Tamheer Program,40.5,40.824728220754125,0.32472822075412466,rubric_assisted_gradient_boosting,91,92
de-cloud-dammam,55,SAMA | SAMA Professional Program (SPP),SAMA Professional Program (SPP),26.5,26.802944654842406,0.3029446548424062,rubric_assisted_gradient_boosting,170,170
de-cloud-dammam,56,HRDF | Cooperative Training Product,Cooperative Training Product,36.5,37.380654832038005,0.8806548320380045,rubric_assisted_gradient_boosting,120,122
de-cloud-dammam,57,IBM,"Automation, Data & AI – Intern",49.83,51.09398722977539,1.2639872297753882,rubric_assisted_gradient_boosting,37,38
de-cloud-dammam,58,Unifonic,Internship (Unifonic),38.0,39.86660242592302,1.8666024259230198,rubric_assisted_gradient_boosting,103,101
de-cloud-dammam,59,Misk Foundation,Misk Traineeship / Internship Program,31.5,32.397491907394276,0.8974919073942758,rubric_assisted_gradient_boosting,165,168
de-cloud-dammam,60,Cisco,Cisco NetVersity (Saudi Arabia),41.0,40.93115811935708,0.06884188064292118,rubric_assisted_gradient_boosting,90,91
de-cloud-dammam,61,KAUST,Visiting Student Research Program (VSRP) Internship,42.83,45.449379561628774,2.619379561628776,rubric_assisted_gradient_boosting,65,64
de-cloud-dammam,62,General Authority for Statistics (GASTAT),Cooperative Training Program,44.67,46.684893089038354,2.0148930890383525,rubric_assisted_gradient_boosting,61,59
de-cloud-dammam,63,Saudi Center for Opinion Polling (SCOP),Cooperative Training Program,44.67,46.684893089038354,2.0148930890383525,rubric_assisted_gradient_boosting,61,59
de-cloud-dammam,64,Al Rajhi Takaful,Cooperative Training Program,42.83,45.449379561628774,2.619379561628776,rubric_assisted_gradient_boosting,65,64
de-cloud-dammam,65,Expenditure & Projects Efficiency Authority (EXPRO),Future Makers (صنّاع المستقبل) – Cooperative Training,33.5,35.41987192796959,1.919871927969588,rubric_assisted_gradient_boosting,127,127
de-cloud-dammam,66,Ministry of Finance (Saudi Arabia),Cooperative Training Program (Ministry of Finance),33.5,35.41987192796959,1.919871927969588,rubric_assisted_gradient_boosting,127,127
de-cloud-dammam,67,General Entertainment Authority (GEA),GEA Cooperative Training Program,33.5,35.41987192796959,1.919871927969588,rubric_assisted_gradient_boosting,127,127
de-cloud-dammam,68,Banque Saudi Fransi (BSF),COOP Training,33.5,35.41987192796959,1.919871927969588,rubric_assisted_gradient_boosting,127,127
de-cloud-dammam,69,Arab National Bank (ANB),COOP Trainee,42.83,45.449379561628774,2.619379561628776,rubric_assisted_gradient_boosting,65,64
de-cloud-dammam,70,Tamara,Builders Program,42.83,45.449379561628774,2.619379561628776,rubric_assisted_gradient_boosting,65,64
de-cloud-dammam,71,OmniOps,Co‑op Training Program,51.83,53.067085852036925,1.2370858520369268,rubric_assisted_gradient_boosting,15,17
de-cloud-dammam,72,Tatweer Educational Technologies (TETCO),Cooperative Training Program,51.83,53.067085852036925,1.2370858520369268,rubric_assisted_gradient_boosting,15,17
de-cloud-dammam,73,The Saudi Investment Bank (SAIB),Cooperative Program,42.83,45.449379561628774,2.619379561628776,rubric_assisted_gradient_boosting,65,64
de-cloud-dammam,74,Saudi Awwal Bank (SAB),COOP Program,42.83,45.449379561628774,2.619379561628776,rubric_assisted_gradient_boosting,65,64
de-cloud-dammam,75,Riyad Bank,Internships and Coop Trainings (CSR 2019),42.83,45.449379561628774,2.619379561628776,rubric_assisted_gradient_boosting,65,64
de-cloud-dammam,76,Tabby,Intern DevOps Engineer,59.5,61.39814557383838,1.8981455738383772,rubric_assisted_gradient_boosting,3,3
de-cloud-dammam,77,Tabby,Intern Backend (GO) Engineer,58.83,60.82395168831684,1.9939516883168409,rubric_assisted_gradient_boosting,4,4
de-cloud-dammam,78,Tabby,Intern Frontend Engineer,51.83,53.067085852036925,1.2370858520369268,rubric_assisted_gradient_boosting,15,17
de-cloud-dammam,79,Tabby,Intern Data Engineer,61.83,64.1934980326747,2.3634980326746984,rubric_assisted_gradient_boosting,1,1
de-cloud-dammam,80,Tabby,No-Code / AI Agents Engineering Intern,51.83,53.067085852036925,1.2370858520369268,rubric_assisted_gradient_boosting,15,17
de-cloud-dammam,81,Bank Albilad,Cooperative Training Program,47.83,50.309509988818895,2.479509988818897,rubric_assisted_gradient_boosting,49,45
de-cloud-dammam,82,Saudi Ground Services (SGS),COOP Program,33.5,35.41987192796959,1.919871927969588,rubric_assisted_gradient_boosting,127,127
de-cloud-dammam,83,CEER,Cooperative Training Program (COOP),33.5,35.41987192796959,1.919871927969588,rubric_assisted_gradient_boosting,127,127
de-cloud-dammam,84,Al Rajhi Takaful,Coop Training Program,42.83,45.449379561628774,2.619379561628776,rubric_assisted_gradient_boosting,65,64
de-cloud-dammam,85,TAWAL,COOP Training Program,51.83,53.067085852036925,1.2370858520369268,rubric_assisted_gradient_boosting,15,17
de-cloud-dammam,86,Wakeb_Data,COOP Training,51.83,53.067085852036925,1.2370858520369268,rubric_assisted_gradient_boosting,15,17
de-cloud-dammam,87,Banque Saudi Fransi (BSF),Coop Training Program,33.5,35.41987192796959,1.919871927969588,rubric_assisted_gradient_boosting,127,127
de-cloud-dammam,88,Tech Economy,COOP Training Program,33.5,35.41987192796959,1.919871927969588,rubric_assisted_gradient_boosting,127,127
de-cloud-dammam,89,SAMI Advanced Electronics (SAMI-AEC),Coop Trainee,33.5,35.41987192796959,1.919871927969588,rubric_assisted_gradient_boosting,127,127
de-cloud-dammam,90,NHC,COOP Trainee,38.5,39.98233625798764,1.4823362579876402,rubric_assisted_gradient_boosting,97,96
de-cloud-dammam,91,REMAT ADVANCED,Cooperative Training Program,42.5,43.40145429913452,0.9014542991345209,rubric_assisted_gradient_boosting,77,77
de-cloud-dammam,92,SDM,AI COOP,49.33,51.16474390020224,1.8347439002022412,rubric_assisted_gradient_boosting,43,37
de-cloud-dammam,93,HUED,HUED COOP Program 2026,51.83,53.067085852036925,1.2370858520369268,rubric_assisted_gradient_boosting,15,17
de-cloud-dammam,94,Araamis • أرامس,Araamis COOP Program 2026,51.83,53.067085852036925,1.2370858520369268,rubric_assisted_gradient_boosting,15,17
de-cloud-dammam,95,ARDARA,COOP Training for Students,33.5,35.41987192796959,1.919871927969588,rubric_assisted_gradient_boosting,127,127
de-cloud-dammam,96,flynas,COOP Trainee / Internship Program,38.0,39.86660242592302,1.8666024259230198,rubric_assisted_gradient_boosting,103,101
de-cloud-dammam,97,Saudi Motorsport Company (SMC),COOP Trainee (IT Asset Project Management),47.33,49.68191328783239,2.3519132878323887,rubric_assisted_gradient_boosting,52,49
de-cloud-dammam,98,Saudi Motorsport Company (SMC),COOP Trainee (Supply Chain Excellence Associate),38.0,39.86660242592302,1.8666024259230198,rubric_assisted_gradient_boosting,103,101
de-cloud-dammam,99,Mobily,Cooperative Training Program,33.5,35.41987192796959,1.919871927969588,rubric_assisted_gradient_boosting,127,127
de-cloud-dammam,100,Saudi Awwal Bank (SAB),Student Opportunities: Cooperative / Practical Training,42.83,45.449379561628774,2.619379561628776,rubric_assisted_gradient_boosting,65,64
de-cloud-dammam,101,Alvarez & Marsal,COOP Training Program,33.5,35.41987192796959,1.919871927969588,rubric_assisted_gradient_boosting,127,127
de-cloud-dammam,102,Visa,COOP Trainee (Jan 2026),33.5,35.41987192796959,1.919871927969588,rubric_assisted_gradient_boosting,127,127
de-cloud-dammam,103,Zain KSA,Evolve Program (Fresh Graduates),28.5,29.159936401256207,0.659936401256207,rubric_assisted_gradient_boosting,169,169
de-cloud-dammam,104,Zain KSA,Zain Pioneers Program,37.5,37.62427557851751,0.12427557851751203,rubric_assisted_gradient_boosting,119,118
de-cloud-dammam,105,Savvy Games Group,Cooperative Training Program (Co-op),33.5,35.41987192796959,1.919871927969588,rubric_assisted_gradient_boosting,127,127
de-cloud-dammam,106,Bank AlJazira,Tamheer Program,37.83,37.58789201157442,0.24210798842558034,rubric_assisted_gradient_boosting,116,119
de-cloud-dammam,107,sirar by stc,Cooperative Training Program,51.83,53.067085852036925,1.2370858520369268,rubric_assisted_gradient_boosting,15,17
de-cloud-dammam,108,Gathern,Co-op Program,51.83,53.067085852036925,1.2370858520369268,rubric_assisted_gradient_boosting,15,17
de-cloud-dammam,109,Elm Company (شركة علم),Coop Training - Computer Science (Jan/Mar/Jun/Aug 2025 Intake),38.0,39.86660242592302,1.8666024259230198,rubric_assisted_gradient_boosting,103,101
de-cloud-dammam,110,Elm Company (شركة علم),Co-Op Training - Information Technology (Jun & Aug 2025 Intake),38.0,39.86660242592302,1.8666024259230198,rubric_assisted_gradient_boosting,103,101
de-cloud-dammam,111,EJADA,COOP Administration & Support Engineer,33.5,35.41987192796959,1.919871927969588,rubric_assisted_gradient_boosting,127,127
de-cloud-dammam,112,Emdad By Elm,Network Cooperative Training (Network Intern),42.5,43.40145429913452,0.9014542991345209,rubric_assisted_gradient_boosting,77,77
de-cloud-dammam,113,AILA,Co-op Training Programme,52.33,54.018509787654395,1.6885097876543966,rubric_assisted_gradient_boosting,13,15
de-cloud-dammam,114,Foodics,Foodics 360 Internship Program,38.0,39.86660242592302,1.8666024259230198,rubric_assisted_gradient_boosting,103,101
de-cloud-dammam,115,Salla,برنامج التدريب التعاوني (Coop Training) – Salla,38.0,39.86660242592302,1.8666024259230198,rubric_assisted_gradient_boosting,103,101
de-cloud-dammam,116,Lucidya,Technical Internship or Coop – Lucidya,47.33,49.68191328783239,2.3519132878323887,rubric_assisted_gradient_boosting,52,49
de-cloud-dammam,117,Diriyah Company,Diriyah Co-op Training Program,33.5,35.41987192796959,1.919871927969588,rubric_assisted_gradient_boosting,127,127
de-cloud-dammam,118,Riyadh Air,Co-op – Riyadh Air,33.5,35.41987192796959,1.919871927969588,rubric_assisted_gradient_boosting,127,127
de-cloud-dammam,119,Jahez Group,Jahez Internship Program (as described in Sustainability Report),33.5,35.41987192796959,1.919871927969588,rubric_assisted_gradient_boosting,127,127
de-cloud-dammam,120,Lumi | لومي,COOP Intern 2025 – Lumi,33.5,35.41987192796959,1.919871927969588,rubric_assisted_gradient_boosting,127,127
de-cloud-dammam,121,webook.com,COOP Trainee Opportunities – webook.com,33.5,35.41987192796959,1.919871927969588,rubric_assisted_gradient_boosting,127,127
de-cloud-dammam,122,moneymoon,Tech & AI Co-op Program 2025,53.83,56.71234802129856,2.8823480212985615,rubric_assisted_gradient_boosting,9,9
de-cloud-dammam,123,EjadTech - إيجاد التقنية,"Summer Internship Program 2025 (Computer, Data, and AI Majors)",51.83,54.6637988555444,2.8337988555444014,rubric_assisted_gradient_boosting,15,13
de-cloud-dammam,124,InnovationTeam,Java Microservices Internship Programme (Saudi Nationals),51.83,54.6637988555444,2.8337988555444014,rubric_assisted_gradient_boosting,15,13
de-cloud-dammam,125,Tamkeen Technologies,On the Job Training (Internship Program) — Technology field,38.0,39.86660242592302,1.8666024259230198,rubric_assisted_gradient_boosting,103,101
de-cloud-dammam,126,Trendyol Group,Trendyol Tech Talent - Bootcamp & COOP Internship Program (Saudi Students Only),36.0,37.36330139398093,1.363301393980933,rubric_assisted_gradient_boosting,125,125
de-cloud-dammam,127,Ninja نينجا,COOP Training Program,36.0,37.36330139398093,1.363301393980933,rubric_assisted_gradient_boosting,125,125
de-cloud-dammam,128,SCAI | سكاي,CO-OP Training Opportunities (Intern),53.83,56.71234802129856,2.8823480212985615,rubric_assisted_gradient_boosting,9,9
de-cloud-dammam,129,WalaPlus,Coop & Tamheer Opportunities,42.5,43.40145429913452,0.9014542991345209,rubric_assisted_gradient_boosting,77,77
de-cloud-dammam,130,Aon,IT Co-op Trainee 2026,42.5,43.40145429913452,0.9014542991345209,rubric_assisted_gradient_boosting,77,77
de-cloud-dammam,131,Hewlett Packard Enterprise (HPE),College Intern (Coop),42.5,43.40145429913452,0.9014542991345209,rubric_assisted_gradient_boosting,77,77
de-cloud-dammam,132,Signify,KSA Coop Internship Program,42.5,43.40145429913452,0.9014542991345209,rubric_assisted_gradient_boosting,77,77
de-cloud-dammam,133,Help AG (e& enterprise),Cybersecurity Intern,33.5,35.41987192796959,1.919871927969588,rubric_assisted_gradient_boosting,127,127
de-cloud-dammam,134,TrendAI (Trend Micro),CyberGATE Internship Program,42.5,43.40145429913452,0.9014542991345209,rubric_assisted_gradient_boosting,77,77
de-cloud-dammam,135,Golf Saudi,IT Co-op Trainee,51.83,53.067085852036925,1.2370858520369268,rubric_assisted_gradient_boosting,15,17
de-cloud-dammam,136,Siemens Healthineers,Healthineers Early Talent Program – IT (Riyadh),42.5,43.40145429913452,0.9014542991345209,rubric_assisted_gradient_boosting,77,77
de-cloud-dammam,137,1957 Ventures,Internship / Co-Op Program,51.83,53.067085852036925,1.2370858520369268,rubric_assisted_gradient_boosting,15,17
de-cloud-dammam,138,Nokia,Graduate Trainee (Saudi Arabia) – Fledgers Program,48.83,50.1749785963312,1.3449785963312024,rubric_assisted_gradient_boosting,45,48
de-cloud-dammam,139,Ericsson,Summer Interns (Ericsson Saudi),47.33,49.68191328783239,2.3519132878323887,rubric_assisted_gradient_boosting,52,49
de-cloud-dammam,140,Bosch Middle East,Software Development Intern (AI/Cloud),56.5,58.911117898602996,2.4111178986029955,rubric_assisted_gradient_boosting,7,5
de-cloud-dammam,141,Saudi Payments | المدفوعات السعودية,COOP Training – August 2024,47.33,49.68191328783239,2.3519132878323887,rubric_assisted_gradient_boosting,52,49
de-cloud-dammam,142,Saudi Tadawul Group | تداول,Cooperative Training Program (COOP),51.83,53.067085852036925,1.2370858520369268,rubric_assisted_gradient_boosting,15,17
de-cloud-dammam,143,Lean Technologies,Software Engineering Intern – KSA,55.83,58.17960390955291,2.3496039095529113,rubric_assisted_gradient_boosting,8,6
de-cloud-dammam,144,Mirai (Scopely) | مِراي,AI Engineering Intern (GenAI),53.83,56.71234802129856,2.8823480212985615,rubric_assisted_gradient_boosting,9,9
de-cloud-dammam,145,HungerStation | هنقرستيشن,"Co-OP Trainee, Data Analysis – Info Sec",51.33,52.692215108425664,1.3622151084256657,rubric_assisted_gradient_boosting,35,35
de-cloud-dammam,146,NCGR | المركز الوطني لنظم الموارد الحكومية,Coop Training Program,38.0,39.86660242592302,1.8666024259230198,rubric_assisted_gradient_boosting,103,101
de-cloud-dammam,147,nybl,nybl Graduate Programme – Saudi Nationals (AI Bootcamp),37.83,37.58789201157442,0.24210798842558034,rubric_assisted_gradient_boosting,116,119
de-cloud-dammam,148,Procter & Gamble (P&G),P&G LEADgen Internship Program 2026 (Riyadh),38.0,39.86660242592302,1.8666024259230198,rubric_assisted_gradient_boosting,103,101
de-cloud-dammam,149,New Murabba | المربع الجديد,New Murabba Co-op Training Program,42.5,43.40145429913452,0.9014542991345209,rubric_assisted_gradient_boosting,77,77
de-cloud-dammam,150,Boeing Saudi Arabia Limited,Intern - Info Technology & Data Analytics (Riyadh),47.33,49.68191328783239,2.3519132878323887,rubric_assisted_gradient_boosting,52,49
de-cloud-dammam,151,Motorola Solutions,Deployment Engineer Intern (KSA National - Tamheer Program),42.5,43.40145429913452,0.9014542991345209,rubric_assisted_gradient_boosting,77,77
de-cloud-dammam,152,Schneider Electric,Co-op Intern (Engineering) - Al Khobar (Jan–Aug 2026),49.5,48.909882782869936,0.5901172171300644,rubric_assisted_gradient_boosting,41,55
de-cloud-dammam,153,Lockheed Martin,Tamheer Space Internship (Riyadh),42.5,43.40145429913452,0.9014542991345209,rubric_assisted_gradient_boosting,77,77
de-cloud-dammam,154,Markaba | مركبة,Start-up Software Intern – TAMHEER (Saudi nationals only),49.83,51.09398722977539,1.2639872297753882,rubric_assisted_gradient_boosting,37,38
de-cloud-dammam,155,Laverne Group | مجموعة لافيرن,Data Analyst / Data Engineer Intern (IT Department),59.83,63.00622831904463,3.1762283190446325,rubric_assisted_gradient_boosting,2,2
de-cloud-dammam,156,Meel | ميل,"Software Developer Internship (Remote, min 2 months)",56.83,57.254140062547826,0.42414006254782777,rubric_assisted_gradient_boosting,5,7
de-cloud-dammam,157,Nahdi Medical Co.,IT Internship / COOP Program (6 months),43.0,43.819851425432034,0.8198514254320344,rubric_assisted_gradient_boosting,64,76
de-cloud-dammam,158,SMART Technology Solutions | سمارت لحلول التقنية,R&D Intern (Riyadh),51.83,53.067085852036925,1.2370858520369268,rubric_assisted_gradient_boosting,15,17
de-cloud-dammam,159,Knodemy Inc.,AI Developer & Tech Trainer Intern - Riyadh,53.83,56.71234802129856,2.8823480212985615,rubric_assisted_gradient_boosting,9,9
de-cloud-dammam,160,Water Transmission Company | شركة نقل المياه,Tamheer Internship Program (HRIS / Engineering & PM - Riyadh),51.83,53.067085852036925,1.2370858520369268,rubric_assisted_gradient_boosting,15,17
de-cloud-dammam,161,AFNOYS,"AI Automation Intern - KSA (Remote, 4 weeks)",52.33,54.018509787654395,1.6885097876543966,rubric_assisted_gradient_boosting,13,15
de-cloud-dammam,162,SAS,CareerStart@SAS 2026 - Presales Customer Intelligence Intern (Riyadh),48.83,50.42708717273181,1.5970871727318112,rubric_assisted_gradient_boosting,45,42
de-cloud-dammam,163,Devoteam,Trainee - Future Leaders Program (Co-op/Fresh Graduate),49.83,51.09398722977539,1.2639872297753882,rubric_assisted_gradient_boosting,37,38
de-cloud-dammam,164,ضالتي Dhallaty,Tech Intern: Fresh Grad or Student,48.83,50.42708717273181,1.5970871727318112,rubric_assisted_gradient_boosting,45,42
de-cloud-dammam,165,Innovative Solutions SA,Presales - Tamheer,31.5,33.0628801815558,1.5628801815557978,rubric_assisted_gradient_boosting,165,165
de-cloud-dammam,166,HUMAIN,Tamheer Program (Software Engineer / Cybersecurity / MIS),49.83,51.09398722977539,1.2639872297753882,rubric_assisted_gradient_boosting,37,38
de-cloud-dammam,167,TAM | تام,"Tamheer Opportunity, Advisory",10.5,11.058791426958237,0.558791426958237,rubric_assisted_gradient_boosting,173,173
de-cloud-dammam,168,هيئة التأمين | Insurance Authority,Tamheer Opportunity - Specialist of Information Security,31.5,33.0628801815558,1.5628801815557978,rubric_assisted_gradient_boosting,165,165
de-cloud-dammam,169,Snbla | سنبله,Paid Internship Program (FinTech),48.83,50.42708717273181,1.5970871727318112,rubric_assisted_gradient_boosting,45,42
de-cloud-dammam,170,2P Perfect Presentation,Data Analyst (Tamheer),45.33,47.68978894926336,2.3597889492633612,rubric_assisted_gradient_boosting,59,57
de-cloud-dammam,171,Infosys,Summer Intern (Infosys InStep ’26 – Bangalore),36.5,38.17602740482619,1.6760274048261934,rubric_assisted_gradient_boosting,120,116
de-cloud-dammam,172,شركة الخدمات المدارة | Managed Services Company,Intern Cybersecurity Engineer,40.5,41.388200648418575,0.8882006484185752,rubric_assisted_gradient_boosting,91,90
de-cloud-dammam,173,Abunayyan Holding,Data Analyst (Tamheer),45.33,47.68978894926336,2.3597889492633612,rubric_assisted_gradient_boosting,59,57
ce-network-dhahran,1,Saudi Aramco,University Internship Program (UIP),50.0,49.92756593852372,0.07243406147627951,rubric_assisted_gradient_boosting,40,40
ce-network-dhahran,2,SABIC,COOP Training Program,43.0,42.54358855489457,0.45641144510543086,rubric_assisted_gradient_boosting,91,91
ce-network-dhahran,3,stc (Saudi Telecom Company),Cooperative Training Program (COOP),47.0,46.79457506487974,0.20542493512026283,rubric_assisted_gradient_boosting,51,51
ce-network-dhahran,4,Saudi National Bank (SNB),SNB Cooperative Training Program,45.0,44.56470684854098,0.43529315145902103,rubric_assisted_gradient_boosting,74,74
ce-network-dhahran,5,Al Rajhi Bank,Cooperative Training Program,45.0,44.56470684854098,0.43529315145902103,rubric_assisted_gradient_boosting,74,74
ce-network-dhahran,6,Capital Market Authority (CMA),COOP Program,40.0,39.87367454891342,0.12632545108657922,rubric_assisted_gradient_boosting,104,105
ce-network-dhahran,7,Digital Government Authority (DGA),Maidan Cooperative Training Program,40.0,39.87367454891342,0.12632545108657922,rubric_assisted_gradient_boosting,104,105
ce-network-dhahran,8,KPMG Saudi Arabia,COOP & Internship Programs,45.0,44.56470684854098,0.43529315145902103,rubric_assisted_gradient_boosting,74,74
ce-network-dhahran,9,PwC Middle East,"Deals, COOP and Summer Internship Programme (2026)",44.5,44.3068097331353,0.19319026686469698,rubric_assisted_gradient_boosting,79,80
ce-network-dhahran,10,Deloitte Middle East (KSA),Jusoor Al Sharqiyah Internship Program,59.0,58.11122935754731,0.8887706424526911,rubric_assisted_gradient_boosting,14,14
ce-network-dhahran,11,Bank Albilad,Cooperative & Summer Training Program,67.0,63.71608500472694,3.283914995273058,rubric_assisted_gradient_boosting,2,2
ce-network-dhahran,12,Tamara,Tamara Builders Program,49.0,48.59198933092583,0.40801066907417294,rubric_assisted_gradient_boosting,42,42
ce-network-dhahran,13,Bupa Arabia,Cooperative Training Program,40.0,39.87367454891342,0.12632545108657922,rubric_assisted_gradient_boosting,104,105
ce-network-dhahran,14,Saudi Exports (Saudi Export Development Authority),COOP & Summer Training (FAQ-confirmed),45.0,44.56470684854098,0.43529315145902103,rubric_assisted_gradient_boosting,74,74
ce-network-dhahran,15,Local Content and Government Procurement Authority (LCGPA),COOP Training (role posting),40.0,39.87367454891342,0.12632545108657922,rubric_assisted_gradient_boosting,104,105
ce-network-dhahran,16,McKinsey & Company (Maqdira),Maqdira Fellowship Program,44.5,44.3068097331353,0.19319026686469698,rubric_assisted_gradient_boosting,79,80
ce-network-dhahran,17,Boston Consulting Group (BCG),Visiting Associate Internship (Riyadh),47.0,46.79457506487974,0.20542493512026283,rubric_assisted_gradient_boosting,51,51
ce-network-dhahran,18,Bain & Company,COOP Training Program (Riyadh),40.0,39.87367454891342,0.12632545108657922,rubric_assisted_gradient_boosting,104,105
ce-network-dhahran,19,Amazon Web Services (AWS),IT/Computer Hardware Internship (Intern-to-FTE Pathway),55.0,54.400779684192834,0.5992203158071661,rubric_assisted_gradient_boosting,20,15
ce-network-dhahran,20,Amazon Web Services (AWS) - Associate Solutions Architect Intern,Associate Solutions Architect Intern (2026),52.0,50.64127564446883,1.358724355531173,rubric_assisted_gradient_boosting,27,35
ce-network-dhahran,21,Google (Saudi Arabia),Google Careers (Saudi location filter),40.0,40.831929820984385,0.8319298209843851,rubric_assisted_gradient_boosting,104,104
ce-network-dhahran,22,BlackRock,Client & Product Summer Internship Programme (EMEA) - includes Riyadh,34.5,34.477586943693105,0.022413056306895385,rubric_assisted_gradient_boosting,145,145
ce-network-dhahran,23,noon,Student Internship,30.0,30.23112373376215,0.2311237337621499,rubric_assisted_gradient_boosting,163,163
ce-network-dhahran,24,MOZN,Data Science Intern,34.5,34.477586943693105,0.022413056306895385,rubric_assisted_gradient_boosting,145,145
ce-network-dhahran,25,Elm,Elm Co-op Training Program (March 2026 Intake),40.0,39.87367454891342,0.12632545108657922,rubric_assisted_gradient_boosting,104,105
ce-network-dhahran,26,Yasref,Yasref Cooperative Training Program,65.0,62.25300552940157,2.7469944705984304,rubric_assisted_gradient_boosting,3,3
ce-network-dhahran,27,"Saudi Standards, Metrology and Quality Organization (SASO)",Cooperative Training (Collaborative Training),62.0,59.414396913491295,2.585603086508705,rubric_assisted_gradient_boosting,4,4
ce-network-dhahran,28,"Zakat, Tax and Customs Authority (ZATCA)",Binaa-Alkafaat Program,35.0,34.87014420132245,0.12985579867755348,rubric_assisted_gradient_boosting,144,144
ce-network-dhahran,29,Human Resources Development Fund (HRDF) – Cooperative Training Product,Cooperative Training (HRDF product),20.5,20.678562506815513,0.17856250681551344,rubric_assisted_gradient_boosting,171,171
ce-network-dhahran,30,EXPRO,COOP Training (Future Makers Program),40.0,39.87367454891342,0.12632545108657922,rubric_assisted_gradient_boosting,104,105
ce-network-dhahran,31,Ministry of Industry and Mineral Resources (MIM) – Cooperative Training Initiative,Cooperative Training Initiative,20.5,20.678562506815513,0.17856250681551344,rubric_assisted_gradient_boosting,171,171
ce-network-dhahran,32,TBC (The Beauty Company),Cooperative Training Program,45.0,44.56470684854098,0.43529315145902103,rubric_assisted_gradient_boosting,74,74
ce-network-dhahran,33,National Center for Vegetation Cover Development & Combating Desertification (NCVC),COOP Training Program,40.0,39.87367454891342,0.12632545108657922,rubric_assisted_gradient_boosting,104,105
ce-network-dhahran,34,Saudi Power Procurement Company (SPPC),Future Power – COOP Training Program,40.0,39.87367454891342,0.12632545108657922,rubric_assisted_gradient_boosting,104,105
ce-network-dhahran,35,TBC (Tatweer Building Company),Cooperative Training Program,40.0,39.87367454891342,0.12632545108657922,rubric_assisted_gradient_boosting,104,105
ce-network-dhahran,36,PwC Middle East (Assurance COOP & Summer Internship Programme 2026),"Assurance, COOP and Summer Internship Programme 2026 – Middle East",44.5,44.3068097331353,0.19319026686469698,rubric_assisted_gradient_boosting,79,80
ce-network-dhahran,37,KAPSARC,Intern (Coop- Trainee),49.0,48.59198933092583,0.40801066907417294,rubric_assisted_gradient_boosting,42,42
ce-network-dhahran,38,BSF (Banque Saudi Fransi),COOP / Internship,47.0,46.79457506487974,0.20542493512026283,rubric_assisted_gradient_boosting,51,51
ce-network-dhahran,39,Saudi Food & Drug Authority (SFDA),COOP training (First semester 2025-2026 intake),52.0,52.173522086307095,0.17352208630709498,rubric_assisted_gradient_boosting,27,24
ce-network-dhahran,40,Saudi Power Procurement Company (SPPC) – Future Power (Business Admin COOP),Future Power – Business Administration COOP Training Program,40.0,39.87367454891342,0.12632545108657922,rubric_assisted_gradient_boosting,104,105
ce-network-dhahran,41,Bank Albilad,Cooperative and Summer Training Program,47.0,46.79457506487974,0.20542493512026283,rubric_assisted_gradient_boosting,51,51
ce-network-dhahran,42,The Saudi National Bank (SNB),SNB Rowad Program,30.0,30.23112373376215,0.2311237337621499,rubric_assisted_gradient_boosting,163,163
ce-network-dhahran,43,National Cybersecurity Authority (NCA) – Academy,Cybersecurity training programs (academy),51.0,50.78990032100682,0.21009967899318127,rubric_assisted_gradient_boosting,39,34
ce-network-dhahran,44,PIF | Graduate Development Program,Graduate Development Program (GDP),34.5,34.477586943693105,0.022413056306895385,rubric_assisted_gradient_boosting,145,145
ce-network-dhahran,45,NEOM | GrOW (Graduates Opportunities in Work),GrOW (Graduates Opportunities in Work),53.5,52.185175642696514,1.3148243573034861,rubric_assisted_gradient_boosting,24,22
ce-network-dhahran,46,ROSHN | COOP Trainee Program,COOP Trainee Program,40.0,39.87367454891342,0.12632545108657922,rubric_assisted_gradient_boosting,104,105
ce-network-dhahran,47,Microsoft | Ru'aa Program (Riyadh),Ru'aa Program Internship (Solution Engineering),39.0,38.89246807039151,0.10753192960849134,rubric_assisted_gradient_boosting,129,131
ce-network-dhahran,48,Oracle | Business Development Intern (KSA market),Business Development Intern (KSA market),31.5,31.326456988337128,0.173543011662872,rubric_assisted_gradient_boosting,160,160
ce-network-dhahran,49,SAP | Student Internship (Riyadh),Student Internship - Riyadh,30.0,30.23112373376215,0.2311237337621499,rubric_assisted_gradient_boosting,163,163
ce-network-dhahran,50,SAB (Saudi Awwal Bank) | Cooperative Training Programme (COOP),SAB Cooperative Training Programme (COOP),40.0,39.87367454891342,0.12632545108657922,rubric_assisted_gradient_boosting,104,105
ce-network-dhahran,51,Ministry of Finance (Saudi Arabia) | Cooperative Training Program,Cooperative Training Program,36.5,36.899587329799225,0.39958732979922473,rubric_assisted_gradient_boosting,141,140
ce-network-dhahran,52,Ministry of Industry and Mineral Resources | Cooperative Training,Cooperative Training Initiative,41.5,40.85865256277992,0.6413474372200767,rubric_assisted_gradient_boosting,96,102
ce-network-dhahran,53,King Fahd Causeway Authority | Internship Program,Internship Program,53.5,52.185175642696514,1.3148243573034861,rubric_assisted_gradient_boosting,24,22
ce-network-dhahran,54,Tawuniya | Tamheer Program (Fresh Graduates),Tamheer Program,55.0,51.35034826656847,3.649651733431533,rubric_assisted_gradient_boosting,20,27
ce-network-dhahran,55,SAMA | SAMA Professional Program (SPP),SAMA Professional Program (SPP),26.5,26.802944654842406,0.3029446548424062,rubric_assisted_gradient_boosting,170,170
ce-network-dhahran,56,HRDF | Cooperative Training Product,Cooperative Training Product,41.5,40.85865256277992,0.6413474372200767,rubric_assisted_gradient_boosting,96,102
ce-network-dhahran,57,IBM,"Automation, Data & AI – Intern",42.5,42.26089497432918,0.23910502567081693,rubric_assisted_gradient_boosting,92,92
ce-network-dhahran,58,Unifonic,Internship (Unifonic),34.5,34.477586943693105,0.022413056306895385,rubric_assisted_gradient_boosting,145,145
ce-network-dhahran,59,Misk Foundation,Misk Traineeship / Internship Program,33.0,33.50981704736996,0.5098170473699568,rubric_assisted_gradient_boosting,155,158
ce-network-dhahran,60,Cisco,Cisco NetVersity (Saudi Arabia),54.0,49.96487221333816,4.035127786661839,rubric_assisted_gradient_boosting,23,39
ce-network-dhahran,61,KAUST,Visiting Student Research Program (VSRP) Internship,30.0,30.23112373376215,0.2311237337621499,rubric_assisted_gradient_boosting,163,163
ce-network-dhahran,62,General Authority for Statistics (GASTAT),Cooperative Training Program,44.5,44.3068097331353,0.19319026686469698,rubric_assisted_gradient_boosting,79,80
ce-network-dhahran,63,Saudi Center for Opinion Polling (SCOP),Cooperative Training Program,44.5,44.3068097331353,0.19319026686469698,rubric_assisted_gradient_boosting,79,80
ce-network-dhahran,64,Al Rajhi Takaful,Cooperative Training Program,56.0,53.881646698065815,2.118353301934185,rubric_assisted_gradient_boosting,15,17
ce-network-dhahran,65,Expenditure & Projects Efficiency Authority (EXPRO),Future Makers (صنّاع المستقبل) – Cooperative Training,40.0,39.87367454891342,0.12632545108657922,rubric_assisted_gradient_boosting,104,105
ce-network-dhahran,66,Ministry of Finance (Saudi Arabia),Cooperative Training Program (Ministry of Finance),40.0,39.87367454891342,0.12632545108657922,rubric_assisted_gradient_boosting,104,105
ce-network-dhahran,67,General Entertainment Authority (GEA),GEA Cooperative Training Program,40.0,39.87367454891342,0.12632545108657922,rubric_assisted_gradient_boosting,104,105
ce-network-dhahran,68,Banque Saudi Fransi (BSF),COOP Training,47.0,46.79457506487974,0.20542493512026283,rubric_assisted_gradient_boosting,51,51
ce-network-dhahran,69,Arab National Bank (ANB),COOP Trainee,47.0,46.79457506487974,0.20542493512026283,rubric_assisted_gradient_boosting,51,51
ce-network-dhahran,70,Tamara,Builders Program,47.0,46.79457506487974,0.20542493512026283,rubric_assisted_gradient_boosting,51,51
ce-network-dhahran,71,OmniOps,Co‑op Training Program,56.0,53.881646698065815,2.118353301934185,rubric_assisted_gradient_boosting,15,17
ce-network-dhahran,72,Tatweer Educational Technologies (TETCO),Cooperative Training Program,62.0,59.414396913491295,2.585603086508705,rubric_assisted_gradient_boosting,4,4
ce-network-dhahran,73,The Saudi Investment Bank (SAIB),Cooperative Program,47.0,46.79457506487974,0.20542493512026283,rubric_assisted_gradient_boosting,51,51
ce-network-dhahran,74,Saudi Awwal Bank (SAB),COOP Program,47.0,46.79457506487974,0.20542493512026283,rubric_assisted_gradient_boosting,51,51
ce-network-dhahran,75,Riyad Bank,Internships and Coop Trainings (CSR 2019),47.0,46.79457506487974,0.20542493512026283,rubric_assisted_gradient_boosting,51,51
ce-network-dhahran,76,Tabby,Intern DevOps Engineer,41.5,41.73359298660881,0.23359298660881223,rubric_assisted_gradient_boosting,96,96
ce-network-dhahran,77,Tabby,Intern Backend (GO) Engineer,39.0,38.9861005439394,0.013899456060599391,rubric_assisted_gradient_boosting,129,129
ce-network-dhahran,78,Tabby,Intern Frontend Engineer,39.0,38.89246807039151,0.10753192960849134,rubric_assisted_gradient_boosting,129,131
ce-network-dhahran,79,Tabby,Intern Data Engineer,39.0,38.89246807039151,0.10753192960849134,rubric_assisted_gradient_boosting,129,131
ce-network-dhahran,80,Tabby,No-Code / AI Agents Engineering Intern,39.0,38.89246807039151,0.10753192960849134,rubric_assisted_gradient_boosting,129,131
ce-network-dhahran,81,Bank Albilad,Cooperative Training Program,52.0,52.173522086307095,0.17352208630709498,rubric_assisted_gradient_boosting,27,24
ce-network-dhahran,82,Saudi Ground Services (SGS),COOP Program,40.0,39.87367454891342,0.12632545108657922,rubric_assisted_gradient_boosting,104,105
ce-network-dhahran,83,CEER,Cooperative Training Program (COOP),40.0,39.87367454891342,0.12632545108657922,rubric_assisted_gradient_boosting,104,105
ce-network-dhahran,84,Al Rajhi Takaful,Coop Training Program,47.0,46.79457506487974,0.20542493512026283,rubric_assisted_gradient_boosting,51,51
ce-network-dhahran,85,TAWAL,COOP Training Program,56.0,53.881646698065815,2.118353301934185,rubric_assisted_gradient_boosting,15,17
ce-network-dhahran,86,Wakeb_Data,COOP Training,49.0,48.59198933092583,0.40801066907417294,rubric_assisted_gradient_boosting,42,42
ce-network-dhahran,87,Banque Saudi Fransi (BSF),Coop Training Program,47.0,46.79457506487974,0.20542493512026283,rubric_assisted_gradient_boosting,51,51
ce-network-dhahran,88,Tech Economy,COOP Training Program,47.0,46.79457506487974,0.20542493512026283,rubric_assisted_gradient_boosting,51,51
ce-network-dhahran,89,SAMI Advanced Electronics (SAMI-AEC),Coop Trainee,47.0,46.79457506487974,0.20542493512026283,rubric_assisted_gradient_boosting,51,51
ce-network-dhahran,90,NHC,COOP Trainee,52.0,52.173522086307095,0.17352208630709498,rubric_assisted_gradient_boosting,27,24
ce-network-dhahran,91,REMAT ADVANCED,Cooperative Training Program,62.0,59.414396913491295,2.585603086508705,rubric_assisted_gradient_boosting,4,4
ce-network-dhahran,92,SDM,AI COOP,44.5,44.3068097331353,0.19319026686469698,rubric_assisted_gradient_boosting,79,80
ce-network-dhahran,93,HUED,HUED COOP Program 2026,49.0,48.59198933092583,0.40801066907417294,rubric_assisted_gradient_boosting,42,42
ce-network-dhahran,94,Araamis • أرامس,Araamis COOP Program 2026,49.0,48.59198933092583,0.40801066907417294,rubric_assisted_gradient_boosting,42,42
ce-network-dhahran,95,ARDARA,COOP Training for Students,40.0,39.87367454891342,0.12632545108657922,rubric_assisted_gradient_boosting,104,105
ce-network-dhahran,96,flynas,COOP Trainee / Internship Program,44.5,44.3068097331353,0.19319026686469698,rubric_assisted_gradient_boosting,79,80
ce-network-dhahran,97,Saudi Motorsport Company (SMC),COOP Trainee (IT Asset Project Management),44.5,44.3068097331353,0.19319026686469698,rubric_assisted_gradient_boosting,79,80
ce-network-dhahran,98,Saudi Motorsport Company (SMC),COOP Trainee (Supply Chain Excellence Associate),51.5,51.01196050270807,0.4880394972919291,rubric_assisted_gradient_boosting,33,28
ce-network-dhahran,99,Mobily,Cooperative Training Program,47.0,46.79457506487974,0.20542493512026283,rubric_assisted_gradient_boosting,51,51
ce-network-dhahran,100,Saudi Awwal Bank (SAB),Student Opportunities: Cooperative / Practical Training,47.0,46.79457506487974,0.20542493512026283,rubric_assisted_gradient_boosting,51,51
ce-network-dhahran,101,Alvarez & Marsal,COOP Training Program,47.0,46.79457506487974,0.20542493512026283,rubric_assisted_gradient_boosting,51,51
ce-network-dhahran,102,Visa,COOP Trainee (Jan 2026),40.0,39.87367454891342,0.12632545108657922,rubric_assisted_gradient_boosting,104,105
ce-network-dhahran,103,Zain KSA,Evolve Program (Fresh Graduates),37.0,36.734870764528374,0.26512923547162615,rubric_assisted_gradient_boosting,140,141
ce-network-dhahran,104,Zain KSA,Zain Pioneers Program,52.0,50.64127564446883,1.358724355531173,rubric_assisted_gradient_boosting,27,35
ce-network-dhahran,105,Savvy Games Group,Cooperative Training Program (Co-op),47.0,46.79457506487974,0.20542493512026283,rubric_assisted_gradient_boosting,51,51
ce-network-dhahran,106,Bank AlJazira,Tamheer Program,30.0,30.23112373376215,0.2311237337621499,rubric_assisted_gradient_boosting,163,163
ce-network-dhahran,107,sirar by stc,Cooperative Training Program,56.0,53.881646698065815,2.118353301934185,rubric_assisted_gradient_boosting,15,17
ce-network-dhahran,108,Gathern,Co-op Program,49.0,48.59198933092583,0.40801066907417294,rubric_assisted_gradient_boosting,42,42
ce-network-dhahran,109,Elm Company (شركة علم),Coop Training - Computer Science (Jan/Mar/Jun/Aug 2025 Intake),44.5,44.3068097331353,0.19319026686469698,rubric_assisted_gradient_boosting,79,80
ce-network-dhahran,110,Elm Company (شركة علم),Co-Op Training - Information Technology (Jun & Aug 2025 Intake),44.5,44.3068097331353,0.19319026686469698,rubric_assisted_gradient_boosting,79,80
ce-network-dhahran,111,EJADA,COOP Administration & Support Engineer,47.0,46.79457506487974,0.20542493512026283,rubric_assisted_gradient_boosting,51,51
ce-network-dhahran,112,Emdad By Elm,Network Cooperative Training (Network Intern),62.0,59.414396913491295,2.585603086508705,rubric_assisted_gradient_boosting,4,4
ce-network-dhahran,113,AILA,Co-op Training Programme,44.5,44.36684416915945,0.1331558308405505,rubric_assisted_gradient_boosting,79,79
ce-network-dhahran,114,Foodics,Foodics 360 Internship Program,34.5,34.477586943693105,0.022413056306895385,rubric_assisted_gradient_boosting,145,145
ce-network-dhahran,115,Salla,برنامج التدريب التعاوني (Coop Training) – Salla,44.5,44.3068097331353,0.19319026686469698,rubric_assisted_gradient_boosting,79,80
ce-network-dhahran,116,Lucidya,Technical Internship or Coop – Lucidya,51.5,51.01196050270807,0.4880394972919291,rubric_assisted_gradient_boosting,33,28
ce-network-dhahran,117,Diriyah Company,Diriyah Co-op Training Program,40.0,39.87367454891342,0.12632545108657922,rubric_assisted_gradient_boosting,104,105
ce-network-dhahran,118,Riyadh Air,Co-op – Riyadh Air,40.0,39.87367454891342,0.12632545108657922,rubric_assisted_gradient_boosting,104,105
ce-network-dhahran,119,Jahez Group,Jahez Internship Program (as described in Sustainability Report),30.0,30.23112373376215,0.2311237337621499,rubric_assisted_gradient_boosting,163,163
ce-network-dhahran,120,Lumi | لومي,COOP Intern 2025 – Lumi,40.0,39.87367454891342,0.12632545108657922,rubric_assisted_gradient_boosting,104,105
ce-network-dhahran,121,webook.com,COOP Trainee Opportunities – webook.com,40.0,39.87367454891342,0.12632545108657922,rubric_assisted_gradient_boosting,104,105
ce-network-dhahran,122,moneymoon,Tech & AI Co-op Program 2025,51.5,51.01196050270807,0.4880394972919291,rubric_assisted_gradient_boosting,33,28
ce-network-dhahran,123,EjadTech - إيجاد التقنية,"Summer Internship Program 2025 (Computer, Data, and AI Majors)",35.5,35.574263763031034,0.0742637630310341,rubric_assisted_gradient_boosting,142,142
ce-network-dhahran,124,InnovationTeam,Java Microservices Internship Programme (Saudi Nationals),42.5,42.26089497432918,0.23910502567081693,rubric_assisted_gradient_boosting,92,92
ce-network-dhahran,125,Tamkeen Technologies,On the Job Training (Internship Program) — Technology field,34.5,34.477586943693105,0.022413056306895385,rubric_assisted_gradient_boosting,145,145
ce-network-dhahran,126,Trendyol Group,Trendyol Tech Talent - Bootcamp & COOP Internship Program (Saudi Students Only),41.0,41.17921071880664,0.17921071880663675,rubric_assisted_gradient_boosting,102,100
ce-network-dhahran,127,Ninja نينجا,COOP Training Program,41.0,41.17921071880664,0.17921071880663675,rubric_assisted_gradient_boosting,102,100
ce-network-dhahran,128,SCAI | سكاي,CO-OP Training Opportunities (Intern),56.0,53.881646698065815,2.118353301934185,rubric_assisted_gradient_boosting,15,17
ce-network-dhahran,129,WalaPlus,Coop & Tamheer Opportunities,62.0,59.414396913491295,2.585603086508705,rubric_assisted_gradient_boosting,4,4
ce-network-dhahran,130,Aon,IT Co-op Trainee 2026,62.0,59.414396913491295,2.585603086508705,rubric_assisted_gradient_boosting,4,4
ce-network-dhahran,131,Hewlett Packard Enterprise (HPE),College Intern (Coop),62.0,59.414396913491295,2.585603086508705,rubric_assisted_gradient_boosting,4,4
ce-network-dhahran,132,Signify,KSA Coop Internship Program,62.0,59.414396913491295,2.585603086508705,rubric_assisted_gradient_boosting,4,4
ce-network-dhahran,133,Help AG (e& enterprise),Cybersecurity Intern,46.0,45.42589531166884,0.5741046883311611,rubric_assisted_gradient_boosting,70,70
ce-network-dhahran,134,TrendAI (Trend Micro),CyberGATE Internship Program,46.0,45.42589531166884,0.5741046883311611,rubric_assisted_gradient_boosting,70,70
ce-network-dhahran,135,Golf Saudi,IT Co-op Trainee,62.0,59.414396913491295,2.585603086508705,rubric_assisted_gradient_boosting,4,4
ce-network-dhahran,136,Siemens Healthineers,Healthineers Early Talent Program – IT (Riyadh),52.0,50.64127564446883,1.358724355531173,rubric_assisted_gradient_boosting,27,35
ce-network-dhahran,137,1957 Ventures,Internship / Co-Op Program,49.0,48.59198933092583,0.40801066907417294,rubric_assisted_gradient_boosting,42,42
ce-network-dhahran,138,Nokia,Graduate Trainee (Saudi Arabia) – Fledgers Program,41.5,41.688333705307166,0.18833370530716564,rubric_assisted_gradient_boosting,96,97
ce-network-dhahran,139,Ericsson,Summer Interns (Ericsson Saudi),41.5,41.688333705307166,0.18833370530716564,rubric_assisted_gradient_boosting,96,97
ce-network-dhahran,140,Bosch Middle East,Software Development Intern (AI/Cloud),46.0,45.42589531166884,0.5741046883311611,rubric_assisted_gradient_boosting,70,70
ce-network-dhahran,141,Saudi Payments | المدفوعات السعودية,COOP Training – August 2024,51.5,51.01196050270807,0.4880394972919291,rubric_assisted_gradient_boosting,33,28
ce-network-dhahran,142,Saudi Tadawul Group | تداول,Cooperative Training Program (COOP),62.0,59.414396913491295,2.585603086508705,rubric_assisted_gradient_boosting,4,4
ce-network-dhahran,143,Lean Technologies,Software Engineering Intern – KSA,49.0,48.812594583073306,0.1874054169266941,rubric_assisted_gradient_boosting,42,41
ce-network-dhahran,144,Mirai (Scopely) | مِراي,AI Engineering Intern (GenAI),39.0,38.89246807039151,0.10753192960849134,rubric_assisted_gradient_boosting,129,131
ce-network-dhahran,145,HungerStation | هنقرستيشن,"Co-OP Trainee, Data Analysis – Info Sec",51.5,51.01196050270807,0.4880394972919291,rubric_assisted_gradient_boosting,33,28
ce-network-dhahran,146,NCGR | المركز الوطني لنظم الموارد الحكومية,Coop Training Program,51.5,51.01196050270807,0.4880394972919291,rubric_assisted_gradient_boosting,33,28
ce-network-dhahran,147,nybl,nybl Graduate Programme – Saudi Nationals (AI Bootcamp),30.0,30.23112373376215,0.2311237337621499,rubric_assisted_gradient_boosting,163,163
ce-network-dhahran,148,Procter & Gamble (P&G),P&G LEADgen Internship Program 2026 (Riyadh),34.5,34.477586943693105,0.022413056306895385,rubric_assisted_gradient_boosting,145,145
ce-network-dhahran,149,New Murabba | المربع الجديد,New Murabba Co-op Training Program,49.0,48.59198933092583,0.40801066907417294,rubric_assisted_gradient_boosting,42,42
ce-network-dhahran,150,Boeing Saudi Arabia Limited,Intern - Info Technology & Data Analytics (Riyadh),41.5,41.688333705307166,0.18833370530716564,rubric_assisted_gradient_boosting,96,97
ce-network-dhahran,151,Motorola Solutions,Deployment Engineer Intern (KSA National - Tamheer Program),55.0,54.400779684192834,0.5992203158071661,rubric_assisted_gradient_boosting,20,15
ce-network-dhahran,152,Schneider Electric,Co-op Intern (Engineering) - Al Khobar (Jan–Aug 2026),69.0,65.79056366477369,3.2094363352263144,rubric_assisted_gradient_boosting,1,1
ce-network-dhahran,153,Lockheed Martin,Tamheer Space Internship (Riyadh),39.0,38.89246807039151,0.10753192960849134,rubric_assisted_gradient_boosting,129,131
ce-network-dhahran,154,Markaba | مركبة,Start-up Software Intern – TAMHEER (Saudi nationals only),35.5,35.574263763031034,0.0742637630310341,rubric_assisted_gradient_boosting,142,142
ce-network-dhahran,155,Laverne Group | مجموعة لافيرن,Data Analyst / Data Engineer Intern (IT Department),46.0,45.42589531166884,0.5741046883311611,rubric_assisted_gradient_boosting,70,70
ce-network-dhahran,156,Meel | ميل,"Software Developer Internship (Remote, min 2 months)",39.0,38.9861005439394,0.013899456060599391,rubric_assisted_gradient_boosting,129,129
ce-network-dhahran,157,Nahdi Medical Co.,IT Internship / COOP Program (6 months),49.5,48.477413129983404,1.022586870016596,rubric_assisted_gradient_boosting,41,50
ce-network-dhahran,158,SMART Technology Solutions | سمارت لحلول التقنية,R&D Intern (Riyadh),39.0,38.89246807039151,0.10753192960849134,rubric_assisted_gradient_boosting,129,131
ce-network-dhahran,159,Knodemy Inc.,AI Developer & Tech Trainer Intern - Riyadh,39.0,38.89246807039151,0.10753192960849134,rubric_assisted_gradient_boosting,129,131
ce-network-dhahran,160,Water Transmission Company | شركة نقل المياه,Tamheer Internship Program (HRIS / Engineering & PM - Riyadh),39.0,38.89246807039151,0.10753192960849134,rubric_assisted_gradient_boosting,129,131
ce-network-dhahran,161,AFNOYS,"AI Automation Intern - KSA (Remote, 4 weeks)",34.5,34.4019739095485,0.0980260904514978,rubric_assisted_gradient_boosting,145,152
ce-network-dhahran,162,SAS,CareerStart@SAS 2026 - Presales Customer Intelligence Intern (Riyadh),33.0,33.53461593069751,0.5346159306975125,rubric_assisted_gradient_boosting,155,155
ce-network-dhahran,163,Devoteam,Trainee - Future Leaders Program (Co-op/Fresh Graduate),52.5,50.526380693052204,1.9736193069477963,rubric_assisted_gradient_boosting,26,38
ce-network-dhahran,164,ضالتي Dhallaty,Tech Intern: Fresh Grad or Student,33.0,33.53461593069751,0.5346159306975125,rubric_assisted_gradient_boosting,155,155
ce-network-dhahran,165,Innovative Solutions SA,Presales - Tamheer,33.5,33.5946958364833,0.0946958364832966,rubric_assisted_gradient_boosting,153,153
ce-network-dhahran,166,HUMAIN,Tamheer Program (Software Engineer / Cybersecurity / MIS),42.5,42.26089497432918,0.23910502567081693,rubric_assisted_gradient_boosting,92,92
ce-network-dhahran,167,TAM | تام,"Tamheer Opportunity, Advisory",5.5,5.878716182098707,0.3787161820987066,rubric_assisted_gradient_boosting,173,173
ce-network-dhahran,168,هيئة التأمين | Insurance Authority,Tamheer Opportunity - Specialist of Information Security,33.5,33.5946958364833,0.0946958364832966,rubric_assisted_gradient_boosting,153,153
ce-network-dhahran,169,Snbla | سنبله,Paid Internship Program (FinTech),33.0,33.53461593069751,0.5346159306975125,rubric_assisted_gradient_boosting,155,155
ce-network-dhahran,170,2P Perfect Presentation,Data Analyst (Tamheer),31.0,31.031314898755415,0.031314898755415044,rubric_assisted_gradient_boosting,161,161
ce-network-dhahran,171,Infosys,Summer Intern (Infosys InStep ’26 – Bangalore),33.0,33.02082011214925,0.020820112149252168,rubric_assisted_gradient_boosting,155,159
ce-network-dhahran,172,شركة الخدمات المدارة | Managed Services Company,Intern Cybersecurity Engineer,42.5,42.26089497432918,0.23910502567081693,rubric_assisted_gradient_boosting,92,92
ce-network-dhahran,173,Abunayyan Holding,Data Analyst (Tamheer),31.0,31.031314898755415,0.031314898755415044,rubric_assisted_gradient_boosting,161,161
eastern-province-cys,1,Saudi Aramco,University Internship Program (UIP),64.0,63.99266599343482,0.007334006565180573,rubric_assisted_gradient_boosting,49,54
eastern-province-cys,2,SABIC,COOP Training Program,57.0,56.99918569816095,0.0008143018390498469,rubric_assisted_gradient_boosting,85,85
eastern-province-cys,3,stc (Saudi Telecom Company),Cooperative Training Program (COOP),68.0,67.98529841749553,0.014701582504471844,rubric_assisted_gradient_boosting,43,47
eastern-province-cys,4,Saudi National Bank (SNB),SNB Cooperative Training Program,59.0,58.9956909082244,0.004309091775603235,rubric_assisted_gradient_boosting,61,61
eastern-province-cys,5,Al Rajhi Bank,Cooperative Training Program,59.0,58.9956909082244,0.004309091775603235,rubric_assisted_gradient_boosting,61,61
eastern-province-cys,6,Capital Market Authority (CMA),COOP Program,54.0,54.0545196995823,0.05451969958230052,rubric_assisted_gradient_boosting,90,89
eastern-province-cys,7,Digital Government Authority (DGA),Maidan Cooperative Training Program,54.0,54.0545196995823,0.05451969958230052,rubric_assisted_gradient_boosting,90,89
eastern-province-cys,8,KPMG Saudi Arabia,COOP & Internship Programs,45.0,44.56470684854098,0.43529315145902103,rubric_assisted_gradient_boosting,126,127
eastern-province-cys,9,PwC Middle East,"Deals, COOP and Summer Internship Programme (2026)",44.5,44.3068097331353,0.19319026686469698,rubric_assisted_gradient_boosting,130,130
eastern-province-cys,10,Deloitte Middle East (KSA),Jusoor Al Sharqiyah Internship Program,58.5,58.20545649664522,0.29454350335478097,rubric_assisted_gradient_boosting,63,84
eastern-province-cys,11,Bank Albilad,Cooperative & Summer Training Program,63.5,63.055342668005856,0.4446573319941436,rubric_assisted_gradient_boosting,50,57
eastern-province-cys,12,Tamara,Tamara Builders Program,58.5,58.530791115693596,0.030791115693595827,rubric_assisted_gradient_boosting,63,63
eastern-province-cys,13,Bupa Arabia,Cooperative Training Program,40.0,39.87367454891342,0.12632545108657922,rubric_assisted_gradient_boosting,142,142
eastern-province-cys,14,Saudi Exports (Saudi Export Development Authority),COOP & Summer Training (FAQ-confirmed),45.0,44.56470684854098,0.43529315145902103,rubric_assisted_gradient_boosting,126,127
eastern-province-cys,15,Local Content and Government Procurement Authority (LCGPA),COOP Training (role posting),40.0,39.87367454891342,0.12632545108657922,rubric_assisted_gradient_boosting,142,142
eastern-province-cys,16,McKinsey & Company (Maqdira),Maqdira Fellowship Program,44.5,44.3068097331353,0.19319026686469698,rubric_assisted_gradient_boosting,130,130
eastern-province-cys,17,Boston Consulting Group (BCG),Visiting Associate Internship (Riyadh),63.0,63.81324275602268,0.8132427560226816,rubric_assisted_gradient_boosting,57,55
eastern-province-cys,18,Bain & Company,COOP Training Program (Riyadh),40.0,39.87367454891342,0.12632545108657922,rubric_assisted_gradient_boosting,142,142
eastern-province-cys,19,Amazon Web Services (AWS),IT/Computer Hardware Internship (Intern-to-FTE Pathway),54.5,52.79995276926002,1.7000472307399832,rubric_assisted_gradient_boosting,88,104
eastern-province-cys,20,Amazon Web Services (AWS) - Associate Solutions Architect Intern,Associate Solutions Architect Intern (2026),53.0,53.643583001660495,0.6435830016604953,rubric_assisted_gradient_boosting,103,102
eastern-province-cys,21,Google (Saudi Arabia),Google Careers (Saudi location filter),61.0,60.87571194330601,0.12428805669399168,rubric_assisted_gradient_boosting,60,60
eastern-province-cys,22,BlackRock,Client & Product Summer Internship Programme (EMEA) - includes Riyadh,34.5,34.477586943693105,0.022413056306895385,rubric_assisted_gradient_boosting,154,154
eastern-province-cys,23,noon,Student Internship,30.0,30.23112373376215,0.2311237337621499,rubric_assisted_gradient_boosting,168,168
eastern-province-cys,24,MOZN,Data Science Intern,34.5,34.477586943693105,0.022413056306895385,rubric_assisted_gradient_boosting,154,154
eastern-province-cys,25,Elm,Elm Co-op Training Program (March 2026 Intake),40.0,39.87367454891342,0.12632545108657922,rubric_assisted_gradient_boosting,142,142
eastern-province-cys,26,Yasref,Yasref Cooperative Training Program,75.5,74.65169918208741,0.8483008179125875,rubric_assisted_gradient_boosting,33,33
eastern-province-cys,27,"Saudi Standards, Metrology and Quality Organization (SASO)",Cooperative Training (Collaborative Training),58.5,58.459241260060416,0.04075873993958368,rubric_assisted_gradient_boosting,63,77
eastern-province-cys,28,"Zakat, Tax and Customs Authority (ZATCA)",Binaa-Alkafaat Program,35.0,34.87014420132245,0.12985579867755348,rubric_assisted_gradient_boosting,153,153
eastern-province-cys,29,Human Resources Development Fund (HRDF) – Cooperative Training Product,Cooperative Training (HRDF product),20.5,20.678562506815513,0.17856250681551344,rubric_assisted_gradient_boosting,171,171
eastern-province-cys,30,EXPRO,COOP Training (Future Makers Program),40.0,39.87367454891342,0.12632545108657922,rubric_assisted_gradient_boosting,142,142
eastern-province-cys,31,Ministry of Industry and Mineral Resources (MIM) – Cooperative Training Initiative,Cooperative Training Initiative,20.5,20.678562506815513,0.17856250681551344,rubric_assisted_gradient_boosting,171,171
eastern-province-cys,32,TBC (The Beauty Company),Cooperative Training Program,45.0,44.56470684854098,0.43529315145902103,rubric_assisted_gradient_boosting,126,127
eastern-province-cys,33,National Center for Vegetation Cover Development & Combating Desertification (NCVC),COOP Training Program,40.0,39.87367454891342,0.12632545108657922,rubric_assisted_gradient_boosting,142,142
eastern-province-cys,34,Saudi Power Procurement Company (SPPC),Future Power – COOP Training Program,40.0,39.87367454891342,0.12632545108657922,rubric_assisted_gradient_boosting,142,142
eastern-province-cys,35,TBC (Tatweer Building Company),Cooperative Training Program,40.0,39.87367454891342,0.12632545108657922,rubric_assisted_gradient_boosting,142,142
eastern-province-cys,36,PwC Middle East (Assurance COOP & Summer Internship Programme 2026),"Assurance, COOP and Summer Internship Programme 2026 – Middle East",44.5,44.3068097331353,0.19319026686469698,rubric_assisted_gradient_boosting,130,130
eastern-province-cys,37,KAPSARC,Intern (Coop- Trainee),44.5,44.3068097331353,0.19319026686469698,rubric_assisted_gradient_boosting,130,130
eastern-province-cys,38,BSF (Banque Saudi Fransi),COOP / Internship,77.0,77.94571572900976,0.9457157290097626,rubric_assisted_gradient_boosting,5,5
eastern-province-cys,39,Saudi Food & Drug Authority (SFDA),COOP training (First semester 2025-2026 intake),82.0,82.65563750497292,0.6556375049729155,rubric_assisted_gradient_boosting,2,1
eastern-province-cys,40,Saudi Power Procurement Company (SPPC) – Future Power (Business Admin COOP),Future Power – Business Administration COOP Training Program,40.0,39.87367454891342,0.12632545108657922,rubric_assisted_gradient_boosting,142,142
eastern-province-cys,41,Bank Albilad,Cooperative and Summer Training Program,77.0,77.94571572900976,0.9457157290097626,rubric_assisted_gradient_boosting,5,5
eastern-province-cys,42,The Saudi National Bank (SNB),SNB Rowad Program,44.0,43.788134189909435,0.21186581009056482,rubric_assisted_gradient_boosting,135,135
eastern-province-cys,43,National Cybersecurity Authority (NCA) – Academy,Cybersecurity training programs (academy),72.0,71.63944476389919,0.360555236100808,rubric_assisted_gradient_boosting,40,40
eastern-province-cys,44,PIF | Graduate Development Program,Graduate Development Program (GDP),34.5,34.477586943693105,0.022413056306895385,rubric_assisted_gradient_boosting,154,154
eastern-province-cys,45,NEOM | GrOW (Graduates Opportunities in Work),GrOW (Graduates Opportunities in Work),50.0,48.94035926850727,1.0596407314927276,rubric_assisted_gradient_boosting,106,107
eastern-province-cys,46,ROSHN | COOP Trainee Program,COOP Trainee Program,40.0,39.87367454891342,0.12632545108657922,rubric_assisted_gradient_boosting,142,142
eastern-province-cys,47,Microsoft | Ru'aa Program (Riyadh),Ru'aa Program Internship (Solution Engineering),34.5,34.477586943693105,0.022413056306895385,rubric_assisted_gradient_boosting,154,154
eastern-province-cys,48,Oracle | Business Development Intern (KSA market),Business Development Intern (KSA market),31.5,31.326456988337128,0.173543011662872,rubric_assisted_gradient_boosting,164,164
eastern-province-cys,49,SAP | Student Internship (Riyadh),Student Internship - Riyadh,30.0,30.23112373376215,0.2311237337621499,rubric_assisted_gradient_boosting,168,168
eastern-province-cys,50,SAB (Saudi Awwal Bank) | Cooperative Training Programme (COOP),SAB Cooperative Training Programme (COOP),40.0,39.87367454891342,0.12632545108657922,rubric_assisted_gradient_boosting,142,142
eastern-province-cys,51,Ministry of Finance (Saudi Arabia) | Cooperative Training Program,Cooperative Training Program,50.5,51.0837022986553,0.5837022986552967,rubric_assisted_gradient_boosting,105,105
eastern-province-cys,52,Ministry of Industry and Mineral Resources | Cooperative Training,Cooperative Training Initiative,55.5,55.24222060926899,0.25777939073100953,rubric_assisted_gradient_boosting,86,86
eastern-province-cys,53,King Fahd Causeway Authority | Internship Program,Internship Program,54.5,54.70737039194207,0.20737039194207085,rubric_assisted_gradient_boosting,88,88
eastern-province-cys,54,Tawuniya | Tamheer Program (Fresh Graduates),Tamheer Program,70.0,70.61217167473734,0.6121716747373398,rubric_assisted_gradient_boosting,41,41
eastern-province-cys,55,SAMA | SAMA Professional Program (SPP),SAMA Professional Program (SPP),40.5,40.440165124538666,0.059834875461334036,rubric_assisted_gradient_boosting,141,141
eastern-province-cys,56,HRDF | Cooperative Training Product,Cooperative Training Product,55.5,55.24222060926899,0.25777939073100953,rubric_assisted_gradient_boosting,86,86
eastern-province-cys,57,IBM,"Automation, Data & AI – Intern",63.5,64.38979036809246,0.8897903680924628,rubric_assisted_gradient_boosting,50,49
eastern-province-cys,58,Unifonic,Internship (Unifonic),48.5,48.38487915180003,0.1151208481999717,rubric_assisted_gradient_boosting,108,108
eastern-province-cys,59,Misk Foundation,Misk Traineeship / Internship Program,47.0,46.47414861978367,0.5258513802163307,rubric_assisted_gradient_boosting,124,125
eastern-province-cys,60,Cisco,Cisco NetVersity (Saudi Arabia),75.0,74.61178949549249,0.38821050450751216,rubric_assisted_gradient_boosting,34,34
eastern-province-cys,61,KAUST,Visiting Student Research Program (VSRP) Internship,44.0,43.788134189909435,0.21186581009056482,rubric_assisted_gradient_boosting,135,135
eastern-province-cys,62,General Authority for Statistics (GASTAT),Cooperative Training Program,58.5,58.530791115693596,0.030791115693595827,rubric_assisted_gradient_boosting,63,63
eastern-province-cys,63,Saudi Center for Opinion Polling (SCOP),Cooperative Training Program,58.5,58.530791115693596,0.030791115693595827,rubric_assisted_gradient_boosting,63,63
eastern-province-cys,64,Al Rajhi Takaful,Cooperative Training Program,77.0,77.94571572900976,0.9457157290097626,rubric_assisted_gradient_boosting,5,5
eastern-province-cys,65,Expenditure & Projects Efficiency Authority (EXPRO),Future Makers (صنّاع المستقبل) – Cooperative Training,54.0,54.0545196995823,0.05451969958230052,rubric_assisted_gradient_boosting,90,89
eastern-province-cys,66,Ministry of Finance (Saudi Arabia),Cooperative Training Program (Ministry of Finance),54.0,54.0545196995823,0.05451969958230052,rubric_assisted_gradient_boosting,90,89
eastern-province-cys,67,General Entertainment Authority (GEA),GEA Cooperative Training Program,54.0,54.0545196995823,0.05451969958230052,rubric_assisted_gradient_boosting,90,89
eastern-province-cys,68,Banque Saudi Fransi (BSF),COOP Training,77.0,77.94571572900976,0.9457157290097626,rubric_assisted_gradient_boosting,5,5
eastern-province-cys,69,Arab National Bank (ANB),COOP Trainee,77.0,77.94571572900976,0.9457157290097626,rubric_assisted_gradient_boosting,5,5
eastern-province-cys,70,Tamara,Builders Program,77.0,77.94571572900976,0.9457157290097626,rubric_assisted_gradient_boosting,5,5
eastern-province-cys,71,OmniOps,Co‑op Training Program,77.0,77.94571572900976,0.9457157290097626,rubric_assisted_gradient_boosting,5,5
eastern-province-cys,72,Tatweer Educational Technologies (TETCO),Cooperative Training Program,77.0,77.94571572900976,0.9457157290097626,rubric_assisted_gradient_boosting,5,5
eastern-province-cys,73,The Saudi Investment Bank (SAIB),Cooperative Program,77.0,77.94571572900976,0.9457157290097626,rubric_assisted_gradient_boosting,5,5
eastern-province-cys,74,Saudi Awwal Bank (SAB),COOP Program,77.0,77.94571572900976,0.9457157290097626,rubric_assisted_gradient_boosting,5,5
eastern-province-cys,75,Riyad Bank,Internships and Coop Trainings (CSR 2019),77.0,77.94571572900976,0.9457157290097626,rubric_assisted_gradient_boosting,5,5
eastern-province-cys,76,Tabby,Intern DevOps Engineer,62.5,62.55535484449483,0.05535484449482908,rubric_assisted_gradient_boosting,58,58
eastern-province-cys,77,Tabby,Intern Backend (GO) Engineer,48.5,48.32692333896013,0.17307666103987174,rubric_assisted_gradient_boosting,108,118
eastern-province-cys,78,Tabby,Intern Frontend Engineer,48.5,48.38487915180003,0.1151208481999717,rubric_assisted_gradient_boosting,108,108
eastern-province-cys,79,Tabby,Intern Data Engineer,48.5,48.38487915180003,0.1151208481999717,rubric_assisted_gradient_boosting,108,108
eastern-province-cys,80,Tabby,No-Code / AI Agents Engineering Intern,48.5,48.38487915180003,0.1151208481999717,rubric_assisted_gradient_boosting,108,108
eastern-province-cys,81,Bank Albilad,Cooperative Training Program,82.0,82.65563750497292,0.6556375049729155,rubric_assisted_gradient_boosting,2,1
eastern-province-cys,82,Saudi Ground Services (SGS),COOP Program,54.0,54.0545196995823,0.05451969958230052,rubric_assisted_gradient_boosting,90,89
eastern-province-cys,83,CEER,Cooperative Training Program (COOP),54.0,54.0545196995823,0.05451969958230052,rubric_assisted_gradient_boosting,90,89
eastern-province-cys,84,Al Rajhi Takaful,Coop Training Program,77.0,77.94571572900976,0.9457157290097626,rubric_assisted_gradient_boosting,5,5
eastern-province-cys,85,TAWAL,COOP Training Program,72.5,71.82186838685318,0.6781316131468174,rubric_assisted_gradient_boosting,36,36
eastern-province-cys,86,Wakeb_Data,COOP Training,58.5,58.530791115693596,0.030791115693595827,rubric_assisted_gradient_boosting,63,63
eastern-province-cys,87,Banque Saudi Fransi (BSF),Coop Training Program,77.0,77.94571572900976,0.9457157290097626,rubric_assisted_gradient_boosting,5,5
eastern-province-cys,88,Tech Economy,COOP Training Program,77.0,77.94571572900976,0.9457157290097626,rubric_assisted_gradient_boosting,5,5
eastern-province-cys,89,SAMI Advanced Electronics (SAMI-AEC),Coop Trainee,77.0,77.94571572900976,0.9457157290097626,rubric_assisted_gradient_boosting,5,5
eastern-province-cys,90,NHC,COOP Trainee,82.0,82.65563750497292,0.6556375049729155,rubric_assisted_gradient_boosting,2,1
eastern-province-cys,91,REMAT ADVANCED,Cooperative Training Program,72.5,71.82186838685318,0.6781316131468174,rubric_assisted_gradient_boosting,36,36
eastern-province-cys,92,SDM,AI COOP,58.5,58.530791115693596,0.030791115693595827,rubric_assisted_gradient_boosting,63,63
eastern-province-cys,93,HUED,HUED COOP Program 2026,58.5,58.530791115693596,0.030791115693595827,rubric_assisted_gradient_boosting,63,63
eastern-province-cys,94,Araamis • أرامس,Araamis COOP Program 2026,58.5,58.530791115693596,0.030791115693595827,rubric_assisted_gradient_boosting,63,63
eastern-province-cys,95,ARDARA,COOP Training for Students,54.0,54.0545196995823,0.05451969958230052,rubric_assisted_gradient_boosting,90,89
eastern-province-cys,96,flynas,COOP Trainee / Internship Program,58.5,58.530791115693596,0.030791115693595827,rubric_assisted_gradient_boosting,63,63
eastern-province-cys,97,Saudi Motorsport Company (SMC),COOP Trainee (IT Asset Project Management),58.5,58.530791115693596,0.030791115693595827,rubric_assisted_gradient_boosting,63,63
eastern-province-cys,98,Saudi Motorsport Company (SMC),COOP Trainee (Supply Chain Excellence Associate),77.0,77.94571572900976,0.9457157290097626,rubric_assisted_gradient_boosting,5,5
eastern-province-cys,99,Mobily,Cooperative Training Program,77.0,77.94571572900976,0.9457157290097626,rubric_assisted_gradient_boosting,5,5
eastern-province-cys,100,Saudi Awwal Bank (SAB),Student Opportunities: Cooperative / Practical Training,77.0,77.94571572900976,0.9457157290097626,rubric_assisted_gradient_boosting,5,5
eastern-province-cys,101,Alvarez & Marsal,COOP Training Program,77.0,77.94571572900976,0.9457157290097626,rubric_assisted_gradient_boosting,5,5
eastern-province-cys,102,Visa,COOP Trainee (Jan 2026),54.0,54.0545196995823,0.05451969958230052,rubric_assisted_gradient_boosting,90,89
eastern-province-cys,103,Zain KSA,Evolve Program (Fresh Graduates),67.0,68.01892115302604,1.0189211530260422,rubric_assisted_gradient_boosting,44,42
eastern-province-cys,104,Zain KSA,Zain Pioneers Program,62.5,62.0590673088059,0.4409326911940994,rubric_assisted_gradient_boosting,58,59
eastern-province-cys,105,Savvy Games Group,Cooperative Training Program (Co-op),77.0,77.94571572900976,0.9457157290097626,rubric_assisted_gradient_boosting,5,5
eastern-province-cys,106,Bank AlJazira,Tamheer Program,44.0,43.788134189909435,0.21186581009056482,rubric_assisted_gradient_boosting,135,135
eastern-province-cys,107,sirar by stc,Cooperative Training Program,77.0,77.94571572900976,0.9457157290097626,rubric_assisted_gradient_boosting,5,5
eastern-province-cys,108,Gathern,Co-op Program,58.5,58.530791115693596,0.030791115693595827,rubric_assisted_gradient_boosting,63,63
eastern-province-cys,109,Elm Company (شركة علم),Coop Training - Computer Science (Jan/Mar/Jun/Aug 2025 Intake),58.5,58.530791115693596,0.030791115693595827,rubric_assisted_gradient_boosting,63,63
eastern-province-cys,110,Elm Company (شركة علم),Co-Op Training - Information Technology (Jun & Aug 2025 Intake),58.5,58.530791115693596,0.030791115693595827,rubric_assisted_gradient_boosting,63,63
eastern-province-cys,111,EJADA,COOP Administration & Support Engineer,77.0,77.94571572900976,0.9457157290097626,rubric_assisted_gradient_boosting,5,5
eastern-province-cys,112,Emdad By Elm,Network Cooperative Training (Network Intern),72.5,71.82186838685318,0.6781316131468174,rubric_assisted_gradient_boosting,36,36
eastern-province-cys,113,AILA,Co-op Training Programme,58.5,58.39238867002542,0.10761132997458134,rubric_assisted_gradient_boosting,63,83
eastern-province-cys,114,Foodics,Foodics 360 Internship Program,48.5,48.38487915180003,0.1151208481999717,rubric_assisted_gradient_boosting,108,108
eastern-province-cys,115,Salla,برنامج التدريب التعاوني (Coop Training) – Salla,58.5,58.530791115693596,0.030791115693595827,rubric_assisted_gradient_boosting,63,63
eastern-province-cys,116,Lucidya,Technical Internship or Coop – Lucidya,77.0,77.94571572900976,0.9457157290097626,rubric_assisted_gradient_boosting,5,5
eastern-province-cys,117,Diriyah Company,Diriyah Co-op Training Program,54.0,54.0545196995823,0.05451969958230052,rubric_assisted_gradient_boosting,90,89
eastern-province-cys,118,Riyadh Air,Co-op – Riyadh Air,54.0,54.0545196995823,0.05451969958230052,rubric_assisted_gradient_boosting,90,89
eastern-province-cys,119,Jahez Group,Jahez Internship Program (as described in Sustainability Report),44.0,43.788134189909435,0.21186581009056482,rubric_assisted_gradient_boosting,135,135
eastern-province-cys,120,Lumi | لومي,COOP Intern 2025 – Lumi,54.0,54.0545196995823,0.05451969958230052,rubric_assisted_gradient_boosting,90,89
eastern-province-cys,121,webook.com,COOP Trainee Opportunities – webook.com,54.0,54.0545196995823,0.05451969958230052,rubric_assisted_gradient_boosting,90,89
eastern-province-cys,122,moneymoon,Tech & AI Co-op Program 2025,77.0,77.94571572900976,0.9457157290097626,rubric_assisted_gradient_boosting,5,5
eastern-province-cys,123,EjadTech - إيجاد التقنية,"Summer Internship Program 2025 (Computer, Data, and AI Majors)",31.0,31.031314898755415,0.031314898755415044,rubric_assisted_gradient_boosting,165,165
eastern-province-cys,124,InnovationTeam,Java Microservices Internship Programme (Saudi Nationals),49.5,50.618079885230394,1.1180798852303937,rubric_assisted_gradient_boosting,107,106
eastern-province-cys,125,Tamkeen Technologies,On the Job Training (Internship Program) — Technology field,48.5,48.38487915180003,0.1151208481999717,rubric_assisted_gradient_boosting,108,108
eastern-province-cys,126,Trendyol Group,Trendyol Tech Talent - Bootcamp & COOP Internship Program (Saudi Students Only),41.0,41.17921071880664,0.17921071880663675,rubric_assisted_gradient_boosting,139,139
eastern-province-cys,127,Ninja نينجا,COOP Training Program,41.0,41.17921071880664,0.17921071880663675,rubric_assisted_gradient_boosting,139,139
eastern-province-cys,128,SCAI | سكاي,CO-OP Training Opportunities (Intern),72.5,71.82186838685318,0.6781316131468174,rubric_assisted_gradient_boosting,36,36
eastern-province-cys,129,WalaPlus,Coop & Tamheer Opportunities,58.5,58.459241260060416,0.04075873993958368,rubric_assisted_gradient_boosting,63,77
eastern-province-cys,130,Aon,IT Co-op Trainee 2026,58.5,58.459241260060416,0.04075873993958368,rubric_assisted_gradient_boosting,63,77
eastern-province-cys,131,Hewlett Packard Enterprise (HPE),College Intern (Coop),58.5,58.459241260060416,0.04075873993958368,rubric_assisted_gradient_boosting,63,77
eastern-province-cys,132,Signify,KSA Coop Internship Program,58.5,58.459241260060416,0.04075873993958368,rubric_assisted_gradient_boosting,63,77
eastern-province-cys,133,Help AG (e& enterprise),Cybersecurity Intern,67.0,68.01892115302604,1.0189211530260422,rubric_assisted_gradient_boosting,44,42
eastern-province-cys,134,TrendAI (Trend Micro),CyberGATE Internship Program,67.0,68.01892115302604,1.0189211530260422,rubric_assisted_gradient_boosting,44,42
eastern-province-cys,135,Golf Saudi,IT Co-op Trainee,58.5,58.459241260060416,0.04075873993958368,rubric_assisted_gradient_boosting,63,77
eastern-province-cys,136,Siemens Healthineers,Healthineers Early Talent Program – IT (Riyadh),48.5,47.76183297598294,0.7381670240170592,rubric_assisted_gradient_boosting,108,121
eastern-province-cys,137,1957 Ventures,Internship / Co-Op Program,44.5,44.3068097331353,0.19319026686469698,rubric_assisted_gradient_boosting,130,130
eastern-province-cys,138,Nokia,Graduate Trainee (Saudi Arabia) – Fledgers Program,48.5,47.76183297598294,0.7381670240170592,rubric_assisted_gradient_boosting,108,121
eastern-province-cys,139,Ericsson,Summer Interns (Ericsson Saudi),48.5,47.76183297598294,0.7381670240170592,rubric_assisted_gradient_boosting,108,121
eastern-province-cys,140,Bosch Middle East,Software Development Intern (AI/Cloud),53.0,53.643583001660495,0.6435830016604953,rubric_assisted_gradient_boosting,103,102
eastern-province-cys,141,Saudi Payments | المدفوعات السعودية,COOP Training – August 2024,77.0,77.94571572900976,0.9457157290097626,rubric_assisted_gradient_boosting,5,5
eastern-province-cys,142,Saudi Tadawul Group | تداول,Cooperative Training Program (COOP),77.0,77.94571572900976,0.9457157290097626,rubric_assisted_gradient_boosting,5,5
eastern-province-cys,143,Lean Technologies,Software Engineering Intern – KSA,34.5,34.477586943693105,0.022413056306895385,rubric_assisted_gradient_boosting,154,154
eastern-province-cys,144,Mirai (Scopely) | مِراي,AI Engineering Intern (GenAI),34.5,34.477586943693105,0.022413056306895385,rubric_assisted_gradient_boosting,154,154
eastern-province-cys,145,HungerStation | هنقرستيشن,"Co-OP Trainee, Data Analysis – Info Sec",77.0,77.94571572900976,0.9457157290097626,rubric_assisted_gradient_boosting,5,5
eastern-province-cys,146,NCGR | المركز الوطني لنظم الموارد الحكومية,Coop Training Program,77.0,77.94571572900976,0.9457157290097626,rubric_assisted_gradient_boosting,5,5
eastern-province-cys,147,nybl,nybl Graduate Programme – Saudi Nationals (AI Bootcamp),30.0,30.23112373376215,0.2311237337621499,rubric_assisted_gradient_boosting,168,168
eastern-province-cys,148,Procter & Gamble (P&G),P&G LEADgen Internship Program 2026 (Riyadh),34.5,34.477586943693105,0.022413056306895385,rubric_assisted_gradient_boosting,154,154
eastern-province-cys,149,New Murabba | المربع الجديد,New Murabba Co-op Training Program,58.5,58.530791115693596,0.030791115693595827,rubric_assisted_gradient_boosting,63,63
eastern-province-cys,150,Boeing Saudi Arabia Limited,Intern - Info Technology & Data Analytics (Riyadh),67.0,68.01892115302604,1.0189211530260422,rubric_assisted_gradient_boosting,44,42
eastern-province-cys,151,Motorola Solutions,Deployment Engineer Intern (KSA National - Tamheer Program),68.5,67.77399072002582,0.7260092799741784,rubric_assisted_gradient_boosting,42,48
eastern-province-cys,152,Schneider Electric,Co-op Intern (Engineering) - Al Khobar (Jan–Aug 2026),82.5,82.16710168467098,0.33289831532901815,rubric_assisted_gradient_boosting,1,4
eastern-province-cys,153,Lockheed Martin,Tamheer Space Internship (Riyadh),48.5,48.38487915180003,0.1151208481999717,rubric_assisted_gradient_boosting,108,108
eastern-province-cys,154,Markaba | مركبة,Start-up Software Intern – TAMHEER (Saudi nationals only),45.0,44.77999426106425,0.22000573893574682,rubric_assisted_gradient_boosting,126,126
eastern-province-cys,155,Laverne Group | مجموعة لافيرن,Data Analyst / Data Engineer Intern (IT Department),67.0,68.01892115302604,1.0189211530260422,rubric_assisted_gradient_boosting,44,42
eastern-province-cys,156,Meel | ميل,"Software Developer Internship (Remote, min 2 months)",48.5,48.32692333896013,0.17307666103987174,rubric_assisted_gradient_boosting,108,118
eastern-province-cys,157,Nahdi Medical Co.,IT Internship / COOP Program (6 months),63.5,63.43351967239456,0.06648032760543998,rubric_assisted_gradient_boosting,50,56
eastern-province-cys,158,SMART Technology Solutions | سمارت لحلول التقنية,R&D Intern (Riyadh),48.5,48.38487915180003,0.1151208481999717,rubric_assisted_gradient_boosting,108,108
eastern-province-cys,159,Knodemy Inc.,AI Developer & Tech Trainer Intern - Riyadh,48.5,48.38487915180003,0.1151208481999717,rubric_assisted_gradient_boosting,108,108
eastern-province-cys,160,Water Transmission Company | شركة نقل المياه,Tamheer Internship Program (HRIS / Engineering & PM - Riyadh),48.5,48.38487915180003,0.1151208481999717,rubric_assisted_gradient_boosting,108,108
eastern-province-cys,161,AFNOYS,"AI Automation Intern - KSA (Remote, 4 weeks)",48.5,48.32692333896013,0.17307666103987174,rubric_assisted_gradient_boosting,108,118
eastern-province-cys,162,SAS,CareerStart@SAS 2026 - Presales Customer Intelligence Intern (Riyadh),33.0,33.53461593069751,0.5346159306975125,rubric_assisted_gradient_boosting,161,161
eastern-province-cys,163,Devoteam,Trainee - Future Leaders Program (Co-op/Fresh Graduate),73.5,74.11188984498129,0.6118898449812917,rubric_assisted_gradient_boosting,35,35
eastern-province-cys,164,ضالتي Dhallaty,Tech Intern: Fresh Grad or Student,47.0,46.86781997718603,0.13218002281396934,rubric_assisted_gradient_boosting,124,124
eastern-province-cys,165,Innovative Solutions SA,Presales - Tamheer,63.5,64.38979036809246,0.8897903680924628,rubric_assisted_gradient_boosting,50,49
eastern-province-cys,166,HUMAIN,Tamheer Program (Software Engineer / Cybersecurity / MIS),63.5,64.38979036809246,0.8897903680924628,rubric_assisted_gradient_boosting,50,49
eastern-province-cys,167,TAM | تام,"Tamheer Opportunity, Advisory",5.5,5.878716182098707,0.3787161820987066,rubric_assisted_gradient_boosting,173,173
eastern-province-cys,168,هيئة التأمين | Insurance Authority,Tamheer Opportunity - Specialist of Information Security,63.5,64.38979036809246,0.8897903680924628,rubric_assisted_gradient_boosting,50,49
eastern-province-cys,169,Snbla | سنبله,Paid Internship Program (FinTech),33.0,33.53461593069751,0.5346159306975125,rubric_assisted_gradient_boosting,161,161
eastern-province-cys,170,2P Perfect Presentation,Data Analyst (Tamheer),31.0,31.031314898755415,0.031314898755415044,rubric_assisted_gradient_boosting,165,165
eastern-province-cys,171,Infosys,Summer Intern (Infosys InStep ’26 – Bangalore),33.0,33.02082011214925,0.020820112149252168,rubric_assisted_gradient_boosting,161,163
eastern-province-cys,172,شركة الخدمات المدارة | Managed Services Company,Intern Cybersecurity Engineer,63.5,64.38979036809246,0.8897903680924628,rubric_assisted_gradient_boosting,50,49
eastern-province-cys,173,Abunayyan Holding,Data Analyst (Tamheer),31.0,31.031314898755415,0.031314898755415044,rubric_assisted_gradient_boosting,165,165
remote-only-de,1,Saudi Aramco,University Internship Program (UIP),34.5,36.058174277244476,1.5581742772444755,rubric_assisted_gradient_boosting,98,98
remote-only-de,2,SABIC,COOP Training Program,37.5,38.54268582117136,1.0426858211713608,rubric_assisted_gradient_boosting,89,89
remote-only-de,3,stc (Saudi Telecom Company),Cooperative Training Program (COOP),34.5,36.058174277244476,1.5581742772444755,rubric_assisted_gradient_boosting,98,98
remote-only-de,4,Saudi National Bank (SNB),SNB Cooperative Training Program,58.5,59.05281575395923,0.55281575395923,rubric_assisted_gradient_boosting,4,4
remote-only-de,5,Al Rajhi Bank,Cooperative Training Program,58.5,59.05281575395923,0.55281575395923,rubric_assisted_gradient_boosting,4,4
remote-only-de,6,Capital Market Authority (CMA),COOP Program,48.5,50.08723868887581,1.5872386888758072,rubric_assisted_gradient_boosting,32,32
remote-only-de,7,Digital Government Authority (DGA),Maidan Cooperative Training Program,34.5,36.058174277244476,1.5581742772444755,rubric_assisted_gradient_boosting,98,98
remote-only-de,8,KPMG Saudi Arabia,COOP & Internship Programs,44.5,45.16754649028214,0.6675464902821417,rubric_assisted_gradient_boosting,71,74
remote-only-de,9,PwC Middle East,"Deals, COOP and Summer Internship Programme (2026)",34.5,36.058174277244476,1.5581742772444755,rubric_assisted_gradient_boosting,98,98
remote-only-de,10,Deloitte Middle East (KSA),Jusoor Al Sharqiyah Internship Program,34.5,36.058174277244476,1.5581742772444755,rubric_assisted_gradient_boosting,98,98
remote-only-de,11,Bank Albilad,Cooperative & Summer Training Program,58.5,59.05281575395923,0.55281575395923,rubric_assisted_gradient_boosting,4,4
remote-only-de,12,Tamara,Tamara Builders Program,48.5,50.08723868887581,1.5872386888758072,rubric_assisted_gradient_boosting,32,32
remote-only-de,13,Bupa Arabia,Cooperative Training Program,34.5,36.058174277244476,1.5581742772444755,rubric_assisted_gradient_boosting,98,98
remote-only-de,14,Saudi Exports (Saudi Export Development Authority),COOP & Summer Training (FAQ-confirmed),44.5,45.16754649028214,0.6675464902821417,rubric_assisted_gradient_boosting,71,74
remote-only-de,15,Local Content and Government Procurement Authority (LCGPA),COOP Training (role posting),34.5,36.058174277244476,1.5581742772444755,rubric_assisted_gradient_boosting,98,98
remote-only-de,16,McKinsey & Company (Maqdira),Maqdira Fellowship Program,34.5,36.058174277244476,1.5581742772444755,rubric_assisted_gradient_boosting,98,98
remote-only-de,17,Boston Consulting Group (BCG),Visiting Associate Internship (Riyadh),34.5,36.058174277244476,1.5581742772444755,rubric_assisted_gradient_boosting,98,98
remote-only-de,18,Bain & Company,COOP Training Program (Riyadh),34.5,36.058174277244476,1.5581742772444755,rubric_assisted_gradient_boosting,98,98
remote-only-de,19,Amazon Web Services (AWS),IT/Computer Hardware Internship (Intern-to-FTE Pathway),34.5,36.058174277244476,1.5581742772444755,rubric_assisted_gradient_boosting,98,98
remote-only-de,20,Amazon Web Services (AWS) - Associate Solutions Architect Intern,Associate Solutions Architect Intern (2026),34.5,36.058174277244476,1.5581742772444755,rubric_assisted_gradient_boosting,98,98
remote-only-de,21,Google (Saudi Arabia),Google Careers (Saudi location filter),33.0,33.53461593069751,0.5346159306975125,rubric_assisted_gradient_boosting,165,165
remote-only-de,22,BlackRock,Client & Product Summer Internship Programme (EMEA) - includes Riyadh,44.5,47.00320730179097,2.5032073017909724,rubric_assisted_gradient_boosting,71,68
remote-only-de,23,noon,Student Internship,34.5,36.058174277244476,1.5581742772444755,rubric_assisted_gradient_boosting,98,98
remote-only-de,24,MOZN,Data Science Intern,54.5,55.344402456999156,0.8444024569991555,rubric_assisted_gradient_boosting,10,10
remote-only-de,25,Elm,Elm Co-op Training Program (March 2026 Intake),34.5,36.058174277244476,1.5581742772444755,rubric_assisted_gradient_boosting,98,98
remote-only-de,26,Yasref,Yasref Cooperative Training Program,37.5,38.54268582117136,1.0426858211713608,rubric_assisted_gradient_boosting,89,89
remote-only-de,27,"Saudi Standards, Metrology and Quality Organization (SASO)",Cooperative Training (Collaborative Training),34.5,36.058174277244476,1.5581742772444755,rubric_assisted_gradient_boosting,98,98
remote-only-de,28,"Zakat, Tax and Customs Authority (ZATCA)",Binaa-Alkafaat Program,39.5,39.650806704914835,0.15080670491483517,rubric_assisted_gradient_boosting,86,88
remote-only-de,29,Human Resources Development Fund (HRDF) – Cooperative Training Product,Cooperative Training (HRDF product),25.0,25.65375275689343,0.6537527568934287,rubric_assisted_gradient_boosting,171,171
remote-only-de,30,EXPRO,COOP Training (Future Makers Program),34.5,36.058174277244476,1.5581742772444755,rubric_assisted_gradient_boosting,98,98
remote-only-de,31,Ministry of Industry and Mineral Resources (MIM) – Cooperative Training Initiative,Cooperative Training Initiative,25.0,25.65375275689343,0.6537527568934287,rubric_assisted_gradient_boosting,171,171
remote-only-de,32,TBC (The Beauty Company),Cooperative Training Program,44.5,45.16754649028214,0.6675464902821417,rubric_assisted_gradient_boosting,71,74
remote-only-de,33,National Center for Vegetation Cover Development & Combating Desertification (NCVC),COOP Training Program,34.5,36.058174277244476,1.5581742772444755,rubric_assisted_gradient_boosting,98,98
remote-only-de,34,Saudi Power Procurement Company (SPPC),Future Power – COOP Training Program,34.5,36.058174277244476,1.5581742772444755,rubric_assisted_gradient_boosting,98,98
remote-only-de,35,TBC (Tatweer Building Company),Cooperative Training Program,34.5,36.058174277244476,1.5581742772444755,rubric_assisted_gradient_boosting,98,98
remote-only-de,36,PwC Middle East (Assurance COOP & Summer Internship Programme 2026),"Assurance, COOP and Summer Internship Programme 2026 – Middle East",34.5,36.058174277244476,1.5581742772444755,rubric_assisted_gradient_boosting,98,98
remote-only-de,37,KAPSARC,Intern (Coop- Trainee),48.5,50.08723868887581,1.5872386888758072,rubric_assisted_gradient_boosting,32,32
remote-only-de,38,BSF (Banque Saudi Fransi),COOP / Internship,34.5,36.058174277244476,1.5581742772444755,rubric_assisted_gradient_boosting,98,98
remote-only-de,39,Saudi Food & Drug Authority (SFDA),COOP training (First semester 2025-2026 intake),44.5,45.16754649028214,0.6675464902821417,rubric_assisted_gradient_boosting,71,74
remote-only-de,40,Saudi Power Procurement Company (SPPC) – Future Power (Business Admin COOP),Future Power – Business Administration COOP Training Program,34.5,36.058174277244476,1.5581742772444755,rubric_assisted_gradient_boosting,98,98
remote-only-de,41,Bank Albilad,Cooperative and Summer Training Program,48.5,50.08723868887581,1.5872386888758072,rubric_assisted_gradient_boosting,32,32
remote-only-de,42,The Saudi National Bank (SNB),SNB Rowad Program,43.5,43.8251826024528,0.3251826024527986,rubric_assisted_gradient_boosting,80,80
remote-only-de,43,National Cybersecurity Authority (NCA) – Academy,Cybersecurity training programs (academy),39.5,39.799833025124244,0.2998330251242436,rubric_assisted_gradient_boosting,86,87
remote-only-de,44,PIF | Graduate Development Program,Graduate Development Program (GDP),39.5,40.08971720536959,0.5897172053695883,rubric_assisted_gradient_boosting,86,86
remote-only-de,45,NEOM | GrOW (Graduates Opportunities in Work),GrOW (Graduates Opportunities in Work),41.0,40.77684471702779,0.22315528297220766,rubric_assisted_gradient_boosting,84,85
remote-only-de,46,ROSHN | COOP Trainee Program,COOP Trainee Program,34.5,36.058174277244476,1.5581742772444755,rubric_assisted_gradient_boosting,98,98
remote-only-de,47,Microsoft | Ru'aa Program (Riyadh),Ru'aa Program Internship (Solution Engineering),48.5,50.08723868887581,1.5872386888758072,rubric_assisted_gradient_boosting,32,32
remote-only-de,48,Oracle | Business Development Intern (KSA market),Business Development Intern (KSA market),46.0,46.2935845023951,0.2935845023950989,rubric_assisted_gradient_boosting,68,71
remote-only-de,49,SAP | Student Internship (Riyadh),Student Internship - Riyadh,34.5,36.058174277244476,1.5581742772444755,rubric_assisted_gradient_boosting,98,98
remote-only-de,50,SAB (Saudi Awwal Bank) | Cooperative Training Programme (COOP),SAB Cooperative Training Programme (COOP),48.5,50.08723868887581,1.5872386888758072,rubric_assisted_gradient_boosting,32,32
remote-only-de,51,Ministry of Finance (Saudi Arabia) | Cooperative Training Program,Cooperative Training Program,36.0,37.36330139398093,1.363301393980933,rubric_assisted_gradient_boosting,92,92
remote-only-de,52,Ministry of Industry and Mineral Resources | Cooperative Training,Cooperative Training Initiative,46.0,46.2935845023951,0.2935845023950989,rubric_assisted_gradient_boosting,68,71
remote-only-de,53,King Fahd Causeway Authority | Internship Program,Internship Program,41.0,41.79533458230977,0.7953345823097706,rubric_assisted_gradient_boosting,84,84
remote-only-de,54,Tawuniya | Tamheer Program (Fresh Graduates),Tamheer Program,32.5,32.96374328815702,0.46374328815701915,rubric_assisted_gradient_boosting,166,166
remote-only-de,55,SAMA | SAMA Professional Program (SPP),SAMA Professional Program (SPP),31.0,31.031314898755415,0.031314898755415044,rubric_assisted_gradient_boosting,168,168
remote-only-de,56,HRDF | Cooperative Training Product,Cooperative Training Product,46.0,46.2935845023951,0.2935845023950989,rubric_assisted_gradient_boosting,68,71
remote-only-de,57,IBM,"Automation, Data & AI – Intern",50.0,51.314858060423695,1.3148580604236955,rubric_assisted_gradient_boosting,26,26
remote-only-de,58,Unifonic,Internship (Unifonic),34.5,36.058174277244476,1.5581742772444755,rubric_assisted_gradient_boosting,98,98
remote-only-de,59,Misk Foundation,Misk Traineeship / Internship Program,32.5,32.96374328815702,0.46374328815701915,rubric_assisted_gradient_boosting,166,166
remote-only-de,60,Cisco,Cisco NetVersity (Saudi Arabia),42.5,42.651028551646654,0.15102855164665385,rubric_assisted_gradient_boosting,83,83
remote-only-de,61,KAUST,Visiting Student Research Program (VSRP) Internship,48.5,50.08723868887581,1.5872386888758072,rubric_assisted_gradient_boosting,32,32
remote-only-de,62,General Authority for Statistics (GASTAT),Cooperative Training Program,44.5,47.00320730179097,2.5032073017909724,rubric_assisted_gradient_boosting,71,68
remote-only-de,63,Saudi Center for Opinion Polling (SCOP),Cooperative Training Program,44.5,47.00320730179097,2.5032073017909724,rubric_assisted_gradient_boosting,71,68
remote-only-de,64,Al Rajhi Takaful,Cooperative Training Program,48.5,50.08723868887581,1.5872386888758072,rubric_assisted_gradient_boosting,32,32
remote-only-de,65,Expenditure & Projects Efficiency Authority (EXPRO),Future Makers (صنّاع المستقبل) – Cooperative Training,34.5,36.058174277244476,1.5581742772444755,rubric_assisted_gradient_boosting,98,98
remote-only-de,66,Ministry of Finance (Saudi Arabia),Cooperative Training Program (Ministry of Finance),34.5,36.058174277244476,1.5581742772444755,rubric_assisted_gradient_boosting,98,98
remote-only-de,67,General Entertainment Authority (GEA),GEA Cooperative Training Program,34.5,36.058174277244476,1.5581742772444755,rubric_assisted_gradient_boosting,98,98
remote-only-de,68,Banque Saudi Fransi (BSF),COOP Training,34.5,36.058174277244476,1.5581742772444755,rubric_assisted_gradient_boosting,98,98
remote-only-de,69,Arab National Bank (ANB),COOP Trainee,48.5,50.08723868887581,1.5872386888758072,rubric_assisted_gradient_boosting,32,32
remote-only-de,70,Tamara,Builders Program,48.5,50.08723868887581,1.5872386888758072,rubric_assisted_gradient_boosting,32,32
remote-only-de,71,OmniOps,Co‑op Training Program,48.5,50.08723868887581,1.5872386888758072,rubric_assisted_gradient_boosting,32,32
remote-only-de,72,Tatweer Educational Technologies (TETCO),Cooperative Training Program,48.5,50.08723868887581,1.5872386888758072,rubric_assisted_gradient_boosting,32,32
remote-only-de,73,The Saudi Investment Bank (SAIB),Cooperative Program,48.5,50.08723868887581,1.5872386888758072,rubric_assisted_gradient_boosting,32,32
remote-only-de,74,Saudi Awwal Bank (SAB),COOP Program,48.5,50.08723868887581,1.5872386888758072,rubric_assisted_gradient_boosting,32,32
remote-only-de,75,Riyad Bank,Internships and Coop Trainings (CSR 2019),48.5,50.08723868887581,1.5872386888758072,rubric_assisted_gradient_boosting,32,32
remote-only-de,76,Tabby,Intern DevOps Engineer,58.5,57.93030856093695,0.5696914390630496,rubric_assisted_gradient_boosting,4,8
remote-only-de,77,Tabby,Intern Backend (GO) Engineer,61.5,61.082253690908125,0.41774630909187493,rubric_assisted_gradient_boosting,3,3
remote-only-de,78,Tabby,Intern Frontend Engineer,48.5,50.08723868887581,1.5872386888758072,rubric_assisted_gradient_boosting,32,32
remote-only-de,79,Tabby,Intern Data Engineer,54.5,55.344402456999156,0.8444024569991555,rubric_assisted_gradient_boosting,10,10
remote-only-de,80,Tabby,No-Code / AI Agents Engineering Intern,48.5,50.08723868887581,1.5872386888758072,rubric_assisted_gradient_boosting,32,32
remote-only-de,81,Bank Albilad,Cooperative Training Program,58.5,59.05281575395923,0.55281575395923,rubric_assisted_gradient_boosting,4,4
remote-only-de,82,Saudi Ground Services (SGS),COOP Program,34.5,36.058174277244476,1.5581742772444755,rubric_assisted_gradient_boosting,98,98
remote-only-de,83,CEER,Cooperative Training Program (COOP),34.5,36.058174277244476,1.5581742772444755,rubric_assisted_gradient_boosting,98,98
remote-only-de,84,Al Rajhi Takaful,Coop Training Program,48.5,50.08723868887581,1.5872386888758072,rubric_assisted_gradient_boosting,32,32
remote-only-de,85,TAWAL,COOP Training Program,48.5,50.08723868887581,1.5872386888758072,rubric_assisted_gradient_boosting,32,32
remote-only-de,86,Wakeb_Data,COOP Training,48.5,50.08723868887581,1.5872386888758072,rubric_assisted_gradient_boosting,32,32
remote-only-de,87,Banque Saudi Fransi (BSF),Coop Training Program,34.5,36.058174277244476,1.5581742772444755,rubric_assisted_gradient_boosting,98,98
remote-only-de,88,Tech Economy,COOP Training Program,34.5,36.058174277244476,1.5581742772444755,rubric_assisted_gradient_boosting,98,98
remote-only-de,89,SAMI Advanced Electronics (SAMI-AEC),Coop Trainee,34.5,36.058174277244476,1.5581742772444755,rubric_assisted_gradient_boosting,98,98
remote-only-de,90,NHC,COOP Trainee,44.5,45.16754649028214,0.6675464902821417,rubric_assisted_gradient_boosting,71,74
remote-only-de,91,REMAT ADVANCED,Cooperative Training Program,34.5,36.058174277244476,1.5581742772444755,rubric_assisted_gradient_boosting,98,98
remote-only-de,92,SDM,AI COOP,51.5,53.59722299826551,2.097222998265508,rubric_assisted_gradient_boosting,19,16
remote-only-de,93,HUED,HUED COOP Program 2026,48.5,50.08723868887581,1.5872386888758072,rubric_assisted_gradient_boosting,32,32
remote-only-de,94,Araamis • أرامس,Araamis COOP Program 2026,48.5,50.08723868887581,1.5872386888758072,rubric_assisted_gradient_boosting,32,32
remote-only-de,95,ARDARA,COOP Training for Students,34.5,36.058174277244476,1.5581742772444755,rubric_assisted_gradient_boosting,98,98
remote-only-de,96,flynas,COOP Trainee / Internship Program,34.5,36.058174277244476,1.5581742772444755,rubric_assisted_gradient_boosting,98,98
remote-only-de,97,Saudi Motorsport Company (SMC),COOP Trainee (IT Asset Project Management),48.5,50.08723868887581,1.5872386888758072,rubric_assisted_gradient_boosting,32,32
remote-only-de,98,Saudi Motorsport Company (SMC),COOP Trainee (Supply Chain Excellence Associate),34.5,36.058174277244476,1.5581742772444755,rubric_assisted_gradient_boosting,98,98
remote-only-de,99,Mobily,Cooperative Training Program,34.5,36.058174277244476,1.5581742772444755,rubric_assisted_gradient_boosting,98,98
remote-only-de,100,Saudi Awwal Bank (SAB),Student Opportunities: Cooperative / Practical Training,48.5,50.08723868887581,1.5872386888758072,rubric_assisted_gradient_boosting,32,32
remote-only-de,101,Alvarez & Marsal,COOP Training Program,34.5,36.058174277244476,1.5581742772444755,rubric_assisted_gradient_boosting,98,98
remote-only-de,102,Visa,COOP Trainee (Jan 2026),34.5,36.058174277244476,1.5581742772444755,rubric_assisted_gradient_boosting,98,98
remote-only-de,103,Zain KSA,Evolve Program (Fresh Graduates),29.5,29.726187782018968,0.22618778201896816,rubric_assisted_gradient_boosting,169,169
remote-only-de,104,Zain KSA,Zain Pioneers Program,29.5,29.726187782018968,0.22618778201896816,rubric_assisted_gradient_boosting,169,169
remote-only-de,105,Savvy Games Group,Cooperative Training Program (Co-op),34.5,36.058174277244476,1.5581742772444755,rubric_assisted_gradient_boosting,98,98
remote-only-de,106,Bank AlJazira,Tamheer Program,43.5,43.8251826024528,0.3251826024527986,rubric_assisted_gradient_boosting,80,80
remote-only-de,107,sirar by stc,Cooperative Training Program,48.5,50.08723868887581,1.5872386888758072,rubric_assisted_gradient_boosting,32,32
remote-only-de,108,Gathern,Co-op Program,48.5,50.08723868887581,1.5872386888758072,rubric_assisted_gradient_boosting,32,32
remote-only-de,109,Elm Company (شركة علم),Coop Training - Computer Science (Jan/Mar/Jun/Aug 2025 Intake),34.5,36.058174277244476,1.5581742772444755,rubric_assisted_gradient_boosting,98,98
remote-only-de,110,Elm Company (شركة علم),Co-Op Training - Information Technology (Jun & Aug 2025 Intake),34.5,36.058174277244476,1.5581742772444755,rubric_assisted_gradient_boosting,98,98
remote-only-de,111,EJADA,COOP Administration & Support Engineer,34.5,36.058174277244476,1.5581742772444755,rubric_assisted_gradient_boosting,98,98
remote-only-de,112,Emdad By Elm,Network Cooperative Training (Network Intern),34.5,36.058174277244476,1.5581742772444755,rubric_assisted_gradient_boosting,98,98
remote-only-de,113,AILA,Co-op Training Programme,58.5,57.93030856093695,0.5696914390630496,rubric_assisted_gradient_boosting,4,8
remote-only-de,114,Foodics,Foodics 360 Internship Program,34.5,36.058174277244476,1.5581742772444755,rubric_assisted_gradient_boosting,98,98
remote-only-de,115,Salla,برنامج التدريب التعاوني (Coop Training) – Salla,34.5,36.058174277244476,1.5581742772444755,rubric_assisted_gradient_boosting,98,98
remote-only-de,116,Lucidya,Technical Internship or Coop – Lucidya,48.5,50.08723868887581,1.5872386888758072,rubric_assisted_gradient_boosting,32,32
remote-only-de,117,Diriyah Company,Diriyah Co-op Training Program,34.5,36.058174277244476,1.5581742772444755,rubric_assisted_gradient_boosting,98,98
remote-only-de,118,Riyadh Air,Co-op – Riyadh Air,34.5,36.058174277244476,1.5581742772444755,rubric_assisted_gradient_boosting,98,98
remote-only-de,119,Jahez Group,Jahez Internship Program (as described in Sustainability Report),34.5,36.058174277244476,1.5581742772444755,rubric_assisted_gradient_boosting,98,98
remote-only-de,120,Lumi | لومي,COOP Intern 2025 – Lumi,34.5,36.058174277244476,1.5581742772444755,rubric_assisted_gradient_boosting,98,98
remote-only-de,121,webook.com,COOP Trainee Opportunities – webook.com,34.5,36.058174277244476,1.5581742772444755,rubric_assisted_gradient_boosting,98,98
remote-only-de,122,moneymoon,Tech & AI Co-op Program 2025,51.5,53.59722299826551,2.097222998265508,rubric_assisted_gradient_boosting,19,16
remote-only-de,123,EjadTech - إيجاد التقنية,"Summer Internship Program 2025 (Computer, Data, and AI Majors)",53.0,54.46906154902117,1.4690615490211698,rubric_assisted_gradient_boosting,14,14
remote-only-de,124,InnovationTeam,Java Microservices Internship Programme (Saudi Nationals),53.0,54.46906154902117,1.4690615490211698,rubric_assisted_gradient_boosting,14,14
remote-only-de,125,Tamkeen Technologies,On the Job Training (Internship Program) — Technology field,34.5,36.058174277244476,1.5581742772444755,rubric_assisted_gradient_boosting,98,98
remote-only-de,126,Trendyol Group,Trendyol Tech Talent - Bootcamp & COOP Internship Program (Saudi Students Only),36.0,37.36330139398093,1.363301393980933,rubric_assisted_gradient_boosting,92,92
remote-only-de,127,Ninja نينجا,COOP Training Program,36.0,37.36330139398093,1.363301393980933,rubric_assisted_gradient_boosting,92,92
remote-only-de,128,SCAI | سكاي,CO-OP Training Opportunities (Intern),51.5,53.59722299826551,2.097222998265508,rubric_assisted_gradient_boosting,19,16
remote-only-de,129,WalaPlus,Coop & Tamheer Opportunities,34.5,36.058174277244476,1.5581742772444755,rubric_assisted_gradient_boosting,98,98
remote-only-de,130,Aon,IT Co-op Trainee 2026,34.5,36.058174277244476,1.5581742772444755,rubric_assisted_gradient_boosting,98,98
remote-only-de,131,Hewlett Packard Enterprise (HPE),College Intern (Coop),34.5,36.058174277244476,1.5581742772444755,rubric_assisted_gradient_boosting,98,98
remote-only-de,132,Signify,KSA Coop Internship Program,34.5,36.058174277244476,1.5581742772444755,rubric_assisted_gradient_boosting,98,98
remote-only-de,133,Help AG (e& enterprise),Cybersecurity Intern,34.5,36.058174277244476,1.5581742772444755,rubric_assisted_gradient_boosting,98,98
remote-only-de,134,TrendAI (Trend Micro),CyberGATE Internship Program,34.5,36.058174277244476,1.5581742772444755,rubric_assisted_gradient_boosting,98,98
remote-only-de,135,Golf Saudi,IT Co-op Trainee,48.5,50.08723868887581,1.5872386888758072,rubric_assisted_gradient_boosting,32,32
remote-only-de,136,Siemens Healthineers,Healthineers Early Talent Program – IT (Riyadh),34.5,36.058174277244476,1.5581742772444755,rubric_assisted_gradient_boosting,98,98
remote-only-de,137,1957 Ventures,Internship / Co-Op Program,48.5,50.08723868887581,1.5872386888758072,rubric_assisted_gradient_boosting,32,32
remote-only-de,138,Nokia,Graduate Trainee (Saudi Arabia) – Fledgers Program,46.5,47.28120225064781,0.7812022506478087,rubric_assisted_gradient_boosting,67,67
remote-only-de,139,Ericsson,Summer Interns (Ericsson Saudi),48.5,50.08723868887581,1.5872386888758072,rubric_assisted_gradient_boosting,32,32
remote-only-de,140,Bosch Middle East,Software Development Intern (AI/Cloud),51.5,53.59722299826551,2.097222998265508,rubric_assisted_gradient_boosting,19,16
remote-only-de,141,Saudi Payments | المدفوعات السعودية,COOP Training – August 2024,48.5,50.08723868887581,1.5872386888758072,rubric_assisted_gradient_boosting,32,32
remote-only-de,142,Saudi Tadawul Group | تداول,Cooperative Training Program (COOP),48.5,50.08723868887581,1.5872386888758072,rubric_assisted_gradient_boosting,32,32
remote-only-de,143,Lean Technologies,Software Engineering Intern – KSA,54.5,55.344402456999156,0.8444024569991555,rubric_assisted_gradient_boosting,10,10
remote-only-de,144,Mirai (Scopely) | مِراي,AI Engineering Intern (GenAI),51.5,53.59722299826551,2.097222998265508,rubric_assisted_gradient_boosting,19,16
remote-only-de,145,HungerStation | هنقرستيشن,"Co-OP Trainee, Data Analysis – Info Sec",54.5,55.344402456999156,0.8444024569991555,rubric_assisted_gradient_boosting,10,10
remote-only-de,146,NCGR | المركز الوطني لنظم الموارد الحكومية,Coop Training Program,34.5,36.058174277244476,1.5581742772444755,rubric_assisted_gradient_boosting,98,98
remote-only-de,147,nybl,nybl Graduate Programme – Saudi Nationals (AI Bootcamp),43.5,43.8251826024528,0.3251826024527986,rubric_assisted_gradient_boosting,80,80
remote-only-de,148,Procter & Gamble (P&G),P&G LEADgen Internship Program 2026 (Riyadh),34.5,36.058174277244476,1.5581742772444755,rubric_assisted_gradient_boosting,98,98
remote-only-de,149,New Murabba | المربع الجديد,New Murabba Co-op Training Program,34.5,36.058174277244476,1.5581742772444755,rubric_assisted_gradient_boosting,98,98
remote-only-de,150,Boeing Saudi Arabia Limited,Intern - Info Technology & Data Analytics (Riyadh),48.5,50.08723868887581,1.5872386888758072,rubric_assisted_gradient_boosting,32,32
remote-only-de,151,Motorola Solutions,Deployment Engineer Intern (KSA National - Tamheer Program),34.5,36.058174277244476,1.5581742772444755,rubric_assisted_gradient_boosting,98,98
remote-only-de,152,Schneider Electric,Co-op Intern (Engineering) - Al Khobar (Jan–Aug 2026),34.5,36.058174277244476,1.5581742772444755,rubric_assisted_gradient_boosting,98,98
remote-only-de,153,Lockheed Martin,Tamheer Space Internship (Riyadh),34.5,36.058174277244476,1.5581742772444755,rubric_assisted_gradient_boosting,98,98
remote-only-de,154,Markaba | مركبة,Start-up Software Intern – TAMHEER (Saudi nationals only),50.0,51.314858060423695,1.3148580604236955,rubric_assisted_gradient_boosting,26,26
remote-only-de,155,Laverne Group | مجموعة لافيرن,Data Analyst / Data Engineer Intern (IT Department),51.5,53.59722299826551,2.097222998265508,rubric_assisted_gradient_boosting,19,16
remote-only-de,156,Meel | ميل,"Software Developer Internship (Remote, min 2 months)",63.5,63.05255536424837,0.44744463575162996,rubric_assisted_gradient_boosting,1,1
remote-only-de,157,Nahdi Medical Co.,IT Internship / COOP Program (6 months),44.5,45.16754649028214,0.6675464902821417,rubric_assisted_gradient_boosting,71,74
remote-only-de,158,SMART Technology Solutions | سمارت لحلول التقنية,R&D Intern (Riyadh),48.5,50.08723868887581,1.5872386888758072,rubric_assisted_gradient_boosting,32,32
remote-only-de,159,Knodemy Inc.,AI Developer & Tech Trainer Intern - Riyadh,51.5,53.59722299826551,2.097222998265508,rubric_assisted_gradient_boosting,19,16
remote-only-de,160,Water Transmission Company | شركة نقل المياه,Tamheer Internship Program (HRIS / Engineering & PM - Riyadh),48.5,50.08723868887581,1.5872386888758072,rubric_assisted_gradient_boosting,32,32
remote-only-de,161,AFNOYS,"AI Automation Intern - KSA (Remote, 4 weeks)",63.5,63.05255536424837,0.44744463575162996,rubric_assisted_gradient_boosting,1,1
remote-only-de,162,SAS,CareerStart@SAS 2026 - Presales Customer Intelligence Intern (Riyadh),52.0,53.052794200365895,1.052794200365895,rubric_assisted_gradient_boosting,16,23
remote-only-de,163,Devoteam,Trainee - Future Leaders Program (Co-op/Fresh Graduate),50.0,51.314858060423695,1.3148580604236955,rubric_assisted_gradient_boosting,26,26
remote-only-de,164,ضالتي Dhallaty,Tech Intern: Fresh Grad or Student,52.0,53.052794200365895,1.052794200365895,rubric_assisted_gradient_boosting,16,23
remote-only-de,165,Innovative Solutions SA,Presales - Tamheer,36.0,37.36330139398093,1.363301393980933,rubric_assisted_gradient_boosting,92,92
remote-only-de,166,HUMAIN,Tamheer Program (Software Engineer / Cybersecurity / MIS),50.0,51.314858060423695,1.3148580604236955,rubric_assisted_gradient_boosting,26,26
remote-only-de,167,TAM | تام,"Tamheer Opportunity, Advisory",15.0,18.536319395994816,3.5363193959948163,rubric_assisted_gradient_boosting,173,173
remote-only-de,168,هيئة التأمين | Insurance Authority,Tamheer Opportunity - Specialist of Information Security,36.0,37.36330139398093,1.363301393980933,rubric_assisted_gradient_boosting,92,92
remote-only-de,169,Snbla | سنبله,Paid Internship Program (FinTech),52.0,53.052794200365895,1.052794200365895,rubric_assisted_gradient_boosting,16,23
remote-only-de,170,2P Perfect Presentation,Data Analyst (Tamheer),50.0,51.314858060423695,1.3148580604236955,rubric_assisted_gradient_boosting,26,26
remote-only-de,171,Infosys,Summer Intern (Infosys InStep ’26 – Bangalore),37.5,38.54268582117136,1.0426858211713608,rubric_assisted_gradient_boosting,89,89
remote-only-de,172,شركة الخدمات المدارة | Managed Services Company,Intern Cybersecurity Engineer,36.0,37.36330139398093,1.363301393980933,rubric_assisted_gradient_boosting,92,92
remote-only-de,173,Abunayyan Holding,Data Analyst (Tamheer),50.0,51.314858060423695,1.3148580604236955,rubric_assisted_gradient_boosting,26,26
no-interview-ft,1,Saudi Aramco,University Internship Program (UIP),29.5,29.726187782018968,0.22618778201896816,rubric_assisted_gradient_boosting,165,165
no-interview-ft,2,SABIC,COOP Training Program,32.5,32.416437008958354,0.08356299104164577,rubric_assisted_gradient_boosting,163,163
no-interview-ft,3,stc (Saudi Telecom Company),Cooperative Training Program (COOP),39.5,39.650806704914835,0.15080670491483517,rubric_assisted_gradient_boosting,101,102
no-interview-ft,4,Saudi National Bank (SNB),SNB Cooperative Training Program,48.5,47.84082126139317,0.6591787386068333,rubric_assisted_gradient_boosting,82,82
no-interview-ft,5,Al Rajhi Bank,Cooperative Training Program,48.5,47.84082126139317,0.6591787386068333,rubric_assisted_gradient_boosting,82,82
no-interview-ft,6,Capital Market Authority (CMA),COOP Program,53.5,54.09448688693272,0.5944868869327209,rubric_assisted_gradient_boosting,34,35
no-interview-ft,7,Digital Government Authority (DGA),Maidan Cooperative Training Program,39.5,39.650806704914835,0.15080670491483517,rubric_assisted_gradient_boosting,101,102
no-interview-ft,8,KPMG Saudi Arabia,COOP & Internship Programs,34.5,34.4019739095485,0.0980260904514978,rubric_assisted_gradient_boosting,156,156
no-interview-ft,9,PwC Middle East,"Deals, COOP and Summer Internship Programme (2026)",39.5,39.650806704914835,0.15080670491483517,rubric_assisted_gradient_boosting,101,102
no-interview-ft,10,Deloitte Middle East (KSA),Jusoor Al Sharqiyah Internship Program,39.5,39.799833025124244,0.2998330251242436,rubric_assisted_gradient_boosting,101,101
no-interview-ft,11,Bank Albilad,Cooperative & Summer Training Program,48.5,47.84082126139317,0.6591787386068333,rubric_assisted_gradient_boosting,82,82
no-interview-ft,12,Tamara,Tamara Builders Program,53.5,54.09448688693272,0.5944868869327209,rubric_assisted_gradient_boosting,34,35
no-interview-ft,13,Bupa Arabia,Cooperative Training Program,39.5,39.650806704914835,0.15080670491483517,rubric_assisted_gradient_boosting,101,102
no-interview-ft,14,Saudi Exports (Saudi Export Development Authority),COOP & Summer Training (FAQ-confirmed),34.5,34.4019739095485,0.0980260904514978,rubric_assisted_gradient_boosting,156,156
no-interview-ft,15,Local Content and Government Procurement Authority (LCGPA),COOP Training (role posting),39.5,39.650806704914835,0.15080670491483517,rubric_assisted_gradient_boosting,101,102
no-interview-ft,16,McKinsey & Company (Maqdira),Maqdira Fellowship Program,39.5,39.650806704914835,0.15080670491483517,rubric_assisted_gradient_boosting,101,102
no-interview-ft,17,Boston Consulting Group (BCG),Visiting Associate Internship (Riyadh),39.5,39.650806704914835,0.15080670491483517,rubric_assisted_gradient_boosting,101,102
no-interview-ft,18,Bain & Company,COOP Training Program (Riyadh),39.5,39.650806704914835,0.15080670491483517,rubric_assisted_gradient_boosting,101,102
no-interview-ft,19,Amazon Web Services (AWS),IT/Computer Hardware Internship (Intern-to-FTE Pathway),49.5,50.056994902927,0.556994902927002,rubric_assisted_gradient_boosting,70,70
no-interview-ft,20,Amazon Web Services (AWS) - Associate Solutions Architect Intern,Associate Solutions Architect Intern (2026),49.5,50.056994902927,0.556994902927002,rubric_assisted_gradient_boosting,70,70
no-interview-ft,21,Google (Saudi Arabia),Google Careers (Saudi location filter),39.5,39.650806704914835,0.15080670491483517,rubric_assisted_gradient_boosting,101,102
no-interview-ft,22,BlackRock,Client & Product Summer Internship Programme (EMEA) - includes Riyadh,69.5,69.31094518223414,0.1890548177658644,rubric_assisted_gradient_boosting,2,2
no-interview-ft,23,noon,Student Internship,49.5,50.056994902927,0.556994902927002,rubric_assisted_gradient_boosting,70,70
no-interview-ft,24,MOZN,Data Science Intern,69.5,69.31094518223414,0.1890548177658644,rubric_assisted_gradient_boosting,2,2
no-interview-ft,25,Elm,Elm Co-op Training Program (March 2026 Intake),39.5,39.650806704914835,0.15080670491483517,rubric_assisted_gradient_boosting,101,102
no-interview-ft,26,Yasref,Yasref Cooperative Training Program,32.5,32.416437008958354,0.08356299104164577,rubric_assisted_gradient_boosting,163,163
no-interview-ft,27,"Saudi Standards, Metrology and Quality Organization (SASO)",Cooperative Training (Collaborative Training),39.5,39.650806704914835,0.15080670491483517,rubric_assisted_gradient_boosting,101,102
no-interview-ft,28,"Zakat, Tax and Customs Authority (ZATCA)",Binaa-Alkafaat Program,34.5,34.4019739095485,0.0980260904514978,rubric_assisted_gradient_boosting,156,156
no-interview-ft,29,Human Resources Development Fund (HRDF) – Cooperative Training Product,Cooperative Training (HRDF product),15.0,15.530882040230923,0.5308820402309227,rubric_assisted_gradient_boosting,172,172
no-interview-ft,30,EXPRO,COOP Training (Future Makers Program),39.5,39.650806704914835,0.15080670491483517,rubric_assisted_gradient_boosting,101,102
no-interview-ft,31,Ministry of Industry and Mineral Resources (MIM) – Cooperative Training Initiative,Cooperative Training Initiative,15.0,15.530882040230923,0.5308820402309227,rubric_assisted_gradient_boosting,172,172
no-interview-ft,32,TBC (The Beauty Company),Cooperative Training Program,34.5,34.4019739095485,0.0980260904514978,rubric_assisted_gradient_boosting,156,156
no-interview-ft,33,National Center for Vegetation Cover Development & Combating Desertification (NCVC),COOP Training Program,39.5,39.650806704914835,0.15080670491483517,rubric_assisted_gradient_boosting,101,102
no-interview-ft,34,Saudi Power Procurement Company (SPPC),Future Power – COOP Training Program,39.5,39.650806704914835,0.15080670491483517,rubric_assisted_gradient_boosting,101,102
no-interview-ft,35,TBC (Tatweer Building Company),Cooperative Training Program,39.5,39.650806704914835,0.15080670491483517,rubric_assisted_gradient_boosting,101,102
no-interview-ft,36,PwC Middle East (Assurance COOP & Summer Internship Programme 2026),"Assurance, COOP and Summer Internship Programme 2026 – Middle East",39.5,39.650806704914835,0.15080670491483517,rubric_assisted_gradient_boosting,101,102
no-interview-ft,37,KAPSARC,Intern (Coop- Trainee),53.5,54.09448688693272,0.5944868869327209,rubric_assisted_gradient_boosting,34,35
no-interview-ft,38,BSF (Banque Saudi Fransi),COOP / Internship,29.5,29.726187782018968,0.22618778201896816,rubric_assisted_gradient_boosting,165,165
no-interview-ft,39,Saudi Food & Drug Authority (SFDA),COOP training (First semester 2025-2026 intake),34.5,34.4019739095485,0.0980260904514978,rubric_assisted_gradient_boosting,156,156
no-interview-ft,40,Saudi Power Procurement Company (SPPC) – Future Power (Business Admin COOP),Future Power – Business Administration COOP Training Program,39.5,39.650806704914835,0.15080670491483517,rubric_assisted_gradient_boosting,101,102
no-interview-ft,41,Bank Albilad,Cooperative and Summer Training Program,53.5,54.09448688693272,0.5944868869327209,rubric_assisted_gradient_boosting,34,35
no-interview-ft,42,The Saudi National Bank (SNB),SNB Rowad Program,53.5,54.09448688693272,0.5944868869327209,rubric_assisted_gradient_boosting,34,35
no-interview-ft,43,National Cybersecurity Authority (NCA) – Academy,Cybersecurity training programs (academy),44.5,45.16754649028214,0.6675464902821417,rubric_assisted_gradient_boosting,88,88
no-interview-ft,44,PIF | Graduate Development Program,Graduate Development Program (GDP),59.5,59.25197773958124,0.2480222604187574,rubric_assisted_gradient_boosting,23,23
no-interview-ft,45,NEOM | GrOW (Graduates Opportunities in Work),GrOW (Graduates Opportunities in Work),36.0,35.669085770096764,0.33091422990323593,rubric_assisted_gradient_boosting,153,153
no-interview-ft,46,ROSHN | COOP Trainee Program,COOP Trainee Program,39.5,39.650806704914835,0.15080670491483517,rubric_assisted_gradient_boosting,101,102
no-interview-ft,47,Microsoft | Ru'aa Program (Riyadh),Ru'aa Program Internship (Solution Engineering),63.5,63.33728075630254,0.1627192436974596,rubric_assisted_gradient_boosting,10,10
no-interview-ft,48,Oracle | Business Development Intern (KSA market),Business Development Intern (KSA market),46.0,45.51030911061383,0.4896908893861678,rubric_assisted_gradient_boosting,86,86
no-interview-ft,49,SAP | Student Internship (Riyadh),Student Internship - Riyadh,49.5,50.056994902927,0.556994902927002,rubric_assisted_gradient_boosting,70,70
no-interview-ft,50,SAB (Saudi Awwal Bank) | Cooperative Training Programme (COOP),SAB Cooperative Training Programme (COOP),53.5,54.09448688693272,0.5944868869327209,rubric_assisted_gradient_boosting,34,35
no-interview-ft,51,Ministry of Finance (Saudi Arabia) | Cooperative Training Program,Cooperative Training Program,41.0,40.77684471702779,0.22315528297220766,rubric_assisted_gradient_boosting,94,94
no-interview-ft,52,Ministry of Industry and Mineral Resources | Cooperative Training,Cooperative Training Initiative,36.0,35.669085770096764,0.33091422990323593,rubric_assisted_gradient_boosting,153,153
no-interview-ft,53,King Fahd Causeway Authority | Internship Program,Internship Program,46.0,45.51030911061383,0.4896908893861678,rubric_assisted_gradient_boosting,86,86
no-interview-ft,54,Tawuniya | Tamheer Program (Fresh Graduates),Tamheer Program,42.5,42.651028551646654,0.15102855164665385,rubric_assisted_gradient_boosting,91,91
no-interview-ft,55,SAMA | SAMA Professional Program (SPP),SAMA Professional Program (SPP),41.0,40.77684471702779,0.22315528297220766,rubric_assisted_gradient_boosting,94,94
no-interview-ft,56,HRDF | Cooperative Training Product,Cooperative Training Product,36.0,35.669085770096764,0.33091422990323593,rubric_assisted_gradient_boosting,153,153
no-interview-ft,57,IBM,"Automation, Data & AI – Intern",65.0,64.39064606135409,0.6093539386459099,rubric_assisted_gradient_boosting,8,8
no-interview-ft,58,Unifonic,Internship (Unifonic),49.5,50.056994902927,0.556994902927002,rubric_assisted_gradient_boosting,70,70
no-interview-ft,59,Misk Foundation,Misk Traineeship / Internship Program,42.5,42.651028551646654,0.15102855164665385,rubric_assisted_gradient_boosting,91,91
no-interview-ft,60,Cisco,Cisco NetVersity (Saudi Arabia),37.5,37.63952941568655,0.1395294156865532,rubric_assisted_gradient_boosting,152,152
no-interview-ft,61,KAUST,Visiting Student Research Program (VSRP) Internship,53.5,54.4214306807827,0.9214306807826986,rubric_assisted_gradient_boosting,34,34
no-interview-ft,62,General Authority for Statistics (GASTAT),Cooperative Training Program,59.5,59.25197773958124,0.2480222604187574,rubric_assisted_gradient_boosting,23,23
no-interview-ft,63,Saudi Center for Opinion Polling (SCOP),Cooperative Training Program,59.5,59.25197773958124,0.2480222604187574,rubric_assisted_gradient_boosting,23,23
no-interview-ft,64,Al Rajhi Takaful,Cooperative Training Program,53.5,54.09448688693272,0.5944868869327209,rubric_assisted_gradient_boosting,34,35
no-interview-ft,65,Expenditure & Projects Efficiency Authority (EXPRO),Future Makers (صنّاع المستقبل) – Cooperative Training,39.5,39.650806704914835,0.15080670491483517,rubric_assisted_gradient_boosting,101,102
no-interview-ft,66,Ministry of Finance (Saudi Arabia),Cooperative Training Program (Ministry of Finance),39.5,39.650806704914835,0.15080670491483517,rubric_assisted_gradient_boosting,101,102
no-interview-ft,67,General Entertainment Authority (GEA),GEA Cooperative Training Program,39.5,39.650806704914835,0.15080670491483517,rubric_assisted_gradient_boosting,101,102
no-interview-ft,68,Banque Saudi Fransi (BSF),COOP Training,39.5,39.650806704914835,0.15080670491483517,rubric_assisted_gradient_boosting,101,102
no-interview-ft,69,Arab National Bank (ANB),COOP Trainee,53.5,54.09448688693272,0.5944868869327209,rubric_assisted_gradient_boosting,34,35
no-interview-ft,70,Tamara,Builders Program,53.5,54.09448688693272,0.5944868869327209,rubric_assisted_gradient_boosting,34,35
no-interview-ft,71,OmniOps,Co‑op Training Program,53.5,54.09448688693272,0.5944868869327209,rubric_assisted_gradient_boosting,34,35
no-interview-ft,72,Tatweer Educational Technologies (TETCO),Cooperative Training Program,53.5,54.09448688693272,0.5944868869327209,rubric_assisted_gradient_boosting,34,35
no-interview-ft,73,The Saudi Investment Bank (SAIB),Cooperative Program,53.5,54.09448688693272,0.5944868869327209,rubric_assisted_gradient_boosting,34,35
no-interview-ft,74,Saudi Awwal Bank (SAB),COOP Program,53.5,54.09448688693272,0.5944868869327209,rubric_assisted_gradient_boosting,34,35
no-interview-ft,75,Riyad Bank,Internships and Coop Trainings (CSR 2019),53.5,54.09448688693272,0.5944868869327209,rubric_assisted_gradient_boosting,34,35
no-interview-ft,76,Tabby,Intern DevOps Engineer,63.5,63.33728075630254,0.1627192436974596,rubric_assisted_gradient_boosting,10,10
no-interview-ft,77,Tabby,Intern Backend (GO) Engineer,69.5,69.31094518223414,0.1890548177658644,rubric_assisted_gradient_boosting,2,2
no-interview-ft,78,Tabby,Intern Frontend Engineer,63.5,63.33728075630254,0.1627192436974596,rubric_assisted_gradient_boosting,10,10
no-interview-ft,79,Tabby,Intern Data Engineer,69.5,69.31094518223414,0.1890548177658644,rubric_assisted_gradient_boosting,2,2
no-interview-ft,80,Tabby,No-Code / AI Agents Engineering Intern,63.5,63.33728075630254,0.1627192436974596,rubric_assisted_gradient_boosting,10,10
no-interview-ft,81,Bank Albilad,Cooperative Training Program,48.5,47.84082126139317,0.6591787386068333,rubric_assisted_gradient_boosting,82,82
no-interview-ft,82,Saudi Ground Services (SGS),COOP Program,29.5,29.726187782018968,0.22618778201896816,rubric_assisted_gradient_boosting,165,165
no-interview-ft,83,CEER,Cooperative Training Program (COOP),39.5,39.650806704914835,0.15080670491483517,rubric_assisted_gradient_boosting,101,102
no-interview-ft,84,Al Rajhi Takaful,Coop Training Program,53.5,54.09448688693272,0.5944868869327209,rubric_assisted_gradient_boosting,34,35
no-interview-ft,85,TAWAL,COOP Training Program,53.5,54.09448688693272,0.5944868869327209,rubric_assisted_gradient_boosting,34,35
no-interview-ft,86,Wakeb_Data,COOP Training,53.5,54.09448688693272,0.5944868869327209,rubric_assisted_gradient_boosting,34,35
no-interview-ft,87,Banque Saudi Fransi (BSF),Coop Training Program,39.5,39.650806704914835,0.15080670491483517,rubric_assisted_gradient_boosting,101,102
no-interview-ft,88,Tech Economy,COOP Training Program,39.5,39.650806704914835,0.15080670491483517,rubric_assisted_gradient_boosting,101,102
no-interview-ft,89,SAMI Advanced Electronics (SAMI-AEC),Coop Trainee,39.5,39.650806704914835,0.15080670491483517,rubric_assisted_gradient_boosting,101,102
no-interview-ft,90,NHC,COOP Trainee,34.5,34.4019739095485,0.0980260904514978,rubric_assisted_gradient_boosting,156,156
no-interview-ft,91,REMAT ADVANCED,Cooperative Training Program,39.5,39.650806704914835,0.15080670491483517,rubric_assisted_gradient_boosting,101,102
no-interview-ft,92,SDM,AI COOP,53.5,54.09448688693272,0.5944868869327209,rubric_assisted_gradient_boosting,34,35
no-interview-ft,93,HUED,HUED COOP Program 2026,53.5,54.09448688693272,0.5944868869327209,rubric_assisted_gradient_boosting,34,35
no-interview-ft,94,Araamis • أرامس,Araamis COOP Program 2026,53.5,54.09448688693272,0.5944868869327209,rubric_assisted_gradient_boosting,34,35
no-interview-ft,95,ARDARA,COOP Training for Students,39.5,39.650806704914835,0.15080670491483517,rubric_assisted_gradient_boosting,101,102
no-interview-ft,96,flynas,COOP Trainee / Internship Program,39.5,39.650806704914835,0.15080670491483517,rubric_assisted_gradient_boosting,101,102
no-interview-ft,97,Saudi Motorsport Company (SMC),COOP Trainee (IT Asset Project Management),43.5,43.8251826024528,0.3251826024527986,rubric_assisted_gradient_boosting,89,89
no-interview-ft,98,Saudi Motorsport Company (SMC),COOP Trainee (Supply Chain Excellence Associate),29.5,29.726187782018968,0.22618778201896816,rubric_assisted_gradient_boosting,165,165
no-interview-ft,99,Mobily,Cooperative Training Program,39.5,39.650806704914835,0.15080670491483517,rubric_assisted_gradient_boosting,101,102
no-interview-ft,100,Saudi Awwal Bank (SAB),Student Opportunities: Cooperative / Practical Training,53.5,54.09448688693272,0.5944868869327209,rubric_assisted_gradient_boosting,34,35
no-interview-ft,101,Alvarez & Marsal,COOP Training Program,39.5,39.650806704914835,0.15080670491483517,rubric_assisted_gradient_boosting,101,102
no-interview-ft,102,Visa,COOP Trainee (Jan 2026),39.5,39.650806704914835,0.15080670491483517,rubric_assisted_gradient_boosting,101,102
no-interview-ft,103,Zain KSA,Evolve Program (Fresh Graduates),39.5,39.650806704914835,0.15080670491483517,rubric_assisted_gradient_boosting,101,102
no-interview-ft,104,Zain KSA,Zain Pioneers Program,39.5,39.650806704914835,0.15080670491483517,rubric_assisted_gradient_boosting,101,102
no-interview-ft,105,Savvy Games Group,Cooperative Training Program (Co-op),39.5,39.650806704914835,0.15080670491483517,rubric_assisted_gradient_boosting,101,102
no-interview-ft,106,Bank AlJazira,Tamheer Program,53.5,54.09448688693272,0.5944868869327209,rubric_assisted_gradient_boosting,34,35
no-interview-ft,107,sirar by stc,Cooperative Training Program,53.5,54.09448688693272,0.5944868869327209,rubric_assisted_gradient_boosting,34,35
no-interview-ft,108,Gathern,Co-op Program,53.5,54.09448688693272,0.5944868869327209,rubric_assisted_gradient_boosting,34,35
no-interview-ft,109,Elm Company (شركة علم),Coop Training - Computer Science (Jan/Mar/Jun/Aug 2025 Intake),39.5,39.650806704914835,0.15080670491483517,rubric_assisted_gradient_boosting,101,102
no-interview-ft,110,Elm Company (شركة علم),Co-Op Training - Information Technology (Jun & Aug 2025 Intake),39.5,39.650806704914835,0.15080670491483517,rubric_assisted_gradient_boosting,101,102
no-interview-ft,111,EJADA,COOP Administration & Support Engineer,39.5,39.650806704914835,0.15080670491483517,rubric_assisted_gradient_boosting,101,102
no-interview-ft,112,Emdad By Elm,Network Cooperative Training (Network Intern),29.5,29.726187782018968,0.22618778201896816,rubric_assisted_gradient_boosting,165,165
no-interview-ft,113,AILA,Co-op Training Programme,53.5,54.09448688693272,0.5944868869327209,rubric_assisted_gradient_boosting,34,35
no-interview-ft,114,Foodics,Foodics 360 Internship Program,49.5,50.056994902927,0.556994902927002,rubric_assisted_gradient_boosting,70,70
no-interview-ft,115,Salla,برنامج التدريب التعاوني (Coop Training) – Salla,29.5,29.726187782018968,0.22618778201896816,rubric_assisted_gradient_boosting,165,165
no-interview-ft,116,Lucidya,Technical Internship or Coop – Lucidya,43.5,43.8251826024528,0.3251826024527986,rubric_assisted_gradient_boosting,89,89
no-interview-ft,117,Diriyah Company,Diriyah Co-op Training Program,39.5,39.650806704914835,0.15080670491483517,rubric_assisted_gradient_boosting,101,102
no-interview-ft,118,Riyadh Air,Co-op – Riyadh Air,39.5,39.650806704914835,0.15080670491483517,rubric_assisted_gradient_boosting,101,102
no-interview-ft,119,Jahez Group,Jahez Internship Program (as described in Sustainability Report),49.5,50.056994902927,0.556994902927002,rubric_assisted_gradient_boosting,70,70
no-interview-ft,120,Lumi | لومي,COOP Intern 2025 – Lumi,39.5,39.650806704914835,0.15080670491483517,rubric_assisted_gradient_boosting,101,102
no-interview-ft,121,webook.com,COOP Trainee Opportunities – webook.com,39.5,39.650806704914835,0.15080670491483517,rubric_assisted_gradient_boosting,101,102
no-interview-ft,122,moneymoon,Tech & AI Co-op Program 2025,53.5,54.09448688693272,0.5944868869327209,rubric_assisted_gradient_boosting,34,35
no-interview-ft,123,EjadTech - إيجاد التقنية,"Summer Internship Program 2025 (Computer, Data, and AI Majors)",65.0,64.39064606135409,0.6093539386459099,rubric_assisted_gradient_boosting,8,8
no-interview-ft,124,InnovationTeam,Java Microservices Internship Programme (Saudi Nationals),71.0,70.53289402992138,0.4671059700786202,rubric_assisted_gradient_boosting,1,1
no-interview-ft,125,Tamkeen Technologies,On the Job Training (Internship Program) — Technology field,49.5,50.056994902927,0.556994902927002,rubric_assisted_gradient_boosting,70,70
no-interview-ft,126,Trendyol Group,Trendyol Tech Talent - Bootcamp & COOP Internship Program (Saudi Students Only),41.0,40.77684471702779,0.22315528297220766,rubric_assisted_gradient_boosting,94,94
no-interview-ft,127,Ninja نينجا,COOP Training Program,41.0,40.77684471702779,0.22315528297220766,rubric_assisted_gradient_boosting,94,94
no-interview-ft,128,SCAI | سكاي,CO-OP Training Opportunities (Intern),53.5,54.09448688693272,0.5944868869327209,rubric_assisted_gradient_boosting,34,35
no-interview-ft,129,WalaPlus,Coop & Tamheer Opportunities,39.5,39.650806704914835,0.15080670491483517,rubric_assisted_gradient_boosting,101,102
no-interview-ft,130,Aon,IT Co-op Trainee 2026,39.5,39.650806704914835,0.15080670491483517,rubric_assisted_gradient_boosting,101,102
no-interview-ft,131,Hewlett Packard Enterprise (HPE),College Intern (Coop),39.5,39.650806704914835,0.15080670491483517,rubric_assisted_gradient_boosting,101,102
no-interview-ft,132,Signify,KSA Coop Internship Program,39.5,39.650806704914835,0.15080670491483517,rubric_assisted_gradient_boosting,101,102
no-interview-ft,133,Help AG (e& enterprise),Cybersecurity Intern,49.5,50.056994902927,0.556994902927002,rubric_assisted_gradient_boosting,70,70
no-interview-ft,134,TrendAI (Trend Micro),CyberGATE Internship Program,49.5,50.056994902927,0.556994902927002,rubric_assisted_gradient_boosting,70,70
no-interview-ft,135,Golf Saudi,IT Co-op Trainee,53.5,54.09448688693272,0.5944868869327209,rubric_assisted_gradient_boosting,34,35
no-interview-ft,136,Siemens Healthineers,Healthineers Early Talent Program – IT (Riyadh),49.5,50.056994902927,0.556994902927002,rubric_assisted_gradient_boosting,70,70
no-interview-ft,137,1957 Ventures,Internship / Co-Op Program,53.5,54.09448688693272,0.5944868869327209,rubric_assisted_gradient_boosting,34,35
no-interview-ft,138,Nokia,Graduate Trainee (Saudi Arabia) – Fledgers Program,53.5,54.09448688693272,0.5944868869327209,rubric_assisted_gradient_boosting,34,35
no-interview-ft,139,Ericsson,Summer Interns (Ericsson Saudi),63.5,63.33728075630254,0.1627192436974596,rubric_assisted_gradient_boosting,10,10
no-interview-ft,140,Bosch Middle East,Software Development Intern (AI/Cloud),63.5,63.33728075630254,0.1627192436974596,rubric_assisted_gradient_boosting,10,10
no-interview-ft,141,Saudi Payments | المدفوعات السعودية,COOP Training – August 2024,53.5,54.09448688693272,0.5944868869327209,rubric_assisted_gradient_boosting,34,35
no-interview-ft,142,Saudi Tadawul Group | تداول,Cooperative Training Program (COOP),53.5,54.09448688693272,0.5944868869327209,rubric_assisted_gradient_boosting,34,35
no-interview-ft,143,Lean Technologies,Software Engineering Intern – KSA,69.5,69.31094518223414,0.1890548177658644,rubric_assisted_gradient_boosting,2,2
no-interview-ft,144,Mirai (Scopely) | مِراي,AI Engineering Intern (GenAI),63.5,63.33728075630254,0.1627192436974596,rubric_assisted_gradient_boosting,10,10
no-interview-ft,145,HungerStation | هنقرستيشن,"Co-OP Trainee, Data Analysis – Info Sec",59.5,59.25197773958124,0.2480222604187574,rubric_assisted_gradient_boosting,23,23
no-interview-ft,146,NCGR | المركز الوطني لنظم الموارد الحكومية,Coop Training Program,39.5,39.650806704914835,0.15080670491483517,rubric_assisted_gradient_boosting,101,102
no-interview-ft,147,nybl,nybl Graduate Programme – Saudi Nationals (AI Bootcamp),53.5,54.09448688693272,0.5944868869327209,rubric_assisted_gradient_boosting,34,35
no-interview-ft,148,Procter & Gamble (P&G),P&G LEADgen Internship Program 2026 (Riyadh),49.5,50.056994902927,0.556994902927002,rubric_assisted_gradient_boosting,70,70
no-interview-ft,149,New Murabba | المربع الجديد,New Murabba Co-op Training Program,39.5,39.650806704914835,0.15080670491483517,rubric_assisted_gradient_boosting,101,102
no-interview-ft,150,Boeing Saudi Arabia Limited,Intern - Info Technology & Data Analytics (Riyadh),63.5,63.33728075630254,0.1627192436974596,rubric_assisted_gradient_boosting,10,10
no-interview-ft,151,Motorola Solutions,Deployment Engineer Intern (KSA National - Tamheer Program),39.5,39.650806704914835,0.15080670491483517,rubric_assisted_gradient_boosting,101,102
no-interview-ft,152,Schneider Electric,Co-op Intern (Engineering) - Al Khobar (Jan–Aug 2026),29.5,29.726187782018968,0.22618778201896816,rubric_assisted_gradient_boosting,165,165
no-interview-ft,153,Lockheed Martin,Tamheer Space Internship (Riyadh),39.5,39.650806704914835,0.15080670491483517,rubric_assisted_gradient_boosting,101,102
no-interview-ft,154,Markaba | مركبة,Start-up Software Intern – TAMHEER (Saudi nationals only),55.0,55.077709937057804,0.07770993705780427,rubric_assisted_gradient_boosting,29,29
no-interview-ft,155,Laverne Group | مجموعة لافيرن,Data Analyst / Data Engineer Intern (IT Department),69.5,69.31094518223414,0.1890548177658644,rubric_assisted_gradient_boosting,2,2
no-interview-ft,156,Meel | ميل,"Software Developer Internship (Remote, min 2 months)",58.5,58.721679530832866,0.22167953083286562,rubric_assisted_gradient_boosting,27,27
no-interview-ft,157,Nahdi Medical Co.,IT Internship / COOP Program (6 months),34.5,34.4019739095485,0.0980260904514978,rubric_assisted_gradient_boosting,156,156
no-interview-ft,158,SMART Technology Solutions | سمارت لحلول التقنية,R&D Intern (Riyadh),63.5,63.33728075630254,0.1627192436974596,rubric_assisted_gradient_boosting,10,10
no-interview-ft,159,Knodemy Inc.,AI Developer & Tech Trainer Intern - Riyadh,63.5,63.33728075630254,0.1627192436974596,rubric_assisted_gradient_boosting,10,10
no-interview-ft,160,Water Transmission Company | شركة نقل المياه,Tamheer Internship Program (HRIS / Engineering & PM - Riyadh),53.5,54.09448688693272,0.5944868869327209,rubric_assisted_gradient_boosting,34,35
no-interview-ft,161,AFNOYS,"AI Automation Intern - KSA (Remote, 4 weeks)",58.5,58.721679530832866,0.22167953083286562,rubric_assisted_gradient_boosting,27,27
no-interview-ft,162,SAS,CareerStart@SAS 2026 - Presales Customer Intelligence Intern (Riyadh),63.5,63.33728075630254,0.1627192436974596,rubric_assisted_gradient_boosting,10,10
no-interview-ft,163,Devoteam,Trainee - Future Leaders Program (Co-op/Fresh Graduate),55.0,55.077709937057804,0.07770993705780427,rubric_assisted_gradient_boosting,29,29
no-interview-ft,164,ضالتي Dhallaty,Tech Intern: Fresh Grad or Student,63.5,63.33728075630254,0.1627192436974596,rubric_assisted_gradient_boosting,10,10
no-interview-ft,165,Innovative Solutions SA,Presales - Tamheer,41.0,40.77684471702779,0.22315528297220766,rubric_assisted_gradient_boosting,94,94
no-interview-ft,166,HUMAIN,Tamheer Program (Software Engineer / Cybersecurity / MIS),55.0,55.077709937057804,0.07770993705780427,rubric_assisted_gradient_boosting,29,29
no-interview-ft,167,TAM | تام,"Tamheer Opportunity, Advisory",41.0,40.77684471702779,0.22315528297220766,rubric_assisted_gradient_boosting,94,94
no-interview-ft,168,هيئة التأمين | Insurance Authority,Tamheer Opportunity - Specialist of Information Security,41.0,40.77684471702779,0.22315528297220766,rubric_assisted_gradient_boosting,94,94
no-interview-ft,169,Snbla | سنبله,Paid Internship Program (FinTech),63.5,63.33728075630254,0.1627192436974596,rubric_assisted_gradient_boosting,10,10
no-interview-ft,170,2P Perfect Presentation,Data Analyst (Tamheer),55.0,55.077709937057804,0.07770993705780427,rubric_assisted_gradient_boosting,29,29
no-interview-ft,171,Infosys,Summer Intern (Infosys InStep ’26 – Bangalore),42.5,42.324964901093566,0.17503509890643443,rubric_assisted_gradient_boosting,91,93
no-interview-ft,172,شركة الخدمات المدارة | Managed Services Company,Intern Cybersecurity Engineer,51.0,51.10060458497514,0.10060458497513736,rubric_assisted_gradient_boosting,69,69
no-interview-ft,173,Abunayyan Holding,Data Analyst (Tamheer),55.0,55.077709937057804,0.07770993705780427,rubric_assisted_gradient_boosting,29,29
qual-ielts-intern,1,Saudi Aramco,University Internship Program (UIP),44.0,43.788134189909435,0.21186581009056482,rubric_assisted_gradient_boosting,134,134
qual-ielts-intern,2,SABIC,COOP Training Program,47.0,46.63865218124735,0.3613478187526482,rubric_assisted_gradient_boosting,127,128
qual-ielts-intern,3,stc (Saudi Telecom Company),Cooperative Training Program (COOP),44.0,43.788134189909435,0.21186581009056482,rubric_assisted_gradient_boosting,134,134
qual-ielts-intern,4,Saudi National Bank (SNB),SNB Cooperative Training Program,53.67,54.60269613655822,0.9326961365582207,rubric_assisted_gradient_boosting,58,68
qual-ielts-intern,5,Al Rajhi Bank,Cooperative Training Program,53.67,54.60269613655822,0.9326961365582207,rubric_assisted_gradient_boosting,58,68
qual-ielts-intern,6,Capital Market Authority (CMA),COOP Program,48.67,49.96032274330458,1.2903227433045785,rubric_assisted_gradient_boosting,96,87
qual-ielts-intern,7,Digital Government Authority (DGA),Maidan Cooperative Training Program,44.0,43.788134189909435,0.21186581009056482,rubric_assisted_gradient_boosting,134,134
qual-ielts-intern,8,KPMG Saudi Arabia,COOP & Internship Programs,49.0,48.89064640621852,0.1093535937814778,rubric_assisted_gradient_boosting,89,102
qual-ielts-intern,9,PwC Middle East,"Deals, COOP and Summer Internship Programme (2026)",48.5,48.38487915180003,0.1151208481999717,rubric_assisted_gradient_boosting,109,108
qual-ielts-intern,10,Deloitte Middle East (KSA),Jusoor Al Sharqiyah Internship Program,58.5,58.530791115693596,0.030791115693595827,rubric_assisted_gradient_boosting,30,32
qual-ielts-intern,11,Bank Albilad,Cooperative & Summer Training Program,58.17,59.2258337942704,1.0558337942703986,rubric_assisted_gradient_boosting,39,30
qual-ielts-intern,12,Tamara,Tamara Builders Program,53.17,54.62578129121335,1.4557812912133485,rubric_assisted_gradient_boosting,62,53
qual-ielts-intern,13,Bupa Arabia,Cooperative Training Program,44.0,43.788134189909435,0.21186581009056482,rubric_assisted_gradient_boosting,134,134
qual-ielts-intern,14,Saudi Exports (Saudi Export Development Authority),COOP & Summer Training (FAQ-confirmed),49.0,48.89064640621852,0.1093535937814778,rubric_assisted_gradient_boosting,89,102
qual-ielts-intern,15,Local Content and Government Procurement Authority (LCGPA),COOP Training (role posting),44.0,43.788134189909435,0.21186581009056482,rubric_assisted_gradient_boosting,134,134
qual-ielts-intern,16,McKinsey & Company (Maqdira),Maqdira Fellowship Program,48.5,48.38487915180003,0.1151208481999717,rubric_assisted_gradient_boosting,109,108
qual-ielts-intern,17,Boston Consulting Group (BCG),Visiting Associate Internship (Riyadh),44.0,43.788134189909435,0.21186581009056482,rubric_assisted_gradient_boosting,134,134
qual-ielts-intern,18,Bain & Company,COOP Training Program (Riyadh),44.0,43.788134189909435,0.21186581009056482,rubric_assisted_gradient_boosting,134,134
qual-ielts-intern,19,Amazon Web Services (AWS),IT/Computer Hardware Internship (Intern-to-FTE Pathway),58.5,58.530791115693596,0.030791115693595827,rubric_assisted_gradient_boosting,30,32
qual-ielts-intern,20,Amazon Web Services (AWS) - Associate Solutions Architect Intern,Associate Solutions Architect Intern (2026),58.5,58.530791115693596,0.030791115693595827,rubric_assisted_gradient_boosting,30,32
qual-ielts-intern,21,Google (Saudi Arabia),Google Careers (Saudi location filter),47.0,46.86781997718603,0.13218002281396934,rubric_assisted_gradient_boosting,127,127
qual-ielts-intern,22,BlackRock,Client & Product Summer Internship Programme (EMEA) - includes Riyadh,65.17,65.82103739993954,0.6510373999395398,rubric_assisted_gradient_boosting,2,2
qual-ielts-intern,23,noon,Student Internship,54.0,54.0545196995823,0.05451969958230052,rubric_assisted_gradient_boosting,52,73
qual-ielts-intern,24,MOZN,Data Science Intern,51.17,50.98527318992229,0.18472681007771286,rubric_assisted_gradient_boosting,81,85
qual-ielts-intern,25,Elm,Elm Co-op Training Program (March 2026 Intake),44.0,43.788134189909435,0.21186581009056482,rubric_assisted_gradient_boosting,134,134
qual-ielts-intern,26,Yasref,Yasref Cooperative Training Program,51.5,51.28569359173048,0.21430640826952185,rubric_assisted_gradient_boosting,79,84
qual-ielts-intern,27,"Saudi Standards, Metrology and Quality Organization (SASO)",Cooperative Training (Collaborative Training),48.5,48.38487915180003,0.1151208481999717,rubric_assisted_gradient_boosting,109,108
qual-ielts-intern,28,"Zakat, Tax and Customs Authority (ZATCA)",Binaa-Alkafaat Program,49.0,48.89064640621852,0.1093535937814778,rubric_assisted_gradient_boosting,89,102
qual-ielts-intern,29,Human Resources Development Fund (HRDF) – Cooperative Training Product,Cooperative Training (HRDF product),10.5,10.466513711877429,0.03348628812257104,rubric_assisted_gradient_boosting,172,172
qual-ielts-intern,30,EXPRO,COOP Training (Future Makers Program),44.0,43.788134189909435,0.21186581009056482,rubric_assisted_gradient_boosting,134,134
qual-ielts-intern,31,Ministry of Industry and Mineral Resources (MIM) – Cooperative Training Initiative,Cooperative Training Initiative,10.5,10.466513711877429,0.03348628812257104,rubric_assisted_gradient_boosting,172,172
qual-ielts-intern,32,TBC (The Beauty Company),Cooperative Training Program,49.0,48.89064640621852,0.1093535937814778,rubric_assisted_gradient_boosting,89,102
qual-ielts-intern,33,National Center for Vegetation Cover Development & Combating Desertification (NCVC),COOP Training Program,44.0,43.788134189909435,0.21186581009056482,rubric_assisted_gradient_boosting,134,134
qual-ielts-intern,34,Saudi Power Procurement Company (SPPC),Future Power – COOP Training Program,44.0,43.788134189909435,0.21186581009056482,rubric_assisted_gradient_boosting,134,134
qual-ielts-intern,35,TBC (Tatweer Building Company),Cooperative Training Program,50.67,51.74604660955123,1.076046609551227,rubric_assisted_gradient_boosting,82,80
qual-ielts-intern,36,PwC Middle East (Assurance COOP & Summer Internship Programme 2026),"Assurance, COOP and Summer Internship Programme 2026 – Middle East",55.17,56.286753322603566,1.1167533226035644,rubric_assisted_gradient_boosting,47,46
qual-ielts-intern,37,KAPSARC,Intern (Coop- Trainee),53.17,54.62578129121335,1.4557812912133485,rubric_assisted_gradient_boosting,62,53
qual-ielts-intern,38,BSF (Banque Saudi Fransi),COOP / Internship,54.0,54.13233890568184,0.13233890568184137,rubric_assisted_gradient_boosting,52,71
qual-ielts-intern,39,Saudi Food & Drug Authority (SFDA),COOP training (First semester 2025-2026 intake),49.0,48.89064640621852,0.1093535937814778,rubric_assisted_gradient_boosting,89,102
qual-ielts-intern,40,Saudi Power Procurement Company (SPPC) – Future Power (Business Admin COOP),Future Power – Business Administration COOP Training Program,44.0,43.788134189909435,0.21186581009056482,rubric_assisted_gradient_boosting,134,134
qual-ielts-intern,41,Bank Albilad,Cooperative and Summer Training Program,48.67,49.96032274330458,1.2903227433045785,rubric_assisted_gradient_boosting,96,87
qual-ielts-intern,42,The Saudi National Bank (SNB),SNB Rowad Program,48.67,49.96032274330458,1.2903227433045785,rubric_assisted_gradient_boosting,96,87
qual-ielts-intern,43,National Cybersecurity Authority (NCA) – Academy,Cybersecurity training programs (academy),49.0,48.012592770655644,0.9874072293443561,rubric_assisted_gradient_boosting,89,126
qual-ielts-intern,44,PIF | Graduate Development Program,Graduate Development Program (GDP),61.83,61.192949708584415,0.6370502914155836,rubric_assisted_gradient_boosting,19,23
qual-ielts-intern,45,NEOM | GrOW (Graduates Opportunities in Work),GrOW (Graduates Opportunities in Work),50.0,50.21580997484053,0.215809974840532,rubric_assisted_gradient_boosting,84,86
qual-ielts-intern,46,ROSHN | COOP Trainee Program,COOP Trainee Program,44.0,43.788134189909435,0.21186581009056482,rubric_assisted_gradient_boosting,134,134
qual-ielts-intern,47,Microsoft | Ru'aa Program (Riyadh),Ru'aa Program Internship (Solution Engineering),63.17,64.06075544912301,0.8907554491230059,rubric_assisted_gradient_boosting,9,12
qual-ielts-intern,48,Oracle | Business Development Intern (KSA market),Business Development Intern (KSA market),55.5,55.24222060926899,0.25777939073100953,rubric_assisted_gradient_boosting,46,50
qual-ielts-intern,49,SAP | Student Internship (Riyadh),Student Internship - Riyadh,54.0,54.0545196995823,0.05451969958230052,rubric_assisted_gradient_boosting,52,73
qual-ielts-intern,50,SAB (Saudi Awwal Bank) | Cooperative Training Programme (COOP),SAB Cooperative Training Programme (COOP),48.67,49.96032274330458,1.2903227433045785,rubric_assisted_gradient_boosting,96,87
qual-ielts-intern,51,Ministry of Finance (Saudi Arabia) | Cooperative Training Program,Cooperative Training Program,40.5,40.440165124538666,0.059834875461334036,rubric_assisted_gradient_boosting,165,165
qual-ielts-intern,52,Ministry of Industry and Mineral Resources | Cooperative Training,Cooperative Training Initiative,45.5,45.464321760690225,0.03567823930977454,rubric_assisted_gradient_boosting,131,131
qual-ielts-intern,53,King Fahd Causeway Authority | Internship Program,Internship Program,60.0,60.02840005816709,0.028400058167086684,rubric_assisted_gradient_boosting,24,26
qual-ielts-intern,54,Tawuniya | Tamheer Program (Fresh Graduates),Tamheer Program,51.5,51.90218078473212,0.40218078473211705,rubric_assisted_gradient_boosting,79,79
qual-ielts-intern,55,SAMA | SAMA Professional Program (SPP),SAMA Professional Program (SPP),40.5,40.440165124538666,0.059834875461334036,rubric_assisted_gradient_boosting,165,165
qual-ielts-intern,56,HRDF | Cooperative Training Product,Cooperative Training Product,45.5,45.464321760690225,0.03567823930977454,rubric_assisted_gradient_boosting,131,131
qual-ielts-intern,57,IBM,"Automation, Data & AI – Intern",59.67,60.77763793049234,1.1076379304923378,rubric_assisted_gradient_boosting,27,24
qual-ielts-intern,58,Unifonic,Internship (Unifonic),58.5,58.530791115693596,0.030791115693595827,rubric_assisted_gradient_boosting,30,32
qual-ielts-intern,59,Misk Foundation,Misk Traineeship / Internship Program,47.0,46.47414861978367,0.5258513802163307,rubric_assisted_gradient_boosting,127,129
qual-ielts-intern,60,Cisco,Cisco NetVersity (Saudi Arabia),56.5,56.957425305717706,0.457425305717706,rubric_assisted_gradient_boosting,41,41
qual-ielts-intern,61,KAUST,Visiting Student Research Program (VSRP) Internship,58.67,59.9377181330866,1.2677181330865963,rubric_assisted_gradient_boosting,29,27
qual-ielts-intern,62,General Authority for Statistics (GASTAT),Cooperative Training Program,55.17,56.286753322603566,1.1167533226035644,rubric_assisted_gradient_boosting,47,46
qual-ielts-intern,63,Saudi Center for Opinion Polling (SCOP),Cooperative Training Program,55.17,56.286753322603566,1.1167533226035644,rubric_assisted_gradient_boosting,47,46
qual-ielts-intern,64,Al Rajhi Takaful,Cooperative Training Program,48.67,49.96032274330458,1.2903227433045785,rubric_assisted_gradient_boosting,96,87
qual-ielts-intern,65,Expenditure & Projects Efficiency Authority (EXPRO),Future Makers (صنّاع المستقبل) – Cooperative Training,44.0,43.788134189909435,0.21186581009056482,rubric_assisted_gradient_boosting,134,134
qual-ielts-intern,66,Ministry of Finance (Saudi Arabia),Cooperative Training Program (Ministry of Finance),44.0,43.788134189909435,0.21186581009056482,rubric_assisted_gradient_boosting,134,134
qual-ielts-intern,67,General Entertainment Authority (GEA),GEA Cooperative Training Program,44.0,43.788134189909435,0.21186581009056482,rubric_assisted_gradient_boosting,134,134
qual-ielts-intern,68,Banque Saudi Fransi (BSF),COOP Training,44.0,43.788134189909435,0.21186581009056482,rubric_assisted_gradient_boosting,134,134
qual-ielts-intern,69,Arab National Bank (ANB),COOP Trainee,48.67,49.96032274330458,1.2903227433045785,rubric_assisted_gradient_boosting,96,87
qual-ielts-intern,70,Tamara,Builders Program,48.67,49.96032274330458,1.2903227433045785,rubric_assisted_gradient_boosting,96,87
qual-ielts-intern,71,OmniOps,Co‑op Training Program,53.17,54.62578129121335,1.4557812912133485,rubric_assisted_gradient_boosting,62,53
qual-ielts-intern,72,Tatweer Educational Technologies (TETCO),Cooperative Training Program,53.17,54.62578129121335,1.4557812912133485,rubric_assisted_gradient_boosting,62,53
qual-ielts-intern,73,The Saudi Investment Bank (SAIB),Cooperative Program,48.67,49.96032274330458,1.2903227433045785,rubric_assisted_gradient_boosting,96,87
qual-ielts-intern,74,Saudi Awwal Bank (SAB),COOP Program,48.67,49.96032274330458,1.2903227433045785,rubric_assisted_gradient_boosting,96,87
qual-ielts-intern,75,Riyad Bank,Internships and Coop Trainings (CSR 2019),48.67,49.96032274330458,1.2903227433045785,rubric_assisted_gradient_boosting,96,87
qual-ielts-intern,76,Tabby,Intern DevOps Engineer,63.17,64.1659224886287,0.9959224886286933,rubric_assisted_gradient_boosting,9,9
qual-ielts-intern,77,Tabby,Intern Backend (GO) Engineer,65.17,65.47309584617555,0.30309584617555174,rubric_assisted_gradient_boosting,2,7
qual-ielts-intern,78,Tabby,Intern Frontend Engineer,63.17,64.06075544912301,0.8907554491230059,rubric_assisted_gradient_boosting,9,12
qual-ielts-intern,79,Tabby,Intern Data Engineer,65.17,65.82103739993954,0.6510373999395398,rubric_assisted_gradient_boosting,2,2
qual-ielts-intern,80,Tabby,No-Code / AI Agents Engineering Intern,63.17,64.06075544912301,0.8907554491230059,rubric_assisted_gradient_boosting,9,12
qual-ielts-intern,81,Bank Albilad,Cooperative Training Program,53.67,54.60269613655822,0.9326961365582207,rubric_assisted_gradient_boosting,58,68
qual-ielts-intern,82,Saudi Ground Services (SGS),COOP Program,54.0,54.13233890568184,0.13233890568184137,rubric_assisted_gradient_boosting,52,71
qual-ielts-intern,83,CEER,Cooperative Training Program (COOP),44.0,43.788134189909435,0.21186581009056482,rubric_assisted_gradient_boosting,134,134
qual-ielts-intern,84,Al Rajhi Takaful,Coop Training Program,48.67,49.96032274330458,1.2903227433045785,rubric_assisted_gradient_boosting,96,87
qual-ielts-intern,85,TAWAL,COOP Training Program,53.17,54.62578129121335,1.4557812912133485,rubric_assisted_gradient_boosting,62,53
qual-ielts-intern,86,Wakeb_Data,COOP Training,59.83,59.40198419131039,0.428015808689608,rubric_assisted_gradient_boosting,25,28
qual-ielts-intern,87,Banque Saudi Fransi (BSF),Coop Training Program,44.0,43.788134189909435,0.21186581009056482,rubric_assisted_gradient_boosting,134,134
qual-ielts-intern,88,Tech Economy,COOP Training Program,44.0,43.788134189909435,0.21186581009056482,rubric_assisted_gradient_boosting,134,134
qual-ielts-intern,89,SAMI Advanced Electronics (SAMI-AEC),Coop Trainee,44.0,43.788134189909435,0.21186581009056482,rubric_assisted_gradient_boosting,134,134
qual-ielts-intern,90,NHC,COOP Trainee,49.0,48.89064640621852,0.1093535937814778,rubric_assisted_gradient_boosting,89,102
qual-ielts-intern,91,REMAT ADVANCED,Cooperative Training Program,48.5,48.38487915180003,0.1151208481999717,rubric_assisted_gradient_boosting,109,108
qual-ielts-intern,92,SDM,AI COOP,53.17,54.62578129121335,1.4557812912133485,rubric_assisted_gradient_boosting,62,53
qual-ielts-intern,93,HUED,HUED COOP Program 2026,53.17,54.62578129121335,1.4557812912133485,rubric_assisted_gradient_boosting,62,53
qual-ielts-intern,94,Araamis • أرامس,Araamis COOP Program 2026,53.17,54.62578129121335,1.4557812912133485,rubric_assisted_gradient_boosting,62,53
qual-ielts-intern,95,ARDARA,COOP Training for Students,44.0,43.788134189909435,0.21186581009056482,rubric_assisted_gradient_boosting,134,134
qual-ielts-intern,96,flynas,COOP Trainee / Internship Program,48.5,48.38487915180003,0.1151208481999717,rubric_assisted_gradient_boosting,109,108
qual-ielts-intern,97,Saudi Motorsport Company (SMC),COOP Trainee (IT Asset Project Management),69.83,69.95521017199604,0.125210171996045,rubric_assisted_gradient_boosting,1,1
qual-ielts-intern,98,Saudi Motorsport Company (SMC),COOP Trainee (Supply Chain Excellence Associate),65.17,64.2650633399292,0.9049366600708026,rubric_assisted_gradient_boosting,2,8
qual-ielts-intern,99,Mobily,Cooperative Training Program,44.0,43.788134189909435,0.21186581009056482,rubric_assisted_gradient_boosting,134,134
qual-ielts-intern,100,Saudi Awwal Bank (SAB),Student Opportunities: Cooperative / Practical Training,48.67,49.96032274330458,1.2903227433045785,rubric_assisted_gradient_boosting,96,87
qual-ielts-intern,101,Alvarez & Marsal,COOP Training Program,44.0,43.788134189909435,0.21186581009056482,rubric_assisted_gradient_boosting,134,134
qual-ielts-intern,102,Visa,COOP Trainee (Jan 2026),50.67,51.74604660955123,1.076046609551227,rubric_assisted_gradient_boosting,82,80
qual-ielts-intern,103,Zain KSA,Evolve Program (Fresh Graduates),44.0,43.788134189909435,0.21186581009056482,rubric_assisted_gradient_boosting,134,134
qual-ielts-intern,104,Zain KSA,Zain Pioneers Program,48.5,48.38487915180003,0.1151208481999717,rubric_assisted_gradient_boosting,109,108
qual-ielts-intern,105,Savvy Games Group,Cooperative Training Program (Co-op),44.0,43.788134189909435,0.21186581009056482,rubric_assisted_gradient_boosting,134,134
qual-ielts-intern,106,Bank AlJazira,Tamheer Program,48.67,49.96032274330458,1.2903227433045785,rubric_assisted_gradient_boosting,96,87
qual-ielts-intern,107,sirar by stc,Cooperative Training Program,53.17,54.62578129121335,1.4557812912133485,rubric_assisted_gradient_boosting,62,53
qual-ielts-intern,108,Gathern,Co-op Program,53.17,54.62578129121335,1.4557812912133485,rubric_assisted_gradient_boosting,62,53
qual-ielts-intern,109,Elm Company (شركة علم),Coop Training - Computer Science (Jan/Mar/Jun/Aug 2025 Intake),48.5,48.38487915180003,0.1151208481999717,rubric_assisted_gradient_boosting,109,108
qual-ielts-intern,110,Elm Company (شركة علم),Co-Op Training - Information Technology (Jun & Aug 2025 Intake),48.5,48.38487915180003,0.1151208481999717,rubric_assisted_gradient_boosting,109,108
qual-ielts-intern,111,EJADA,COOP Administration & Support Engineer,44.0,43.788134189909435,0.21186581009056482,rubric_assisted_gradient_boosting,134,134
qual-ielts-intern,112,Emdad By Elm,Network Cooperative Training (Network Intern),58.5,58.74473719541649,0.24473719541649075,rubric_assisted_gradient_boosting,30,31
qual-ielts-intern,113,AILA,Co-op Training Programme,53.17,55.03019849449473,1.8601984944947318,rubric_assisted_gradient_boosting,62,52
qual-ielts-intern,114,Foodics,Foodics 360 Internship Program,58.5,58.530791115693596,0.030791115693595827,rubric_assisted_gradient_boosting,30,32
qual-ielts-intern,115,Salla,برنامج التدريب التعاوني (Coop Training) – Salla,48.5,48.38487915180003,0.1151208481999717,rubric_assisted_gradient_boosting,109,108
qual-ielts-intern,116,Lucidya,Technical Internship or Coop – Lucidya,63.17,62.442754646481326,0.7272453535186756,rubric_assisted_gradient_boosting,9,22
qual-ielts-intern,117,Diriyah Company,Diriyah Co-op Training Program,44.0,43.788134189909435,0.21186581009056482,rubric_assisted_gradient_boosting,134,134
qual-ielts-intern,118,Riyadh Air,Co-op – Riyadh Air,44.0,43.788134189909435,0.21186581009056482,rubric_assisted_gradient_boosting,134,134
qual-ielts-intern,119,Jahez Group,Jahez Internship Program (as described in Sustainability Report),54.0,54.0545196995823,0.05451969958230052,rubric_assisted_gradient_boosting,52,73
qual-ielts-intern,120,Lumi | لومي,COOP Intern 2025 – Lumi,44.0,43.788134189909435,0.21186581009056482,rubric_assisted_gradient_boosting,134,134
qual-ielts-intern,121,webook.com,COOP Trainee Opportunities – webook.com,44.0,43.788134189909435,0.21186581009056482,rubric_assisted_gradient_boosting,134,134
qual-ielts-intern,122,moneymoon,Tech & AI Co-op Program 2025,53.17,54.62578129121335,1.4557812912133485,rubric_assisted_gradient_boosting,62,53
qual-ielts-intern,123,EjadTech - إيجاد التقنية,"Summer Internship Program 2025 (Computer, Data, and AI Majors)",59.67,60.77763793049234,1.1076379304923378,rubric_assisted_gradient_boosting,27,24
qual-ielts-intern,124,InnovationTeam,Java Microservices Internship Programme (Saudi Nationals),61.67,62.8731073950569,1.2031073950568967,rubric_assisted_gradient_boosting,20,18
qual-ielts-intern,125,Tamkeen Technologies,On the Job Training (Internship Program) — Technology field,65.17,65.82103739993954,0.6510373999395398,rubric_assisted_gradient_boosting,2,2
qual-ielts-intern,126,Trendyol Group,Trendyol Tech Talent - Bootcamp & COOP Internship Program (Saudi Students Only),45.0,44.77999426106425,0.22000573893574682,rubric_assisted_gradient_boosting,133,133
qual-ielts-intern,127,Ninja نينجا,COOP Training Program,51.67,53.43441016366557,1.7644101636655662,rubric_assisted_gradient_boosting,78,78
qual-ielts-intern,128,SCAI | سكاي,CO-OP Training Opportunities (Intern),53.17,54.62578129121335,1.4557812912133485,rubric_assisted_gradient_boosting,62,53
qual-ielts-intern,129,WalaPlus,Coop & Tamheer Opportunities,48.5,48.38487915180003,0.1151208481999717,rubric_assisted_gradient_boosting,109,108
qual-ielts-intern,130,Aon,IT Co-op Trainee 2026,48.5,48.38487915180003,0.1151208481999717,rubric_assisted_gradient_boosting,109,108
qual-ielts-intern,131,Hewlett Packard Enterprise (HPE),College Intern (Coop),48.5,48.38487915180003,0.1151208481999717,rubric_assisted_gradient_boosting,109,108
qual-ielts-intern,132,Signify,KSA Coop Internship Program,48.5,48.38487915180003,0.1151208481999717,rubric_assisted_gradient_boosting,109,108
qual-ielts-intern,133,Help AG (e& enterprise),Cybersecurity Intern,54.0,54.0545196995823,0.05451969958230052,rubric_assisted_gradient_boosting,52,73
qual-ielts-intern,134,TrendAI (Trend Micro),CyberGATE Internship Program,58.5,58.530791115693596,0.030791115693595827,rubric_assisted_gradient_boosting,30,32
qual-ielts-intern,135,Golf Saudi,IT Co-op Trainee,53.17,54.62578129121335,1.4557812912133485,rubric_assisted_gradient_boosting,62,53
qual-ielts-intern,136,Siemens Healthineers,Healthineers Early Talent Program – IT (Riyadh),58.5,58.530791115693596,0.030791115693595827,rubric_assisted_gradient_boosting,30,32
qual-ielts-intern,137,1957 Ventures,Internship / Co-Op Program,45.83,45.68364115460939,0.1463588453906084,rubric_assisted_gradient_boosting,130,130
qual-ielts-intern,138,Nokia,Graduate Trainee (Saudi Arabia) – Fledgers Program,39.17,39.665597492545395,0.495597492545393,rubric_assisted_gradient_boosting,170,170
qual-ielts-intern,139,Ericsson,Summer Interns (Ericsson Saudi),55.83,56.298971533646025,0.46897153364602673,rubric_assisted_gradient_boosting,45,45
qual-ielts-intern,140,Bosch Middle East,Software Development Intern (AI/Cloud),49.17,49.42742362776687,0.2574236277668689,rubric_assisted_gradient_boosting,87,100
qual-ielts-intern,141,Saudi Payments | المدفوعات السعودية,COOP Training – August 2024,53.17,54.62578129121335,1.4557812912133485,rubric_assisted_gradient_boosting,62,53
qual-ielts-intern,142,Saudi Tadawul Group | تداول,Cooperative Training Program (COOP),53.17,54.62578129121335,1.4557812912133485,rubric_assisted_gradient_boosting,62,53
qual-ielts-intern,143,Lean Technologies,Software Engineering Intern – KSA,65.17,65.82103739993954,0.6510373999395398,rubric_assisted_gradient_boosting,2,2
qual-ielts-intern,144,Mirai (Scopely) | مِراي,AI Engineering Intern (GenAI),49.17,49.42742362776687,0.2574236277668689,rubric_assisted_gradient_boosting,87,100
qual-ielts-intern,145,HungerStation | هنقرستيشن,"Co-OP Trainee, Data Analysis – Info Sec",55.17,56.286753322603566,1.1167533226035644,rubric_assisted_gradient_boosting,47,46
qual-ielts-intern,146,NCGR | المركز الوطني لنظم الموارد الحكومية,Coop Training Program,48.5,48.38487915180003,0.1151208481999717,rubric_assisted_gradient_boosting,109,108
qual-ielts-intern,147,nybl,nybl Graduate Programme – Saudi Nationals (AI Bootcamp),34.67,34.742073088156786,0.07207308815678459,rubric_assisted_gradient_boosting,171,171
qual-ielts-intern,148,Procter & Gamble (P&G),P&G LEADgen Internship Program 2026 (Riyadh),58.5,58.530791115693596,0.030791115693595827,rubric_assisted_gradient_boosting,30,32
qual-ielts-intern,149,New Murabba | المربع الجديد,New Murabba Co-op Training Program,48.5,48.38487915180003,0.1151208481999717,rubric_assisted_gradient_boosting,109,108
qual-ielts-intern,150,Boeing Saudi Arabia Limited,Intern - Info Technology & Data Analytics (Riyadh),63.17,64.06075544912301,0.8907554491230059,rubric_assisted_gradient_boosting,9,12
qual-ielts-intern,151,Motorola Solutions,Deployment Engineer Intern (KSA National - Tamheer Program),48.5,48.38487915180003,0.1151208481999717,rubric_assisted_gradient_boosting,109,108
qual-ielts-intern,152,Schneider Electric,Co-op Intern (Engineering) - Al Khobar (Jan–Aug 2026),48.5,48.38487915180003,0.1151208481999717,rubric_assisted_gradient_boosting,109,108
qual-ielts-intern,153,Lockheed Martin,Tamheer Space Internship (Riyadh),48.5,48.38487915180003,0.1151208481999717,rubric_assisted_gradient_boosting,109,108
qual-ielts-intern,154,Markaba | مركبة,Start-up Software Intern – TAMHEER (Saudi nationals only),49.67,51.509083423876845,1.8390834238768434,rubric_assisted_gradient_boosting,85,82
qual-ielts-intern,155,Laverne Group | مجموعة لافيرن,Data Analyst / Data Engineer Intern (IT Department),65.17,65.82103739993954,0.6510373999395398,rubric_assisted_gradient_boosting,2,2
qual-ielts-intern,156,Meel | ميل,"Software Developer Internship (Remote, min 2 months)",63.17,64.1659224886287,0.9959224886286933,rubric_assisted_gradient_boosting,9,9
qual-ielts-intern,157,Nahdi Medical Co.,IT Internship / COOP Program (6 months),53.5,53.44012367278562,0.05987632721438274,rubric_assisted_gradient_boosting,61,77
qual-ielts-intern,158,SMART Technology Solutions | سمارت لحلول التقنية,R&D Intern (Riyadh),63.17,64.06075544912301,0.8907554491230059,rubric_assisted_gradient_boosting,9,12
qual-ielts-intern,159,Knodemy Inc.,AI Developer & Tech Trainer Intern - Riyadh,63.17,64.06075544912301,0.8907554491230059,rubric_assisted_gradient_boosting,9,12
qual-ielts-intern,160,Water Transmission Company | شركة نقل المياه,Tamheer Internship Program (HRIS / Engineering & PM - Riyadh),59.83,59.40198419131039,0.428015808689608,rubric_assisted_gradient_boosting,25,28
qual-ielts-intern,161,AFNOYS,"AI Automation Intern - KSA (Remote, 4 weeks)",63.17,64.1659224886287,0.9959224886286933,rubric_assisted_gradient_boosting,9,9
qual-ielts-intern,162,SAS,CareerStart@SAS 2026 - Presales Customer Intelligence Intern (Riyadh),61.67,62.665851553114,0.9958515531140009,rubric_assisted_gradient_boosting,20,19
qual-ielts-intern,163,Devoteam,Trainee - Future Leaders Program (Co-op/Fresh Graduate),56.33,56.74960058893176,0.41960058893176466,rubric_assisted_gradient_boosting,42,42
qual-ielts-intern,164,ضالتي Dhallaty,Tech Intern: Fresh Grad or Student,61.67,62.665851553114,0.9958515531140009,rubric_assisted_gradient_boosting,20,19
qual-ielts-intern,165,Innovative Solutions SA,Presales - Tamheer,40.5,40.440165124538666,0.059834875461334036,rubric_assisted_gradient_boosting,165,165
qual-ielts-intern,166,HUMAIN,Tamheer Program (Software Engineer / Cybersecurity / MIS),49.67,51.509083423876845,1.8390834238768434,rubric_assisted_gradient_boosting,85,82
qual-ielts-intern,167,TAM | تام,"Tamheer Opportunity, Advisory",40.5,40.440165124538666,0.059834875461334036,rubric_assisted_gradient_boosting,165,165
qual-ielts-intern,168,هيئة التأمين | Insurance Authority,Tamheer Opportunity - Specialist of Information Security,40.5,40.440165124538666,0.059834875461334036,rubric_assisted_gradient_boosting,165,165
qual-ielts-intern,169,Snbla | سنبله,Paid Internship Program (FinTech),61.67,62.665851553114,0.9958515531140009,rubric_assisted_gradient_boosting,20,19
qual-ielts-intern,170,2P Perfect Presentation,Data Analyst (Tamheer),56.33,56.74960058893176,0.41960058893176466,rubric_assisted_gradient_boosting,42,42
qual-ielts-intern,171,Infosys,Summer Intern (Infosys InStep ’26 – Bangalore),57.0,56.99918569816095,0.0008143018390498469,rubric_assisted_gradient_boosting,40,40
qual-ielts-intern,172,شركة الخدمات المدارة | Managed Services Company,Intern Cybersecurity Engineer,55.0,55.11076895693345,0.11076895693344824,rubric_assisted_gradient_boosting,51,51
qual-ielts-intern,173,Abunayyan Holding,Data Analyst (Tamheer),56.33,56.74960058893176,0.41960058893176466,rubric_assisted_gradient_boosting,42,42
